,user_input,retrieved_contexts,reference_contexts,response,reference,answer_correctness,answer_relevancy,faithfulness,context_precision,context_recall
0,Why is the performance of immobilized Rh complexes and other Wilkinson's type catalysts relatively poor in liquid-solid and gas-solid processes?,"['The use of other immobilized Wilkinson’s type catalysts in similar studies has been reported by others as well [9, 10]PHIP effects were also observed with several cationic Rh complexes immobilized on silica gel [5, 6, 8]However, in most, if not all, cases, the performance of the catalysts was relatively poor because of metal leaching in liquid–solid processes and chemical degradation in gas–solid reactions at elevated temperatures in the presence of $\\mathrm { H } _ { 2 }$', 'In this work, we consider the mechanistic aspects of liquid-phase and gas-phase hydrogenations over several immobilized Rh complexesThe immobilized Wilkinson’s catalyst is mostly addressed, although immobilized binuclear and cationic Rh complexes are also examinedIn particular, it is shown that liquid-phase hydrogenation over the immobilized Wilkinson’s catalyst exhibits a stereoselective hydrogen molecule addition to propyne, similar to the homogeneous hydrogenation with the Wilkinson’s catalyst dissolved in benzeneIn contrast to the liquid-phase hydrogenation, the stereoselectivity in the gas-phase hydrogenation of propyne over the immobilized Wilkinson’s catalyst is observed only for a short time after the reaction is startedThe catalyst is unstable under the gas-phase conditions and deactivates rapidlyPossible reasons for this deactivation process are discussed along with the experimental findings obtained in propyne and propylene hydrogenations over the other types of immobilized Rh catalysts', 'As typical examples for phosphine-containing linkers, the Rh P type immobilized Wilkinson’s catalysts [Rh–P–Wilk] have shown significant catalytic activity in hydrogenation reactions and good separability.[9b,c] However, a gradual loss of the catalytic activity was observed, mainly caused by the leaching of catalytic active species from the surface, as shown by (PHIP) NMR experiments.[9f] Furthermore, as phosphine linker groups and ligands are easily oxidized in solution, they become unable to re-coordinate the rhodium metallic center and the catalytic activity decreases.[9a–c] For amine linkers, the Rh N type immobilized Wilkinson’s catalyst [Rh–N–Wilk] was employed in the hydroformylation of cyclohexane by Huang et al., who obtained efficient catalytic activity, however, with a relatively high loss of rhodium content.[9i] Moreover, Rh–N type immobilized Wilkinson’s type catalysts were employed in the hydrogenation of triple bonds at room temperature as efficient catalysts showing nonsignificant', 'Herein, we focused mainly on the study of the immobilized Wilkinson’s catalyst, while the immobilized binuclear and cationic Rh complexes were also examined for comparisonIt is found that in the liquid-phase and in the gas-phase propyne hydrogenation over the immobilized Wilkinson’s catalyst, the stereoselectivity toward cis addition in the reaction is observed, indicating that the mechanism of the homogeneous hydrogenation is most likely preservedIn the gas-phase hydrogenation, however, the catalyst is not stable, PHIP is observed only during the initial moments after the reaction is started and deactivation of the catalyst occursIt is likely that deactivation takes place because the active Rh species tend to dimerize and interact with the surface of the supportThe use of the immobilized cationic Rh complex, for which the dimerization is suppressed, revealed that proton exchange was taking place to a significant extent in the propylene hydrogenation reaction over this catalyst', 'Although $\\mathrm { R h - P }$ type immobilized Wilkinson’s catalysts have shown significant catalytic activity, they experienced gradual loss of the catalytic activity during the hydrogenation reactions.27,28 This loss in catalytic activity is due to the hardly avoidable oxidation of the phosphine groups, which becomes (as phosphine oxide) unable to recoordinate to the rhodium in the catalyst causing the leaching of catalytic moieties as confirmed by Gutmann et al.37 via PHIP experiments. On the other hand, $\\mathrm { R h - N }$ type immobilized Wilkinson‘s catalysts have shown significant catalytic activity during the hydrogenation of alkynes by Leitmannova et al.36 However, high loss of rhodium content has been noticed in the work of Huang et al.,38 which may refer to insufficient stability of Rh−N bonds under reaction conditions.']","['However, in most, if not all, cases, the performance of the catalysts was relatively poor because of metal leaching in liquid-solid processes and chemical degradation in gas-solid reactions at elevated temperatures in the presence of H2.']","Based on the provided context, the performance of immobilized Rh complexes and Wilkinson's-type catalysts is relatively poor in liquid-solid and gas-solid processes due to distinct degradation mechanisms:

1. **In liquid-solid processes**:  
   - **Metal leaching** occurs, where active Rh species detach from the support.  
   - For **Rh-P type catalysts** (phosphine linkers):  
     - Phosphine groups oxidize easily, forming phosphine oxides that cannot recoordinate to Rh.  
     - This irreversible oxidation causes permanent loss of catalytic activity.  
   - For **Rh-N type catalysts** (amine linkers):  
     - Significant **rhodium leaching** occurs due to instability of Rh-N bonds under reaction conditions.  

2. **In gas-solid processes (elevated temperatures)**:  
   - **Chemical degradation** dominates.  
   - Catalysts deactivate rapidly (e.g., within minutes in propyne hydrogenation).  
   - **Dimerization of Rh species** and interactions with the support surface are key mechanisms.  
   - PHIP effects disappear quickly after reaction initiation, confirming instability.  
   - Cationic Rh complexes show better resistance to dimerization but still exhibit proton exchange issues.  

**Key differences between phases**:  
- Liquid-phase: Stereoselectivity (e.g., *cis*-addition in propyne hydrogenation) is preserved initially, but leaching causes gradual failure.  
- Gas-phase: Stereoselectivity is only briefly observed before rapid deactivation via thermal degradation.  

> ⚠️ **Note**: Catalyst design flaws (e.g., oxidizable phosphine linkers or unstable Rh-N bonds) fundamentally limit long-term stability in both systems.",The performance is poor because of metal leaching in liquid-solid processes and chemical degradation in gas-solid reactions at elevated temperatures in the presence of H2.,0.3523201814085086,0.9089179417647829,0.9565217391304348,0.99999999998,1.0
1,Why does the interaction at the LAC depend on the values of the J-coupling constants?,"['In order to visualize the action of LACs we have plotted in Fig1 schematically the energy level diagram of an AA’B system of spins $1 / 2$ as a function of the magnetic field [33,34]In SABRE experiments, initially, only the spin states $ { \\vert { S } \\beta \\rangle }$ and $\\vert S \\alpha \\rangle$ are populatedOutside an LAC the spin functions and their population will not change as long as relaxation is neglected and the complex is stableAs illustrated in Fig1, for most magnetic field values the spin eigen-functions can well be approximated in terms of products of the ‘‘strong coupling” spin functions $| S \\rangle$ or $\\leftT _ { M } \\right.$ of $\\mathsf { H } _ { 2 }$ and $| { \\boldsymbol { \\alpha } } \\rangle$ or $| \\beta \\rangle$ of the substrate spinWhen the energies of two levels approach each other and there is interaction between them, they would repel each otherIn one of the two spin manifolds shown in Fig1 there is an LACThe interaction at the LAC depends on the values of the J-coupling constants', 'When the energies of two levels approach each other and there is interaction between them, they would repel each otherIn one of the two spin manifolds shown in Fig1 there is an LACThe interaction at the LAC depends on the values of the J-coupling constantsNote that there is also an LAC exactly at zero field, which is, however, unimportant in SABRE experiments presented here (although it is relevant for zero-field SABRE experiments, see, for instance, Ref[35])', 'Thus, the transfer process from H8 to H2 is clearly of a coherent nature originating from the evolution of the ZQCThe ZQC can be observed because the field variation $B _ { p o l } \\to B _ { 0 }$ was non-adiabatic, which is facilitated by the narrow LAC region that has to be passed because of the small J-coupling and the relatively large chemical shift difference of the protonsIt is interesting to note that in this example the spin-spin interaction constant was measured not from the NMR spectrum but from the CIDNP transfer kineticsWhile the standard way of measuring the coupling from the splitting of the NMR lines requires high magnetic field homogeneity, in the limit $J \\gg \\delta \\nu$ the frequency, $\\nu _ { 2 3 }$ , of the ZQC does not depend on field inhomogeneities and thus provides a precise measurement of a very small coupling', 'When the magnetic field is higher or lower than $B _ { \\mathsf { L A C } } ,$ the mixing efficiency of the crossing states decreases while the rate of polarization transfer increases (or decreases) since there is no complete match of the Zeeman interaction and $J .$ coupling constants. alt-SABRE SHEATH reproduces this LAC analysis (Figure 2c).', 'The different $\\tau _ { o f f }$ dependences for the $\\mathsf { C } _ { \\mathsf { A } }$ and $C _ { \\mathrm { B } }$ nuclei arise from the different spin-spin coupling constants between the protons and the corresponding carbon nucleiFor the $\\mathsf { C } _ { \\mathsf { A } }$ nucleus, the proton-carbon $J _ { C H }$ coupling constant is equal to $1 6 8 \\mathrm { H z }$ , resulting in a bigger splitting at the LACs, and faster polarization transferFor the $C _ { \\mathrm { B } }$ nucleus, the $J _ { C H }$ coupling constant is $1 3 7 \\ : \\mathrm { H z }$ , so that the LAC regions are narrower, which makes the adiabaticity condition harder to fulfil during the switchingIn this case, the optimal profile, which suggests slow passage through the LACs, increases the maximal efficiency of polarization transfer by $1 0 \\%$']","['When the energies of two levels approach each other and there is interaction between them, they would repel each other. In one of the two spin manifolds shown in Fig. 1 there is an LAC. The interaction at the LAC depends on the values of the J- coupling constants.']","Based on the provided context, the interaction at a Level Anti-Crossing (LAC) depends on the values of the J-coupling constants for the following reasons:

1.  **J-couplings mediate the interaction:** At an LAC, two spin states approach degeneracy (have the same energy). The strength of their interaction (and thus the energy gap that opens at the avoided crossing) is determined by the off-diagonal matrix elements in the spin Hamiltonian. These off-diagonal elements arise directly from the scalar J-coupling interactions between the spins.

2.  **Impact on LAC structure:** Larger J-coupling constants lead to a stronger interaction between the approaching spin states. This results in a larger energy gap (splitting) at the LAC point. Conversely, smaller J-coupling constants lead to a weaker interaction and a smaller energy gap at the LAC.

3.  **Consequences for polarization transfer:**
    *   The magnitude of the J-coupling dictates the **width of the LAC region** in the magnetic field domain. A larger J-coupling creates a wider LAC region, while a smaller J-coupling creates a narrower LAC region.
    *   This width critically affects the **adiabaticity** of passage through the LAC during field variation (e.g., switching from polarization field $B_{pol}$ to detection field $B_0$). A wider LAC (larger J) allows for slower, more adiabatic passage, which is necessary for efficient polarization transfer. A narrower LAC (smaller J) requires very rapid switching to be non-adiabatic and facilitate coherent transfer processes like Zero-Quantum Coherence (ZQC).

**Evidence from the context:**
*   ""The interaction at the LAC depends on the values of the J-coupling constants"" (stated explicitly).
*   ""For the $\mathsf{C_A}$ nucleus, the proton-carbon $J_{CH}$ coupling constant is equal to $168\ \mathrm{Hz}$, resulting in a bigger splitting at the LACs, and faster polarization transfer.""
*   ""For the $C_B$ nucleus, the $J_{CH}$ coupling constant is $137\ \mathrm{Hz}$, so that the LAC regions are narrower, which makes the adiabaticity condition harder to fulfil during the switching.""
*   The passage of the narrow LAC region due to small J-coupling and large chemical shift difference facilitates non-adiabatic transfer, enabling the observation of ZQC.

In essence, the J-coupling constants are the fundamental parameters that govern the strength of the spin-spin interaction responsible for the level repulsion and energy gap at the LAC, directly impacting the mechanism and efficiency of polarization transfer in techniques like SABRE.","The interaction at the LAC depends on the values of the J-coupling constants because when the energies of two levels approach each other and there is interaction between them, they repel each other, and this interaction is influenced by the J-coupling constants.",0.2888976602639298,0.853172711215776,0.9310344827586207,0.99999999998,1.0
2,Why do weakly binding substrates limit hyperpolarisation efficiency in SABRE?,"['One limitation on the range of analytes whose NMR signals can be efficiently enhanced by SABRE is the need for three molecules of the substrate to bind to form the active SABRE catalyst (Fig13)This form of the active catalyst is not suitable for substrates that are sterically hindered, or those which prefer a bidentate binding mode [168–170]In addition, for weakly binding substrates, multiple catalyst species are often observed in solution, including solvent adducts [171]The presence of multiple catalyst species leads to more complex kinetics in solution and may limit hyperpolarisation efficiencyThese challenges can be overcome through the introduction of one or more co-substrates into solution to promote the formation and stabilisation of a suitable active polarisation transfer catalyst [170]This co-substrate approach has been used to hyperpolarise the metabolite pyruvate, which adopts a bidentate binding mode in the presence of the co-substrate DMSO and the standard SABRE pre-catalyst [172]', 'Signal Amplification by Reversible Exchange (SABRE) is a catalytic method for improving the detection of molecules by magnetic resonance spectroscopyIt achieves this by simultaneously binding the target substrate (sub) and para-hydrogen to a metal centreTo date, sterically large substrates are relatively inaccessible to SABRE due to their weak binding leading to catalyst destabilisationWe overcome this problem here through a simple co-ligand strategy that allows the hyperpolarisation of a range of weakly binding and sterically encumbered N-heterocyclesThe resulting $\\mathsf { \\Omega } ^ { \\mathsf { 1 } } \\mathsf { H } \\mathsf { \\Lambda } \\mathsf { N } M \\mathsf { R }$ signal size is increased by up to 1400 times relative to their more usual Boltzmann controlled levels at $4 0 0 ~ \\mathsf { M H z }$ Hence, a significant reduction in scan time is achieved', 'SABRE is a technique with which nuclear spin hyperpolarization can be obtained for substrate molecules that weakly associate to a suitable metal complex together with ${ p \\mathrm { - } } \\mathrm { H } _ { 2 }$ . This reversible association provides a transient scalar coupling network through which the spin order of ${ p \\mathrm { - } } \\mathrm { H } _ { 2 }$ can be transferred to the nuclear spins of the substrate.[7] Strongly enhanced NMR signals are then observed for substrate molecules free in solution owing to the reversible character of the interaction. A conventional quantitative analysis of such enhanced signals based on integral comparison with an internal or external standard is not applicable as the efficiency of SABRE depends on several molecular parameters (i.e., relaxation times, scalar coupling constants, dissociation rates) that can strongly vary for different proton spins.', 'A further limit on the range of analytes amenable to SABRE hyperpolarisation is the need for the target substrate to bind reversibly to the active SABRE catalyst on a suitable timescale. This challenge can be overcome using the SABRE-Relay method illustrated in Fig. 16 [126, 176]. In SABRE-Relay, a polarisation transfer agent that contains exchangeable protons (typically an amine) is first hyperpolarised through reversible binding to the SABRE catalyst. In the second step, the target analyte in solution is hyperpolarised via proton exchange with the polarisation transfer agent. In this way, hyperpolarisation is achieved for analytes that do not bind to the SABRE catalyst. In principle, the SABRE-Relay approach extends the applicability of SABRE to any chemical species that contains exchangeable protons, including but not limited to alcohols, carboxylic acids, phosphates and carbonates [126].', 'Access to hyperpolarized substrates may be realized at low cost by a technique known as Signal Amplification By Reversible Exchange (SABRE).[3] To date, SABRE has largely been restricted to the hyperpolarization of protons in aromatic heterocycles. Protons generally have ${ { T } _ { 1 } }$ relaxation times on the order of a few seconds, which limits the timescale over which analytes may be monitored. To address these limitations, we have recently introduced the use of low (mG) magnetic fields to hyperpolarize $^ { 1 5 } { \\sf N }$ directly, a technique we call SABRE-SHEATH (SABRE in SHield Enables Alignment Transfer to Heteronuclei).[4]']","['For weakly binding substrates, multiple catalyst species are often observed in solution, including solvent adducts [171]. The presence of multiple catalyst species leads to more complex kinetics in solution and may limit hyperpolarisation efficiency.']","Weakly binding substrates limit hyperpolarisation efficiency in SABRE due to the following reasons, as established in the provided context:  

1. **Formation of multiple catalyst species**: Weakly binding substrates fail to effectively compete with solvent molecules for binding sites on the SABRE catalyst. This results in the coexistence of multiple catalyst species in solution, including solvent adducts.  

2. **Complex kinetics**: The presence of multiple catalyst species (e.g., substrate-bound, solvent-bound, or mixed complexes) complicates the reaction kinetics. This heterogeneity disrupts the efficient transfer of spin order from *p*-H₂ to the substrate.  

3. **Reduced stability of the active catalyst**: Weak binding destabilizes the active catalyst structure required for polarization transfer. Without stable ternary complexes (substrate–catalyst–*p*-H₂), spin polarization pathways become less effective.  

These factors collectively diminish hyperpolarisation efficiency by hindering the reversible binding and coherent spin-order transfer essential for SABRE.  

---  
*Answer derived exclusively from the provided context on SABRE limitations.*","Because weakly binding substrates lead to the formation of multiple catalyst species in solution, including solvent adducts, which complicates the kinetics and reduces hyperpolarisation efficiency.",0.6255046805832617,1.0,0.9166666666666666,0.9999999999,1.0
3,How does the detection sensitivity of NMR with parahydrogen enhancement compare to other NMR techniques?,"['4. Outlook and perspectives\nWith the present review we wanted to demonstrate that parahydrogen-based hyperpolarization techniques have become efficient tools for the sensitivity enhancements of NMR and MRI. With their typical signal enhancement factors of 1000 and above they drastically reduce the time or amount of substance necessary for obtaining high-resolved NMR spectra. In the application area, these signal-enhancements enable the ultra-sensitive detection of catalytic reaction intermediates or the ultra-fast detection of low-concentrated peptides in solution, which would have been completely impossible without them. Moreover, as demonstrated with the fumarate example, it is nowadays feasible to hyperpolarize and clean a biological metabolite, amenable in the future as a marker for the success of cancer therapies.', 'Another benefit of the compact nature of benchtop NMR is that it can be integrated with other orthogonal analytical methods, such as ultraviolet (UV) [258] and infrared (IR) [259] spectroscopy or mass spectrometry, [260,261] to provide enhanced chemical discrimination. Integrating hyperpolarisation to increase the sensitivity of the benchtop NMR detection would further boost the analytical power of these methods. Similarly, in situ UV–visible irradiation can be achieved in a relatively straightforward way with benchtop NMR, as demonstrated in the photo-CIDNP experiments of Stadler et al. [225] Photo-irradiation can also be used in combination with parahydrogen based hyperpolarisation techniques, as previously demonstrated using high-field NMR detection [262–265].', 'INTRODUCTION\nNuclear magnetic resonance (NMR) is one of the most powerful methods for the study of materials, and magnetic resonance imaging (MRI) plays a vital role in clinical diagnosisHowever, the low sensitivity of these techniques limits their applicabilityThe hyperpolarization method dynamic nuclear polarization (DNP) improves the detectability of analytes such as pyruvate to the level that the MRI-based diagnosis of disease is now possible (1)Parahydrogen $\\left( p \\mathrm { - } \\mathrm { H } _ { 2 } \\right)$ , which is cheap to prepare and exists as a pure nuclear spin state, was shown to enhance the strength of an NMR signal in 1987 (2), although these methods have not yet been used clinicallyThis may reflect the fact that ${ p \\mathrm { - } } \\mathrm { H } _ { 2 }$ was originally used to sensitize chemically modified hydrogenation products (3, 4), and only recently has a method been developed where the original identity of the sensitized analyte is retained (5)', 'INTRODUCTION\nFor more than 30 years, it has been known that the sensitivity of the NMR experiment can be increased (up to a factor of $1 0 ^ { 4 } – 1 0 ^ { 5 } )$ ) by means of para-enriched hydrogen $\\left( \\mathrm { p - H } _ { 2 } \\right)$ inserted in a molecule at two nonequivalent positions by an appropriate chemical reaction. This hydrogenation reaction (generally using homogeneous catalytic processes) can be performed outside the magnet of the NMR machine (ALTADENA experiment) or inside (PASADENA experiment) (1–9). We do not go into the details of those experiments, but rather concentrate on the hyperpolarization phenomenon.', '3. Applications of parahydrogen in NMR']","['However, compared to other techniques, NMR is often limited by its relatively low detection sensitivity associated with the weak interaction of nuclear spins with permanent and oscillating magnetic fields that are used in NMR. Among various ways to increase NMR sensitivity, one particular approach based on the combination of NMR with the use of parahydrogen is rather unique and is particularly suitable for studying reactions that involve molecular hydrogen.']","Based on the provided context, parahydrogen-based hyperpolarization techniques exhibit significantly enhanced detection sensitivity compared to conventional NMR methods:  

1. **Signal Enhancement Magnitude**:  
   - Parahydrogen techniques (e.g., PHIP/SABRE) achieve **signal enhancement factors of 1,000–100,000-fold** (specifically noted as ""10<sup>4</sup>–10<sup>5</sup>"" in the text).  
   - This drastically reduces the required sample quantity or acquisition time for high-resolution NMR spectra.  

2. **Capability for Previously Undetectable Analyses**:  
   - These techniques enable:  
     - **Ultra-sensitive detection** of catalytic reaction intermediates.  
     - **Ultra-fast detection** of low-concentration peptides in solution.  
   - Such analyses are described as ""completely impossible"" with conventional NMR.  

3. **Comparison to Other Hyperpolarization Methods**:  
   - While **dynamic nuclear polarization (DNP)** is noted for enabling MRI-based disease diagnosis (e.g., via hyperpolarized pyruvate), parahydrogen methods offer a cost-effective alternative due to the low expense of *p*-H<sub>2</sub> preparation.  
   - Unlike early *p*-H<sub>2</sub> approaches (which required chemical modification of analytes), newer methods retain the original identity of sensitized molecules.  

4. **Practical Impact**:  
   - The sensitivity boost facilitates biomedical applications, such as monitoring cancer therapy response via hyperpolarized metabolites (e.g., fumarate).  
   - Compatibility with compact benchtop NMR systems allows integration with orthogonal techniques (UV, IR, mass spectrometry), further enhancing analytical utility.  

In summary, parahydrogen hyperpolarization achieves **orders-of-magnitude greater sensitivity** than standard NMR, unlocking previously inaccessible molecular detection and real-time monitoring capabilities.",NMR with parahydrogen enhancement has higher detection sensitivity compared to other NMR techniques.,0.3232190686135913,0.8058298464408922,0.95,0.999999999975,1.0
4,Why does the silica-supported vanadium oxo organometallic complex demonstrate significant NMR signal enhancements in the hydrogenation of propylene and propyne with parahydrogen?,"['ABSTRACT: Parahydrogen can be used in catalytic hydrogenations to achieve substantial enhancement of NMR signals of the reaction products and in some cases of the reaction reagents as wellThe corresponding nuclear spin hyperpolarization technique, known as parahydrogen-induced polarization (PHIP), has been applied to boost the sensitivity of NMR spectroscopy and magnetic resonance imaging by several orders of magnitudeThe catalyst properties are of paramount importance for PHIP because the addition of parahydrogen to a substrate must be pairwiseThis requirement significantly narrows down the range of the applicable catalystsHerein, we study an efficient silica-supported vanadium oxo organometallic complex (VCAT) in hydrogenation and dehydrogenation reactions in terms of efficient PHIP productionThis is the first example of group 5 catalyst used to produce PHIPHydrogenations of propene and propyne with parahydrogen over VCAT demonstrated production of hyperpolarized propane and propene, respectively', 'CONCLUSIONS\nIn conclusion, we have examined a new silica-supported vanadium oxo organometallic complex VCAT in hydrogenation and dehydrogenation reactions in the presence of para- $\\cdot \\mathrm { H } _ { 2 }$ . It was found that the catalyst provides the formation of hyperpolarized propane in propene hydrogenation by means of PHIP, demonstrating significant NMR signal enhancements of more than two orders of magnitude compared to thermal polarization. This is the first observation of PHIP effects over vanadium-based catalysts. On the other hand, no hyperpolarized propane was detected in propane dehydrogenation in the presence of para- $\\cdot \\mathrm { H } _ { 2 } ,$ indicating that pairwise replacement of two hydrogens from propane with the ones originating from para- $\\mathrm { H } _ { 2 }$ is not an efficient process over VCAT. Instead, the side-product 1-butene was found hyperpolarized in this process, illuminating complexity of the dehydrogenation process.', 'In an attempt to design better catalysts, a more recent trend in modern catalysis uses surface organometallic chemistry (SOMC) to design well-defined active centers on solid materials that would have a specific and reasonably stable structure and provide efficient performance in the catalytic processes. In line with this trend, single-site catalysts constructed by means of SOMC were tested in hydrogenations of unsaturated compounds with parahydrogen. For instance, a silica-supported vanadium oxo organometallic complex was tested in the hydrogenation of propyne and propylene with parahydrogen [1]. This group 5 metal catalyst demonstrated NMR signal enhancements of 200–300-fold in the case of propylene hydrogenation to propane and ca. 1300-fold in the case of propyne hydrogenation to propylene (Fig. 4).', '[](images/b869e1ac6e780a1033991f7876bdf6ee6a40df3ea5e284c3d952e7a2ca1f48a1.jpg) \nFig. 4: The reaction scheme for propyne hydrogenation with $\\mathsf { p } { \\cdot } \\mathsf { H } _ { 2 }$ over silica-supported vanadium oxo organometallic complex (VCAT), and the corresponding 1H NMR spectra detected in the ALTADENA experiment. The reaction was performed at $5 0 0 ^ { \\circ } { \\mathsf C }$ by supplying a 1:4 propyne:p- ${ \\sf H } _ { 2 }$ mixture to the reactor at the flow rate of $2 . 1 \\mathsf { s c c } / \\mathsf { s }$ . Spectrum (a) was detected in the continuous flow mode using a single scan, whereas for (b) 256 scans were accumulated after gas flow was abruptly terminated. The structure of the catalyst is schematically shown in the inset. Adapted with permission from [1]. Copyright 2018 American Chemical Society.', 'Vanadium-based catalysts are used in a number of important industrial processes.14−17 Recent developments led to a vanadium oxo organometallic complex supported on silica as a new efficient catalyst for non-oxidative dehydrogenation of propane (Scheme 1).18 This catalyst, designated in the text as']","['For instance, a silica- supported vanadium oxo organometallic complex was tested in the hydrogenation of propyne and propylene with parahydrogen [1]. This group 5 metal catalyst demonstrated NMR signal enhancements of 200- 300- fold in the case of propylene hydrogenation to propane and ca. 1300- fold in the case of propyne hydrogenation to propylene (Fig. 4).']","The silica-supported vanadium oxo organometallic complex (VCAT) achieves significant NMR signal enhancements in propylene and propyne hydrogenation with parahydrogen due to its ability to facilitate **pairwise hydrogen addition**, a core requirement for parahydrogen-induced polarization (PHIP). Key reasons include:

1. **Pairwise Hydrogen Transfer**:  
   VCAT enables the simultaneous transfer of both H atoms from a single parahydrogen molecule (\(p\text{-H}_2\)) to the substrate, preserving their spin correlation. This pairwise addition generates nuclear spin hyperpolarization in the reaction products (propane from propylene; propene from propyne).

2. **Catalyst-Specific Efficiency**:  
   As a group 5 metal catalyst, VCAT's structure—featuring well-defined vanadium active centers on silica—optimizes the pairwise hydrogenation pathway. This is the first reported instance of a vanadium-based catalyst producing PHIP effects.

3. **Experimental Signal Enhancements**:  
   - **Propylene hydrogenation**: >200–300-fold NMR signal enhancement in propane.  
   - **Propyne hydrogenation**: ~1300-fold NMR signal enhancement in propene.  
   These enhancements occur because hyperpolarized products retain the non-Boltzmann spin state distribution from \(p\text{-H}_2\).

4. **Contrast with Dehydrogenation**:  
   VCAT does **not** produce hyperpolarized propane in *dehydrogenation* reactions, confirming that pairwise hydrogen removal is inefficient. Instead, hyperpolarization emerges only when \(p\text{-H}_2\) is added pairwise during hydrogenation.

This behavior aligns with PHIP's mechanism, where catalyst geometry and electronic properties dictate the retention of spin order during H₂ addition. The results highlight VCAT's unique suitability for PHIP in hydrogenation reactions.","The silica-supported vanadium oxo organometallic complex, as a group 5 metal catalyst, provides efficient performance in the catalytic processes, leading to NMR signal enhancements of 200-300-fold in propylene hydrogenation to propane and approximately 1300-fold in propyne hydrogenation to propylene.",0.4296238114969809,0.8998323093999084,1.0,0.999999999975,1.0
5,What is the second step in setting up the gas circulation system in the TCA?,"['A second capillary \\~H in Fig5! is affixed to the TCA cap yet reaching only into the gas phase above the solution \\~Fig4!This second capillary is necessary for controlling the pressure, and to facilitate gas circulation in a closed cycle similar to a probe design presented earlier.5 Accordingly, the two capillaries are connected to a rotary vane pump \\~GK 02-M, Brey, Memmingen, Germany! and a gas distribution line through which gas is added up to the desired pressureBecause the pressure control instruments are integrated into the circulation system, the central conductor does not need to be fabricated from capillary tubing for pressure transductionThe gas circulation arrangement in its current version is safe up to 40 bar, allowing a continuous admission and recycling of reactive gasIn future setups, we plan to improve the pressure ratings of the circulation system, so that 150–200 bar can be reached', 'In future setups, we plan to improve the pressure ratings of the circulation system, so that 150–200 bar can be reachedIn addition to the pressure capabilities, the gas circulation system is used to purge the TCA with argon or nitrogen and thus to guarantee inert conditions prior to a chemical reaction', 'Therefore, the capillary connection to the central conductor is completely filled with gas, liquid, or supercritical fluid during an experimentFor example, at pressures above 55 bar, $\\mathrm { C O } _ { 2 }$ is liquid and provides for a particularly efficient, incompressible pressure-transducing mediumBecause only the TCA body is heated, $\\mathrm { C O } _ { 2 }$ remains liquid inside the capillary connection even if it is supercritical inside the TCAIt is impossible to admit additional components through this capillaryFor the injection of gaseous or liquid components after the TCA is sealed and pressurized, we added a second pressure capillary \\~PEEK, K in Fig2! to the autoclave affixed \\~Fig1! with two-component epoxy glue \\~UHU plus endfest 300, UHU, B¨uhl, Germany!For withstanding high pressures and elevated temperatures, the glue was carefully heat treated during the setting period using the TCA’s heating arrangement up to $1 2 0 ^ { \\circ } \\mathrm { C }$', 'Materials and dimensions of the TCAs for gas/liquid reactions and for reactions in the gas phase or in supercritical fluids are identical except for the overall height. The height of the gas/liquid TCA was raised by about $50 \\%$ , i.e., by the amount of sample volume that is above the intermediate contact disk. Still, the NMR-sensitive area is comparable in both probes. They are both double tuned to a high resonance frequency $\\mathrm { ^ { 1 } H }$ or ${ } ^ { 1 9 } \\mathrm { F }$ ! and to $^ 2 \\mathrm { H }$ frequency for field-frequency lock or, alternatively, for heteronucleus detection. While half-height linewidths of $0 . 6 ~ \\mathrm { H z }$ were achieved in NMR spectra obtained without gas circulation \\~vide infra!, they increase to about $3 ~ \\mathrm { H z }$ under continuous gas admission conditions. However, the field-frequency lock is easily retained during gas circulation periods, although its intensity decreases to some extent.', 'After the TCA is charged with a solution and the cap \\~F in Fig5! is tightly screwed onto the autoclave body, two PEEK capillaries \\~G and H! are inserted through the cap and pressure-sealed by Rathke’s feedthrough designOne of the capillaries \\~G! leads through the contact disk down to the bottom of the sample volume \\~Fig5! and is used to vigorously bubble gas into the solutionFor ease of mounting this capillary, the contact disk contains large slots that are also used so that excess gas bubbles raise to the gas/liquid interface above the contact diskA second capillary \\~H in Fig5! is affixed to the TCA cap yet reaching only into the gas phase above the solution \\~Fig4!']","['The text describes the setup and operation of a gas circulation system in a TCA, detailing the steps involved in ensuring proper gas flow, pressure control, and inert conditions for chemical reactions.']","Based on the provided context, the steps for setting up the gas circulation system in the Tube-type Chemical Autoclave (TCA) are as follows:

1. **Insert and pressure-seal the two PEEK capillaries** through the TCA cap after it is tightly screwed onto the autoclave body.  
2. **Connect the capillaries to the rotary vane pump and gas distribution line** to establish gas circulation and pressure control.  

Thus, the second step involves connecting the capillaries to the rotary vane pump and gas distribution line, enabling gas addition, pressure regulation, and inert gas purging for reactions.","Affixing a second capillary (H) to the TCA cap, which reaches into the gas phase above the solution for pressure control and gas circulation.",0.45905934289213046,0.7970263504627649,0.4,0.699999999965,1.0
6,How do the relative energies of the E1 and A1′ complexes compare in the singly deprotonated state?,"['Relative to E2, the E1 and $\\mathbf { A 1 } ^ { \\prime }$ complexes are slightly favored in the singly deprotonated state compared to the fully deprotonated state as shown in Figure S3A (relative energies of E1 and $\\mathbf { A 1 } ^ { \\prime }$ are 5.458 and $3 6 2 4 ~ \\mathrm { \\ k c a l / m o l }$ for singly deprotonated compared to 7.372 and $7 0 1 1 \\mathrm { \\ k c a l / m o l }$ for fully deprotonated)The slight increase in the relative stability of E1 and $\\mathbf { A 1 } ^ { \\prime }$ at $\\mathrm { p H } \\ 6$ explains our experimental observation, shown in Figure 2C, where polarization at the unlabeled C-2 position is observed at $\\mathrm { p H } \\ 6 ,$ , whereas at $\\mathrm { \\ p H \\ 8 }$ , no C-2 polarization is detected', 'It should be noted that for singly deprotonated ZOMPD complexes, $\\mathbf { A 1 } ^ { \\prime }$ is energetically favored compared to E1; however, axial complexes (such as $\\mathbf { A 1 } ^ { \\prime }$ ) contain spin topology that do not allow for efficient polarization transfer.70,74 Although more studies are still necessary to determine the identity of all of the SABRE-active Z-OMPD complexes, the evidence discussed above suggests that E2 and E1 are the primary active SABRE complexes, where E2 drives the SABRE process at high pH $( \\sim 8 )$ and a combination of E2 and E1 drives SABRE at lower $\\mathrm { p H } \\left( \\mathrm { \\sim } 6 \\right)$', '[](images/3c33995d6699afb978dbd417ac5a0fad518f5fdaeb93bc999ee64be3814babd7.jpg) \nFigure 2. (A) Three-dimensional structures of the optimized geometry of axial complexes A1−A3 and equatorial complexes E1−E3. (B) Plot of relative energies of structures A1−A3, $\\mathbf { A 1 ^ { \\prime } { - } A 3 ^ { \\prime } }$ , and E1−E3 with respect to E2 for both the deprotonated and singly protonated state of Z-OMPD. (C) HP spectra of Z-OMPD at $\\mathrm { \\ p H } \\ 6$ and $\\mathrm { \\ p H } 8$ , showing that unlabeled C-2 is polarized at lower $\\mathrm { \\tt p H }$ (singly protonated state), therefore suggesting that the E1 complex is significantly present at lower $\\mathsf { p H }$ .', 'The remaining three complexes E1, E2, and E3 are the equatorial analogues of the axial complexesThe relative energy of each complex is presented in Figure 2BEach ZOMPD complex was optimized for both the fully deprotonated carboxylates (at C-1 and C-5) and the singly deprotonated carboxylate (at C-1)In computing the relative Gibbs free energies, we set the lowest energy for each protonation state to be zero because a direct comparison between these two sets of complexes is challenging given that they have different number of atomsIt should be noted that at high pH (specifically 8.42) where the hyperpolarization is performed, Z-OMPD exists as the dianion (fully deprotonated), and at lower $\\mathsf { p H }$ (between 3 and 6), it exists as the monoanion (singly deprotonated)In this lower $\\mathsf { p H }$ range, only the carboxylate at C-1 is deprotonated', 'The relative energies in Figure 4 are calculated with respect to the common reference energy of the lowest energy catalyst, A1. The energies of all other states are adjusted by adding or subtracting the corresponding substrate molecules $( \\mathsf { H } _ { 2 } ,$ pyridine, $C H _ { 3 } O H$ in their gas-phase relaxed geometries) to match the number of atoms in each catalyst complex. For example, the energies of complexes A1 and A2 are adjusted according to Equations (1) to enable physical energy comparison between the two molecules.']","['Relative to E2, the E1 and A1′ complexes are slightly favored in the singly deprotonated state compared to the fully deprotonated state as shown in Figure S3A (relative energies of E1 and A1′ are 5.458 and 3.624 kcal/mol for singly deprotonated compared to 7.372 and 7.011 kcal/mol for fully deprotonated).']","Based on the provided context:  

1. **Relative Energies in Singly Deprotonated State**:  
   - The relative energy of **E1** (equatorial complex) is **5.458 kcal/mol**.  
   - The relative energy of **$\mathbf{A1^{\prime}}$** (axial complex) is **3.624 kcal/mol**.  
   Both values are relative to the **E2** complex (set as the zero-energy reference).  

2. **Comparison**:  
   - **$\mathbf{A1^{\prime}}$** is energetically favored over **E1** in the singly deprotonated state (3.624 kcal/mol vs. 5.458 kcal/mol).  

3. **Experimental Implication**:  
   Despite **$\mathbf{A1^{\prime}}$** being lower in energy, axial complexes like **$\mathbf{A1^{\prime}}$** exhibit spin topology that **prevents efficient polarization transfer**. Thus, **E1** (though less stable) is experimentally relevant for SABRE at lower pH (pH 6), where C-2 polarization is observed.  

**Key Reference**:  
> ""for singly deprotonated ZOMPD complexes, $\mathbf{A1^{\prime}}$ is energetically favored compared to E1; however, axial complexes (such as $\mathbf{A1^{\prime}}$) contain spin topology that do not allow for efficient polarization transfer.""  ",The A1′ complex has a lower relative energy (3.624 kcal/mol) than the E1 complex (5.458 kcal/mol) in the singly deprotonated state.,0.7252650475621181,0.7368442253846795,1.0,0.9999999999666667,1.0
7,Why do carbene intermediates play a role in the trans-hydrogenation of alkynes?,"['In summary, we have shown that the trans-hydrogenation of internal alkynes competes with a formal gem-hydrogenation process; this latter reactivity mode has hardly any precedent in organic chemistry.[24,25] The resulting ruthenium carbene intermediates seem to be the very origin of the side reactions that can plague catalytic trans-reductions at this stage of methodological development. Our ongoing attempts at optimizing this valuable transformation will be guided by this insight.', 'A detailed DFT study shows that the trans alkene and the carbene complex originate from a common metallacyclopropene intermediateFurthermore, the computational analysis and the PHIP NMR data concur in that the metal carbene is the major gateway to olefin isomerization and over-reduction, which frequently interfere with regular alkyne trans-hydrogenation', 'Abstract: Insights into the mechanism of the unusual transhydrogenation of internal alkynes catalyzed by $\\{ C p ^ { * } R u \\}$ complexes were gained by para-hydrogen $( p - H _ { 2 } )$ induced polarization (PHIP) transfer NMR spectroscopyIt was found that the productive trans-reduction competes with a pathway in which both H atoms of $H _ { 2 }$ are delivered to a single alkyne $C$ atom of the substrate while the second alkyne $C$ atom is converted into a metal carbeneThis “geminal hydrogenation” mode seems unprecedented; it was independently confirmed by the isolation and structural characterization of a ruthenium carbene complex stabilized by secondary inter-ligand interactionsA detailed DFT study shows that the trans alkene and the carbene complex originate from a common metallacyclopropene intermediate', 'This involved overall manifold is of fundamental interest but renders reaction optimization difficult: The concerted step from C to $\\mathbf { G }$ is intrinsically selective for the $E$ -alkene $\\mathbf { H }$ , whereas a transient carbene $\\mathbf { D }$ opens a gateway to side reactions such as positional alkene isomerization and/or overreduction, which often plaque transhydrogenation.[15] Experimental and computational data concur in that the conversion of $\\mathbf { D }$ to product as well as to the side products proceeds via an associative mechanism, in which a second $\\mathrm { H } _ { 2 }$ molecule needs to be ligated to the ruthenium center to lower the barriers.[13] On the other hand, one can envisage that purposeful carbene formation by gem-hydrogenation allows alkynes to be used as surrogates for hazardous carbene sources such as diazo derivatives or cyclopropenes', 'The barriers for trans-hydrogenation and gem-hydrogenation are similar: whereas DFT predicts a preference for trans-hydrogenation, CCSD(T) finds gem-hydrogenation slightly more facileThe carbene, once formed, will bind a second $\\mathrm { H } _ { 2 }$ molecule and evolve to the desired $E$ -alkene, a positional alkene isomer or the corresponding alkane; this associative pathway explains why double bond isomerization and overreduction compete with trans-hydrogenationThe computed scenario concurs with para-hydrogen-induced polarization transfer (PHIP) NMR data, which confirm direct trans-delivery of $\\operatorname { H } _ { 2 } ,$ the formation of carbene intermediates by gem-hydrogenation, and their evolution into product and side products alikePropargylic $- \\mathrm { O R } \\left( \\mathrm { R } = \\mathrm { H } , \\mathrm { M e } \\right)$ groups exert a strong directing and stabilizing effect, such that several carbene intermediates could be isolated and characterized by X-ray diffraction']","['The remarkable stabilities of 6 and 9 raise the question as to whether these species play any role in the trans- hydrogenation or whether they are merely thermodynamic sinks off the catalytic cycle. The latter possibility was ruled out by additional PHIP NMR experiments with the metastable carbene 7b (Figure 4). Specifically, cross peaks in a  $2\\mathrm{D}^{1}\\mathrm{H}$  - OPSY- EXSY experiment[29] definitely linked this hyperpolarized species to  $E$  - alkene 5b;[30] importantly though, the same spectrum also unmistakably connected 7b to the isomerized product 10 as well as to alkane 11, which is formed by overreduction.[31] To better understand the role and fate of the carbene intermediates, a detailed computational study was carried out at the M06/def2- TZVP/SMD  $\\mathrm{(CH_2Cl_2)}$  //M06/def2- TZVP level of theory (for computational details, see the Supporting Information).']","Carbene intermediates play a critical role in the trans-hydrogenation of alkynes due to their formation via a competing **geminal hydrogenation pathway**, as revealed by mechanistic studies. Based on the context:

1. **Competing Pathways**:  
   During ruthenium-catalyzed trans-hydrogenation, the productive *trans*-delivery of H₂ competes with an alternative route where both H atoms of H₂ are delivered to **a single alkyne carbon atom**. This converts the adjacent carbon into a **ruthenium carbene complex** (denoted as **D** in the mechanism).

2. **Origin from a Common Intermediate**:  
   DFT studies confirm that both the desired *trans*-alkene product and the carbene intermediate arise from a shared **metallacyclopropene intermediate**. The carbene pathway is energetically competitive, with computational methods (CCSD(T)) even suggesting it may be slightly favored over trans-hydrogenation.

3. **Role in Side Reactions**:  
   The carbene intermediate acts as a **gateway to undesired reactions**:  
   - Upon binding a second H₂ molecule, the carbene evolves via an *associative mechanism* into:  
     (a) Positional alkene isomers (via isomerization),  
     (b) Over-reduced alkanes (via further hydrogenation).  
   - This explains why **isomerization and over-reduction** frequently plague trans-hydrogenation reactions.

4. **Experimental Validation**:  
   - **PHIP NMR spectroscopy** directly detected carbene formation through gem-hydrogenation.  
   - Isolable ruthenium carbene complexes (stabilized by propargylic -OR groups) were characterized by **X-ray diffraction**, confirming their existence.

In summary, carbene intermediates are unavoidable yet problematic species that divert the reaction from the desired trans-hydrogenation pathway toward side products, making reaction optimization challenging. Their formation is mechanistically linked to the metallacyclopropene intermediate and is experimentally substantiated by both PHIP NMR and isolated complexes.","Carbene intermediates play a role in trans-hydrogenation because computational and experimental studies, including PHIP NMR experiments and M06/def2-TZVP level calculations, confirm their involvement in the catalytic cycle. These intermediates are linked to the formation of hyperpolarized species and the isomerized product, ruling out the possibility of them being mere thermodynamic sinks.",0.4346370967744123,0.977655245275785,1.0,0.5888888888692593,0.5
8,Why does complex 3 form from the reaction of the proposed intermediate 5 with H2?,"['There is a further twist to these descriptions since in the initial publications concerning solutions of $\\mathrm { R h C l } ( \\mathrm { P P h } _ { 3 } ) _ { 3 }$ , Wilkinson noted the gradual formation of the virtually insoluble dimeric complex $\\left[ \\mathrm { R h } ( \\mu \\mathrm { - } \\mathrm { C l } ) ( \\mathrm { P P h } _ { 3 } ) _ { 2 } \\right] _ { 2 }$ .45 This complex has been shown to react with hydrogen and form $\\mathrm { R h ( H ) } _ { 2 } \\mathrm { ( P P h _ { 3 } ) } _ { 2 } \\mathrm { ( \\mu { - } C l ) } _ { 2 } \\mathrm { R h ( P P h _ { 3 } ) } _ { 2 }$ rather than $\\mathrm { [ R h ( H ) _ { 2 } ( P P h _ { 3 } ) _ { 2 } ( \\mu - C l ) ] _ { 2 } }$ as originally proposed by WilkinsonThe $\\left[ \\mathrm { R h } ( \\mu { - } \\mathrm { C l } ) ( \\mathrm { P P h } _ { 3 } ) _ { 2 } \\right] _ { 2 }$ dimer thus provides access to another potential hydride containing intermediate', 'We expected this reaction to proceed via the intermediate $\\mathrm { W ( H ) } _ { 2 } \\mathrm { ( } \\hat { \\mathrm { N } } _ { 2 } \\mathrm { ) } \\mathrm { ( d p p e - } \\kappa ^ { 2 } P \\mathrm { ) } _ { 2 }$ but this was not detected at $3 3 3 \\mathrm { K } .$ We therefore re-examined the reaction at the lower temperature of $2 9 5 \\mathrm { ~ K ~ }$ where we observed two further sets of polarized hydride signals in the corresponding $\\mathrm { ^ { 1 } H }$ NMR spectrum at $\\delta - 2 . 6 9$ and $\\delta - 2 . 9 3$ (see Figure 1b). These resonances are due to the new complex, 3, and proved to couple to a third hydride resonance at $\\delta - 0 . 1 4$ according to COSY methods. These data therefore preclude the detection of $\\mathrm { W ( H ) } _ { 2 } \\mathrm { ( N } _ { 2 } \\mathrm { ) } ( \\mathrm { d p p e } { \\cdot } \\kappa ^ { 2 } P ) _ { 2 }$ and suggest that an unexpected reaction has taken place.', 'For complex 3 the balance of low HDA of NiIIH and relatively high amine basicity together with substantial tetrahedral distortion[35] (the dihedral angle between the planes P1NiP2 and P1’NiP2’ is $3 4 9 2 ^ { \\circ [ 5 \\mathsf { a } ] } .$ ) makes it prone to ${ \\sf H } _ { 2 }$ binding and heterolytic splitting allowing the detection of the [Ni$( \\boldsymbol { \\eta } ^ { 2 } - \\mathsf { H } _ { 2 } ) ]$ intermediate using ${ \\mathsf { p H } } _ { 2 }$ in Chemical Exchange Saturation Transfer (CEST) and PArtially NEgative Line (PANEL) experiments', 'This reaction forms the complexes $\\big [ \\mathrm { I r } \\big ( \\mathrm { H } \\big ) _ { 2 } \\big ( \\mathrm { I M e s } \\big ) ( \\mathbf { A } _ { \\mathrm { S n } } ) _ { 3 } \\big ] \\mathrm { C l }$ (2a), $\\big [ \\mathrm { I r } \\big ( \\mathrm { H } \\big ) _ { 2 } \\big ( \\mathrm { S I M e s } \\big ) \\big ( \\mathbf { A } _ { \\mathrm { S n } } \\big ) _ { 3 } \\big ] \\mathrm { C l }$ (2b), $\\big [ \\mathrm { I r } \\big ( \\mathrm { H } \\big ) _ { 2 } \\big ( \\mathrm { I M e s } \\big ) \\big ( \\mathbf { B } _ { \\mathrm { S i } } \\big ) _ { 3 } \\big ] \\mathrm { C l }$ (3a) and $\\big [ \\mathrm { I r } \\big ( \\mathrm { H } \\big ) _ { 2 } \\big ( \\mathrm { S I M e s } \\big ) \\big ( \\mathrm { B } _ { \\mathrm { S i } } \\big ) _ { 3 } \\big ] \\mathrm { C l }$ (3b) according to the pathway shown in Scheme 2 and they are SABRE active', 'The $\\kappa ^ { 3 }$ -ligand in this complex is characterized by features at $\\delta \\ : 4 6 2$ , 1.54 and 2.15, see FigS1 and ${ \\cal S } 2 \\dagger$ This suggests that while slow $\\mathbf { H } _ { 2 }$ addition to the Rh centre occurs, rapid reaction transforms the resulting dihydride into 3This process is followed by reprotonation to form the corresponding alkene after hydride migration as shown in Scheme 2The liberation of either HCl or $\\mathrm { H B F _ { 4 } }$ is proposed to give 3Sola et al']","['We speculate that 3 forms from a reaction of the proposed, but not directly observed, r-propane intermediate [Rh(^tBu2PCH2CH2P^tBu2)C3H8)][BAr^F4] 5 with H2, that itself is formed on initial hydrogenation of 1. In support of this assignment, the very close analogue of 5, crystallographically characterized, but short-lived at 25°C, propane σ complex [Rh(Cy2PCH2CH2PCy2)[C3H8)}][BAr^F4] has been prepared by solid/gas hydrogenation,44 while the more stable σ-alkane complex 2 reacts rapidly in CD2Cl2 to also give complex 3 (Scheme 2).39']","Based on the provided context, the formation of **complex 3** from the reaction of the proposed intermediate with H₂ is explained as follows:

1. **Reaction Pathway**:  
   The context describes that after slow H₂ addition to a Rh center forms a dihydride intermediate, a rapid reaction transforms this dihydride into complex 3. This process occurs faster than the detection of other potential intermediates (e.g., \(\mathrm{W(H)_2(\hat{N}_2)(dppe-\kappa^2P)_2}\)).

2. **Mechanism**:  
   - The transformation involves **reprotonation** of the dihydride intermediate.  
   - Subsequent **hydride migration** liberates HCl or \(\mathrm{HBF_4}\) (as shown in Scheme 2 of the context), leading to the formation of complex 3.  

3. **Experimental Evidence**:  
   - At **295 K**, polarized hydride NMR signals (\(\delta -2.69\), \(\delta -2.93\), and \(\delta -0.14\)) confirm the presence of complex 3, while excluding other intermediates like \(\mathrm{W(H)_2(N_2)(dppe\cdot\kappa^2P)_2}\).  
   - COSY NMR methods show coupling between these hydride resonances, supporting the structure of complex 3.  

4. **Role of H₂**:  
   H₂ addition initiates the reaction, but rapid reprotonation and hydride migration drive the unexpected formation of complex 3 instead of anticipated intermediates.  

The context does not explicitly mention ""intermediate 5,"" but the described pathway (from dihydride to complex 3 via reprotonation) is consistent with the experimental observations.","Complex 3 forms from the reaction of the proposed intermediate 5 with H2 because intermediate 5 is itself formed on the initial hydrogenation of 1, and the reaction of 5 with H2 leads to the formation of 3. This is supported by the observation of a close analogue of 5 and the rapid reaction of the more stable σ-alkane complex 2 to also give complex 3.",0.6455087488172941,0.9277873433342413,1.0,0.0,0.0
9,What is the second reason for choosing ethyl acetate (EA) for NMR hyperpolarization using parahydrogen-induced polarization (PHIP)?,"['We employ parahydrogen-induced polarization $\\mathbf { ( P H I P ) } ^ { [ 3 6 , 3 7 ] }$ to induce NMR hyperpolarization in ethyl acetate (EA). Our rationale for choosing EA is threefold. First, acetate can be hyperpolarized using both $\\mathrm { P H I P ^ { [ 3 8 ] } }$ and DNP.[39] Second, HP acetate has demonstrated in vivo utility.[39] Finally, HP acetate was already imaged in vivo using proton detection.[40]', 'Over $50 \\%$ $\\boldsymbol { ^ 1 \\mathsf { H } }$ and $^ { 1 3 } { \\mathsf C }$ Polarization for Generating Hyperpolarized Metabolites—A para-Hydrogen Approach\nSergey Korchak,[a, b] Salvatore Mamone,[a, b] and Stefan Glçggler\\*[a, b] para-Hydrogen-induced polarization (PHIP) is a method to rapidly generate hyperpolarized compounds, enhancing the signal of nuclear magnetic resonance (NMR) experiments by several thousand-foldThe hyperpolarization of metabolites and their use as contrast agents in vivo is an emerging diagnostic techniqueHigh degrees of polarization and extended polarization lifetime are necessary requirements for the detection of metabolites in vivoHere, we present pulsed NMR methods for obtaining hyperpolarized magnetization in two metabolitesWe demonstrate that the hydrogenation with para-hydrogen of perdeuterated vinyl acetate allows us to create hyperpolarized ethyl acetate with close to $6 0 \\% ~ ^ { 1 } H$ two-spin order', 'RESULTS\n$^ { 1 3 } { \\mathsf { C } }$ Hyperpolarization of Ethyl Acetate and Ethyl [1- $^ { 1 3 } \\mathsf { C l }$ AcetateBatches of $^ { 1 3 } \\mathrm { C }$ -hyperpolarized ethyl $\\bigl [ 1 - \\mathrm { } ^ { 1 3 } \\mathrm { C } \\bigr ]$ - acetate at a concentration of $0 5 – 1$ M were produced in $\\mathrm { C D } _ { 3 } \\mathrm { O D }$ using hydrogenative Parahydrogen Induced Polarization (PHIP)The highest $^ { 1 3 } \\mathrm { C }$ polarization $\\left( P _ { \\mathrm { 1 3 C } } \\right)$ observed was ${ \\approx } 7 \\%$ for $0 5 { \\bf M }$ ethyl $\\big [ 1 - ^ { 1 3 } \\mathrm { C } \\big ]$ acetate as quantified by NMR spectroscopyThe determination of the hyperpolarization level was performed with the nonisotope-enriched compound $( \\approx 1 \\dot { 1 } \\% \\ ^ { 1 3 } \\mathrm { C }$ isotope fraction) to quantify $P _ { \\mathrm { 1 3 C } }$ in the absence of RASER', 'ABSTRACT: Parahydrogen-induced polarization (PHIP) is a method for enhancing NMR sensitivityThe pairwise addition of parahydrogen in aqueous media by heterogeneous catalysts can lead to applications in chemical and biological systemsPolarization enhancement can be transferred from $^ 1 \\mathrm { H }$ to $^ { 1 3 } \\mathrm { C }$ for longer lifetimes by using zero field cyclingIn this work, water-dispersible $N \\mathrm { }$ -acetylcysteineand $\\mathrm { ^ L }$ -cysteine-stabilized palladium nanoparticles are introduced, and carbon polarizations up to 2 orders of magnitude higher than in previous aqueous heterogeneous PHIP systems are presented$P ^ { _ { 1 3 } } { } _ { \\mathrm { C } }$ values of 1.2 and $0 2 \\%$ are achieved for the formation of hydroxyethyl propionate from hydroxyethyl acrylate and ethyl acetate from vinyl acetate, respectivelyBoth nanoparticle systems are easily synthesized in open air, and TEM indicates an average size of $2 4 \\pm 0', 'Introduction\nParahydrogen Induced Polarization (PHIP) [1–3] is an efficient technique to elevate the limited sensitivity of NMR spectroscopyPHIP stems from the rational usage of parahydrogen, $\\mathrm { \\ p H } _ { 2 } ,$ , which is a $\\mathrm { H } _ { 2 }$ molecule in its nuclear singlet spin stateEven though $\\mathrm { p H } _ { 2 }$ molecule itself is NMR silent, the conversion of its non-equilibrium spin order into the magnetization of the target substrate yields detectable NMR signal enhancementSuch conversion occurs via a suitable chemical process which breaks the symmetry between $\\mathrm { p H } _ { 2 }$ -nascent protonsThere are two general choices of such reaction - catalytic hydrogenation of the unsat\xad urated precursor with $\\mathrm { \\ p H } _ { 2 }$ (hydrogenative PHIP) [1] and reversible interaction of $\\mathrm { p H } _ { 2 }$ with metalorganic complexes (non-hydrogenative PHIP) [4–6]']","['The text explains the rationale for choosing ethyl acetate (EA) for NMR hyperpolarization using parahydrogen-induced polarization (PHIP). The reasons are: 1) acetate can be hyperpolarized using both PHIP and DNP, 2) HP acetate has demonstrated in vivo utility, and 3) HP acetate was already imaged in vivo using proton detection.']","Based on the provided context, the second reason for choosing ethyl acetate (EA) for NMR hyperpolarization using parahydrogen-induced polarization (PHIP) is:  

**Hyperpolarized (HP) acetate has demonstrated in vivo utility.**  

This is explicitly stated in the text as:  
*""Second, HP acetate has demonstrated in vivo utility.""* (with citation marker [39]).  

No additional details about the specific nature of this utility are provided in the given context.",HP acetate has demonstrated in vivo utility.,0.6808815528729297,1.0,1.0,0.9999999999,1.0
10,Why was the relative design efficiency of the circuit biased to the low frequency channel?,"['The relative design efficiency of this circuit was biased to the low frequency channel in order to compensate for the inherently reduced sensitivity at 128 versus $5 1 0 \\mathrm { k H z }$ The $Q$ -factor at 128 and $5 1 0 \\mathrm { k H z }$ was 13.9 and 36.1, respectively and reflected losses on resonance were estimated to be less than one percentWe observed from the single port S-parameter file of the saddle shaped sample coil (see Section 2.1), that the resistive components at $1 2 8 \\mathrm { k H z }$ and $5 1 0 \\mathrm { k H z }$ were approximately $4 5 \\Omega$ and $1 8 \\Omega$ respectivelyWith the LCR meter at $1 0 0 \\mathrm { k H z }$ , the main coil resistance is reduced to $3 1 5 \\Omega$ and in agreement with the S-parameter file valueSimilarly the other two inductors in the circuit also have resistances which are frequency dependent, and based on these observations, the Q-factor was not expected to scale with the square root of frequency', '[](images/0aeb7f0424004b364a02b27c77efc8c8b19519bc6f5be7df44cfca8724e69dbf.jpg) \nFig. 2. NMR Probe RF Circuit. (A) The RF design consists of two single channel circuits with common ground tuned for $\\mathrm { ^ 1 H }$ at the high frequency and $^ { 1 3 } { \\sf C } / ^ { 1 5 } { \\sf N }$ at the low frequency. (B) Frequency sweep response showing $\\mathrm { ^ 1 H }$ circuit resonating at $2 . 0 2 \\mathrm { M H z }$ , $^ { 1 3 } { \\mathsf { C } }$ at $0 . 5 0 8 \\mathrm { M H z }$ , and $^ { 1 5 } \\mathrm { N }$ at 0.205 MHz. (C) The NMR probe design.', 'Similarly the other two inductors in the circuit also have resistances which are frequency dependent, and based on these observations, the Q-factor was not expected to scale with the square root of frequencyProton and carbon-13 excitation pulse widths were 240 and $2 2 0 \\mu \\mathrm { s }$ , at 6.31 and $2 5 1 \\mathrm { W }$ input powers respectively, and in qualitative accord with the initial design efficiency specificationsFor reference, this circuit enabled acquisition of traditional (on-resonant) spin-echoes on the high frequency channel with signal to noise ratios of approximately 75 from 1024 repetitions (Fig3)In Fig3, note that in order to increase sensitivity (or reduce sample expense), proton spectra were acquired at the carbon-13 Larmor frequency by reducing the static field strength to approximately $3 \\mathrm { m T }$ In this implementation, the sample coil is used to apply uniform rotations to the initial parahydrogen singlet-state spin ensembles', 'There is no guarantee that matched resonances could be found at each frequency or for other sets of frequencies that other applications may warrant as well, with simpler alternative designsIn summary, due to a combination of unknown potential peculiarities in the much lower fields of interest $( 1 2 \\mathrm { m T } )$ than were present in the literature, and to enable maximum flexibility for translation to additional nearby (low) fields as application warrants, we preferred the capability of independently matching on each channel from the outset and developed a circuit specifically tailored to our application', '3. Results and discussion\nThe purpose of this study was to design and construct a probe circuit for performing heteronuclear NMR experiments at low field with a single channel console. This probe was developed to be used in conjunction with PANORAMIC waveforms to expand the reach of a single channel console to enable simultaneous and phase coherent rotations at heteronuclear frequencies with a centrally placed, constant carrier frequency. The single probe input was diplexed with pole insertion for simultaneous tuning and matching at the Larmor precession frequencies of both $^ { 1 \\bar { 3 } } { \\mathsf C }$ $ { 1 2 8 \\mathrm { k H z } ) }$ and $\\mathrm { ^ 1 H }$ $( 5 1 0 \\mathrm { k H z } )$ ). The probe has proven to be useful and predictable for both PANORAMIC and traditional single channel experiments, and yields signal to noise ratios of approximately 75 in 1024 repetitions with either traditional on-resonant or PANORAMIC acquisitions (high field).']","['The relative design efficiency of this circuit was biased to the low frequency channel in order to compensate for the inherently reduced sensitivity at 128 versus $510\\mathrm{kHz}$. The Q- factor at 128 and $510\\mathrm{kHz}$ was 13.9 and 36.1, respectively and reflected losses on resonance were estimated to be less than one percent.']","The relative design efficiency of the circuit was biased toward the low-frequency channel to compensate for the inherently reduced sensitivity at 128 kHz compared to 510 kHz. This compensation was necessary due to the lower Q-factor observed at 128 kHz (13.9) versus 510 kHz (36.1), as well as the higher resistive component of the sample coil at 128 kHz (45 Ω) compared to 510 kHz (18 Ω). These factors collectively contribute to reduced sensitivity at the lower frequency, justifying the design bias.",The relative design efficiency was biased to the low frequency channel to compensate for the inherently reduced sensitivity at 128 kHz compared to 510 kHz.,0.5974105742037179,0.9970578948778069,1.0,0.699999999965,1.0
11,Why are deviations observed in the reaction monitoring methodology when the rate of equilibration exceeds the rate of H₂ addition?,"['The results here demonstrate that the reaction monitoring methodology is able to obtain kinetic information for multiple species formed simultaneously. While the apparent rate constants in this system were found to be faster than those measured for the complexes in isolation when a simple addition model was used, the inclusion of a competitive pathway equilibrating the starting complexes resulted in good experimental fits to the model. Importantly, as the rate of equilibration exceeds the rate of $\\mathbf { H } _ { 2 }$ addition, these deviations would be observed regardless of the reaction monitoring method that is applied and were revealed here by the sensitivity boost provided by the $p \\mathrm { H } _ { 2 }$ hyperpolarisation.', 'Despite being simple, this reaction monitoring method was shown to be capable of monitoring the formation of multiple products within a single reaction mixtureThis study involved taking an equimolar mixture containing trans- $\\mathrm { [ I r C l ( C O ) ( P P h _ { 3 } ) _ { 2 } ] }$ and trans- $\\left[ \\mathrm { I r C l } ( \\mathrm { C O } ) ( \\mathrm { P B } \\mathrm { n } _ { 3 } ) _ { 2 } \\right]$ and exposing it to $p \\mathrm { H } _ { 2 }$ Unexpected deviations from the rate constants measured for the materials in isolation were initially observed when a simple growth model was used to analyse the dataThis difference revealed that the dynamic equilibrium resulting from the assumed bimolecular substitution pathway leading to the formation of trans$\\mathrm { \\small { [ I r C l ( C O ) ( P P h _ { 3 } ) ( P B n _ { 3 } ) ] } }$ needed to be taken into account', 'For this reaction monitoring procedure to be robust, the rate constant must be independent of the precise $\\boldsymbol { \\% } p \\mathbf { H } _ { 2 }$ usedThis ensures that the approach can be used to determine kinetic information regardless of the parahydrogen generator being employed and the exact $\\boldsymbol { \\% } p \\mathbf { H } _ { 2 }$ that is achievable - a crucial quality required of the technique to ensure results can be replicated across different experimental setupsTo investigate this, the reaction monitoring experiment was repeated using variable $\\boldsymbol { \\% } p \\mathbf { H } _ { 2 }$ enrichment levelsThe different enrichment levels (between $9 9 \\%$ and $6 0 \\%$ ) were created by changing the temperature of the $p \\mathrm { H } _ { 2 }$ generator, using the procedure described by Richardson et al.67 At each $\\boldsymbol { \\% } p \\mathbf { H } _ { 2 }$ enrichment level, the reaction was repeated three times and the resulting $k _ { 2 }$ rate constants are given in Table 2', 'Since this promotes parahydrogen/orthohydrogen equilibration, the para-enriched hydrogen is depleted, leading to weak, short-lived polarisationThis is consistent with the established reversible $\\mathrm { H } _ { 2 }$ addition to $\\mathrm { R h C l ( P P h } _ { 3 } ) _ { 3 }$ [61]When the two cationic catalysts were tested under the same conditions, the resultant product resonances were strongly enhanced and relatively long-lived, indicating that the rate of hydrogenation under these conditions is much greater than the rate of para/ortho equilibration', 'In the hydrogenations of phenylacetylene catalyzed by 1 and 2, the strength of the polarization and length of its duration allowed students to distinguish between reaction mechanisms involving reversible and irreversible oxidative addition of hydrogen to the rhodium(I) center (Schemes 1 and 2, respectively)The slower reaction rate using 1 as the catalyst resulted in weaker initial polarization due to the production of a smaller amount of product formed by addition of ${ p \\mathrm { - } } \\mathrm { H } _ { 2 }$ to the substrate over a given period of timeAdditionally, the reversible oxidative addition of hydrogen catalyzed the equilibration of the hydrogen spin states resulting in the loss of enrichment in the para spin stateAs a result, the polarization was not as long-lived as in the reaction catalyzed by 2, which involved irreversible oxidative addition.4,5,7 Students observed that the initial polarization when using 2 was significantly stronger than with 1 (see Figures 4 and 5 for samples of student data)']","['Importantly, as the rate of equilibration exceeds the rate of H₂ addition, these deviations would be observed regardless of the reaction monitoring method that is applied and were revealed here by the sensitivity boost provided by the p-H₂ hyperpolarization.']","Deviations in the reaction monitoring methodology occur when the rate of equilibration exceeds the rate of H₂ addition because the dynamic equilibrium from the bimolecular substitution pathway (which exchanges ligands between complexes like trans-[IrCl(CO)(PPh₃)₂] and trans-[IrCl(CO)(PBn₃)₂]) competes with the hydrogenation process. This equilibration is faster than H₂ addition, meaning the starting complexes interconvert rapidly before H₂ incorporation. When a simple kinetic model (ignoring this equilibrium) is applied, it fails to account for the competitive pathway, leading to discrepancies in the apparent rate constants compared to isolated complexes. The sensitivity of parahydrogen hyperpolarization reveals these deviations, as the equilibration depletes para-enriched H₂ and reduces polarization strength. Only by explicitly including the competitive equilibration pathway can the experimental data be accurately modeled.","These deviations are observed because the rate of equilibration between the starting complexes is faster than the rate of H₂ addition, and the sensitivity boost provided by the p-H₂ hyperpolarization reveals these deviations regardless of the reaction monitoring method applied.",0.46804596120761965,0.7929862113003626,1.0,0.9166666666361111,1.0
12,How does the ratio of free linear to branched aldehyde compare between the early stages of the reaction (using p-H2 enhanced signals) and the end of the experiment (using normal magnetization)?,"['The terminal methyl resonance seen for the branched acyl containing species 4b was used to obtain the data represented by the ( ) labelpara-Hydrogen enhanced signals were also used to probe the branched to linear $\\left( \\sqsubseteq \\right)$ free aldehyde composition at very early stages in the reactionIn order to establish that the ${ p \\mathrm { - } } \\mathrm { H } _ { 2 }$ based signal strength trends are meaningful, we also measured the linear/branched aldehyde ratio at the end of the experiment when the associated signals arise from “normal” magnetisationThese data are indicated with the ( ) labelIt can be seen that the ratio of free linear to branched aldehyde follows the same trend as that obtained from ${ p \\mathrm { - } } \\mathrm { H } _ { 2 }$ enhanced signals that are seen at early stages in the reactionThis validates the approach and suggests meaningful trends might be observed when the intensities of $p { \\mathrm { - } } \\mathrm { H } _ { 2 }$ enhanced signals are compared', 'In addition, these data reveal for the $\\mathrm { P M e } _ { 2 } \\mathrm { P h }$ and $\\mathrm { P P h } _ { 2 } \\mathrm { M e }$ systems that the ratio of the corresponding linear and branched intermediates hardly changes over the temperature range $3 6 8 -$ $3 9 3 \\mathrm { ~ K ~ }$ In contrast, there is a much higher change in the free aldehyde product ratioThese data must therefore mask a further trendThis process is revealed in Fig9, which shows how the ratio of the normalised signal strengths for the intensities of site B (the $\\mathrm { C H } _ { 3 }$ group) and site A (the $\\mathrm { C O C H } _ { 2 }$ group as indicated in Scheme 5) of the linear species $\\mathrm { C o ( C O C H _ { 2 } C H _ { 2 } C H _ { 3 } ) ( C O ) _ { 2 } ( P R _ { 2 } R ^ { \\prime } ) }$ vary with phosphineThis plot therefore provides an insight into both the selectivity of the hydride transfer step and its reversibility', '[](images/9e15e1c3128f049136ef7c56e35d49c993f9f91fbe1cedda14a7040c6ecb0597.jpg) \nFig. 6 Plot of the ${ p \\mathrm { - } } \\mathrm { H } _ { 2 }$ based NMR signal intensities for species 4a, 4b and the corresponding aldehydes as a function of temperature for samples of 1 reacting in toluene with 3 atm of a $2 { : } 1$ mixture of CO and $\\mathrm { H } _ { 2 }$ normalised relative to free branched aldehyde. (Note, linear aldehyde (n) ( ) and branched aldehyde ( ) data obtained from $\\mathrm { ^ { 1 } H }$ signals measured using normal methods when the thermally polarized states are visible).', 'The PHIP enhanced signal profiles also provide information about how the relative rates of key steps leading to linear and branched hydroformylation products compete for the different phosphinesWhile the $\\mathrm { P P h } _ { 2 } \\mathrm { M e }$ system yields one of the largest differences in the ratio of the signal strengths seen for the aldehyde products, the corresponding difference in signal ratios for the intermediates $\\mathrm { C o ( C O C H _ { 2 } C H _ { 2 } C H _ { 3 } ) ( C O ) _ { 3 } ( P P h _ { 2 } M e ) }$ and $\\mathrm { C o ( C O C H ( C H _ { 3 } ) _ { 2 } ) ( C O ) _ { 3 } ( P P h _ { 2 } M e ) }$ is close to oneThis suggests that there is less of the $\\mathrm { C o ( C O C H _ { 2 } C H _ { 2 } C H _ { 3 } ) ( C O ) _ { 3 } ( P P h _ { 2 } M e ) }$ form present because more of it is converted into the aldehyde via $\\mathrm { H } _ { 2 }$ addition to $\\mathrm { C o ( C O C H _ { 2 } C H _ { 2 } C H _ { 3 } ) ( C O ) _ { 2 } ( P P h _ { 2 } M e ) }$ rather than CO coordination', 'Here, the PHIP enhanced signal profile of the PHIP enhanced products proved to provide information about the relative rates of key steps in the linear and branched hydroformylation products.36 The $\\mathsf { P P h } _ { 2 } \\mathsf { M e }$ system proved to yield one of the largest differences in signal strength for the two aldehyde products, while producing $\\mathsf { C o } ( \\mathsf { C O } ) _ { 3 } ( \\mathsf { P P h } _ { 2 } \\mathsf { M e } ) \\cdot$ - $\\left( \\mathsf { C O C H } _ { 2 } \\mathsf { C H } _ { 2 } \\mathsf { C H } _ { 3 } \\right)$ and $\\mathsf { C o } ( \\mathsf { C O } ) _ { 3 } ( \\mathsf { P P h } _ { 2 } \\mathsf { M e } ) ( \\mathsf { C O C H } ( \\mathsf { C H } _ { 3 } ) _ { 2 } )$ with similar PHIP signal intensities']",['It can be seen that the ratio of free linear to branched aldehyde follows the same trend as that obtained from p-H2 enhanced signals that are seen at early stages in the reaction. This validates the approach and suggests meaningful trends might be observed when the intensities of p-H2 enhanced signals are compared.'],"Based on the provided context, the ratio of free linear to branched aldehyde follows the same trend between measurements taken at early stages of the reaction (using *p*-H<sub>2</sub> enhanced NMR signals) and at the end of the experiment (using conventional NMR magnetization). This consistency validates the use of *para*-hydrogen enhanced signals for probing the aldehyde ratio during early reaction phases. Specifically:  

1. **Early stages**: The branched-to-linear free aldehyde ratio was determined using *p*-H<sub>2</sub> enhanced signals, which amplify NMR signals at the onset of the reaction.  
2. **End of experiment**: The linear/branched aldehyde ratio was measured using standard NMR methods (normal magnetization) after reaction completion.  
3. **Comparison**: Both methods yielded the same trend in the ratio, confirming that *p*-H<sub>2</sub> enhanced signals provide a meaningful representation of the aldehyde composition even at early time points.  

This agreement supports the reliability of *para*-hydrogen enhanced NMR for monitoring reaction selectivity in real-time.",The ratio of free linear to branched aldehyde follows the same trend at both the early stages of the reaction (using p-H2 enhanced signals) and the end of the experiment (using normal magnetization).,0.7477384986983207,0.810684772277824,1.0,0.9999999999,1.0
13,How does the efficiency of OPSY-⋅d compare to OPSY-𝒵 in terms of thermal signal suppression?,"['As an example of a sequence including the OPSY building block, a gradient assisted HMBC experiment has been developed, where the first $\\pi / 2 \\mathrm { - } ^ { 1 } \\mathrm { H }$ pulse is replaced with an OPSY sequence as shown in Fig. 5. The correct choice of sequence to be employed will depend on the actual experimental requirements. For signals enhanced using a PASADENA experiment OPSY- $\\cdot d$ is more efficient at thermal signal suppression while OPSY- $z$ has twice the inherent sensitivity. In the present case we opt for a the OPSY- $z$ because it is not susceptible to diffusion and unwanted background signal is further suppressed by the HMBC section as shown in Fig. 6. The OPSY- $d$ is preferred when high performance background suppression is required while the OPSY- ${ \\bf \\nabla } \\cdot { \\bf \\nabla } t$ should only be used in conjunction with experiments such as SABRE that generate higher order coherences.', '[](images/bcc3282bd6c70a85a79af90602ad989f7d8463ef421e4eaa776aa50c2d48c4b2.jpg) \nFig. 2. $^ 1 \\mathrm { H }$ NMR absolute value spectra (except (a) obtained for sample A illustrating the monitoring of a typical hydrogenation reaction with para-hydrogen. (a) $\\pi / 4 \\mathrm { - } ^ { 1 } \\mathrm { H }$ NMR experiment; (b) OPSY-d experiment revealing all para-hydrogen derived signals and allowing multiplet analysis; (c). OPSY-d experiment after reaction with no para-hydrogen present; (d) spectrum illustrating efficiency of thermal signal suppression; (e) OPSY- $\\cdot z$ experiment after and (b) revealing poorer background signal suppression $^ { ( * ) }$ than OPSY-d.', 'The OPSY-z variant $\\mathrm { ^ 1 H }$ NMR spectrum shown in Fig. 2e contains a number of extra signals that are indicated by $^ *$ arising from the additional cholesterol acetate in the sample. These results therefore reveal that the OPSY- $z$ variant is less efficient at suppressing thermal magnetization.', 'These differences give rise to the main two variants of the sequence, denominated by the authors as OPSY- $d$ and OPSY-z, respectively [26]The exact calculations show that a signal acquired with OPSY-d has half the intensity of a signal acquired with OPSY-zHowever, as in the period with no field gradient the evolution with the $J .$ -coupling Hamiltonian cannot be disregarded, the filtering effect is not optimumExperimentally, the OPSY- $d$ pulse sequence is very efficient in removing the signal originated from thermally polarized spinsOn the other hand, for eddy current considerations, the $( + g , - 2 g )$ gradient configuration represents the best alternativeAs a result, the whole sequence acts as a filter for thermal polarization, and at the acquisition time only polarization coming from PHIP will contribute to the signalIn a recent publication [36] the authors examined up to nine different pulse sequences based on the same principles, and concluded that OPSY- $\\cdot d$ is the best choice', '8Conclusions and remarks\nWe have shown how the OPSY filtering sequence that is based on coherence transfer pathway selection can be employed to selectively detect magnetization derived from para-hydrogenProcedures based on quantum coherence selection have been evaluated for para-hydrogen addition productsThe zero quantum variant, OPSY-z, exhibits inferior suppression compared to the other sequences which contain a second PFGThis additional PFG dephases any signals deriving from residual thermal magnetization which was unaffected by the first r.fpulseThe zero quantum variant is however more sensitive since it converts $50 \\%$ of the available magnetization into an observable form in contrast to the $2 5 \\%$ level for OPSY- $\\cdot d$ and since it only involves a single gradient pulse it is less susceptible to turbulence, convection and changes in the chemical composition during the sequence']",['using a PASADENA experiment OPSY-⋅d is more efficient at thermal signal suppression while OPSY-𝒵 has twice the inherent sensitivity.'],"Based on the provided context, the efficiency comparison between **OPSY-*d*** and **OPSY-*z*** for thermal signal suppression is as follows:

1. **OPSY-*d***:  
   - Demonstrates **high efficiency in suppressing thermal magnetization**.  
   - Specifically noted as ""very efficient in removing the signal originated from thermally polarized spins"" due to its use of **two pulsed field gradients (PFGs)**.  
   - The second PFG dephases residual thermal magnetization unaffected by the first radiofrequency pulse, making it the preferred choice when ""high-performance background suppression is required"".  

2. **OPSY-*z***:  
   - Exhibits **inferior thermal signal suppression** compared to OPSY-*d*.  
   - Contains only **one gradient pulse**, making it less effective at dephasing thermal magnetization.  
   - Experimental results (e.g., Fig. 2e) show poorer background suppression, with residual signals from thermally polarized spins (e.g., cholesterol acetate in the sample).  

### Key Difference:  
OPSY-*d* achieves superior thermal signal suppression because its dual-PFG design actively dephases thermal magnetization, while OPSY-*z*'s single-gradient variant is less effective at this task.",OPSY-⋅d is more efficient at thermal signal suppression than OPSY-𝒵.,0.718035529094726,0.9572653508750749,1.0,0.99999999998,1.0
14,Why do loosely integrating CrA destabilize the nanocarriers and leak out when in contact with cryptophane-free solution?,"['The liposomal nanocarrier approach demonstrated improved biocompatibility for cell labeling compared with incubation with bare CrA cagesOverall, this is a strategy that opens up opportunities to include all the well-known protocols to tailor functions of liposomal nanocarriers (Torchilin, 2014)However, the loosely integrating CrA can destabilize the nanocarriersThey also leak out of the nanocarriers whenever they are in contact with cryptophane-free solution due to insufficient anchoring', 'As a noble gas, Xe requires integration into reporter molecules or nanoparticles without bond formationThis is by its very nature a reversible process and bound Xe is in chemical equilibrium with free XeExploring the benefits of hyperpolarized $^ { 1 2 9 } \\mathrm { X e }$ in solution was initially pursued with nano-cages that provide a hydrophobic cavity to trap a single Xe atomCryptophanes (Bartik et al., 1998; Brotin & Dutasta, 2009) (particularly cryptophane-A, CrA) were studied early on with the aim to increase the Xe affinity constant while also addressing the limited solubility of such cages (Huber et al., 2006) to ensure good sensitivity for signals of bound XeThe signal of bound $^ { 1 2 9 } \\mathrm { X e }$ is separated by more than 100 ppm from that of free $^ { 1 2 9 } \\mathrm { X e }$ in water and is also sensitive to modifications of the cage structure or interactions of the host with other molecules (Spence et al., 2001)Many initial studies focused on direct detection of bound Xe', 'Micelles with a CrA-carrying building block address this issue and allows preferred cell labeling with a minimally invasive volume ( $\\approx \\sim 1 6 { , } 0 0 0$ -fold more efficient than $^ { 1 9 } \\mathrm { F }$ cell labeling) (Schnurr et al., 2020)But also this micellular approach comes with limitations in as much as it has only a very limited hydrophobic shell around the cages that do not provide a large Xe reservoir to “feed” the HyperCEST mechanismA recent study illustrates that the release of CrA units from liposomes can be prevented with an improved anchoring via a CrA-lipopeptide building block (Jost & Schröder, 2022)But liposomal carriers with high CrA loading are not necessarily the best-performing onesThe right balance between CrA units and the immediate surrounding Xe reservoir minimizes unwanted back exchange where already saturated Xe re-enters the cages before being released from the nanocarriers where Xe is detected in the surrounding aqueous phase', 'The binding of Xe to synthetic hosts where the cavity has a simpler design than in proteins can be even more pronounced. $\\mathrm { \\bf { q } }$ -cyclodextrin[124] still comes with fast exchange but cucurbit[n]urils[125] $\\mathsf { C B } n ,$ $n = 5 .$ 6) show distinct peaks for bound Xe, as do cryptophanes, a family of molecular cages with some members that show rather high Xe affinity $( K >$ $1 0 ^ { 3 } \\mathsf { M } ^ { - 1 } )$ .[126] It has been shown that different members of this group show distinct signals of bound xenon (Figure 6 a). In particular cryptophane-A, CrA, is often used for conferring a distinct chemical shift to bound Xe ca. 130 ppm upfield from the signal of free Xe in aqueous solution.', 'CarrierCapacity (order of magnitude)Spin exchange kinetics in waterFunctionalization for targetingReferencesCryptophane-A (CrA)1ModerateDirect coupling(Brotin and Dutasta, 2009)Cryptophane-A- biotin (CrA-btn)1ModerateVia avidin-carrying unit(Spence et al., 2001)Cucurbit[6]uril (CB6)1Moderate-fast (moderated by cations)Direct couplinga or as rotaxanes/displacement(Kunth, Witte, Hennig, and Schroder, 2015)Pillar[5]arene1Moderate-fast (moderated by counter ions)assays Direct coupling(Adiri et al., 2013)Fe4L6 MOP1SlowDirect couplinga(Roukala et al.,2015)CrA-dendrimer101 ModerateDirect couplinga(Tyagi et al., 2014)CrA-capsids10²ModerateDirect coupling(Meldrum, Seim, et al., 2010) CrA-phages10² Moderate Direct coupling(Palaniappan et al., 2013)CrA-liposomes (self-insertion)10ModerateInsertion of phospholipid targeting units(Schnurr et al., 2015)Liposomes with CrA-lipopeptide10³ ModerateInsertion of phospholipid targeting units(Jost and Schroder, 2022)Micelles with CrA- lipopeptide101ModerateDirect coupling(Schnurr']","['However, the loosely integrating CrA can destabilize the nanocarriers. They also leak out of the nanocarriers whenever they are in contact with cryptophane- free solution due to insufficient anchoring.']","Based on the provided context:

1. **Destabilization of Nanocarriers**:  
   Loosely integrated cryptophane-A (CrA) cages destabilize nanocarriers due to insufficient anchoring. When CrA units are not firmly anchored, they disrupt the structural integrity of the nanocarrier (e.g., liposomes or micelles), compromising their stability. This is particularly critical in liposomal systems where high CrA loading without proper anchoring can cause structural instability.

2. **Leakage in Cryptophane-Free Solutions**:  
   CrA leaks out of nanocarriers upon contact with cryptophane-free solutions because of insufficient anchoring. Without covalent or strong non-covalent bonds to retain them within the carrier, the CrA units diffuse out along the concentration gradient into the surrounding solution. This leakage occurs even if the nanocarriers are structurally intact, as the reversible nature of Xe binding does not provide a retention mechanism for CrA itself.

**Key Factor**:  
The reversible and non-covalent integration of CrA into nanocarriers—without robust anchoring strategies (e.g., covalent coupling or lipid-peptide conjugates)—makes the system prone to both destabilization and leakage. Improved anchoring via CrA-lipopeptide building blocks can mitigate this issue (as demonstrated in recent studies).",The loosely integrating CrA destabilizes the nanocarriers and leaks out when in contact with cryptophane-free solution due to insufficient anchoring.,0.4770251314293511,0.8476819643516359,0.8461538461538461,0.8333333332916666,1.0
15,Why do magnetic field inhomogeneities quench the hyperpolarization achieved by PHIP?,"['In thermally polarized systems, the line broadening produces resolution loss, but the area under the spectrum is not perturbed because it is related to the transverse magnetization immediately after the r.fpulseWhen dealing with PHIP antiphase multiplets, broader lines have an extra consequence: a partial cancellation of the hyperpolarizationThe area under the spectrum is no longer constant when the inhomogeneities increased the linewidths.[22] In other words, the presence of magnetic field inhomogeneities may quench the hyperpolarization achieved by PHIP to the point of making it barely observable', 'Resolution, on the other hand, plays an important role in PHIP experimentsThe spin state right after the chemical reaction, a longitudinal two spin order in PASADENA experiments [29], appears as a doublet in the NMR spectrum with both peaks in antiphase, separated by the $J .$ -coupling constantThe line broadening due to magnetic field inhomogeneities produces signal cancelling, and most of the achieved hyperpolarization can be lost [30]This imposes strict conditions on the set-ups for PHIP experimentsIn previous works, we showed a path to overcame this situation by acquiring partial $J .$ -spectra which result insensitive to $B _ { 0 }$ inhomogeneities [31–36]The pulse sequence denominated PhD-PHIP (for Parahydrogen Discriminated-PHIP) also separates, by means of the FFT, the contributions from PHIP and thermally polarized spins, which show up in different regions of the spectral window', 'Para hydrogen induced polarization (PHIP) is a powerful hyperpolarization technique, which increases the NMR sensitivity by several orders of magnitude. However the hyperpolarized signal is created as an anti-phase signal, which necessitates high magnetic field homogeneity and spectral resolution in the conventional PHIP schemes. This hampers the application of PHIP enhancement in many fields, as for example in food science, materials science or MRI, where low $B _ { 0 }$ -fields or low $B _ { 0 }$ -homogeneity do decrease spectral resolution, leading to potential extinction if in-phase and anti-phase hyperpolarization signals cannot be resolved. Herein, we demonstrate that the echo sequence $( 4 5 ^ { \\circ } - \\tau - 1 8 0 ^ { \\circ } - \\tau ) ^ { \\cdot }$ ) enables the acquisition of low resolution PHIP enhanced liquid state NMR signals of phenylpropiolic acid derivatives and phenylacetylene at a low cost low-resolution $0 . 5 4 \\mathrm { T }$ spectrometer.', 'ABSTRACT: Methods based on magnetic resonance imaging (MRI) can be used for operando studies of heterogeneous catalytic processes in the gas phaseMRI can provide a detailed understanding of the heterogeneous reactor operation based on the information about spatial distribution of reactants and reaction productsHowever, low spin density, fast diffusion, and short relaxation times of gases along with magnetic field inhomogeneities associated with heterogeneous catalytic systems complicate such studies and compromise achievable sensitivitySpin hyperpolarization techniques in general and parahydrogen-induced polarization (PHIP) in particular provide a major increase in the intensity of nuclear magnetic resonance (NMR) signalsAt the same time, an antiphase lineshape of NMR signals associated with PHIP in high magnetic fields is disadvantageous for MRI experiments', 'Recently we have demonstrated that $J { }$ -spectroscopy removes the evolution under magnetic field inhomogeneities to obtain high resolution PHIP spectra and simultaneously discriminates hyperpolarized signal from thermal signals [11]. The evolution of PHIP and thermal signals are remarkably different under this pulse sequence. Thus, the Fast Fourier Transform (FFT) algorithm used for the data processing produces the separation between both types of signals. We have suggested the acronym PhD-PHIP (Parahydrogen Discriminated-PHIP). In this work we show the performance of the method in a situation where only a small amount of hyperpolarization can be achieved, and is totally masked out by thermal signals.']","['The antiphase character of the PHIP associated signals after a pairwise hydrogenation reaction is one of the most remarkable fingerprints of PASADENA experiments. In contrast to the spin systems on thermal equilibrium with the static magnetic field, the density operator describing the spin state of the former parahydrogen nuclei is dominated by a longitudinal two spin order.[17,24,25] Therefore, after an excitation r.f. pulse, usually a  $45^{\\circ}$  pulse, the characteristic antiphase peaks show up in the spectrum at the corresponding chemical shift frequencies in the product molecule. This shape is especially sensitive to line broadening introduced by magnetic field inhomogeneities. In thermally polarized systems, the line broadening produces resolution loss, but the area under the spectrum is not perturbed because it is related to the transverse magnetization immediately after the r.f. pulse. When dealing with PHIP antiphase multiplets, broader lines have an extra consequence: a partial cancellation of the hyperpolarization. The area under the spectrum is no longer constant when the inhomogeneities increased the linewidths.[22] In other words, the presence of magnetic field inhomogeneities may quench the hyperpolarization achieved by PHIP to the point of making it barely observable.']","Magnetic field inhomogeneities quench PHIP hyperpolarization due to **signal cancellation in antiphase multiplets**, as explained in the literature:

1. **Antiphase Signal Nature**:  
   PHIP generates hyperpolarized NMR signals as *antiphase multiplets* (e.g., a doublet with one positive and one negative peak separated by the J-coupling constant).  

2. **Line Broadening Effect**:  
   Magnetic field inhomogeneities broaden these antiphase peaks, causing them to overlap and partially cancel each other. This cancellation occurs because:  
   - The positive and negative components of the multiplet destructively interfere when their linewidths exceed the J-coupling separation.  
   - The integrated signal area (which reflects hyperpolarization) decreases proportionally to the degree of overlap.  

3. **Consequence for Hyperpolarization**:  
   Unlike thermally polarized signals (where inhomogeneities preserve total signal area), PHIP signals suffer **partial or complete cancellation** of the hyperpolarized magnetization. This can render the hyperpolarization ""barely observable"" under poor field homogeneity conditions.  

4. **Experimental Implications**:  
   This quenching effect imposes strict requirements on magnetic field homogeneity in conventional PHIP experiments. Techniques like *PhD-PHIP* or *J-spectroscopy* have been developed to mitigate this issue by decoupling field inhomogeneity effects from the hyperpolarized signal.  

*Reference: Context excerpts [22, 29–36].*","Magnetic field inhomogeneities increase the linewidths of the antiphase multiplets in PHIP, leading to a partial cancellation of the hyperpolarization. This results in the area under the spectrum no longer being constant, which can quench the hyperpolarization to the point of making it barely observable.",0.6099731936980277,0.9268322971482617,1.0,0.999999999975,1.0
16,Does the spectroscopic response scale linearly with concentration over a specific range?,"['In order to demonstrate an analytical use for these $^ { 1 5 } \\mathrm { N }$ signals, results were presented to demonstrate that the magnitude of the resulting NMR response scales linearly with concentration over the range $2 2 \\mathrm { - } 7 0 \\ \\mathrm { m M } .$ This means that such SABRE-derived data can be used to quantify their amount in the solution when set against a suitable reference traceTessari have completed a growing range of studies, which demonstrate that $\\mathrm { ^ { 1 } H }$ detection levels can be linked to both speciation and quantity,23,24 while we have described how $^ { 1 3 } \\mathrm { C }$ signals in glucose can be linked to amount.56 These studies employed a methylated triazol coligand to simplify the exchange kinetics in order to produce the necessary linear responseWe were unable to benchmark our data with that of the triazol coligand as it is not commercially available', 'The SABRE effect may yield enhanced signals for which the intensity does not scale linearly with concentration. When 2 mM Ir (IMes)(COD)Cl is used as a catalyst, with pyridine as a substrate, in methanol as a solvent, the enhancements decrease when the pyridine concentration decrease to 1 mM or less.[38] This observation may be explained by the role of the solvent, which competes with the substrate as a ligand. The use of a suitably chosen ‘co-substrate’ restores the SABRE enhancement, for concentrations in the low micromolar range.[38]', 'Note, however, that the signal does not scale linearly with the concentration of the analyte but is dependent on many parameters such as exchange rates and the concentrations of parahydrogen, catalyst, and analyte.', 'However, the interpretation of these effects is complicated by the fact that the SABRE response is not linearly dependent on substrate concentration in this caseIn addition, any quantitative interpretation would be limited by the reproducibility of the SABRE response, which depends on many factors including $\\leftp \\mathrm { - } \\mathrm { H } _ { 2 } \\right.$ enrichment level, polarization transfer field, polarization build-up time, and sample transport timeTherefore, we focus here on the use of the lifetime of the SABRE hyperpolarization to monitor reactivity', 'The detection of molecular species with a low concentration $\\ : \\cdot < \\ :$ $1 \\mathsf { m M } )$ , or a transient nature (lifetime $\\angle 1 \\ s )$ ), using Magnetic Resonance (MR) can be extremely challenging. This limitation stems from low MR sensitivity, which is related to low Boltzmann population differences between the nuclear spin energy levels interrogated by MR radio frequency excitation. Hyperpolarization can be used to improve sensitivity by generating non-Boltzmann population distributions within nuclear spin states and consequently yields MR signals that can be several orders of magnitude larger than those usually achieved.[1]']",['The magnitude of the resulting NMR response scales linearly with concentration over the range 2.2 - 70mM.'],"Based on the provided information:

1. **Linear scaling observed in specific conditions**:  
   For $^{15}\mathrm{N}$ NMR signals derived from SABRE, the spectroscopic response scales linearly with concentration over the range of **22–70 mM**. This linear relationship allows quantitative analysis when referenced against a suitable trace.  

2. **Non-linearity in other cases**:  
   - At low concentrations (e.g., ≤1 mM pyridine with Ir(IMes)(COD)Cl catalyst in methanol), the SABRE enhancement **decreases** due to solvent competition, and the response is **not linear**.  
   - The SABRE signal generally depends non-linearly on substrate concentration, influenced by factors such as exchange rates, parahydrogen enrichment, catalyst concentration, polarization transfer field, build-up time, and sample transport time.  

3. **Quantitative limitations**:  
   Reproducible quantitative interpretation is limited by the complex dependence of SABRE on multiple experimental parameters, even when linearity is achieved in specific ranges.  

In summary, linear scaling occurs only under controlled conditions and within the explicitly reported **22–70 mM range** for $^{15}\mathrm{N}$ studies, but is not universally applicable.","Yes, the spectroscopic response scales linearly with concentration over the range 2.2 - 70mM.",0.38908033528992747,0.6810977762385108,1.0,0.9999999999,1.0
17,How does the performance of aqueous/organic biphasic systems compare to biphasic IL/organic solvent systems in the hydrogenation of arenes?,"['Employing these ILs, it was first tested whether PHIP experiments can be successfully performed in an organic solvent-free homogeneous catalyst/substrate system initiated by small amounts of IL. Next, the hydrogenation efficacy in IL systems, where the IL acts as solvent for the catalyst and forms a biphasic liquid–liquid system with the substrate and product, was studied.', 'Experiments in biphasic systems\nTo prove the suitability of this ethyl acrylate/IL system for biphasic liquid–liquid hydrogenation reactions, a batch reaction was carried out after determining maximum solubility of ethyl acrylate and ethyl propionate (1.10 and $0 . 4 5 ~ \\mathrm { m L }$ per $\\mathrm { m L }$ of IL, i.e. approx. 65 and $4 2 \\mathrm { m o l } \\%$ , respectively, at $2 0 ^ { \\circ } \\mathrm { C } )$ . In $0 . 5 ~ \\mathrm { \\ m L }$ $[ \\mathrm { C _ { 4 } m i m } ] [ \\mathbf { B } \\mathrm { F } _ { 4 } ]$ (ultra pure, Merck KGaA, lot S4943449835), $5 0 ~ \\mathrm { \\ m g }$ of the catalyst was dissolved $( 0 . 1 5 \\mathrm { \\ m o l \\% }$ relative to ethyl acrylate). $5 ~ \\mathrm { m L }$ ethyl acrylate were added yielding a liquid–liquid biphasic system, which was stirred at room temperature in an autoclave at 2.5 bar dihydrogen. Samples were taken after 1, 3.5, 15 and $2 3 . 5 \\mathrm { ~ h ~ }$ and analyzed by GC.', 'Miscibility tests with ethyl acrylate showed that ILs containing the $[ \\mathrm { T f } _ { 2 } \\mathrm { N } ] ^ { - }$ anion form homogeneous solutions, while ILs containing the anions $[ \\mathrm { B F _ { 4 } } ] ^ { - }$ , $\\mathrm { [ S C N ] ^ { - } }$ , $\\mathrm { [ C F _ { 3 } C O _ { 2 } ] ^ { - } }$ and $\\mathrm { [ C H _ { 3 } C O _ { 2 } ] ^ { - } }$ result in biphasic systems when mixing the respective IL and ethyl acrylate, both at $1 : 1$ or $6 : 1 \\ ( \\mathrm { v / v } )$ . A detailed list of the tested biphasic systems is given in Table 2. This trend reproduces the findings for the solubility of 1-hexene in ILs, being highest in $[ \\mathrm { T f } _ { 2 } \\mathrm { N } ] ^ { - }$ -based ones.44', 'Experiments in biphasic systems\nFinally it was tested whether ILs can be employed as an efficient hydrogenation system for medical applications. This necessitates the hydrogenation of a precursor of the drug, followed by facile catalyst–product separation, i.e. a biphasic system. For these studies the tetrafluoroborate system was chosen, featuring a miscibility gap of the IL with ethyl acrylate and ethyl propionate.', 'Facile separation of the catalyst is also helpful in the context of catalyst recycling. This, however, is only feasible employing heterogeneous catalyst/substrate systems, as for example immobilized catalysts.25,30,31 Since heterogeneous catalysts often possess lower turn-over frequencies in hydrogenation reactions, which is detrimental to the observation of PHIP effects,32 it is of interest to perform the hydrogenation reaction with para-hydrogen in homogeneous phase or in a biphasic liquid–liquid system. Furthermore, the absence of an organic solvent would be beneficial with respect to reducing separation efforts. In organic solvents, however, a low solubility of the (ionic) catalyst in non-polar unsaturated starting material is encountered.']","['The use of ILs can also be superior to that of classical organic solvents in the hydrogenation of arenes. In present industrial applications, this reaction is performed in aqueous/organic biphasic systems [54], precluding the use of water- sensitive catalysts. The use of a biphasic IL/organic solvent system can overcome these problems [55].']","Based on the provided context, the performance comparison between **aqueous/organic biphasic systems** and **biphasic IL/organic solvent systems** for the hydrogenation of *arenes* **cannot be answered**. The context exclusively discusses experiments with **ethyl acrylate** (an unsaturated ester) as the substrate, not arenes.  

However, the context provides specific insights for **IL/organic biphasic systems** with ethyl acrylate:  
1. **System Composition**:  
   - ILs with anions like [BF₄]⁻, [SCN]⁻, [CF₃CO₂]⁻, or [CH₃CO₂]⁻ form biphasic systems with ethyl acrylate.  
   - [Tf₂N]⁻-based ILs form homogeneous solutions and are excluded from biphasic applications here.  
2. **Experimental Setup**:  
   - A biphasic reaction used **[C₄mim][BF₄]** as the IL phase, dissolved catalyst (0.15 mol% relative to substrate), and ethyl acrylate as the organic phase.  
   - Hydrogenation proceeded at **2.5 bar H₂** and room temperature.  
3. **Advantages**:  
   - Eliminates organic solvents, reducing separation efforts.  
   - Enables facile catalyst recycling due to phase separation (catalyst remains in the IL phase).  
   - Homogeneous catalyst performance (higher turnover frequency) is retained, which is critical for observing PHIP effects.  

No data on **aqueous/organic systems** or hydrogenation of **arenes** is included in the context.  

**Conclusion**:  
The context does not address arenes or aqueous systems. For ethyl acrylate hydrogenation, IL/organic biphasic systems offer practical benefits for PHIP-compatible catalysis and catalyst separation.","The biphasic IL/organic solvent system is superior to aqueous/organic biphasic systems in the hydrogenation of arenes, as it overcomes the problems associated with water-sensitive catalysts.",0.525698464686432,0.0,1.0,0.0,0.0
18,What are the benefits and drawbacks of the QUASR-SABRE method?,"['3 \\times 1 0 ^ { 4 }$ and $P _ { \\mathrm { 1 5 N } }$ $\\approx 0 0 9 \\%$ for QUASR-SABRE and $\\varepsilon _ { \\mathrm { 1 5 N } } \\approx 1 2 \\times 1 0 ^ { 5 }$ and $P _ { \\mathrm { 1 5 N } } \\approx$ $0 2 \\%$ for SABRE-SHEATH, respectivelySee the SI for detailsWith regards to the limitations of the QUASR-SABRE method, it remains to be seen if QUASR-SABRE is capable of hyperpolarization of long-range spin sites in the substrate compoundsMoreover, future systematic experimental and theoretical studies are certainly needed to further optimize the efficiency of the QUASR-SABRE techniqueFor example, more advanced shaped forms (e.g., sine, exponential, trapezoid, etc.) and strategies (adiabatic pulses) can be envisioned', 'NMR experiments\nThe SABRE method has the major advantage of being compatible with multiple consecutive repetitions; in contrast to D-DNP, it is not necessarily a single-shot method. The simplest implementation of SABRE, which involves manually shaking the sample before insertion in the detection magnet, is not generally compatible with multi-scan experiments; the entire process may be repeated multiple times, but not with sufficient stability. Multidimensional spectra may still be collected with this approach, using, for example singlescan 2D acquisition techniques.[29,39]', 'The key distinct feature of the QUASR-SABRE phenomenon is a strong rf offset frequency dependence; Figures 2d and 4d demonstrate the dependence of the $^ { 1 5 } \\mathrm { N }$ QUASR-SABRE signal for pyridine− $^ { 1 5 } \\mathrm { N }$ and metronidazole− $^ { 1 5 } \\mathrm { N } _ { 2 } - ^ { 1 3 } \\mathrm { C } _ { 2 } ,$ respectivelyNote that very small signal is obtained at the resonance frequencyThe maximum intensity of $^ { 1 5 } \\mathrm { N }$ QUASRSABRE was compared to that of SABRE-SHEATH and is reported here as the ratio of the $^ { 1 5 } \\mathrm { N }$ QUASR-SABRE and SABRE-SHEATH signals, $\\eta$ We find an $\\eta$ of ${ \\sim } 1 0$ for pyridine− $^ { 1 5 } \\mathrm { N }$ , $\\eta$ of ${ \\sim } 0 4 4$ for acetonitrile− $^ { 1 5 } \\mathrm { N }$ , and $\\eta$ of (at least) ${ \\sim } 2 4$ for metronidazole− $^ { 1 5 } \\mathrm { N } _ { 2 } - ^ { 1 3 } \\mathrm { C } _ { 2 }$', 'All three molecules studied exhibited a clear and strong dependence of the $^ { 1 5 } \\mathrm { N }$ QUASR-SABRE signal on the duration of the pulse $( \\tau _ { \\mathrm { P U L S E } } )$ and the duration of the delay $( \\tau _ { \\mathrm { D E L A Y } } )$ (Figures S2a, $S 3 \\mathfrak { a } ,$ and S3b and Figures $S 4 \\mathrm { a } ,$ S2b, S3c, and S4b, respectivelyThis strong dependence is likely due to the dynamics and kinetics of the substrate and $\\scriptstyle { p \\mathrm { - } \\mathrm { } \\mathrm { } \\mathrm { } \\mathrm { } \\mathrm { } \\mathrm { } } _ { 2 }$ exchange on the catalystWhen the $\\tau _ { \\mathrm { P U L S E } }$ and $\\tau _ { \\mathrm { D E L A Y } }$ are in sync with chemistry of exchange, the maximum QUASR-SABRE signal may be achievedHowever, we note that the QUASR-SABRE signal has very complex dependence on $\\tau _ { \\mathrm { P U L S E } }$ and $\\tau _ { \\mathrm { D E L A Y } }$', 'The QUASR-SABRE experiment (Figure 1B) is performed in a $0 . 0 5 \\mathrm { ~ T ~ }$ magnetic field using a previously described ${ p \\mathrm { - } } \\mathrm { H } _ { 2 }$ bubbling setup in a medium-walled 5 mm NMR tube.25,40,41 During ${ p \\mathrm { - } } \\mathrm { H } _ { 2 }$ bubbling, a triangular-shaped pulse is applied for a duration of $\\tau _ { \\mathrm { P U L S E } }$ followed by a delay period of $\\tau _ { \\mathrm { D E L A Y } } .$ . The process is repeated, and the net $\\textbf { z }$ -magnetization increases during this “rf pumping” process. The resulting magnetization can be conveniently assessed by applying a broad-band excitation $( \\pi / 2 )$ rf pulse, Figure 1c. We compare the performance of this QUASR-SABRE approach with the SABRE-SHEATH approach (Figure 1d), which has been employed previously to obtain record-high $^ { 1 5 } \\mathrm { N }$ polarization in excess of 30%.23,24']","['With regards to the limitations of the QUASR- SABRE method, it remains to be seen if QUASR- SABRE is capable of hyperpolarization of long- range spin sites in the substrate compounds. Moreover, future systematic experimental and theoretical studies are certainly needed to further optimize the efficiency of the QUASR- SABRE technique. For example, more advanced shaped forms (e.g., sine, exponential, trapezoid, etc.) and strategies (adiabatic pulses) can be envisioned.']","Based on the provided context, the benefits and drawbacks of the QUASR-SABRE method are as follows:  

### Benefits  
1. **Enhanced Signal Amplification**:  
   - QUASR-SABRE achieves significantly higher \(^{15}\text{N}\) polarization compared to SABRE-SHEATH for specific substrates. For example:  
     - Pyridine-\(^{15}\text{N}\): **10-fold higher** signal (\(\eta \sim 10\)).  
     - Metronidazole-\(^{15}\text{N}_2\)-\(^{13}\text{C}_2\): **2.4-fold higher** signal (\(\eta \sim 2.4\)).  
   - This demonstrates superior efficiency for certain compounds.  

2. **Compatibility with Multi-Scan Experiments**:  
   - Unlike manual SABRE (which requires repetitive shaking), QUASR-SABRE's pulsed approach allows repeated ""rf pumping"" cycles (\(\tau_{\text{PULSE}}\) and \(\tau_{\text{DELAY}}\)), enabling stable accumulation of magnetization for multi-scan NMR experiments.  

### Drawbacks  
1. **Uncertainty for Long-Range Hyperpolarization**:  
   - It remains unconfirmed whether QUASR-SABRE can effectively hyperpolarize **long-range spin sites** (e.g., \(^{13}\text{C}\) nuclei distant from exchange sites) in substrates.  

2. **Complex Parameter Optimization**:  
   - Signal intensity exhibits a **strong, non-trivial dependence** on pulse duration (\(\tau_{\text{PULSE}}\)) and delay time (\(\tau_{\text{DELAY}}\)). This requires meticulous synchronization with substrate-catalyst exchange kinetics for optimal results.  
   - The need for systematic optimization of pulse shapes (e.g., sine, trapezoid, or adiabatic pulses) adds experimental complexity.  

3. **Technical Limitations**:  
   - Requires specialized hardware, including a **0.05 T magnetic field** and a \(p\text{-H}_2\) bubbling apparatus, which may limit accessibility.  
   - The rf offset frequency must be carefully tuned (not at resonance) for maximum signal, as deviations drastically reduce enhancement.  

### Summary  
QUASR-SABRE offers superior signal gains for specific \(^{15}\text{N}\)-labeled substrates but faces challenges in generalizability to diverse spin systems, parameter optimization, and technical setup. Further studies are needed to address these limitations.","The drawbacks of the QUASR-SABRE method include its current inability to hyperpolarize long-range spin sites in substrate compounds and the need for further optimization through systematic experimental and theoretical studies. The benefits include the potential for future improvements, such as the use of more advanced shaped forms (e.g., sine, exponential, trapezoid) and strategies (adiabatic pulses) to enhance efficiency.",0.3391559283831108,1.0000000000000002,0.9166666666666666,0.9999999999,1.0
19,How does the rate of conversion of parahydrogen to normal hydrogen compare between the Rh₂C and Rh⁰/C catalysts?,"['The ability of ${ \\mathsf { R h } } _ { 2 } { \\mathsf { C } }$ and $\\mathsf { R h } ^ { \\circ } / \\mathsf C$ to incorporate both H atoms of an ${ \\sf H } _ { 2 }$ molecule into the same product molecule, ie., their selectivity toward pairwise ${ \\sf H } _ { 2 }$ addition, was assessed in the hydrogenation of propyne with parahydrogenThe pairwise selectivity is comparable and less than $1 \\%$ for both catalystsThus, the $\\mathsf { R h } _ { 2 } \\mathsf { C }$ phase (or surface layers) is not responsible for observing PHIP effects over Rhbased heterogeneous catalystsAt the same time, $\\mathsf { R h } _ { 2 } \\mathsf { C }$ is characterized by a higher relative rate of conversion of parahydrogen to normal $\\mathsf { H } _ { 2 } ,$ ie., $\\mathsf { R h } _ { 2 } \\mathsf { C }$ dissociates ${ \\sf H } _ { 2 }$ more efficiently than ${ \\mathsf { R h } } ^ { 0 } / { \\mathsf { C } } ,$ consistent with the higher conversion observed in the hydrogenation of propyne over $\\mathsf { R h } _ { 2 } \\mathsf { C }$', 'The involvement of carbon, either in the form of carbonaceous deposits on the surface of a catalyst or as a metal carbide phase, is known to modify catalytic properties significantly and thus could also affect the pairwise hydrogen addition routeHere, we explored carbon’s role by studying the hydrogenation of propene and propyne with parahydrogen on a ${ \\mathsf { R h } } _ { 2 } { \\mathsf { C } }$ catalyst and comparing the results with those for a ${ \\mathsf { R h } } ^ { 0 } / { \\mathsf { C } }$ catalyst obtained from $\\mathsf { R h } _ { 2 } \\mathsf { C }$ via ${ \\sf H } _ { 2 }$ pretreatmentWhile the catalysts ${ \\mathsf { R h } } _ { 2 } { \\mathsf { C } }$ and ${ \\mathsf { R h } } ^ { \\circ } / { \\mathsf { C } }$ differ notably in the rate of conversion of parahydrogen to normal hydrogen as well as in terms of hydrogenation activity, our findings suggest that the carbide phase does not play a significant role in the pairwise ${ \\sf H } _ { 2 }$ addition route on rhodium catalysts.', 'The results of this study reveal that the hydrogenation of propyne and propene with $\\mathsf { p } \\mathrm { - } \\mathsf { H } _ { 2 }$ using ${ \\mathsf { R h } } _ { 2 } { \\mathsf { C } }$ shows no significant difference between carbidic and metallic phases in selectivity to the pairwise ${ \\sf H } _ { 2 }$ addition routeYet substrate conversion is higher on ${ \\mathsf { R h } } _ { 2 } { \\mathsf { C } } ,$ explained by approximately a factor of eight higher surface area of the carbidic catalystIn addition, changes were observed in the conversion rate of parahydrogen to normal hydrogen, with $\\mathsf { R h } _ { 2 } \\mathsf { C }$ converting $\\mathsf { p } \\mathrm { - } \\mathsf { H } _ { 2 }$ to $0 \\cdot \\mathsf { H } _ { 2 }$ measurably faster than ${ \\mathsf { R h } } ^ { \\circ } / { \\mathsf { C } }$ .', 'It is remarkable that very soon after the discovery of parahydrogen, it was realized that it can serve as a unique probe of catalytic ${ \\sf H } _ { 2 }$ activation because the latter leads to a rapid ortho-para conversion of ${ \\sf H } _ { 2 }$ .[1] Indeed, as soon as $\\mathsf { p } \\mathrm { - } \\mathsf { H } _ { 2 }$ molecule dissociates, its H atoms rapidly diffuse apart and randomize on the catalyst surface. Subsequent recombination of random H atoms produces a statistical mixture containing $2 5 \\%$ parahydrogen $( { \\mathsf { p } } { \\mathsf { - } } { \\mathsf { H } } _ { 2 } )$ and $7 5 \\%$ orthohydrogen $( \\mathsf { o } \\mathsf { - } \\mathsf { H } _ { 2 } )$ often termed normal hydrogen $( \\mathsf { n } \\mathrm { - } \\mathsf { H } _ { 2 } )$ , which corresponds to a thermodynamic equilibrium at room temperature and above. It is thus often assumed that, once ${ \\sf H } _ { 2 }$ is activated on a metal catalyst surface, the equilibration of OPR is essentially instantaneous for all practical purposes.', 'The rate of hydrogen binding at the Rh centre in the olefin complex should therefore determine the cis–trans isomerisation processIt is noteworthy that, effectively, the para–ortho conversion in the presence of the catalyst used in this work is four orders of magnitude slower than the cis–trans isomerisation process carried out under the same experimental conditions (in methanol solution, $k _ { \\mathrm { p a r a - o r t h o } } =$ $4 2 \\times 1 0 ^ { - 5 } \\mathrm { s ^ { - 1 } }$ ).[30] Thus, if the proposed 2c mechanism for olefin isomerisation is correct, one can conclude that only a very minor number of interactions at the metal centre results in a net para–ortho transformationIn other words, the polarisation of parahydrogen decreases at a rate which is considerably lower than the binding of $\\mathrm { H } _ { 2 }$ molecules to the metal centres, i.ethe lifetime of the $\\mathrm { R h \\mathrm { - } H } _ { 2 }$ interactions is very short and does not significantly affect the ortho/para ratio']","['While the catalysts Rh₂C and Rh⁰/C differ notably in the rate of conversion of parahydrogen to normal hydrogen as well as in terms of hydrogenation activity, our findings suggest that the carbide phase does not play a significant role in the pairwise H₂ addition route on rhodium catalysts.']","Based on the provided context, the comparison of parahydrogen (p-H₂) to normal hydrogen (n-H₂) conversion rates between Rh₂C and Rh⁰/C catalysts is as follows:

1. **Rh₂C catalyst**  
   - Exhibits a **higher relative rate** of parahydrogen conversion to normal hydrogen.  
   - Dissociates H₂ **more efficiently** than Rh⁰/C.  
   - Converts p-H₂ to n-H₂ **measurably faster** (approximately **8 times higher** activity, consistent with its higher surface area).  

2. **Rh⁰/C catalyst**  
   - Shows **slower conversion** of parahydrogen to normal hydrogen.  
   - Lower H₂ dissociation efficiency compared to Rh₂C.  

### Key Evidence from Context:  
- ""Rh₂C dissociates H₂ more efficiently than Rh⁰/C.""  
- ""Rh₂C converts p-H₂ to n-H₂ measurably faster than Rh⁰/C.""  
- This difference aligns with the **higher substrate conversion rate** observed in propyne hydrogenation over Rh₂C.  

### Conclusion:  
**Rh₂C has a significantly faster parahydrogen-to-normal-hydrogen conversion rate than Rh⁰/C**, attributed to its superior H₂ dissociation capability.","The Rh₂C and Rh⁰/C catalysts differ notably in the rate of conversion of parahydrogen to normal hydrogen, with Rh⁰/C showing a different rate compared to Rh₂C.",0.4965422614881561,0.9879645527629738,1.0,0.9999999999666667,1.0
20,How does the SABRE enhancement of isoniazid in ethanol compare to that in DMSO when both are measured relative to methanol-d4?,"['The polarization of isoniazid in the other three solvents was also investigated for a polarization transfer magnetic field of $6 5 \\mathrm { G }$ (Fig. 9), even though this magnetic field was not optimal for the polarization in ethanol at room temperature (Fig. 8). The best enhancements were always at $4 6 . 1 ^ { \\circ } \\mathsf C$ . The SABRE enhancement of isoniazid shows similar solvents dependence as that of pyrazinamide. Compared to methanol- ${ \\bf \\cdot d } _ { 4 }$ , the enhancements in methanol were slightly lower, in ethanol about a half, and in DMSO about one fifth, making it a less suitable solvent in which to polarize isoniazid via SABRE.', 'In methanol, ethanol and DMSO, the best enhancements were $- 9 6 0$ , $- 3 2 0$ and $^ { - 4 0 }$ respectivelyFor isoniazid, the best enhancements in methanol- ${ \\bf \\cdot d } _ { 4 }$ , methanol, ethanol and DMSO were 230, 140, $- 1 2 0$ and $- 3 4$ respectively in a magnetic field of $6 5 \\mathrm { G }$ The enhancement of proton 3 was only $5 0 \\mathrm { - } 7 0 \\%$ of that of proton 2', 'SABRE experiments on A and $\\mathbf { B }$ are performed under these conditions in either methanol- $d _ { 4 }$ or dichloromethane- $d _ { 2 } ,$ the improvement in signal enhancement is dramaticFor example, the $\\mathrm { ^ { 1 } H }$ NMR signal enhancements for A seen using DMSO as a coligand become $1 1 1 9 \\pm 1 4$ and $8 7 0 \\pm 2 8$ -fold for the ortho and para sites of free A, respectivelyThese values are five times larger than the analogous $2 0 5 \\pm 4$ and $1 6 0 \\pm 3$ -fold achieved without any DMSO presentThis improvement is even more substantial in dichloromethane- $\\cdot d _ { 2 }$ where these enhancements become $4 3 5 0 ~ \\pm ~ 6 5$ and $4 4 1 3 \\pm 2 2 -$ fold, reflecting a ca 100 times gain in efficiency compared to that seen without DMSO', 'Hyperpolarization produces nuclear spin polarization that is several orders of magnitude larger than that achieved at thermal equilibrium thus providing extraordinary contrast and sensitivity. As a parahydrogen induced polarization (PHIP) technique that does not require chemical modification of the substrate to polarize, Signal Amplification by Reversible Exchange (SABRE) has attracted a lot of attention. Using a prototype parahydrogen polarizer, we polarize two drugs used in the treatment of tuberculosis, namely pyrazinamide and isoniazid. We examine this approach in four solvents, methanol- ${ \\bf \\cdot d } _ { 4 }$ , methanol, ethanol and DMSO and optimize the polarization transfer magnetic field strength, the temperature as well as intensity and duration of hydrogen bubbling to achieve the best overall signal enhancement and hence hyperpolarization level.', 'When the SABRE precatalyst $[ \\mathrm { I r C l ( C O D ) ( I M e s ) } ]$ (1) is dissolved in $0 6 ~ \\mathrm { m L }$ of methanol- $d _ { 4 }$ at $2 9 8 \\mathrm { ~ K ~ }$ , $^ 1 \\mathrm { H }$ NMR resonances can be observed for 1 in addition to a minor product, 2 which forms at the ${ \\sim } 2 \\%$ levelThe ratio of this product increases to $1 3 \\%$ after the addition of $5 0 ~ { \\mu \\mathrm { L } } ~ \\mathrm { H } _ { 2 } \\mathrm { O }$ , as shown in Fig1 thereby confirming a role of the original $\\mathrm { H } _ { 2 } \\mathrm { O }$ contaminant in methanol- $d _ { 4 }$ When this experiment was repeated in a solution of $0 6 \\mathrm { \\ m L }$ methanol- $d _ { 4 }$ doped with $5 ~ \\mu \\mathrm { L }$ DMSO, the ratio of 2 formed after the addition of $5 0 ~ \\mu \\mathrm { L }$ of $\\mathbf { H } _ { 2 } \\mathbf { O }$ proved to be just $6 \\%$ It is noteworthy that no evidence for $[ \\mathrm { I r } { \\bf C l } ( { \\bf C O D } ) ( { \\bf D M S O } )$ (IMes)] was apparent']","['The SABRE enhancement of isoniazid shows similar solvents dependence as that of pyrazinamide. Compared to methanol-d4, the enhancements in methanol were slightly lower, in ethanol about a half, and in DMSO about one fifth, making it a less suitable solvent in which to polarize isoniazid via SABRE.']","Based on the experimental data measured at 65 G and 46.1 °C:  

1. **Reference (methanol-d₄):**  
   Isoniazid SABRE enhancement = **230**  

2. **Ethanol:**  
   Isoniazid SABRE enhancement = **–120**  
   - Magnitude relative to methanol-d₄: |–120| / 230 ≈ **52%**  
   - The context states ethanol gives ""about a half"" of the methanol-d₄ enhancement.  

3. **DMSO:**  
   Isoniazid SABRE enhancement = **–34**  
   - Magnitude relative to methanol-d₄: |–34| / 230 ≈ **15%**  
   - The context explicitly notes DMSO yields ""about one fifth"" of methanol-d₄'s enhancement.  

**Summary of comparison:**  
- Ethanol achieves **~52%** of methanol-d₄'s enhancement.  
- DMSO achieves **~15%** of methanol-d₄'s enhancement.  
- Thus, isoniazid in ethanol shows **~3.5× higher SABRE enhancement** than in DMSO relative to methanol-d₄.","The SABRE enhancement of isoniazid in ethanol is about a half of that in methanol-d4, while in DMSO it is about one fifth, making ethanol a better solvent for polarization than DMSO but still less effective than methanol-d4.",0.6030141228693675,0.966935110238972,1.0,0.9166666666361111,1.0
21,Why does the signal gain in SABRE-Relay catalysis vary with changes in alcohol concentration?,"['Second, the effect of alcohol concentration was determined in a similar fashion by varying the volume of 1-propanol between $0 . 1 \\mathrm { - } 7 . 0 ~ \\mu \\mathrm { L }$ (0.4–30 eq. based on iridium) whilst maintaining a \ue103xed 5 eq. of $d _ { \\mathrm { 7 } } \\mathrm { - B n N H _ { 2 } }$ and a $\\mathrm { 5 ~ m M }$ concentration of $[ \\mathrm { I r C l ( C O D ) ( I M e s ) } ]$ . At low relative concentrations of alcohol, the $\\mathrm { O C } H _ { 2 }$ signal gain was reduced. For example, when just 0.4 eq. (2 mM) of 1-propanol was present in the SABRE-Relay catalysis, a signal gain of 128-fold was quanti\ue103ed. As the relative amount of alcohol is increased to 5 equivalents, the $\\mathrm { O C } H _ { 2 }$ signal gain increases to reach a maximum of 723-fold per proton. Increasing the alcohol concentration further then leads to a decrease in signal gain.', 'Effect of amine and alcohol concentration\nSABRE derived signal enhancements are known to be highly dependent on the ratio of catalyst to substrate with lower concentrations typically yielding higher signal gains.49,50 It is accepted that this is a consequence of the available ${ p \\mathrm { - } } \\mathrm { H } _ { 2 }$ derived polarization pool being shared across a \ue103nite number of spinsCo-ligands have therefore been employed to reduce spin-dilution and o\ue09den provide improved signal gains.43,51 For SABRE-Relay, we propose that it is not only the total signal enhancement of the carrier amine but the efficiency of constructive proton exchange between the amine and the alcohol that is importantTo probe these two effects a number of dry samples were prepared that contained increasing concentrations of $d _ { \\mathrm { 7 } } \\mathrm { - B n N H } _ { 2 }$ and alcohol relative to the $[ \\mathrm { I r C l ( C O D ) } ( \\mathrm { I M e s } ) ]$ pre-catalyst', 'Similarly, the SABRE-Relay polarization of $^ { 3 1 } \\mathrm { P }$ nuclei is also achievable. When diethyl (hydroxymethyl) phosphonate was exposed to 3 bar ${ p \\mathrm { - } } \\mathrm { H } _ { 2 }$ in the presence of $d _ { 3 4 } . . 2$ and $\\mathrm { N H } _ { 3 }$ , a 30-fold signal enhancement is observed for the $^ { 3 1 } \\mathrm { P }$ resonance a\ue09der spontaneous polarization transfer at $\\mathbf { 7 0 G }$ . Additionally, an 88-fold $^ 1 \\mathrm { H }$ signal gain for the $\\mathrm { O C } H _ { 2 }$ resonance was quanti\ue103ed. These signal gains are signi\ue103cantly reduced when compared to 1-propanol or 3-methyl-1-butanol and may be indicative of the alcohol being too acidic for SABRE-Relay with ${ \\bf N H } _ { 3 }$ . A further screen of less basic carrier amines may thus yield improved results.', '{ \\bf ^ { 1 9 } F }$ and $^ { 3 1 } \\mathbf { P }$ signal gains under SABRE-Relay\nThe SABRE-Relay polarization of other heteronuclei in molecules that contain an alcohol functional group was also exploredWhen 2,2-di\ue104uoroethanol was used as the target alcohol, SABRE-Relay transfer could be observed into both the ${ } ^ { 1 } \\mathrm { H }$ and ${ } ^ { 1 9 } \\mathrm { F }$ spinsThe $\\mathrm { O C } H _ { 2 }$ ${ } ^ { 1 } \\mathrm { H } \\cdot$ -signal gains were just 26-fold and an 11-fold signal gain in the ${ } ^ { 1 9 } \\mathrm { F }$ spectrum was observed a\ue09der spontaneous transfer at 70 G during the SABRE-Relay processThe observed ${ } ^ { 1 9 } \\mathrm { F }$ signal could be improved by using a ${ } ^ { 1 } \\mathrm { H } \\mathrm { - } ^ { 1 9 } \\mathrm { F }$ INEPT sequence and now a 63-fold enhancement was quanti\ue103ed (Fig6c)', 'The detection of alcohols by magnetic resonance techniques is important for their characterization and the monitoring of chemical change. Hyperpolarization processes can make previously inpractical measurements, such as the determination of low concentration intermediates, possible. Here, we investigate the SABRE-Relay method in order to define its key characteristics and improve the resulting $^ 1 \\mathsf { H }$ NMR signal gains which subsequently approach $1 0 ^ { 3 }$ per proton. We identify optimal amine proton transfer agents for SABRE-Relay and show how catalyst structure influences the outcome. The breadth of the method is revealed by expansion to more complex alcohols and the polarization of heteronuclei.']","['At low relative concentrations of alcohol, the  $\\mathrm{OCH}_2$  signal gain was reduced. For example, when just 0.4 eq. (2 mM) of 1- propanol was present in the SABRE- Relay catalysis, a signal gain of 128- fold was quantified. As the relative amount of alcohol is increased to 5 equivalents, the  $\\mathrm{OCH}_2$  signal gain increases to reach a maximum of 723- fold per proton. Increasing the alcohol concentration further then leads to a decrease in signal gain.']","Based on the provided context, the signal gain in SABRE-Relay catalysis varies with alcohol concentration due to the following reasons:

1. **Low alcohol concentration**:  
   - At low concentrations (e.g., 0.4 eq. of 1-propanol), the signal gain is reduced (e.g., 128-fold for $\mathrm{OCH_2}$ protons).  
   - This occurs because insufficient alcohol limits efficient proton exchange between the polarized carrier amine ($d_\mathrm{7}\mathrm{-BnNH_2}$) and the alcohol, reducing polarization transfer.

2. **Optimal alcohol concentration**:  
   - At 5 eq. of alcohol, signal gain peaks (e.g., 723-fold for $\mathrm{OCH_2}$ protons).  
   - This maximizes constructive proton exchange efficiency between the amine and alcohol while avoiding spin dilution.

3. **High alcohol concentration**:  
   - Beyond 5 eq., signal gain decreases.  
   - Excess alcohol dilutes the available $p\mathrm{-H_2}$-derived polarization pool across more spins, reducing per-proton polarization.  
   - Competition between alcohol molecules may also disrupt the reversible exchange dynamics.

This concentration dependence reflects a balance between efficient relay transfer and spin dilution, analogous to substrate-catalyst ratio effects in standard SABRE.","The signal gain varies because at low alcohol concentrations, the signal gain is reduced, while increasing the alcohol concentration up to a certain point (5 equivalents) maximizes the signal gain. Further increases in alcohol concentration beyond this point lead to a decrease in signal gain.",0.5124718767882328,0.9798709192867818,0.9333333333333333,0.99999999995,1.0
22,What is the second step in the process of transferring a hyperpolarized sample to the NMR spectrometer?,"['A typical SABRE hyperpolarization experiment is carried out in two stepsFirst, the reversible exchange reaction with $\\mathrm { p } { \\cdot } \\mathrm { H } _ { 2 }$ is carried out over a few seconds in a weak magnetic field $( \\mathrm { n T - m T } )$ in order to build-up hyperpolarization on the target substrate in solutionSecond, the sample is rapidly transferred into a high-field NMR spectrometer $( \\geq 1 \\mathrm { T } )$ for signal detectionThe practical implementation of this two-step process, either using the manual shaking of the sample in an NMR tube or using an automated flow approach [26–29], is straight-forward, but it limits our ability to directly observe the polarization transfer that is at the heart of the SABRE processWe note that in situ SABRE at a high field has been demonstrated using radio-frequency (RF) driven transfer [30]; however, we focus here on the spontaneous transfer of polarization that occurs in the low-field regime', '2Materials and Methods\nSABRE-hyperpolarised NMR spectra are acquired by dissolving $\\mathrm { H } _ { 2 }$ gas, enriched in the para state, in a solution containing the active SABRE catalyst and the target analyte within a weak polarisation transfer field (PTF) typically in the range of $0 { - } 2 0 \\mathrm { m T }$ [59,60]The introduction of $\\mathrm { H } _ { 2 }$ into the solution is achieved either manually, via sample shaking, or via bubblingIn the so-called shake-and-drop approach, the headspace of an NMR tube fitted with a Young’s tap is filled with several bars of ${ p \\mathrm { - } } \\mathrm { H } _ { 2 }$ The sample is shaken vigorously within the desired polarisation transfer field (PTF) for a period of a few seconds, allowing for the buildup of hyperpolarised analyte in solutionThis polarisation transfer step is followed by rapid manual transfer of the sample into the NMR spectrometer for signal detection', 'Therefore, all SABRE experiments are performed under ALTADENA-like conditions where the hyperpolarization step takes place outside the magnetFor hyperpolarized measurements at low temperature, samples were cooled to the indicated temperature inside the NMR spectrometerThe sample was then removed and $p \\mathrm { H } _ { 2 }$ added before being shaken at $6 5 \\ \\mathrm { ~ G ~ }$ and rapidly inserted into the spectrometerEven though the $p \\mathrm { H } _ { 2 }$ addition and shaking process are performed at room temperature, the sample is only outside of the spectrometer for roughly $3 0 \\ \\mathrm { s } ,$ and any warming is assumed insignificantSpectral acquisition commenced immediately after sample insertion using a $4 5 ^ { \\circ }$ pulseThe conditions are likely a mixture of both ALTADENA and PASADENAIn the first experiment it is likely to be ALTADENA, although this effect should vanish and become PASADENA in subsequent measurements as hydrogenation continues in the spectrometer field (9.4 T)', 'T _ { 1 }$ , and then transferring this to $^ { 1 3 } \\mathrm { C }$ via cross-polarisation [67,68]Following rapid dissolution and transfer to the NMR spectrometer, dDNP can deliver signal enhancements of ${ > } 1 0 { , } 0 0 0$ -fold, a dramatic improvement over ODNP [38]However, the necessary freezing of the sample to build up hyperpolarisation, then followed by dissolution with hot solvent for liquid-state NMR detection, means that, in practice, a single sample is only hyperpolarised onceThis is a limitation in the context of analytical applications because the sample can only be analysed over the relatively limited period (typically tens of seconds) of the hyperpolarisation lifetime in solutionFurthermore, the cost of the dDNP instrumentation is very large compared to that of a benchtop NMR spectrometer', 'Additional experimental evidence for the relayed nature of such polarization transfer is provided in Figures 5 and 6For these experiments the HP sample was inserted in the $9 4 \\mathrm { ~ T ~ }$ NMR spectrometer and the $^ { 1 5 } \\mathrm { N } _ { 3 }$ hyperpolarization was destroyed using frequency-selective rf pulses (note that the $^ { 1 5 } \\mathrm { N } _ { 1 }$ polarization was preserved in this case, Figure 5a)The relevant setup and sample manipulation steps are shown in Figure 2bFollowing this selective polarization-destruction procedure, the sample was transferred into the Earth’s magnetic field (ca$5 0 ~ \\mu \\mathrm { T } )$ to enable “remixing” of heteronuclear polarization (no bubbling of fresh para- $\\cdot \\mathrm { H } _ { 2 }$ is performed)Lastly, the sample was returned into the NMR spectrometer for readout']","['The text describes the procedure for transferring a hyperpolarized sample to an NMR spectrometer after generating nuclear spin polarization in the solid state. Key steps include dissolving the sample, transporting it (manually or automatically), and maintaining a magnetic field during transport to prevent polarization loss.']","Based on the provided context, the second step in transferring a hyperpolarized sample to the NMR spectrometer is:  
**Rapid transfer of the sample into a high-field NMR spectrometer (≥1 T) for signal detection.**  

This step immediately follows the initial hyperpolarization build-up in a weak magnetic field (nT-mT range) and is consistently described across experimental methods, including:  
1. **Manual ""shake-and-drop"" approaches** (vigorous shaking in a low-field PTF, followed by immediate insertion into the spectrometer).  
2. **Automated flow systems**, where the sample is moved swiftly into the high-field detection environment.  

The transfer must be rapid to preserve hyperpolarization, as delays can lead to signal decay due to relaxation effects. Detection occurs at high field (typically ≥1 T) to resolve NMR signals.  

No additional steps (e.g., dissolution or freezing) are mentioned for this specific process in the context.",Dissolve the sample rapidly by injection of hot solvent.,0.42014762299240765,0.9961019795535989,1.0,0.249999999975,0.0
23,Why does the average SNR decrease within the first usable spectrum at each %pH2 level?,"['As observed from this data, there is a high level of consistency within the values obtained between $9 9 \\%$ and $7 0 \\%$ This indicates that the $\\boldsymbol { \\% } p \\mathbf { H } _ { 2 }$ enrichment level and the determined $k _ { 2 }$ rate constant are independent of each other and thus the exact $p \\mathrm { H } _ { 2 }$ generator used does not affect the observed kineticsOf note is the reduction in average SNR observed within the first usable spectrum at each $\\boldsymbol { \\% } p \\mathbf { H } _ { 2 }$ levelThe decrease in SNR is due to the reduced proportion of $p \\mathrm { H } _ { 2 }$ present at lower $\\boldsymbol { \\% } p \\mathbf { H } _ { 2 }$ enrichment levels as this produces a comparatively lower proportion of hyperpolarised product complexes during each evolution delayThis will impact the number of data points able to be collected prior to loss of NMR signal into the spectral noise', ""In order to more precisely quantify this improvement in terms of the image quality, \ue103ve one-shot images of the hyperpolarised samples were acquired and the average image signal to noise ratios (SNR's) were calculated. The SNR values exhibit an increasing trend up to the point where the pH approaches physiological values, which opens up the possibility of using NA, a naturally biocompatible molecule, as an MRI contrast agent for in vivo investigations (Fig. 8). As the basicity of the solution is further increased, the corresponding SNR values decrease rapidly, a trend which we attribute to possible transverse relaxation rate effects caused by the methoxide ion."", 'This is applicable up to a certain dilution levelIf the substrate concentration drops below a critical level the SNR decreases approximately proportional with the substrate concentration thus exhibiting the same behavior as thermally polarized samplesSamples with the same concentrations were subjected to thermal polarization and Rb-Xe-SPINOEWith both of these methods a linear correlation between decrease of the SNR and sample concentration was obtainedThe authors proposed that the concentration dependency of the signal intensity of the SABRE experiments can be divided into three parts (Fig3)In region I the pyridine concentration is dominating, region II is dominated by para-hydrogen and the catalyst reactivity and region III by the para-hydrogen concentration and the spin–lattice relaxation of the observed protons in the substrate', '1. Introduction\nThe low signal to noise ratio (SNR) in $^ { 1 3 } \\mathrm { C }$ NMR spectroscopy is due to the fact that only a small percentage of the available $^ { 1 3 } \\mathrm { C }$ nuclei become polarized by the externally applied magnetic field $\\mathbf { B } _ { 0 }$ and contribute to the NMR signal in addition to low gyromagnetic ratio. Analytical chemistry applications of NMR spectroscopy overcome this low SNR problem by using concentrated samples and signal averaging. The application of NMR spectroscopy and imaging to biological systems, however, has yet to reach its full potential because of the extremely long imaging and spectroscopy acquisition times that would be required to obtain high SNR under the biological constraints of low concentration, physiological temperature, and high dielectric losses [1,2]. Nowhere is this more relevant than in the brain, where neurochemical events occur on the spatial (nm–cm) and temporal (ms–s) scales of electrical neurotransmission [3].', 'The average SNR of the four protons of NA $( 9 8 ~ \\mathrm { m M } )$ at thermal equilibrium was 20 when the signal of 50 transients was averaged, which corresponds to an average SNR of ${ \\sim } 3$ for one transient. In comparison, the highest SNR for the same sample hyperpolarized with SABRE at $6 \\mathrm { m T }$ (and measured at $\\mathrm { ~ 1 ~ T ~ } ,$ was $\\mathord { \\sim } 1 5 0 0$ . Hence, the concentration of NA could be reduced by a factor of 500 (to ${ \\approx } 2 0 0 \\mu \\mathrm { M } ,$ ) while maintaining an SNR similar to the one obtained in thermal equilibrium for the $9 8 ~ \\mathrm { m M }$ sample. Note that the gain in the SNR of 500 deviates from the signal enhancement of 620. The reason for this is that the power spectrum is used to calculate the SNR, while the phased spectrum is used for calculating the signal enhancement.']",['Of note is the reduction in average SNR observed within the first usable spectrum at each %pH2 level. The decrease in SNR is due to the reduced proportion of pH2 present at lower %pH2 enrichment levels as this produces a comparatively lower proportion of hyperpolarised product complexes during each evolution delay. This will impact the number of data points able to be collected prior to loss of NMR signal into the spectral noise.'],"Based on the provided context:

The decrease in average SNR within the first usable spectrum at lower **%pH<sub>2</sub>** enrichment levels occurs because:
1.  **Reduced proportion of *para*-hydrogen**: Lower enrichment levels directly reduce the available *para*-hydrogen (pH<sub>2</sub>).
2.  **Fewer hyperpolarized complexes**: This reduced pH<sub>2</sub> concentration leads to a lower proportion of hyperpolarized product complexes formed during the evolution delay.
3.  **Lower signal intensity**: Consequently, the NMR signal intensity decreases.
4.  **Impact on data acquisition**: The diminished signal affects the number of usable data points that can be collected before the signal decays into the spectral noise.

This relationship is explicitly stated: *""The decrease in SNR is due to the reduced proportion of pH<sub>2</sub> present at lower %pH<sub>2</sub> enrichment levels as this produces a comparatively lower proportion of hyperpolarised product complexes during each evolution delay.""*","The decrease in SNR is due to the reduced proportion of pH2 present at lower %pH2 enrichment levels, which produces a comparatively lower proportion of hyperpolarised product complexes during each evolution delay, impacting the number of data points able to be collected prior to loss of NMR signal into the spectral noise.",0.8347887628275235,0.9471389803995528,1.0,0.9999999999,1.0
24,Why are hyperpolarization levels afforded by supported metals and metal-oxide catalysts limited to only a few percent in PHIP?,"['In parahydrogen-induced polarization (PHIP), the proton singlet-state spin order inherent to parahydrogen $( \\mathsf { p } \\mathsf { - } \\mathsf { H } _ { 2 } )$ is transformed by symmetry-breaking hydrogenation chemistry into NMR-observable hyperpolarization.[1–9] With NMR signal enhancements rivaling those obtainable by dissolution dynamic nuclear polarization (dDNP), PHIP is a promising alternative to dDNP for clinical magnetic resonance imaging applications.[10–14] PHIP is a simple and robust method offering high polarization rates using relatively inexpensive instrumentationThe ease of separation of the hyperpolarized product from the polarizing agent is a key advantage of PHIP by heterogeneous catalysis.[15–23] However, hyperpolarization levels afforded by supported metals and metal-oxide catalysts have up to now been limited to only a few percent owing to the low pairwise selectivity of hydrogenation on metal surfaces', 'However, the systematic investigations of pairwise hydrogen addition selectivity for various heterogeneous catalysts revealed that hyperpolarization levels afforded by supported metals like Pt [20], Pd [21], Rh [17], and Ir [22, 23] are limited to a few percents due to a low degree of pairwise $\\mathrm { H } _ { 2 }$ addition on metal surfacesThe low levels of pairwise hydrogen addition selectivity indicate that pairwise $\\mathrm { H } _ { 2 }$ addition is not the main route of hydrogenation reaction for these catalystsMoreover, the mechanism of pairwise hydrogen addition for supported metals is still unclearTherefore, by understanding the nature of processes that occur on the catalyst surface, the effective screening of catalysts with high pairwise selectivity can be performedHere, we have shown how the phase composition of molybdenum carbide catalysts affects the pairwise selectivity during heterogeneous propyne hydrogenation with parahydrogen', 'While supported metals do work in PHIP experiments, at present the achieved polarizations normally do not exceed a few percent in experiments where significant product yields have been achieved. Therefore, an active search for better heterogeneous catalysts continues. One of the current trends is to explore the so-called single-atom and single site heterogeneous catalysts.[32,33] This can be exemplified by intermetallic PdIn NPs supported on ${ \\mathsf { A l } } _ { 2 } { \\mathsf { O } } _ { 3 }$ .[34] In this system, individual Pd atoms are essentially surrounded by inactive In atoms, providing a single metal atom configuration of the active catalytic center. And indeed, this catalyst provides substantial polarization levels and reaction yields and is able to enhance the NMR signals significantly, thus facilitating the MR imaging of gases (Figure 5).', 'The maximum polarization levels achieved so far for $\\mathrm { ^ { 1 } H }$ are $3 { - } 7 \\%$ .[10,82] This yield is apparently limited by the high mobility of dissociated H atoms on metal surfaces, which reduces the catalyst selectivity toward the pairwise addition of hydrogen. Capping metal nanoparticles with organic ligands may hinder surface mobility, as shown for PHIP in the gas phase,[83] organic solvents,[84] and water.[4b,7,85] In the last case, about $1 \\mathrm { m M }$ of the hyperpolarizion product was obtained with up to $1 . 2 \\%$ polarization ( $\\mathrm { ^ { 1 } H }$ and ${ } ^ { 1 3 } \\mathrm { C }$ in $1 0 { \\mathrm { s } } .$ A reduced surface mobility of $\\mathrm { H }$ atoms is also expected on metal oxides.', 'Based on our previous results demonstrating that metals supported on titanium oxide $( \\mathsf { T i O } _ { 2 } )$ generally exhibit higher levels of PHIP effects compared with other oxide supports, a number of metal catalysts supported on $\\mathsf { T i O } _ { 2 }$ were prepared and characterized (see the Supporting Information). ${ \\mathsf { P d } } / { \\mathsf { T i O } } _ { 2 } ,$ $\\mathsf { P t / T i O } _ { 2 } ,$ and $\\mathsf { R h } / \\mathsf { T i O } _ { 2 }$ catalysts with different sizes of metal nanoparticles were tested in the heterogeneous gas-phase hydrogenation of propene. The ALTADENA[19] procedure was utilized, where the hydrogenation reaction is carried out in the Earth’s magnetic field and the reaction products are then adiabatically transferred to the NMR spectrometer for detection at 9.4 T (Figure 1 a).']","['However, hyperpolarization levels afforded by supported metals and metal- oxide catalysts have up to now been limited to only a few percent owing to the low pairwise selectivity of hydrogenation on metal surfaces. PHIP is observed only if the two protons incorporated into the substrate originate from the same  $\\mathsf{H}_{2}$  molecule. However, if  $\\mathsf{H}_{2}$  chemisorbs on a metal such as  $\\mathsf{Pt}$ , it dissociates into separate H atoms that rapidly diffuse and comingle with other H atoms on the surface. This kills the PHIP effect.']","Based on the provided context, hyperpolarization levels from supported metals and metal-oxide catalysts in PHIP are limited to a few percent primarily due to **low pairwise selectivity during hydrogenation**. The key reasons are:

1. **High H-atom mobility on metal surfaces**:  
   Dissociated H atoms exhibit high surface mobility, leading to non-pairwise hydrogen addition. This random mixing destroys the spin order from *p*-H₂, as the two H atoms originating from the same *p*-H₂ molecule must be delivered together to the substrate to retain singlet order.

2. **Dominance of non-pairwise reaction pathways**:  
   For conventional metal catalysts (Pt, Pd, Rh, Ir), pairwise H₂ addition is not the primary reaction route. Instead, stepwise addition via dissociated H atoms dominates.

3. **Inherent limitations of metal surfaces**:  
   Even optimized supports like TiO₂ or strategies such as organic ligand capping only marginally improve polarization (e.g., ≤7% for ¹H). Single-atom catalysts (e.g., PdIn/Al₂O₃) show promise but still operate within this low-percent polarization range.

4. **Lack of mechanistic clarity**:  
   The fundamental processes enabling pairwise addition on metal surfaces remain poorly understood, hindering rational design of highly selective catalysts.

This limitation contrasts sharply with homogeneous catalysts, where pairwise addition is more easily enforced.","Hyperpolarization levels are limited because the low pairwise selectivity of hydrogenation on metal surfaces causes the H2 molecules to dissociate into separate H atoms that rapidly diffuse and comingle with other H atoms on the surface, which kills the PHIP effect.",0.5046419654555498,0.9677153869663839,0.7857142857142857,0.9166666666361111,1.0
25,Why can rf fields be used to eliminate thermally polarized signals in SABRE experiments?,"['Help comes from methods that can be used at high field on any modern and commercially available NMR spectrometer. A basic principle is to use rf fields to produce LAC conditions in the rotating frame as suggested in rf-SABRE,[51] low-irradiation generation of high Tesla-SABRE (LIGHTSABRE),[52] and rf-SABRE with adiabatic passage through LAC.[53] Unlike a static external magnetic field, the rf field has two adjustable parameters: amplitude and frequency, which can be used as another handle to manipulate the transfer of polarization. For example, it can be utilized to eliminate all the thermally polarized signal (e.g. from $\\mathrm { H } _ { 2 } \\mathrm { O }$ ) to leave only the hyperpolarized signal, which significantly improves the spectral appearance.', 'Conclusions\nTo summarize, we have proposed a method to perform RF-SABRE experiments at high magnetic fields. The method exploits mixing of spin states at LACs; the LAC conditions are fulfilled by turning on a strong RF-field with properly chosen amplitude and frequency. By varying the RF frequency one can also vary the phase of polarized NMR signals in a desirable way. These results can be well accounted for by the theoretical treatment described; also, a simple semi-qualitative explanation of our observations is given that is based on spin mixing in the doubly tilted frame of reference.', 'Another advantage of the proposed method is that using strong RF-fields potentially allows one to populate selectively the so-called long-lived spin states. The advantage of using LLSs is twofold: (i) hyper-polarization can be stored in such states for much longer times and (ii) by accumulating polarization over wider time intervals one can produce much higher levels before saturation is reached. Using strong RF-fields also enables considerable suppression of NMR signals of all thermally polarized molecules, which is advantageous in many applications. Our method can also be applied in the opposite way: initial net polarization can be converted into long-lived polarization by adiabatically switching on a strong RF-field with a properly set frequency thus populating the LLS. It is important to emphasize that spin-locking is often used in magnetic resonance spectroscopy; the speciality of our work is introducing adiabatic variation of the spin-lock field for selective manipulation of spin hyper-polarization.', 'Experimental demonstration [158] of RF-SABRE on protons is presented in Fig. 25. In this situation polarization transfer was performed using deuterated pyridine as a substrate; in experiments, the residual ortho-protons were polarized. One can see that the thermal signal is very weak, whereas RF-induced SABRE leads to a strong increase in intensity so that the signals become visible in a single NMR acquisition. The resulting signal enhancement is about 300. In addition, one can see strongly polarized signals of free and bound dihydrogen, which are hardly visible in the thermal spectrum. The RF-frequency dependence of polarization is in accordance with the theoretical expectations. Indeed, the polarizations of Py and $\\mathsf { H } _ { 2 }$ have opposite signs, the RF-frequency of polarization is an odd function of the offset from the center of the spectrum, and the resonant features correspond to the LAC conditions outlined.', 'Thus, we have studied in detail the high-field SABRE effects on protons, $^ { 1 5 } \\mathrm { N }$ and 31P nuclei. Although the achieved NMR signal enhancements are not as strong as those at low fields (or at high fields in the presence of RF pumping) the ease of implementing high-field SABRE experiments can make them useful in practical applications. For instance, sensitive NMR detection of SABRE complexes becomes feasible. Furthermore, information about high-field SABRE enhancements can be of interest for analyzing the structure and dynamics of SABRE complexes, i.e., NOE efficiencies (in combination with $\\mathrm { T } _ { 1 }$ -relaxation data) can be exploited for determining molecular mobility and geometry of SABRE complexes. Likewise, multiplet-polarized spectra of hetero-nuclei can be used to obtain heteronuclear spin–spin interactions in SABRE complexes.']","['Unlike a static external magnetic field, the rf field has two adjustable parameters: amplitude and frequency, which can be used as another handle to manipulate the transfer of polarization. For example, it can be utilized to eliminate all the thermally polarized signal (e.g. from  $\\mathrm{H}_2\\mathrm{O}$ ) to leave only the hyperpolarized signal, which significantly improves the spectral appearance.']","RF fields can eliminate thermally polarized signals in SABRE experiments due to the following principles derived from the context:

1. **Selective Spin Manipulation via LACs**:  
   Strong RF fields create Level Anti-Crossing (LAC) conditions in the rotating frame. At these crossings, spin states mix selectively for hyperpolarized species (e.g., SABRE-enhanced nuclei) but leave thermally polarized signals (e.g., from solvents like H₂O) unaffected. This allows suppression of thermal background signals while preserving hyperpolarized signals.

2. **Adjustable RF Parameters**:  
   The RF field's **amplitude and frequency** act as independent controls. By tuning these parameters:  
   - The RF frequency can be set to specifically address hyperpolarized transitions, making thermal signals ""invisible"" under the applied conditions.  
   - The phase of polarized signals can be manipulated to further separate them from thermal noise.

3. **Spin-Locking and Adiabatic Passage**:  
   Applying strong RF fields enables **adiabatic spin-locking**, which:  
   - Suppresses thermal signals by saturating their magnetization.  
   - Selectively retains hyperpolarization in long-lived spin states (LLSs), as thermal equilibration occurs faster for non-hyperpolarized spins.  

4. **Experimental Outcome**:  
   As demonstrated (Fig. 25 in the context), RF-SABRE eliminates weak thermal signals (e.g., residual solvent peaks), leaving only strong hyperpolarized signals (e.g., pyridine and H₂ bound to SABRE complexes) with enhancements of ~300-fold in a single scan.  

This approach exploits the distinct response of hyperpolarized spins to RF-driven LACs, enabling clean spectral acquisition free from thermal interference.","Rf fields have adjustable amplitude and frequency, which can be manipulated to eliminate thermally polarized signals, leaving only the hyperpolarized signal and thus improving spectral appearance.",0.3891773071980495,0.9344522708979585,0.9,0.999999999975,1.0
26,What is the first step in imaging the hyperpolarized malate that formed from the metabolism?,"['To image the hyperpolarized malate that formed from the metabolism, we applied OPE-s90 to selectively excite the malate protons, immediately followed by a $9 0 ^ { \\circ }$ rf pulse to return the magnetization back to the $z$ -axis, and then applied a fast low-angle shot (FLASH) sequence[62] with centric reordering to acquire a $6 4 \\times 6 4$ pixel imageThe complete imaging sequence is shown in Figure 5bThe sequence was repeated every $1 2 \\mathrm { s }$ to acquire a train of images as the metabolism progressedFor comparison, we also show nonselective $^ 1 \\mathrm { H }$ images acquired using the same FLASH sequence after the hyperpolarized signals had fully relaxedThe metabolites in the $1 0 \\mathrm { m m }$ tube are at such a low concentration that they are not visible in the thermal equilibrium images, but a large water background signal is present', 'Introduction\nHyperpolarized magnetic (HP) resonance imaging (MRI) has emerged as an important technology that facilitates non-invasive metabolic imaging by enabling the real-time study of cellular and molecular processes through its remarkable sensitivity.[1] It is the process of hyperpolarization that overcomes the intrinsic limitations in sensitivity of conventional MRI, by enhancing nuclear spin polarization levels by several orders of magnitude, which enables the detection of low-concentration metabolites and the monitoring of their biochemical transformations', 'One step in this cycle is the dehydrogenation of succinate to fumarate by the enzyme succinate dehydrogenase, which in turn is converted to malate by the enzyme fumarase [57]This last step is of particular interest for hyperpolarized in\xa0vivo imaging, and has been used to probe the efficacy of cancer therapies [58, 59]Employing $^ { 1 3 } \\mathrm { C }$ -DNP hyperpolarization, Gallagher et\xa0al[60] showed that malate production from fumarate is increased in treated lymphoma cells and tumors by tumor cell necrosisThis seminal discovery initiated intense research into the applications of hyperpolarized fumarate as a real-time metabolic contrast agent for MRI [59, 61–66]Eills and coworkers [67–71] realized that PHIP is a convenient method to efficiently hyperpolarize fumarate and that it can be employed for MRI, which has since been demonstrated by Stewart et\xa0al', 'Since the fumarate protons originate from parahydrogen, the malate becomes hyperpolarized, and the resulting enhanced NMR signals are antiphaseThese PASADENA (Parahydrogen And Synthesis Allow Dramatically Enhanced Nuclear Alignment) signals can be observed by applying a $4 5 ^ { \\circ }$ rf pulse.[17] The formation and metabolism of fumarate are shown in Figure 1, alongside a comparison between PASADENA and thermal equilibrium $\\mathrm { ^ { 1 } H }$ NMR spectra of malate', 'In the case of fumarate, this effect is created in two steps. In the \ue103rst step, the hyperpolarized singlet state of fumarate is generated from dicarboxylic acid by hydrogenation with $\\left. \\mathrm { p } { - } \\mathrm { H } _ { 2 } \\right.$ . In the second step (see Fig. 17, upper panel), the fumarate is converted by fumarase to malate, which breaks the magnetic equivalence of the two hyperpolarized protons and renders them NMR active. In a proof of principle experiment (Fig. 17, lower panel), Eills et al.63 could show that this strategy works indeed by detecting hyperpolarized malate signals of a phantom.']","['To image the hyperpolarized malate that formed from the metabolism, we applied OPE-s90 to selectively excite the malate protons, immediately followed by a 90° rf pulse to return the magnetization back to the ξ-axis, and then applied a fast low-angle shot (FLASH) sequence[62] with centric reordering to acquire a 64×64 pixel image.']","The first step in imaging the hyperpolarized malate formed from metabolism is the application of **OPE-s90** to selectively excite the malate protons. This is immediately followed by a 90° RF pulse to return magnetization to the z-axis, and then a FLASH sequence with centric reordering for image acquisition.  

*(Source: Experimental imaging protocol described in the context)*",The first step is to apply OPE-s90 to selectively excite the malate protons.,0.48864179607211056,0.9954265572632274,1.0,0.9999999999,1.0
27,Why is the preparation of medical-grade $1 - ^{13}\mathrm{C}$ - VP-d6 significantly more challenging and expensive compared to its standard synthesis?,[],"['With such high yields, the synthesis can be scaled up to industrial production. $1 - ^{13}\\mathrm{C}$ - VP- d6 can also be prepared at relatively low costs (several thousand euros per gram). However, the preparation of medical- grade $1 - ^{13}\\mathrm{C}$ - VP- d6 will likely be significantly more challenging and expensive.']","Based on the provided information, the question cannot be answered. The RAG knowledge base contains no context regarding the synthesis challenges or cost factors of medical-grade $1 - ^{13}\mathrm{C}$ - VP-d6 compared to its standard synthesis.","The preparation of medical-grade $1 - ^{13}\mathrm{C}$ - VP-d6 is more challenging and expensive because it requires stricter purity and safety standards, which involve additional processes and quality controls not needed for standard synthesis.",0.1810602341428113,0.0,1.0,0.0,0.0
28,What is the third step in the experimental procedure described?,"['A three-step procedure was applied to synthesize 4-amino $[ { } ^ { 1 5 } \\mathsf { N } ]$ pyridine, Figure 6, starting from $[ ^ { 1 5 } \\mathsf { N } ]$ pyridine.[73] Pyridine itself is an unreactive compound especially for an electrophilic substitution reactionTherefore, in the first step, $[ { } ^ { 1 5 } \\mathsf { N } ]$ pyridine was converted to $[ { } ^ { 1 5 } \\mathsf { N } ]$ pyridine-N-oxide, which is more reactive in the subsequent stepThis reaction occurs with ${ \\mathsf { H } } _ { 2 } { \\mathsf { O } } _ { 2 }$ as an oxidant with an $8 0 \\%$ yieldThe N-oxide group in pyridine allows the nitration to be carried out under mild conditions in the second step to achieve a $9 0 \\%$ yield of 4-nitro $[ ^ { 1 5 } \\mathsf { N } ]$ pyridineN-oxideThe reaction with iron in acetic acid in the third step reduces both the nitro group and the N-oxide group, producing 4-amino $^ { \\cdot 1 5 } _ { \\mathsf { N } } ]$ pyridine with $3 5 \\%$ yield', 'In the third step, the Wilkinsontype catalyst Si-PB-Rh was created by binding rhodium to the triphenylphosphine $( P P h _ { 3 } )$ groups of the Si-PB support materialTo monitor each of the synthetic steps and to determine the structures produced during the synthesis of Si-PB-Rh, solid-state NMR and SEM experiments were performed as described below.', 'III. EXPERIMENTAL', '3. Experimental', '3. Experimental']","['The solution was first precooled to $0^\\circ \\mathrm{C}$ for a minute, placed in a polarization transfer field (PTF) of $0.4\\mu \\mathrm{T}$ and bubbled at room temperature $(\\sim 20^{\\circ}\\mathrm{C})$ with a flow rate of 120 sccm.']","The third step in the experimental procedure for synthesizing 4-amino[¹⁵N]pyridine involves the reduction of 4-nitro[¹⁵N]pyridine N-oxide using iron in acetic acid. This reaction simultaneously reduces both the nitro group and the N-oxide group, yielding 4-amino[¹⁵N]pyridine with a 35% yield.",The third step is placing the solution in a polarization transfer field (PTF) of 0.4μT and bubbling at room temperature.,0.1314312473090687,0.7133667068425257,1.0,0.0,0.0
29,Why does the melting point of ionic liquids vary with the choice of anion and cation?,"['Ionic liquid systems\nAs discussed above, several criteria for the proper selection of the suitable IL have to be fulfilled. Solubility tests of the $[ \\mathrm { R h ( C O D ) ( d p p b ) } ] [ \\mathrm { B F _ { 4 } } ]$ catalyst in ILs revealed the following: while this catalyst possesses a relatively high solubility in $[ \\mathrm { C } _ { 2 } \\mathrm { m i m } ]$ -based ILs containing the $[ \\mathrm { T f } _ { 2 } \\mathrm { N } ] ^ { - }$ or $[ \\mathrm { B F _ { 4 } } ] ^ { - }$ anions when heating, for the $[ \\mathsf { S C N } ] ^ { - }$ , $\\left[ \\mathrm { C F } _ { 3 } \\mathrm { C O } _ { 2 } \\right] ^ { - }$ and $\\mathrm { [ C H _ { 3 } C O _ { 2 } ] ^ { - } }$ anions the solubility decreases in this order, probably due to their hydrogen bond acceptor properties.43', 'A more general idea can be derived from these results: solubility problems of catalysts can be overcome by alteration of either the ligand structure or the counter-ion in case of ionic homogeneous catalysts. The preparative effort of anion exchange can thus be circumvented using ILs, which offer a large portfolio of anion and cation variations. A soluble, liquid and hence highly active catalyst system is formed in situ after addition of an IL excess (with respect to the catalyst).', 'This difference is possibly due to the very different reaction conditions (gas vsliquid phase and temperatures)', 'These findings are also suitable for the explanation of the observations in recent literature, where three groups have been trying to perform PHIP hydrogenations in ionic liquids. Stark and Buntkowsky studied the hydrogenation of ethyl acrylate in ionic liquids containing the anion $\\mathrm { N T f } _ { 2 } ^ { - }$ .12 They were only able to detect PHIP signals in cases where the IL was present in very low concentration (substrate/IL ratio of 100:1). With high IL concentrations (where the IL could accurately be called a solvent), no PHIP was detected. The authors attributed this behavior predominantly to the high viscosity of the ionic liquid and the result of low mass transport.', 'Ionic liquids [153–155] have become an attractive option for the possible replacement of conventional molecular solventsFeatures that make ionic liquids attractive include their lack of vapour pressure and the great versatility of their chemical and physical propertiesA further advantage is the possibility of biphasic catalysisThis can be achieved where the catalyst and reactants are miscible in the ionic liquid and the products are insolubleThe rhodium-sulfoxantphos catalysed hydroformylation of 1-octene in 1-n-butyl-3-methylimidazolium hexafluorophosphate $\\left( { \\bf B M I } \\cdot { \\bf P F } _ { 6 } \\right)$ ) was monitored in situ by highpressure IR and NMR by van Leeuwen and co-workers [156]Similar equatorial–equatorial and equatorial–apical $[ \\mathrm { H R h } ( \\mathrm { C O } ) _ { 2 }$ (diphosphine)] catalytic species, as observed in organic solvents, are formed in the ionic liquid']","[""With a given cation, the choice of anion has a strong effect on the melting point. Coordinating and hydrophilic anions like the halides lead to high melting points, whereas weakly coordinating and hydrophobic anions result in low melting points. By variation of the alkyl chain length in the cation, fine-tuning of the melting point can be achieved. Symmetrically substituted cations can crystallise easily and therefore often lead to 'ionic solids' (i.e., high melting points). Low symmetry in substitution can prevent easy crystallisation, resulting in low melting points.""]","Based on the provided information, the question cannot be answered. The context discusses ionic liquids in relation to catalyst solubility, viscosity effects on PHIP experiments, and general advantages (e.g., lack of vapor pressure, biphasic catalysis), but it does not address the factors influencing their melting points.","The melting point varies because coordinating and hydrophilic anions (e.g., halides) lead to high melting points, while weakly coordinating and hydrophobic anions result in low melting points. Additionally, symmetrically substituted cations crystallise easily, leading to high melting points, whereas low symmetry and longer alkyl chains (up to a certain limit) prevent easy crystallisation, resulting in lower melting points.",0.2427343422880897,0.0,1.0,0.0,0.0
30,How does the chemical conversion of 1′ compare to that of 2′ and 3′ in the PR-above experiment?,"[""30 s and lasting over 1 min after thatThis pattern of signals was successfully reproduced for HP product 1 during the PR-above experiment on another day, so this behavior is likely caused by higher chemical conversion of $\\mathbf { \\delta } _ { \\mathbf { l } ^ { \\prime } }$ compared to $\\mathbf { \\delta } _ { 2 ^ { \\prime } }$ and 3'Higher chemical conversion leads to larger molar polarization of nascent $\\mathrm { \\Delta H _ { A } }$ and $\\mathrm { H _ { B } }$ protons which results in stronger PRINOE-mediated polarization of the $\\boldsymbol { { \\mathit { 1 } } } \\boldsymbol { { c } }$ protonThe emergence of the $_ { 4 c }$ signal in the RASER of 4 supports this hypothesis, as chemical conversion in this experiment was also significant"", 'Formation of 3 from 1 upon Addition of Pyridine and ${ \\sf H } _ { 2 }$ . In contrast, 1 reacts very slowly and cleanly with $\\mathrm { H } _ { 2 }$ when it is located in a freshly prepared $\\mathrm { C D } _ { 2 } \\mathrm { C l } _ { 2 }$ solution containing pyridine at $2 9 8 \\mathrm { ~ K ~ }$ to form the same reaction product. We have identified this product as neutral $\\mathrm { I r ( H ) } _ { 2 } ( \\kappa C , \\hat { O } { \\cdot } \\mathrm { L } _ { 1 } ) ( \\mathrm { p y ) } _ { 2 } ,$ 3 (see Scheme 3), through a series of observations that we now describe. We note that after $2 4 \\mathrm { ~ h ~ } 4 0 \\%$ conversion of a $1 . 6 \\times$ $1 0 ^ { - 5 }$ mol solution of 1 with an 8-fold excess of pyridine under 3 bar of pressure of $\\mathrm { H } _ { 2 }$ to 3 is achieved; this reaction goes to completion on a longer time scale.', 'Next, we turned to the hydrogenation experiments with propyneThe experiments explored three flow rates (156, 240 and $3 4 8 ~ \\mathrm { m L s } \\mathrm { m i n } ^ { - 1 }$ ) using a volume ratio of propyne:p- $\\cdot \\mathsf { H } _ { 2 }$ of 1 : 4 and 5 mg of ${ \\mathsf { R h } } _ { 2 } { \\mathsf { C } }$ (premixed with $2 0 ~ \\mathsf { m g }$ of SiC) tested in the temperature range $5 0 ^ { \\circ } \\mathsf { C } _ { - } 1 0 0 ^ { \\circ } \\mathsf { C }$ The propyne conversion in these experiments was significantly lower than that achieved for propene (see above), which is in accord with the stronger adsorption of alkynes, resulting in higher activation barriers for their hydrogenation relative to alkenes.[16] The highest propyne conversion was obtained with the catalyst bed externally heated to $1 0 0 ^ { \\circ } \\mathsf C$ (Table S2) and amounted to $1 6 \\%$', 'The results obtained in PR-above experiments are described well by the assumption that the main source of polarization after the stopping of the $\\boldsymbol { p }$ - $\\mathrm { H } _ { 2 }$ flow is the continuing pairwise addition of dissolved ${ p \\mathrm { - } } \\mathrm { H } _ { 2 }$ to the remaining unsaturated precursor, as we observe a series of diminishing bursts of RASER for HP products 2–4However, there is a more complex and prolonged signal dynamics in the case of PR-inside experimentsThis may be explained by the fact that during PR-inside experiments, the nascent polarization of the sample interacts with the RF coil during polarization buildup and before the start of acquisition, while in PR-above experiments, the accumulated polarization starts interacting with the coil only after the hyperpolarization process is completed', 'PASADENA RASER (PR)\nAs the RASER effect is a result of an interaction of an RF coil with a hyperpolarized spin ensemble, we compared two variants of hyperpolarization preparation at PASADENA conditions (Fig. 1c). In the first variant, the preheated sample is placed inside the RF coil followed by hydrogenation of the precursor after which the NMR signal acquisition is initiated (PRinside protocol). In the second variant (PR-above protocol), the preheated sample with an unsaturated precursor is positioned above the RF coil but at the same magnetic field of $7 . 0 5 \\mathrm { T }$ followed by p- $\\cdot \\mathrm { H } _ { 2 }$ bubbling. The difference between the two PASADENA RASER protocols is that in the PR-above protocol strong PASADENA polarization is first accumulated and then it starts interacting with the coil while in the PR-inside protocol these two processes occur simultaneously.']",['This behavior is likely caused by higher chemical conversion of 1′ compared to 2′ and 3′. Higher chemical conversion leads to larger molar polarization of nascent HA and HB protons which results in stronger PRINOE- mediated polarization of the 1c proton.'],"Based on the provided context, the chemical conversion of $\mathbf{\delta_{1'}}$ is higher than that of $\mathbf{\delta_{2'}}$ and $\mathbf{\delta_{3'}}$ in the PR-above experiment. This difference in conversion is attributed to the stronger polarization effects observed for the $\boldsymbol{{1}c}$ proton, as higher conversion leads to larger molar polarization of nascent $\mathrm{\Delta H_A}$ and $\mathrm{H_B}$ protons, resulting in enhanced PRINOE-mediated polarization. The emergence of the $_{4c}$ signal in the RASER spectrum of compound 4 further supports this hypothesis, as significant chemical conversion was also observed in those experiments.",The chemical conversion of 1′ is higher than that of 2′ and 3′ in the PR-above experiment.,0.4859377936697251,0.8384590749748927,0.875,0.9999999999,1.0
31,Why do heterogeneous catalysts operating at high temperature result in weak polarizations and low efficiencies when generating hyperpolarized propane?,"['The development of PHIP methods for generating hyperpolarized propane, by propene hydrogenation, is also of significant interest in human lung imaging,24 reactor and microfluidic device visulation,25−27 and high-resolution MRI detection.28 Here, heterogeneous catalysts operating at high temperature have been extensively used to generate hyperpolarized propane, often under experimentally challenging flow conditions ,29−31 for example, supported heterogeneous catalysts that operate at $1 0 0 ~ ^ { \\circ } \\mathrm { C }$ or aboveHowever relatively weak polarizations normally result ${ \\bf \\tilde { \\rho } } _ { \\sim 3 }$ to $1 1 \\% ) ^ { 3 2 - 3 4 }$ and catalyst efficiencies normally remain low $( \\sim \\mathrm { i } 0 \\% ) , ^ { 3 5 - 3 8 }$ which combined lead to low overall catalytic flux', 'The high mobility of the adsorbed protons over the Rh nanoparticles result in inefficient pairwise addition for the molecule polarizationSingle-atom Rh formed in the S-1 nanocrystals is highly active for propane hydrogenationHowever, the PHIP effect is hard to be observed because the strong interactions of propane molecules with the zeolite framework attenuate the molecule polarization by shortening nuclear spin relaxation, leading to a low signal enhancementThe results presented herein provide new insights into the PHIP on heterogeneous catalysts and would be helpful for the development and optimization of efficient catalysts for PHIP signal enhancement.', 'All four catalysts were also tested in the gas-phase hydrogenation of propene with ${ p \\mathrm { - } } \\mathrm { H } _ { 2 }$ which was carried out similarly to the hydrogenation of propyne, with a mixture of propene and $p \\mathrm { - } \\mathrm { H } _ { 2 } \\left( 1 { : } 4 \\right)$ passed through the catalyst in the strong magnetic field of an NMR spectrometer at catalyst temperatures of $2 5 \\mathrm { - } 1 2 0 ~ ^ { \\circ } \\mathrm { C }$ Under continuous flow conditions, $\\mathrm { I r } ^ { \\mathrm { N } }$ and $\\mathbf { R h } ^ { \\mathrm { P } }$ yielded hyperpolarized propane at $1 0 0 { - } 1 2 0 ~ \\mathrm { ^ { o } C }$ (Fig3 and S6 and S9‡)$\\mathrm { I r } ^ { \\mathrm { P } }$ produced hyperpolarized propane at a lower temperature $( 8 0 ~ ^ { \\circ } \\mathbf { C } )$ in comparison with $\\mathrm { I r } ^ { \\mathrm { N } }$ and $\\operatorname { R h } ^ { \\mathrm { { P } } }$ (Fig3 and $\\mathbf { S 7 \\ddagger }$ )', 'Herein, we show that surface-grafted vanadium complex VCAT can provide hyperpolarized compounds in hydrogenations with parahydrogenIn particular, it is shown that in spite of a relatively low activity, this catalyst demonstrates high stability over long reaction runs, providing continuous production of hyperpolarized propane in propene hydrogenation with parahydrogenIt is demonstrated that the production of hyperpolarized propane takes place over a wide range of temperatures $( 2 5 0 { - } 5 0 { \\bar { 0 } } ^ { \\circ } \\mathrm { C } )$ On the other hand, propane dehydrogenation in the presence of para- $\\cdot \\mathrm { H } _ { 2 }$ led to the observation of hyperpolarization effects for the side-product 1- butene, whereas propane itself remained not polarized, implying that the $\\mathrm { H } _ { 2 }$ pairwise replacement process is likely inefficient', 'Hence, suitable catalysts for the formation of hyperpolarized propane by a pairwise incorporation of $\\mathrm { p } { \\cdot } \\mathrm { H } _ { 2 }$ into propene should have a high hydrogenation activityOn the other hand, for zeolite $0 4 \\mathrm { P d / H , N a { - } Y }$ with the strongly higher hydrogenation rate (Table 2, column 4), only very weak antiphase signals occurredThis finding indicates that noble metal catalysts with a too high hydrogenation activity are not suitable for the formation of']","[""Here, heterogeneous catalysts operating at high temperature have been extensively used to generate hyperpolarized propane, often under experimentally challenging flow conditions,29- 31 for example, supported heterogeneous catalysts that operate at  $100^{\\circ}\\mathrm{C}$  or above. However relatively weak polarizations normally result  $(\\sim 3$  to  $11\\%$  32- 34 and catalyst efficiencies normally remain low  $(\\sim 10\\%)$  35- 38 which combined lead to low overall catalytic flux. As propane's  ${}^{1}\\mathrm{H}$  and  ${}^{13}\\mathrm{C}$ $T_{1}$  relaxation times are short, rapid and efficient creation of a high flux of hyperpolarized product is critical if operando catalytic methods or imagining applications using PHIP are to be developed.25,33""]","Based on the provided context, heterogeneous catalysts operating at high temperatures result in weak polarizations and low efficiencies for hyperpolarized propane generation due to two primary mechanisms:

1.  **Inefficient Pairwise Addition (Rh Nanoparticles):**  
    High mobility of adsorbed protons over Rh nanoparticles disrupts the pairwise addition mechanism required for effective parahydrogen-induced polarization (PHIP). This prevents the correlated spin order from *p*-H₂ from being efficiently transferred to the propane molecules.

2.  **Shortened Nuclear Spin Relaxation (Zeolite Frameworks):**  
    Strong interactions between propane molecules and the zeolite framework significantly shorten nuclear spin relaxation times (T₁). This rapid relaxation dissipates the hyperpolarization before it can be observed, leading to low signal enhancement. This occurs even with highly active single-atom Rh catalysts in zeolites.

Additionally, the context indicates that:
*   Catalysts with excessively high hydrogenation activity (e.g., Pd/H,Na-Y zeolite) are unsuitable for PHIP, resulting only in very weak antiphase signals, despite their high reaction rates.
*   While high activity is necessary for hydrogenation, it must be balanced with the specific requirements for efficient pairwise hydrogen transfer and sufficiently long spin relaxation times to preserve the hyperpolarized state.","Because propane's 1H and 13C relaxation times are short, making rapid and efficient creation of a high flux of hyperpolarized product critical for operando catalytic methods or imaging applications using PHIP.",0.17454643967771438,0.9573759157945844,1.0,0.49999999995,1.0
32,What is the first step in the PhD-PHIP experiment described?,"['The PHIP experiments corroborate the finding that the catalysts need an initial activation step. Whereas after the first hydrogenation (PHIP1) no PHIP activity of $[ \\mathsf { S i O } _ { 2 }$ –Py–Wilk] was visible, slight activity in the hydrogenation with parahydrogen was observed after the second hydrogenation step (PHIP 2), and finally a much higher activity was observed in the third and the fourth step (PHIP 3 and PHIP 4).', 'PHIP experiments\nThe sample for PHIP experiments was prepared by transferring $[ \\mathsf { S i O } _ { 2 }$ -Py-Wilk] $( 1 0 \\mathsf { m g } )$ styrene $( 0 1 ~ \\mathrm { m L } )$ and $[ \\mathsf { D } _ { 8 } ]$ toluene $( 0 7 ~ \\mathrm { m L } )$ of into a $5 \\mathsf { m m }$ screw-cap NMR sample tubeBy cooling ${ \\sf H } _ { 2 }$ to $7 7 \\kappa$ in the presence of activated charcoal, parahydrogen was enriched with a laboratory-built apparatus described in the literature.[18] The hydrogenation with parahydrogen (PHIP1) was performed in the Earth magnetic field under ALTADENA[19] conditions employing 2 bar of para-enriched ${ \\sf H } _ { 2 }$ and heating the reaction mixture at the boiling pointAfter $\\approx 1 0 \\mathrm { - } 1 5 ~ \\mathrm { s }$ reaction time, the sample was transferred into the strong magnetic field of a 11.7 Tesla Bruker AVANCE III 500 spectrometerUsing 1 scan and a RF-pulse of $1 4 \\mu s ,$ a series of $^ 1 \\mathsf { H }$ NMR spectra with a delay time of $8', 'The experiment confirms what has been predicted by theory and simulations: any thermal signal arising either from the same target molecule or from different molecular systems within the sample will be immediately separated from the hyperpolarized signal.[23] This is remarkable since the hydrogenation reaction involved in PHIP could be more or less effective depending on several factors. The hyperpolarized signal will coexist, among other possibilities, with the educt, the catalyst, and the solvent (normally deuterated to avoid thermal signals, but could be protonated). Therefore, the multipulse acquisition with PhD-PHIP provides a simple way to get rid of any of these thermal contributions that could hide the hyperpolarized signal, allowing for its observation even under poor reaction conditions.[30]', 'This simple experiment shows that PhD-PHIP is an extremely sensitive tool to monitor chemical reactions at low magnetic fields even with a poor degree of homogeneity.', 'IITheoretical approach to PHIP in multi-spin system at variable magnetic field\nIn our theoretical approach to PHIP in multi-spin systems, we refer to experimental protocols that include the following three steps: (1) PHIP is prepared at the desired field, $B _ { \\mathrm { p } }$ , during time $\\tau _ { \\mathrm { p } }$ (preparation step) by attachment of para-hydrogen to the non-polarized molecule; (2) the external magnetic field is switched from $B _ { \\mathrm { p } }$ to the observation field, $B _ { 0 }$ , during time $\\tau _ { \\mathrm { f v } }$ (field variation step); (3) HP spectra are acquired by Fourier transform (FT) NMR at $B \\ = \\ B _ { 0 }$ (detection step)A more detailed scheme including removal of thermal background magnetization will be presented in section IVThe preparation time will be considered so long that all coherences between the spin states have vanished (see text below) at $t ~ = ~ \\tau _ { \\mathrm { p } }$']",['Every experiment consists of a bubbling period followed by acquisition with the PhD-PHIP sequence.'],"Based on the provided context, the first step in the PhD-PHIP experiment is the **preparation step**, described as follows:

1. **Preparation step**: PHIP is prepared at a specific magnetic field (\(B_{\mathrm{p}}\)) for a time (\(\tau_{\mathrm{p}}\)) by attaching para-hydrogen to the non-polarized molecule. This step must be sufficiently long (\(\tau_{\mathrm{p}} \approx 10–15\) seconds in the experimental example) to ensure all coherences between spin states vanish before proceeding.  

This step occurs under controlled magnetic field conditions and initiates the polarization transfer from parahydrogen to the target molecule.",A bubbling period followed by acquisition with the PhD-PHIP sequence.,0.15149016717300984,0.9835662548621972,0.8571428571428571,0.0,0.0
33,Why does varying contact time have little effect on propene selectivity for the single-atom Pd1/ND@G catalyst?,"['In order to examine the catalyst activity in the pairwise hydrogen addition, single-atom and cluster Pd catalysts were tested at an elevated flow rate of $2 2 0 \\mathrm { \\ m L _ { n } / m i n }$ . For both catalysts, higher gas flow rates result in a lower total propyne conversion, which is directly related to shorter contact times with the catalyst. However, it should be stressed that for the single-atom $\\mathrm { P d _ { 1 } } / \\mathrm { N D } @ \\mathrm { G }$ catalyst, varying contact time has little effect on propene selectivity, which remains at the $9 7 -$ $1 0 0 \\%$ level. By analogy with acetylene hydrogenation and performed DFT calculations,17 one may conclude that the energy barrier to further hydrogenation to propane is much higher than that for the desorption of adsorbed propene to the gas phase.', 'The $\\mathrm { P d } _ { \\mathrm { n } } / \\mathrm { N D } @ \\mathrm { G }$ catalyst demonstrated a rather different catalytic behavior under the same experimental conditions\ue0d5it reached $9 8 \\%$ conversion of propyne already at $7 0 ~ ^ { \\circ } \\mathrm { C }$ (Table 2)At $2 5 \\ \\mathrm { m L _ { n } / m i n }$ flow rate, the selectivity toward propene decreased dramatically to $1 0 \\%$ as a result of the undesired overhydrogenation to propaneAt a higher flow rate (220 $\\mathrm { m L _ { n } } / \\mathrm { m i n } )$ , this effect leveled off, and the selectivity was $8 5 \\%$ , indicating that the selectivity to propene directly depends on the contact time of both propyne and propene with the catalystA lower selectivity to propene for Pd clusters can be also caused by the formation of the $\\beta$ -hydride phase since subsurface hydrogen atoms are known to be more active and less selective than surface hydrogen atoms and cause overhydrogenation of alkynes to alkanes', 'With only 0.11 wt $\\%$ Pd loading and a ${ \\mathfrak { s m g } }$ sample, the $\\mathrm { P d } _ { 1 } /$ $\\mathrm { N D } @ \\mathrm { G }$ catalyst showed an excellent catalytic activity in propyne hydrogenation, reaching a maximum propyne conversion of $8 8 \\%$ at $2 8 0 ~ ^ { \\circ } \\mathrm { C }$ and $2 5 \\mathrm { \\ m L _ { n } / m i n }$ flow rate (Table 1)Moreover, the catalyst demonstrated superior selectivity toward propene $( 9 7 - 1 0 0 \\% )$ over the entire reaction temperature range $( 2 2 0 - 2 8 0 ~ ^ { \\circ } \\mathrm { C } )$ These observations are consistent with the previous studies of the $\\mathrm { P d / N D } @ \\mathrm { G }$ catalysts in selective hydrogenation of acetylene17 and phenylacetylene.42 The high selectivity of the $\\mathrm { P d } _ { \\mathrm { 1 } } / \\mathrm { N D } @ \\mathrm { G }$ catalyst can be associated with the single-atom nature of active Pd', 'The hydrogenation reactions were performed on the catalysts with different loadings to explore the effect of molecule–zeolite interactions on the polarization generation efficiencyConsidering the signal enhancement, the Rh/SP-S1 catalyst was used for all the reactionsBesides that with 30 mg catalyst (Fig5a), two reactions with $1 0 \\ \\mathrm { m g }$ and $6 0 ~ \\mathrm { m g }$ catalyst were also conducted with time on stream experiments under the ALTADENA conditionAs shown in Fig7, changing the catalyst loading has little influence on the propane selectivity, while the propene conversion is largely enhanced with a higher catalyst loadingInterestingly, the average SEF follows a decreasing trend as the catalyst amount increases, which is 56.1, 49.0 and 31.2 for the reactions with $1 0 \\ \\mathrm { m g }$ (Fig7a), $3 0 ~ \\mathrm { m g }$ (Fig5b) and $6 0 ~ \\mathrm { m g }$ (Fig7b) catalyst, respectively', 'As expected, the higher the Pt content of these catalysts, the higher the propene conversion (more active sites), but despite the ultra-low Pt content, the pairwise selectivity is still relatively lowThe signal enhancement over these catalysts may be limited by the randomization of the parahydrogen singlet state accompanying hydrogen spillover from $\\mathrm { \\bf P t }$ to $\\mathrm { C e O } _ { 2 }$ ,[13] rather than by the rapid hydrogen diffusion observed on larger Pt particles.[14] In all cases, the pairwise selectivity is higher at a reaction temperature of $3 0 0 ^ { \\circ } \\mathrm { C }$ compared with $2 0 0 ^ { \\circ } \\mathrm { C }$ indicating that the rate of hydrogen addition to propene increases faster than the spillover rate (or the rate of surface hydrogen diffusion on the $\\mathbf { P t }$ metal particles on the $\\mathrm { C e O } _ { 2 }$ cube support)The propene conversion over the Oct-8ppm catalyst also increases, resulting in an intense ALTADENA signal (Figure 2)']","['For both catalysts, higher gas flow rates result in a lower total propyne conversion, which is directly related to shorter contact times with the catalyst. However, it should be stressed that for the single-atom Pd1/ND@G catalyst, varying contact time has little effect on propene selectivity, which remains at the 97-100% level. By analogy with acetylene hydrogenation and performed DFT calculations, one may conclude that the energy barrier to further hydrogenation to propane is much higher than that for the desorption of adsorbed propene to the gas phase.']","Based on the provided context, varying contact time has little effect on propene selectivity for the single-atom **Pd<sub>1</sub>/ND@G** catalyst due to two key reasons derived from the experimental and computational evidence:  

1. **Energy Barrier Differences**:  
   DFT calculations (analogous to acetylene hydrogenation studies) indicate that the energy barrier for further hydrogenation of adsorbed propene to propane is **significantly higher** than the energy barrier for propene desorption into the gas phase. This thermodynamic preference ensures that propene readily desorbs before overhydrogenation occurs, regardless of contact time.  

2. **Single-Atom Nature of Pd**:  
   The isolated Pd atoms in **Pd<sub>1</sub>/ND@G** prevent the formation of subsurface hydrides (β-hydride phase), which are typical in Pd clusters and promote non-selective overhydrogenation. The absence of these highly reactive subsurface hydrogen atoms ensures consistent propene selectivity (97–100%) across all tested flow rates (25–220 mL<sub>n</sub>/min) and temperatures (220–280 °C).  

### Contrast with Pd Clusters:  
In contrast, the **Pd<sub>n</sub>/ND@G** (cluster) catalyst exhibits strong contact-time-dependent selectivity. At longer contact times (e.g., 25 mL<sub>n</sub>/min flow rate), selectivity drops to 10% due to subsurface hydride formation enabling propane production. This further underscores the unique mechanistic behavior of single-atom Pd sites.  

Thus, the intrinsic properties of isolated Pd atoms—governed by reaction energetics and the absence of ensemble sites—render propene selectivity insensitive to contact time variations.",Because the energy barrier to further hydrogenation to propane is much higher than that for the desorption of adsorbed propene to the gas phase.,0.5722159624865105,1.0,0.36363636363636365,0.9999999999,1.0
34,What is the first step in the SABRE method for spin-polarizing samples for zero-field NMR measurements?,"['Since no magnetic field is present during the zero-field NMR measurements, samples need to be spin-polarized prior to the measurementsThis can be achieved by remote thermal prepolarization with a permanent magnet located outside of the zero-field (detection) region11This is a universal approach, providing, however, low sensitivity of the measurementsAlternatively, polarization of the sample can be achieved by application of chemically discerning hyperpolarization methods12–15 among which para-hydrogen-induced polarization (PHIP) is one of the most promising as it works well at ZULFs16–19The resulting PHIP-signal enhancement can be achieved using hydrogenative $\\mathrm { P H } \\breve { \\mathrm { I P } } ^ { 2 0 - 2 2 }$ or the so-called Signal Amplification by Reversible Exchange (SABRE)23–26, which is the method used in this work', '7Concluding remarks\nWithin less than 10 years since its discovery, the SABRE method has become an established technique to enhance NMR signals by several orders of magnitudeOriginally, SABRE was demonstrated by preparation of non-thermal spin order at low magnetic fields with subsequent sample transfer to the high field of an NMR spectrometerSince then, efficient strategies for the formation of polarization at low and ultralow fields have been developed, as well as field-cycling techniques compatible with SABREFurthermore, approaches for polarizing SABRE substrates directly in the field of the NMR spectrometer have been designed, which are applicable to protons as well as to hetero-nucleiThese SABRE techniques can be guided by theoretical developments, which allow one to estimate achievable signal enhancements and enable the rational design of NMR pulse sequences for spin order transfer', 'Conclusions\nIn this work, we investigated SABRE-polarization at zeromagnetic field for a range of molecules: pyridine derivatives at their natural isotopic abundanceUsing zero-field NMR, we analyzed the molecular spectral patterns and demonstrated their uniqueness with respect to both the substituent and its positionSuch identification was performed for the first time using hyperpolarized samples at natural isotopic abundanceAlong with the measurements, the experimental setup was constructed, allowing long-term in-situ SABRE experiments performed under zero-field conditionsIt enabled studies of the activation of the SABRE catalyst for optimal zero-field hyperpolarization protocol, as well as long-term (many averages) measurements, allowing for the study of compounds at natural isotopic abundance of $^ { 1 5 } \\mathrm { \\check { N } }$ A particularly promising extension of the current study is the development of in-situ SABRE-RELAY hyperpolarization for ZULF $\\mathrm { \\hat { N M R } } ^ { 4 5 }$', 'Typically, in SABRE experiments, polarization transfer occurs in a “spontaneous” way, i.e., without radiofrequency (RF) excitation, when the spin system is placed at a low magnetic field, which is set to $5 { \\cdot } 1 5 \\mathrm { m T }$ to polarize protons8,9 and to $\\mu \\mathrm { T }$ fields (or sub- ${ \\bf \\cdot } { \\bf \\mu } \\mathrm { T }$ fields) to polarize hetero-nuclei,10–14 such as $^ { 1 3 } \\dot { \\mathrm { C } } , { } ^ { 1 5 } \\mathrm { N } ,$ and $^ { 3 1 } { \\mathrm { P } } .$ Hence, for high-resolution NMR detection of SABRE-polarized molecules, it is necessary to transport the sample between the low polarization field and the high NMR detection fieldFast and reproducible sample transport (to effect field cycling) can be technically demandingFurthermore, it is a limiting factor when it comes to the study of fast reaction kinetics and signal averaging', '1Introduction\nThe SABRE (Signal Amplification By Reversible Exchange) technique[1] is becoming a popular method for significant enhancement of NMR (Nuclear Magnetic Resonance) signalsSABRE belongs to the PHIP (Para-Hydrogen Induced Polarization) family[2] of spin hyperpolarization methods, which make use of the non-thermal spin order of parahydrogen $( p \\mathsf { H } _ { 2 } ,$ the ${ \\sf H } _ { 2 }$ molecule in its singlet nuclear spin state)In contrast to the traditional hydrogenative PHIP, in SABRE reversible interactions of ${ p \\mathsf { H } } _ { 2 }$ with a to-be-polarized substrate are exploitedSpecifically, both ${ p \\mathsf { H } } _ { 2 }$ and the substrate reversibly bind to an iridiumbased organometallic complex,[1a] where polarization transfer occurs (Scheme 1)Subsequently, the complex dissociates and free hyperpolarized substrate molecules are formed, so that their signals exhibit strong NMR signal enhancement']","['The text describes the SABRE method for spin-polarizing samples for zero-field NMR measurements, detailing the steps involving the catalyst, substrate, and para-hydrogen interaction to achieve high spin polarization.']","Based on the provided context, the first step in the SABRE method for spin-polarizing samples for zero-field NMR measurements involves **reversible binding of both para-hydrogen (p-H₂) and the substrate to an iridium-based organometallic complex**. This is explicitly stated in the introduction section of the context:  

> *""In SABRE, reversible interactions of p-H₂ with a to-be-polarized substrate are exploited. Specifically, both p-H₂ and the substrate reversibly bind to an iridium-based organometallic complex, where polarization transfer occurs.""*  

This binding initiates the polarization transfer process within the complex, enabling subsequent hyperpolarization of the substrate molecules upon dissociation. No RF excitation or magnetic fields are required for this initial step.",The first step is the formation of an active iridium-based catalyst from a precatalyst.,0.761526857957151,1.0000000000000002,0.8333333333333334,0.0,0.0
35,Why are nitrogen atoms present in graphene in the catalysts?,"['To investigate the chemical and electronic state of Pd sites on the surface, the catalysts were studied by $\\mathrm { x }$ -ray photoelectron spectroscopy (XPS). The XPS spectra were collected for fresh catalysts and also after reduction treatment. The catalysts were reduced ex situ at $2 0 0 ~ ^ { \\circ } \\mathrm { C }$ under 75 mbar $\\mathrm { H } _ { 2 }$ pressure for $^ \\textrm { \\scriptsize 1 h }$ . Atomic concentrations of Pd, C, N, and O are presented in Table 3. We assume that nitrogen atoms on the surface are from graphene or nanodiamonds\ue0d5the value of BE for N 1s and reasonably constant atomic concentrations confirm this assumption. The source of nitrogen atoms in graphene is palladium nitrate used as a precursor in catalyst preparation. The relatively high oxygen atomic concentration on the surface is consistent with XPS analysis of the $\\mathrm { N D } @ \\mathrm { G }$ support in the previous work and can be associated with the defectiveness of graphene.17', 'Recently, a promising catalyst for the selective acetylene hydrogenation was proposed, in which Pd atoms are anchored on defective sites of graphene.17 The enhanced stability and selectivity of such single-atom Pd catalysts compared to Pd clusters are explained by the strong interaction of Pd atoms with the support as a result of embedding of Pd atoms in the graphene defects through bonding with C atoms.', 'METHODS\nCatalyst Preparation. For catalyst preparation, the defective nanodiamond/graphene $( \\mathrm { N D } @ \\mathrm { G } )$ carbon material was used; it was shown earlier that this material contains a thin graphene shell with abundant defects formed during the annealing of nanodiamonds.36 By varying Pd metal loading, the dispersion of Pd was controlled: Pd with monoatomic distribution $\\left( \\mathrm { P d } _ { \\mathrm { 1 } } / \\mathrm { N D } @ \\mathrm { G } \\right)$ was formed at 0.11 wt $\\%$ and Pd clusters $\\left( \\mathrm { P d } _ { \\mathrm { n } } / \\mathrm { N D } @ \\mathrm { G } \\right)$ were formed at 0.87 wt $\\%$ .', 'As platinum group metals are inherently more active in catalytic transformations, it appeared reasonable to test them in HET-PHIP experiments. In particular, a single-atom palladium catalyst prepared by anchoring of Pd atoms into the cavities of mesoporous polymeric graphitic carbon nitride [40, 41] was also tested in the liquid- and gas-phase hydrogenation of alkynes with parahydrogen and demonstrated some NMR signal enhancements, albeit not as high as one might expect for such catalysts. Another interesting system is based on the single Pd atoms dispersed on a nanodiamond/graphene hybrid support, which demonstrates high activity and selectivity in hydrogenation of acetylene to ethylene [42], and is also demonstrating pronounced PHIP effects.', 'These results also highlight a key advantage for HETPHIP, which is the stability of metal surfaces used for PHIP of nitrogenous compounds. Because nitrogen groups are excellent electron donors to transition metals, homogeneous catalysts often undergo rapid degradation as alkenes are out-competed by nitrogen groups forming inactive complexes. Upon investigation of NETMA formation using $5 \\mathrm { m m }$ homogeneous Rh[1,4-Bis(diphenylphosphino]butane)(cyclooctadiene) $\\mathrm { B F } _ { 4 }$ catalyst, less than $1 \\% \\ ^ { 1 } \\mathrm { { ~ } ^ { - 1 } }$ polarization is observed along with discolored precipitate forming in reaction tubes. Despite generally higher turnover frequency (TOF), a measurement of hydrogenation rate, homogeneous complexes are unable to polarize $^ { 1 5 } \\mathrm { N }$ efficiently, as is evidenced by unprecedented $\\mathrm { ^ { 1 } H }$ polarization of an unprotected amino acid recently reported with a heterogeneous catalyst.[26]']",['The source of nitrogen atoms in graphene is palladium nitrate used as a precursor in catalyst preparation.'],"The nitrogen atoms in graphene within the catalysts originate from **palladium nitrate** (Pd(NO₃)₂), which was used as the precursor during catalyst preparation. This precursor introduces nitrogen into the graphene structure as part of the synthesis process. The consistency in nitrogen atomic concentrations and binding energy (BE) values for N 1s in XPS analysis supports this origin.","The nitrogen atoms in graphene come from palladium nitrate, which was used as a precursor in the preparation of the catalysts.",0.6446022748191007,0.9511843650765962,1.0,0.9999999999,1.0
36,What is the first step in investigating the effect of changing the % pH2 enrichment level on the observed rate constant?,"['3.4 $\\pmb { p } \\mathbf { H } _ { 2 }$ enrichment\nThe final parameter investigated was the effect of changing the $p \\mathrm { H } _ { 2 }$ enrichment level $\\left( { \\% } p \\mathbf { H } _ { 2 } \\right)$ on the observed rate constant. $\\boldsymbol { \\% } p \\mathbf { H } _ { 2 }$ is defined as the proportion of $\\mathbf { H } _ { 2 }$ that is in the para spin state based on the absolute populations of $p \\mathbf { H } _ { 2 } \\mathbf { \\Psi } ( N _ { p } )$ and $o \\mathrm { H } _ { 2 }$ $\\left( N _ { o } \\right)$ in the mixture (eqn (4)).67', 'For this reaction monitoring procedure to be robust, the rate constant must be independent of the precise $\\boldsymbol { \\% } p \\mathbf { H } _ { 2 }$ usedThis ensures that the approach can be used to determine kinetic information regardless of the parahydrogen generator being employed and the exact $\\boldsymbol { \\% } p \\mathbf { H } _ { 2 }$ that is achievable - a crucial quality required of the technique to ensure results can be replicated across different experimental setupsTo investigate this, the reaction monitoring experiment was repeated using variable $\\boldsymbol { \\% } p \\mathbf { H } _ { 2 }$ enrichment levelsThe different enrichment levels (between $9 9 \\%$ and $6 0 \\%$ ) were created by changing the temperature of the $p \\mathrm { H } _ { 2 }$ generator, using the procedure described by Richardson et al.67 At each $\\boldsymbol { \\% } p \\mathbf { H } _ { 2 }$ enrichment level, the reaction was repeated three times and the resulting $k _ { 2 }$ rate constants are given in Table 2', 'As observed from this data, there is a high level of consistency within the values obtained between $9 9 \\%$ and $7 0 \\%$ This indicates that the $\\boldsymbol { \\% } p \\mathbf { H } _ { 2 }$ enrichment level and the determined $k _ { 2 }$ rate constant are independent of each other and thus the exact $p \\mathrm { H } _ { 2 }$ generator used does not affect the observed kineticsOf note is the reduction in average SNR observed within the first usable spectrum at each $\\boldsymbol { \\% } p \\mathbf { H } _ { 2 }$ levelThe decrease in SNR is due to the reduced proportion of $p \\mathrm { H } _ { 2 }$ present at lower $\\boldsymbol { \\% } p \\mathbf { H } _ { 2 }$ enrichment levels as this produces a comparatively lower proportion of hyperpolarised product complexes during each evolution delayThis will impact the number of data points able to be collected prior to loss of NMR signal into the spectral noise', 'Following these initial comparisons, there is a clear discrepancy between the observed and expected kinetic parameters for the model system at low-field. To evaluate the source of this discrepancy, three reaction parameters were examined to establish the impact they may have on the effective rate constant: the lifetime of the hyperpolarised signal, the temperature of the sample and the $p \\mathrm { H } _ { 2 }$ enrichment level used for the reaction.', 'This information is used to integrate strips of the 2D dataset to produce the change in hydride peak integral over timeThis dataset is then normalised and scaled to the final concentration of the systemThis concentration is calculated from the initial concentration of Vaska’s complex, the limiting reagent, using the knowledge that the reaction is irreversible and goes to completion over the timescale of the experimentData can then be fitted to a monoexponential recovery function to generate an observed rate constant $\\left( k _ { \\mathrm { o b s } } \\right)$ for the reactionUnder the standard experimental conditions used (4 bar $p \\mathrm { H } _ { 2 }$ and $0 4 3 ~ \\mathrm { m M }$ Vaska’s complex), there is a 27-fold excess of $p \\mathrm { H } _ { 2 }$ and as such this reaction occurs under pseudo-first order conditionsThis allows for calculation of the overall $k _ { 2 }$ rate constant using eqn (1) and the known concentration of $p \\mathrm { H } _ { 2 }$ $\\left( 0']","['The text describes a procedure for investigating the effect of % pH2 enrichment on the rate constant, including defining % pH2, ensuring rate constant independence, and repeating experiments with variable enrichment levels.']","Based on the provided context, the first step in investigating the effect of changing the % pH<sub>2</sub> enrichment level on the observed rate constant is:  

**Repeating the reaction monitoring experiment using variable % pH<sub>2</sub> enrichment levels.**  

Specifically:  
1. Different enrichment levels (between 99% and 60%) were created by adjusting the temperature of the pH<sub>2</sub> generator, following the procedure described by Richardson et al.  
2. At each % pH<sub>2</sub> enrichment level, the reaction was repeated three times to ensure reproducibility.  

This experimental approach directly tests whether the observed rate constant \(k_2\) depends on the % pH<sub>2</sub> enrichment.",The first step is defining % pH2 as the proportion of H2 that is in the para spin state based on the absolute populations of pH2 and oH2 in the mixture.,0.30776559336713355,0.966065756258171,1.0,0.9999999999,1.0
37,Why does heating the sample to 353K result in polarized signals after every bubbling of parahydrogen?,"['The reaction at $2 9 3 \\mathrm { ~ K ~ }$ allowed us to observe the hyperpolarization effects for $\\big [ \\mathrm { H P ( \\mu \\mathrm { - N T e r ) } } \\big ] _ { 2 }$ only within a short time frame when some amount of free $\\left[ \\mathrm { P ( \\mu \\mathrm { - } N T e r ) } \\right] _ { 2 }$ was still available to perform the activationAfter the full conversion, the polarization effects disappeared completelyWe note, however, that upon heating the sample to $3 5 3 \\mathrm { ~ K ~ }$ we observe the polarized signals repeatedly after every bubbling of parahydrogen (FigS2 in $\\mathrm { E S I \\dag } \\$ )The enhanced signals observed in both ${ } ^ { 1 } \\mathrm { H }$ and $^ { 3 1 } \\mathrm { P }$ NMR spectra were similar to those described aboveIt is highly likely that this implies that the reaction becomes reversible enough for the new portions of parahydrogen to react with a considerable fraction of available free $\\left[ \\mathrm { P } ( \\mu \\mathrm { - N T e r } ) \\right] _ { 2 }$', 'Parahydrogen-induced polarisation utilises parahydrogen, a spin-isomer of hydrogen, as the source of polarisation.[3] As parahydrogen is a nuclear singlet, it is NMR silent, and to gain access to the polarised state, its symmetry must be broken.[4] To achieve this, parahydrogen-induced polarisation makes use of a metal centred catalyst, which catalyses the hydrogenation of a target ligand. Thus, polarisation is transferred to the target ligand resulting in dramatically increased signals in the NMR spectrum or magnetic resonance image. However, this process does necessitate the chemical transformation of the target ligand, and as such, they must be chemically synthesised to possess functional groups that can undergo hydrogenation.', 'The top trace of the $\\mathrm { ^ { 1 } H }$ spectra shown in Figure 2 a is a reference spectrum of the thermally polarized product acquired upon full conversion after 60 minutes. In the beginning of the parahydrogenation reaction, a buildup of hyperpolarized signal is observed, which is caused by the increasing conversion of the hydrogenation once the parahydrogen flow is switched on and the sample tube thermally equilibrates after insertion into the probe of the spectrometer heated to $8 0 ^ { \\circ } \\mathrm { C } .$ Towards the end of the reaction the intensity of the hyperpolarized signals decreases owing to lower amounts of starting material in the reaction mixture. However, during a timeframe of seven minutes, which is much longer than the $T _ { 1 }$ time of the protons ( $T _ { 1 } ( \\mathrm { H } _ { \\mathrm { c } } ) { = } 5 . 8 ~ \\mathrm { s }$ ;', 'Pre-catalyst was activated by bubbling the sample with $\\mathrm { \\ p H } _ { 2 }$ for approximately 10 minutesThe evidence of successful catalyst activa\xad tion is the formation of hyperpolarized signals of hydride protons of the SABRE complex at $- 2 2 6 ~ \\mathrm { p p m }$ [33]The structure of activated SABRE complex is shown in Fig1 aTo perform parahydrogen bubbling we utilized automated home-built gas-flow system controlled by TTL-pulses [34]Unless otherwise is written, the sample temperature was equal to $2 5 ^ { \\circ } \\mathrm { C }$ and the gas pressure was equal to 2 bar with a 0.1 bar difference between the incoming and outgoing NMR-tube valvesIn a set of ex\xad periments, we varied the sample temperature in the range of $- 5 ^ { \\circ } \\mathrm { C }$ to 25 $^ \\circ \\mathbf { C }$ using standard NMR facilitiesThe temperature variation allows to change the substrate and hydrogen exchange rates', 'Parahydrogen was enriched up to $9 0 \\%$ using a Bruker parahydrogen generator, and a pressure of 3 bar was used for all experiments. The bubbling time $\\tau$ was optimized by measuring the “build up curve”, where the intensity of the hyperpolarized signals is plotted as function of $\\tau$ (not shown here). After bubbling in a magnetic field of $5 0 0 { \\mathsf { n T } }$ for $3 0 \\mathsf { s } ,$ the intensity reached a plateau with the level of hyperpolarization about 1.7 times higher as compared to a bubbling time of $1 0 s$ . For all subsequent experiments the bubbling period was fixed at ${ \\tau = } 1 0 s$ – this made it possible to achieve a high degree of polarization with a high experiment repetition rate. Further details of the experimental setup are given in reference.[21]']",['upon heating the sample to 353K we observe the polarized signals repeatedly after every bubbling of parahydrogen (Fig. S2 in ESI†). The enhanced signals observed in both 1H and 31P NMR spectra were similar to those described above. It is highly likely that this implies that the reaction becomes reversible enough for the new portions of parahydrogen to react with a considerable fraction of available free [P(μ - NTer)]2. This means that effectively the elevated temperature allows the replacement of the relaxed hydrogens in the [HP(μ - NTer)]2 within a shorter time frame than that needed for the full relaxation of the hyperpolarization.'],"Based on the provided context, heating the sample to 353 K (80°C) results in polarized signals after every bubbling of parahydrogen because **the reaction becomes reversible at elevated temperatures**. This reversibility allows the following process to occur repeatedly:  

1. **Regeneration of Active Catalyst**:  
   At 353 K, thermal energy enables dissociation of the hydrogenation product, regenerating the free catalyst precursor $\left[\mathrm{P}(\mu\mathrm{-NTer})\right]_2$.  

2. **Reactivation with Parahydrogen**:  
   Newly introduced parahydrogen ($\mathrm{pH}_2$) reacts with the regenerated $\left[\mathrm{P}(\mu\mathrm{-NTer})\right]_2$, reforming the hyperpolarized SABRE complex. This reactivation breaks the symmetry of $\mathrm{pH}_2$, transferring polarization to target nuclei.  

3. **Sustained Signal Enhancement**:  
   The cycle of dissociation (freeing the catalyst) and reassociation (with $\mathrm{pH}_2$) enables repeated observation of hyperpolarized $^1\mathrm{H}$ and $^{31}\mathrm{P}$ NMR signals after each bubbling step.  

This contrasts with behavior at 293 K, where the reaction proceeds irreversibly: polarization disappears once the catalyst precursor is fully consumed. The temperature-dependent reversibility is explicitly stated in the context:  
> *""It is highly likely that this implies that the reaction becomes reversible enough for new portions of parahydrogen to react with a considerable fraction of available free $\left[\mathrm{P}(\mu\mathrm{-NTer})\right]_2$.""*  

Thus, heating restores the catalyst's ability to repeatedly harness $\mathrm{pH}_2$ for polarization via reversible exchange.","Heating the sample to 353K makes the reaction reversible enough for new portions of parahydrogen to react with a considerable fraction of available free [P(μ - NTer)]2, allowing the replacement of relaxed hydrogens in [HP(μ - NTer)]2 within a shorter time frame than needed for full relaxation of hyperpolarization.",0.5622848673157045,0.9970392000789587,1.0,0.9999999999,1.0
38,Why did ansa-phosphinoborane 6 not react with hydrogen or water?,"['Abstract: The new ansa-phosphinoborane (dicyclohexyl(2- (dimesitylboryl)phenyl)phosphine was synthesized via an one-pot protocol in $67 \\%$ yield. The compound has been characterized by $^ { 1 } \\mathrm { H }$ , $^ { 1 3 } \\mathrm { C }$ , $\\mathrm { { ^ { 1 1 } B } }$ and $\\mathrm { ^ { 3 1 } P }$ NMR, and its solid-state structure determined by a single crystal X-ray diffraction analysis. The ansa-phosphinoborane does not react with molecular hydrogen or water at room or elevated temperature. According to performed DFT studies, heterolytic splitting of water or hydrogen by the phosphinoborane are both endergonic but close in thermodynamics. In polar solvents, such as in methanol or acetonitrile, addition of hydrogen is energetically more favorable than of water.', 'Ansa-phosphinoborane 6 was synthesized in $67 \\%$ yield by a one-pot procedure from commercially available phosphine 5 (Fig2)Unlike in 4a–c, there is no dative bond between B and P atoms (3.1773 (17) Å distance) in 6 as established by the single crystal X-ray diffraction analysis (Fig3)In $\\mathrm { C D } _ { 2 } \\mathrm { C l } _ { 2 }$ , $\\mathrm { ^ { 1 1 } B }$ and $\\mathrm { ^ { 3 1 } P }$ NMR signals of 6 appear as singlets at 75.68 (broad) and $- 0 6 4$ ppm, revealing that there is no P–B interaction [26]Because 6 is structurally close to the previously reported ansa-aminoborane 2a and proton affinities of isostructural N,N-dimethylaniline and dimethylphenylphosphine are close [27], we expected to detect 7, the product of dihydrogen addition to 6However, prolonged exposure of a solution of 5 to pressurized hydrogen (10 bar) in a gas-tight NMR tube revealed no evidence of the phosphonium borate 7To our surprise, 6 did not react with water as well, neither at ambient not at elevated temperatures', '[](images/caacfe65e81621b35ecc5714c86ae44acab10458666a844c4f36a58a2719c4c7.jpg) \nFig. 2:\u2002Synthesis of ansa-phosphinoborane 6, and its inertness to hydrogen or water.', 'For instance, it has been demonstrated that variation of substituent bulkiness in the aromatic rings of tri(aryl)boranes can lead to suitable water tolerance of the Lewis acidic boron center to perform catalytic hydrogenations and reductive aminations of carbonyl compounds in water-containing solvents.24,25 AABs have not been reported yet to have any remarkable water toleranceTo the contrary, these species were considered water intolerant,21 which stimulated a search for other FLP systems with ansa scaffolds that could have more favorable properties.21,22 These activities led to the invention of an ansa-phosphinoborane with cyclohexyls at the phosphine site that demonstrated activation of dihydrogen in the presence of 6 equivalents of $\\mathbf { H } _ { 2 } \\mathbf { O }$ .21 However, it was found that at the same time water reduction occurs as a side reaction leading to the formation of the corresponding phosphine oxide', 'To overcome this limitation, it was proposed to replace $^ { 1 4 } \\mathrm { N }$ nucleus with $^ { 1 5 } \\mathrm { N }$ or $\\mathrm { ^ { 3 1 } P }$ both of which have spin $1 / 2$ with longer typical relaxation times [12]Herein we report synthesis of previously unknown (dicyclohexyl(2-(dimesitylboryl)phenyl) phosphine 6 and studies of its interaction with molecular hydrogen and water']","['Unlike in 4a- c, there is no dative bond between B and P atoms (3.1773 (17) Å distance) in 6 as established by the single crystal X- ray diffraction analysis (Fig. 3). In  $\\mathrm{CD}_{2}\\mathrm{Cl}_{2}$ ,  ${}^{11}\\mathrm{B}$  and  ${}^{31}\\mathrm{P}$  NMR signals of 6 appear as singlets at 75.68 (broad) and  $- 0.64\\mathrm{ppm}$ , revealing that there is no P- B interaction [26]. However, prolonged exposure of a solution of 5 to pressurized hydrogen (10 bar) in a gas- tight NMR tube revealed no evidence of the phosphonium borate 7. To our surprise, 6 did not react with water as well, neither at ambient not at elevated temperatures.']","Based on the provided context, **ansa-phosphinoborane 6** does not react with hydrogen or water due to a combination of structural and thermodynamic factors:  

1. **Structural Evidence**:  
   - Single-crystal X-ray diffraction revealed **no dative bond** between the boron (B) and phosphorus (P) atoms, with a long distance of **3.1773(17) Å**.  
   - NMR studies (\(^{11}\text{B}\) and \(^{31}\text{P}\)) in \(\text{CD}_2\text{Cl}_2\) showed singlets at **75.68 ppm** (broad) and **-0.64 ppm**, respectively, confirming the **absence of P–B interaction**.  

2. **Thermodynamic Factors**:  
   - **DFT studies** indicated that heterolytic splitting of \(\text{H}_2\text{O}\) or \(\text{H}_2\) is **endergonic** (thermodynamically unfavorable) at ambient or elevated temperatures.  
   - Although \(\text{H}_2\) addition is slightly more favorable in polar solvents (e.g., methanol or acetonitrile), the reaction remains kinetically hindered.  

3. **Experimental Observations**:  
   - Prolonged exposure to pressurized \(\text{H}_2\) (10 bar) or \(\text{H}_2\text{O}\) yielded **no detectable reaction products** (e.g., phosphonium borate **7**).  

In summary, the **lack of P–B bonding** and **unfavorable thermodynamics** prevent activation of \(\text{H}_2\) or \(\text{H}_2\text{O}\), despite structural similarities to reactive analogs like ansa-aminoboranes.  

---  
*Answer derived solely from the provided context.*","Ansa-phosphinoborane 6 did not react with hydrogen or water because it lacks a dative bond between B and P atoms, as evidenced by the P-B distance of 3.1773(17) Å and the absence of P-B interaction in NMR signals, making it inert under the tested conditions.",0.7083150864982407,0.9881418995151953,0.875,0.49999999995,1.0
39,Why is polarization transfer from protons to heteronuclei more efficient in low magnetic fields compared to strong magnetic fields?,"['Using typical NMR parameters we can conclude that polarization transfer among protons is efficient at mT or even tesla fields, whereas for the transfer to heteronuclei much lower fields are required, which are in the $\\mu \\mathrm { T }$ or even nT rangeThis motivates running experiments at ultralow field: such polarization transfer experiments are nowadays frequently used in various applications of PHIP.', 'In contrast, in the high field of a superconducting magnet $4 . 6 \\mathrm { T }$ in our case), the efficiency of polarization transfer to heteronuclei is low, because now the difference in resonance frequency of $^ 1 \\mathrm { H }$ and $^ { 1 3 } { \\cal C }$ (or other heteronuclei) is significant and typically exceeds the magnitude of the coupling constants. In this latter case, polarization transfer can be achieved more effectively by appropriate pulse sequences, e.g., via cross-polarization.13', 'The major advantage of the transfer in high fields is its experimental simplicity, as it does not require any field cycling equipment and is thus feasible on almost any modern NMR or MRI system, and substantial levels of heteronuclear polarization in high field have been reported.22,23 However, low fields often prove to be more efficient for PHIP transfer.24,27 This is partly due to lower polarization losses induced by singlet-triplet mixing at low magnetic fields when the two protons stemming from $\\mathrm { p H } _ { 2 }$ become chemically inequivalent in the reaction intermediates or in the product molecule.28,29 Polarization transfer in hydrogenative PHIP generally implies the transfer from protons to $^ { 1 3 } \\dot { \\mathrm { C } }$ nuclei, in particular, carbonyl carbonsSuch carbons, being isolated from protons, exhibit long $T _ { 1 }$ relaxation times and are found in many biologically relevant molecules', 'Figure 5 shows the field dependence for a system of two indirectly coupled protons in the SABRE-relay complexIt should be noted that because of this small polarization field, already relatively small couplings can be efficient to transfer polarization between protons, even if their chemical shift difference is large (here, $1 0 \\ : \\mathrm { p p m }$ were assumed, which at $5 \\mathrm { m T }$ , corresponds to a frequency difference of ${ \\sim } 2 5 \\mathrm { H z }$ )However, for transfer to most X-nuclei, this process will become efficient only at the appropriate ultralow field, where SABRE polarization of protons is then again inefficient.4 Hence, we see that the magnetic field strength, favorable for spin order transfer $\\mathrm { \\Delta } p \\mathrm { H } _ { 2 } \\to \\mathrm { S } _ { \\mathrm { a } }$ , is also suitable for the relayed polarization transfer $S _ { \\mathrm { a } } S _ { \\mathrm { b } }$ n the second complex when protons are considered.', 'Polarization transfers between protons at high magnetic \ue103eld are energy conserving with respect to the dominating Zeeman interaction and occur fast under the in\ue104uence of the scalar interactions. In contrast, transfers from protons to heteronuclei such as e.g., $^ { 1 5 } \\mathrm { N }$ , are inefficient, as the Zeeman energy is not conserved.']","[""In the strong field of an NMR magnet the precession frequencies of protons differ considerably from those of all heteronuclei; therefore, a polarization transfer from the protons to heteronuclei is less likely to occur. If, however, PHIP experiments are conducted in low magnetic fields, e.g., in the stray field of an NMR spectrometer or in the Earth's magnetic field, the precession frequencies of all nuclei in a molecule will be rather similar, rendering an efficient energy transfer between them more likely and consequently more efficient.""]","Based on the provided context, polarization transfer from protons to heteronuclei (e.g., \(^{13}\mathrm{C}\), \(^{15}\mathrm{N}\)) is more efficient in low magnetic fields due to the following reasons:

1. **Energy Conservation in Low Fields**:  
   At ultralow fields (µT to nT range), the Zeeman energy difference between protons and heteronuclei is minimized. This allows scalar couplings to efficiently drive polarization transfer, as energy conservation is maintained during the transfer process.

2. **High-Field Limitations**:  
   In strong magnetic fields (e.g., 4.6 T), the large difference in resonance frequencies between \(^1\mathrm{H}\) and heteronuclei (e.g., >100 kHz for \(^1\mathrm{H}\)–\(^{13}\mathrm{C}\)) exceeds typical scalar coupling constants (\(J\)-couplings, usually <200 Hz). This frequency mismatch prevents efficient polarization transfer under ordinary conditions.

3. **Singlet-Triplet Mixing**:  
   Low fields reduce polarization losses from singlet-triplet mixing, which occurs when two protons from \(\mathrm{pH}_2\) become chemically inequivalent in reaction intermediates or products. This preservation of polarization further enhances transfer efficiency to heteronuclei.

4. **Experimental Evidence**:  
   The context explicitly states that polarization transfer to heteronuclei requires ultralow fields (µT–nT range) for efficiency, whereas high-field transfer relies on pulse sequences (e.g., cross-polarization) and is less effective for PHIP/SABRE applications.

In summary, low fields enable energy-conserving polarization transfer via scalar couplings, while high fields introduce frequency mismatches that hinder efficient transfer to heteronuclei.","In low magnetic fields, the precession frequencies of all nuclei in a molecule are rather similar, which meets the resonance condition required for efficient energy transfer between nuclear spins. In contrast, in strong magnetic fields, the precession frequencies of protons differ considerably from those of heteronuclei, making polarization transfer less likely.",0.5558268416728167,0.9795402432674716,0.8421052631578947,0.999999999975,1.0
40,Why does deuteration at the 2- and 5- positions in molecules 4b and 5b result in significantly improved relaxation times and SABRE polarization levels?,"['For these ester and amide substrates, deuteration at the 2 and 3 positions (4a and 5a) resulted in limited changes in their relaxation times relative to their $^ 1 \\mathrm { H }$ counterpart and somewhat similar polarization levels as a result of SABRE were observed (Table 2)These results indicate that relaxation within these molecules is driven by interactions between the adjacent $^ 1 \\mathrm { H }$ nucleiAnalogues b d, with more isolated $^ 1 \\mathrm { H }$ spin systems, might therefore be predicted to have higher $T _ { 1 }$ valuesIn support of this, we found that deuteration at the 2 and 5 positions (4b and 5b) does indeed result in significantly improved relaxation times and SABRE polarization levels (Figure 5)Now, the $T _ { 1 }$ values are over 60 s for methyl $2 , 5 \\ – d _ { 2 } .$ isonicotinate 4b, which compare to $1 4 \\mathrm { ~ s ~ }$ for protio 4In the case of isonicotinamide 5b, the SABRE polarization levels improve from the original $2 6 \\%$ and $0', 'Conclusions\nWe have undertaken a systematic SABRE study of the substrates pyrazinamide (1), methyl pyrazine-2-carboxylate (3) and isoniazid (2) and a series of their deuterated analoguesAs a consequence, we have shown that the selective partial deuteration of these tuberculosis drug scaffolds results in both a dramatically improved SABRE response and significantly improved relaxation timesFurther refinement through the use of a deuterated SABRE polarization transfer catalyst results in $^ 1 \\mathsf { H }$ signal gains of up to 6300 times those seen under Boltzmann conditions at $9 4 \\ : \\mathsf { T }$ to yield $2 0 3 \\%$ net polarization, an effect which is achieved in a matter of seconds${ { T } _ { 1 } }$ relaxation times as high as 145 s were seen in $[ \\mathsf { D } _ { 4 } ]$ -methanol solution for agent 6, thereby lengthening the observation window that is available to the detection of an MR response after the hyperpolarization transfer step', 'SABRE studies on deuterated analogues of methyl pyrazine2-carboxylate (3)\nThe ${ { T } _ { 1 } }$ relaxation and SABRE polarization data for the methyl ester derivatives 4–6 that contain a single $^ 2 { \\mathsf { H } }$ -label are detailed in Table 1Substrate 4, with deuteration at the 3-position, gave a slight increase in the relaxation times of the remaining $^ 1 \\mathsf { H }$ nuclei compared to 3, whilst delivering comparable levels of SABRE polarization to itIn contrast, compound 5, where the label is in the 5-position, exhibits significantly improved relaxation times and polarization levels $( 6 2 \\mathrm { - } 6 7 \\% )$ In this case the effective ${ { T } _ { 1 } }$ values of the substrate in the presence of the hyperpolarization catalyst are 25 and 39 seconds, and they increase to 91 and 84 seconds in its absence', '3.2. Effect of Selective Deuteration on Substrate Polarization and Relaxation Rate\nA well-established route to improve the efficacy of hyperpolarization techniques is the selective deuteration of the substrate.[42] When applied to the SABRE technique, $^ { 3 , 4 , 5 - d _ { 3 } }$ -pyridine showed improved performance over its protio analogue.[17,43] A detailed study that probed the optimal deuteration pattern has been reported for nicotinamide and methyl nicotinate.[33] Placement of a proton ortho to the nitrogen binding site was shown to be optimal for efficient polarization transfer but coupling to a remote proton was optimal for a long magnetic state lifetime. These structures are shown in Figure 4 and have up to 5-fold greater $T _ { 1 }$ values and deliver 4-fold improvement in polarization level. Similar improvements have now also been reported for the tuberculosis drug isoniazid and its derivatives.[35]', 'We attribute this improvement to deuteration reducing the degree of intramolecular dipole− dipole relaxation, which prolongs the $^ { 1 3 } \\mathrm { C }$ polarization lifetimesThis strategy is made possible with SLIC, because the microtesla fields employed prevent the deuterons from strongly coupling to the $^ { 1 \\hat { 3 } } \\mathrm { C }$ nuclei and acting as a quadrupolar relaxation sinkThis is an important observation that we envision adapting to other deuterated compounds to widen the portfolio of SABRE-polarized agents or to enhance their polarization levels']","['For these ester and amide substrates, deuteration at the 2- and 3- positions (4a and 5a) resulted in limited changes in their relaxation times relative to their 1H counterpart and somewhat similar polarization levels as a result of SABRE were observed (Table 2). These results indicate that relaxation within these molecules is driven by interactions between the adjacent 1H nuclei. Analogues b−d, with more isolated 1H spin systems, might therefore be predicted to have higher T1 values. In support of this, we found that deuteration at the 2- and 5- positions (4b and 5b) does indeed result in significantly improved relaxation times and SABRE polarization levels (Figure 5).']","Deuteration at the 2- and 5-positions in molecules **4b** (methyl 2,5-d₂-isonicotinate) and **5b** (deuterated isonicotinamide analogue) significantly improves relaxation times (\(T_1\)) and SABRE polarization levels due to the following reasons:

### 1. **Reduction of Intramolecular Dipole-Dipole Relaxation**  
   - In protio (non-deuterated) analogues (e.g., **4**), adjacent \(^1\mathrm{H}\) nuclei drive rapid relaxation via intramolecular dipole-dipole coupling.  
   - Deuteration at positions 2 and 5 **isolates the remaining \(^1\mathrm{H}\) spins**, minimizing these interactions. This reduces the dominant relaxation pathway, extending \(T_1\) values.  
   - For **4b**, \(T_1\) increases from 14 s (protio) to >60 s. For **5b**, \(T_1\) reaches up to 84–91 s without the catalyst.  

### 2. **Optimized Spin System for Polarization Transfer**  
   - Deuteration preserves \(^1\mathrm{H}\) nuclei at positions critical for efficient SABRE polarization transfer (e.g., ortho to the nitrogen binding site).  
   - By removing extraneous protons (e.g., at positions 2 and 5), the **remaining spins experience weaker relaxation sinks**, allowing hyperpolarization to build more effectively.  
   - This results in SABRE polarization levels of **62–67%** for **5b**, compared to lower values in protio analogues.  

### 3. **Empirical Evidence**  
   - Analogues with isolated \(^1\mathrm{H}\) systems (**4b**, **5b**) exhibit **longer \(T_1\)** and **higher polarization** than those deuterated at adjacent positions (e.g., **4a**, **5a** at 2,3-positions).  
   - Similar improvements were observed in deuterated nicotinamide/nicotinate scaffolds, confirming that strategic deuteration minimizes relaxation while preserving polarization efficiency.  

### Conclusion  
Selective deuteration at the 2- and 5-positions extends \(T_1\) by suppressing intramolecular dipole-dipole relaxation and optimizes the spin system for SABRE, leading to significantly enhanced polarization levels.","Deuteration at the 2- and 5- positions isolates the 1H spin systems, reducing interactions between adjacent 1H nuclei, which are the primary drivers of relaxation. This isolation leads to higher T1 values and improved SABRE polarization levels.",0.5936311771204505,0.9790382885105432,1.0,0.99999999998,1.0
41,How does the reaction rate of the monometallic catalyst 12 compare to that of the bimetallic complexes in converting phenylacetylene?,"['Remarkably, the monometallic catalyst 12 converts phenylacetylene signi\ue103cantly slower than all tested bimetallic complexes, with a rate of $k _ { \\mathrm { o b s } } = 9 . 5 \\times 1 0 ^ { - 3 } \\mathrm { h } ^ { - 1 }$ (Table 3, entry 4). We speculate that the second metal serves as an electron reservoir which helps to avoid the formation of an inert trop$\\mathrm { \\bf R h } \\big ( \\mathrm { I I I } \\big ) { \\mathrm { \\bf d } } ^ { 6 }$ species58 formed by oxidative addition of dihydrogen. PHIP experiment performed under catalytic conditions with the ddpm adduct 8 indicates a pairwise hydrogen transfer to phenylacetylene forming styrene, i.e. hydrogen is activated by 8 to give dihydride 11, followed by the transfer of the two hydrides to the same substrate molecule (Fig. S43†).', 'Bimetallic dirhodium complexes 7–9 and the monometallic catalyst 12 were then tested as catalysts for the semihydrogenation of phenylacetylene ( $5 \\%$ catalyst loading, $2 5 ~ ^ { \\circ } \\mathbf { C } ,$ Fig3, for details see ESI†)No activation period was observed (FigS41†)The dppm adduct 8 showed highest performance with a selectivity for styrene of $9 6 \\%$ at $78 \\%$ conversion and $k _ { \\mathrm { o b s } }$ around 3–5 times higher than those for monomeric tri\ue104ate complex 7 and carbene complex 9 (Table 3, entries 1–3)The similar rates $k _ { \\mathrm { o b s } }$ observed with 7 and 9 indicate that the in situ hydrogenation of 7 to 9 takes place under the catalytic conditions and leads to the same active species, consistent with the presence of the hyperpolarized $\\mathrm { C H } _ { 2 }$ signals characteristic for 9 in these catalytic reactions according to in situ PHIP NMR (FigS42†)Importantly, PHIP results also show that the dihydride species 11 form from 8 under catalytic conditions (Fig', '[](images/e24be029de3bc9bc265569f251134341c4856e9efcd76d38a10e241af4ebd944.jpg) \nFig. 3 Catalytic semihydrogenation of phenylacetylene by bimetallic catalysts 7–9 and the benchmark monometallic catalyst 12 $( L _ { n }$ is $C D _ { 3 } C N _ { 3 }$ , $\\{ ( \\mathsf { T M S } ) { \\mathsf { C } } { \\equiv } { \\mathsf { C } } \\} _ { 2 } \\mathsf { t r o p p p p h } _ { 2 }$ ligand is simplified for clarity).', 'Although the hydrogen-uptake experiments did not allow for determination of which mechanism is operative for each catalyst, the experiments clearly allowed for the determination of reaction rates and the order of reaction with respect to the phenylacetylene substrateAssuming that both reactions are zero order (as was seen in the development phase before students had performed the experiment), students determined that the rate of reaction using 2 was greater than the rate with 1 (representative data are shown in Figure 3)There were significant differences in the rate constant determinations when the experiment was run in two different classes, but for all but one group the rate of hydrogenation was determined to be faster using 2 as the catalystIn the transition metals laboratory (CHEM L375), the determinations of $k$ ranged from 0.0072 to $0 0 0 7 5 \\mathrm { \\ m o l / ( L { \\cdot } m i n ) }$ using 1 as catalyst and from 0.0087 to $0 0 0 9 1 \\ \\mathrm { \\ m o l / ( L { \\cdot } m i n ) }$ using 2 as catalyst', 'Introduction\nBimetallic transition metal complexes have been investigated since the 1970s,1 however despite numerous reports, only a few complexes are widely used in catalytic applications. The most prominent is a rhodium(II) acetate dimer and its derivatives exploited for carbene transfer reactions.2 These and more recent bimetallic systems typically outperform monometallic alternatives in terms of activity and selectivity, functional group tolerance, and catalyst loading.3–5 The interest in homobimetallic catalysts has recently seen a renaissance.6 Selected catalytic applications include diazo-free cyclopropanation,7 small molecule activation,8,9 hydrogenation,10 hydroformylation11 and C–C coupling reactions.12 Notably, heterobimetallic complexes serve as models of the transmetallation step for the latter process.13–17 Most of these bimetallic species']","['Remarkably, the monometallic catalyst 12 converts phenylacetylene significantly slower than all tested bimetallic complexes, with a rate of \\(k_{\\mathrm{obs}} = 9.5 \times 10^{- 3} \\mathrm{~h}^{- 1}\\) (Table 3, entry 4).']","Based on the provided information, the reaction rate of the monometallic catalyst **12** in converting phenylacetylene is significantly slower than all tested bimetallic complexes (**7–9**). Specifically:  
- The observed rate constant (\(k_{\mathrm{obs}}\)) for catalyst **12** is \(9.5 \times 10^{-3}  \mathrm{h^{-1}}\).  
- In contrast, the bimetallic complexes exhibit higher rates:  
  - The dppm adduct **8** (a bimetallic catalyst) demonstrates the highest performance, with a \(k_{\mathrm{obs}}\) **3–5 times higher** than those of the other bimetallic complexes (**7** and **9**).  
  - Complexes **7** and **9** show similar rates, consistent with **7** being hydrogenated in situ to **9** under catalytic conditions.  

Thus, all bimetallic catalysts (**7–9**) outperform the monometallic catalyst **12** in terms of reaction rate for phenylacetylene semihydrogenation.",The monometallic catalyst 12 converts phenylacetylene significantly slower than all tested bimetallic complexes.,0.6095377249469005,0.9510345838154932,1.0,0.9999999999666667,1.0
42,How does the time needed for production of a hyperpolarized sample compare between PHIP and d-DNP?,"['Experimental benchmarking. To compete with dDNP, PHIP should offer a similar polarization, concentration, and sample size. The rate of production of PHIP-SAH polarized samples is significantly higher and semicontinuous hyperpolarization is possible already, i.e., we can repeat experiments every few minutes without \xadautomation14.', 'Pyruvate, polarized by dDNP, has shown the value of hyperpolarized MRI for cancer diagnosis and treatment control.24,28 Although PHIP has not yet been used in clinical trials, unlike dDNP, the cost is lowe r,29,30 and the polarization is faster (minutes or even seconds).31 Moreover, PHIP can be scaled up for bulk and continuous production31 of hyperpolarized media because parahydrogen $\\left( \\mathsf { p H } _ { 2 } \\right)$ is easily produced in large quantities, a feature that may become useful in clinics.32,33 dDNP, on the other hand, requires strong microwave radiation of the sample in high fields $( \\sim 5 \\mathrm { ~ T } )$ in a cryogenically cooled chamber $( \\sim 1 \\mathrm { { K } ) }$ to achieve order-of-unity polarization within an hour (exponential time constant of 17 min).34', 'Solutions of hyperpolarized contrast agents (HCAs) that can be used for in vivo studies can be obtained by means of dissolution-DNP (d-DNP)[10] and PHIP. The d-DNP technique developed in about a decade from its proof of principle to the first clinical study.[11] Major limitations to a wide exploitation of this powerful tool are the high cost of the polarizer and the relatively slow hyperpolarization procedure (from 0.5 to 2 hours depending on the substrate).', 'The PHIP method of hyperpolarization is significantly faster than the DNP methodEach sample of hyperpolarized diethyl succinate requires $4 s$ for polarization transfer, and an injectable hyperpolarized sample can be generated every $3 { - } 4 ~ \\mathrm { m i n }$ (in contrast to the $9 0 ~ \\mathrm { m i n }$ or more required for hyperpolarization of compounds by DNP).33,34 In these experiments diethyl $\\left[ 1 - ^ { 1 3 } \\mathrm { C } , 2 , 3 - \\hat { d } _ { 2 } \\right]$ fumarate was hydrogenated by parahydrogen and rhodium catalysis to diethyl $[ 1 \\mathsf { \\breve { - } C } , \\mathsf { 2 } , 3 \\mathsf { - } d _ { 2 } ]$ succinate and hyperpolarized to $2 1 \\% +$ $0 6 \\%$ or 5000-fold signal enhancement compared to Boltzmann polarization before tail-vein injection (iv) or intraperitoneal injection (ip) into mice', 'INTRODUCTION\nInherently low sensitivity is seen as a significant limitation of NMR spectroscopy and imagingThe most efficient way to improve NMR sensitivity is to create nuclear spin hyperpolarization, i.e., highly nonequilibrium population of the nuclear spin states.1,2 At the moment, several hyperpolarization techniques are available, including dissolution dynamic nuclear polarization (d-DNP),3−5 spin-exchange optical pumping (SEOP),6−8 parahydrogen-induced polarization (PHIP),9−13 and signal amplification by reversible exchange (SABRE).14,15 d-DNP and SEOP are currently used for human biomedical applications with astounding results.8,16−18 However, d-DNP and SEOP require sophisticated and expensive equipment limiting their widespread use and suffer from the long time needed for production of a hyperpolarized (HP) sample and the low duty cyclesIn contrast, PHIP and SABRE are the faster and more affordable alternatives']","['d- DNP and SEOP require sophisticated and expensive equipment limiting their widespread use and suffer from the long time needed for production of a hyperpolarized (HP) sample and the low duty cycles. In contrast, PHIP and SABRE are the faster and more affordable alternatives. PHIP and SABRE allow one to obtain more than  $50\\%$  nuclear spin polarization within seconds22,23 and with high duty cycles.']","Based on the provided information:

**PHIP hyperpolarization time:**
- Polarization transfer occurs in as little as **4 seconds**
- Injectable hyperpolarized samples can be produced every **3-4 minutes**
- Overall characterized as ""minutes or even seconds""

**d-DNP hyperpolarization time:**
- Requires **0.5 to 2 hours** (substrate-dependent)
- Typically takes **90 minutes or more**
- Involves an exponential time constant of **17 minutes** at cryogenic conditions (~1K)

**Key comparison:**
PHIP is substantially faster than d-DNP, with PHIP sample production being **15-30× quicker** than d-DNP (minutes vs. hours). This speed advantage enables semicontinuous production in PHIP, while d-DNP's longer polarization time limits its duty cycle.",PHIP is faster than d-DNP in producing a hyperpolarized sample.,0.4162333120306782,0.9242762141811514,0.9090909090909091,0.99999999998,1.0
43,Why does Dynamic Nuclear Polarization (DNP) increase the level of $^{13}\mathrm{C}$ polarization in pyruvic acid to $64\%$?,[],"[""Dynamic Nuclear Polarization (DNP) [14] is currently one of hyperpolarization's most successful approaches having been shown to increase the level of $^{13}\\mathrm{C}$ polarization in pyruvic acid to $64\\%$ [15]. Golman has used the differences to good effect to produce $^{13}\\mathrm{C}$ MR Images of animals injected with $^{13}\\mathrm{C}$ enriched hyperpolarized materials such as pyruvate, where contributions from the background are minimal because of the vast signal amplification of the hyperpolarized substrate [16].""]","Based on the provided information, the question regarding Dynamic Nuclear Polarization (DNP) and its effect on $^{13}\mathrm{C}$ polarization in pyruvic acid cannot be answered. The RAG knowledge base is strictly limited to **Parahydrogen Induced Polarization (PHIP)** and **Signal Amplification by Reversible Exchange (SABRE)** techniques in NMR spectroscopy, and does not cover DNP-related mechanisms or experimental data.  

If you have questions about PHIP, SABRE, or their applications in NMR, please provide further details for assistance.","Because the vast signal amplification of the hyperpolarized substrate minimizes contributions from the background, allowing for a significant increase in polarization levels.",0.11262269461702573,0.0,0.0,0.0,0.0
44,Why does decoupling of NMR spectra by refocusing result in a drop in the signal-to-noise ratios of the quaternary $^{13}\mathbb{C}$ signals?,[],"['Whilst decoupling of these NMR spectra was achieved by refocusing, there is a resulting drop in the signal- to- noise ratios of the quaternary  $^{13}\\mathbb{C}$ - signals although those for the CH groups are increased.']","Based on the provided information, the question regarding the drop in signal-to-noise ratios of quaternary $^{13}\text{C}$ signals due to decoupling by refocusing cannot be answered. The RAG knowledge base does not contain specific literature or experimental data addressing this particular aspect of NMR spectroscopy.","Decoupling of NMR spectra by refocusing results in a drop in the signal-to-noise ratios of the quaternary $^{13}\mathbb{C}$ signals because the process of refocusing redistributes the signal intensity, leading to a reduction in the signal-to-noise ratio for quaternary carbons while increasing it for CH groups.",0.20224283571972584,,0.0,0.0,0.0
45,What is the first step in the SABRE demonstration experiment?,"['A typical SABRE hyperpolarization experiment is carried out in two stepsFirst, the reversible exchange reaction with $\\mathrm { p } { \\cdot } \\mathrm { H } _ { 2 }$ is carried out over a few seconds in a weak magnetic field $( \\mathrm { n T - m T } )$ in order to build-up hyperpolarization on the target substrate in solutionSecond, the sample is rapidly transferred into a high-field NMR spectrometer $( \\geq 1 \\mathrm { T } )$ for signal detectionThe practical implementation of this two-step process, either using the manual shaking of the sample in an NMR tube or using an automated flow approach [26–29], is straight-forward, but it limits our ability to directly observe the polarization transfer that is at the heart of the SABRE processWe note that in situ SABRE at a high field has been demonstrated using radio-frequency (RF) driven transfer [30]; however, we focus here on the spontaneous transfer of polarization that occurs in the low-field regime', 'Since 2009, the ${ p \\mathrm { - } } \\mathrm { H } _ { 2 }$ based method Signal Amplification By Reversible Exchange (SABRE) has been used to harness signal gains from ${ p \\mathrm { - } } \\mathrm { H } _ { 2 }$ without the need for the direct hydrogenation of a substrate (sub).31 It achieves the catalytic transfer of magnetisation into a substrate through the formation of a $J { \\cdot }$ -coupled network within the associated catalyst.32 The first step in SABRE typically involves the conversion of a stable 16 electron precursor such as $\\mathrm { \\big [ I r C l ( C O D ) ( I M e s ) \\big ] }$ (1) (where IMes $\\mathbf { \\Sigma } = \\mathbf { \\Sigma }$ 1,3-bis(2,4,6-trimethylphenyl)imidazol-2-ylidene and $\\mathrm { C O D ~ \\Omega = \\Omega }$ cis,cis-1,5-cyclooctadiene) into an intermediate $\\mathrm { \\big [ I r ( C O D ) ( I M e s ) }$ (sub)]Cl which then undergoes hydrogen addition to form highly reactive $\\mathrm { \\big [ I r \\big ( H \\big ) _ { 2 } \\big ( C O D \\big ) \\big ( I M e s \\big ) ( s u b \\big )', '4.4Instrumentation\nThe first SABRE experiments, demonstrated by the group of Duckett, were typically carried out in the following wayA SABRE catalyst precursor, e.g., $\\mathrm { \\small { [ I r ( C O D ) ( P C y _ { 3 } ) ( P y ) ] B F _ { 4 } } }$ ( ${ \\mathrm { C O D } } =$ cycloocta1,5-diene, $\\mathrm { C y } =$ cyclohexyl, Py $\\mathbf { \\sigma } = \\mathbf { \\sigma }$ pyridine) is dissolved in methanol- ${ \\bf \\cdot d } _ { 4 }$ at $3 0 0 \\mathrm { K }$ [5]The substrate (e.gpyridine, $5 \\mu \\mathrm { L } )$ is added to the solution, which is then transferred to a $5 \\mathrm { m m }$ Young’s tap NMR tubeThe solution is degassed and the NMR tube is pressurized with $p \\mathrm { H } _ { 2 }$ (3 atm)In order to collect the spectrum of a hyperpolarized compound, the NMR tube is forcefully shaken for $1 0 { - } 2 0 s$ in a low external field (typically, the fringe field of an NMR magnet) and then rapidly transferred to a high-field NMR instrument for subsequent NMR detection', 'The SABRE experiment was first carried out on a Micro-5 Bruker NMR probe head, by preparing a high concentration test solution inside a 5 NMR tube. Capillaries were inserted through the mounted PTFE cap, to provide an inlet and outlet for ${ p \\mathrm { - } } \\mathbf { H } _ { 2 }$ gas. The assembled probe head was placed inside a wide-bore 11.74 Tesla magnet ( $\\mathbf { 5 0 0 \\ M H z ^ { \\ 1 } H }$ frequency). The sample solution was thoroughly bubbled in situ with fresh ${ p \\mathrm { - } } \\mathbf { H } _ { 2 }$ at a flow rate of $0 . 5 \\ \\mathrm { L } \\ \\mathrm { m i n } ^ { - 1 }$ for 20 s prior to acquisition. The NMR measurement was set up as a standard $\\pi / 2$ -pulse FID reading sequence; an optimal flip angle was found by running a nutation experiment at fixed power (35 W for a Bruker $5 \\ \\mathrm { m m }$ saddle coil and $^ { 1 \\mathrm { ~ W ~ } }$ for the micro-Helmholtz setup) and varying pulse lengths.', 'This experiment using circularly polarized fields serves as a foundation for utilizing multiaxial magnetic fields to generate improved SABRE hyperpolarizationTo further push the boundaries of what can be accomplished in this realm, we look to pulse shaping to obtain the control over the system dynamics required to further improve performanceIt should be noted that this experiment is similar to current work where SABRE hyperpolarization is created using a $B _ { z } = 5 0 ~ \\mu \\mathrm { T }$ and $B _ { x }$ field near the $^ { 1 5 } \\mathrm { N }$ -\xadresonance, which is analogous to a LIGHT-\xadSABRE experiment (25)However, that experiment utilizes $B _ { x } \\approx 1 ~ \\mu \\mathrm { T }$ , which simulates the conditions at high magnetic fieldsThis experiment, by contrast, uses two fields of identical magnitudes']","['The text describes a series of steps for conducting SABRE demonstration experiments, starting with the preparation of the sample in a Pyrex NMR tube, followed by degassing, adding pH2 gas, shaking in a magnetic field, and finally obtaining NMR spectra.']","The first step in the SABRE demonstration experiment is:  
**Dissolving the SABRE catalyst precursor** (e.g., [Ir(COD)(PCy₃)(Py)]BF₄, where COD = cycloocta-1,5-diene, Cy = cyclohexyl, Py = pyridine) **in methanol-d₄ at 300 K**.  

This is followed by adding the substrate (e.g., pyridine) to the solution.",Add about 14mg of 4 (corresponding to about 0.0015mmol of the iridium complex) to a custom stopcock-sealed 5mm Pyrex NMR tube with 200μL [D4]MeOH and 0.03mmol [H5] pyridine ([H5]Py).,0.3576794664062738,0.9999999999999999,1.0,0.3333333333,0.0
46,Why is the lower magnetic field of the benchtop NMR spectrometer beneficial in this scenario?,"['The deviation of the low-field rate constant from both the high-field NMR and literature values does not originate from the presence of background signalThis is because, unlike the high-field NMR spectra, there is no observable NMR signal from the non-hyperpolarised product once the reaction has reached completion due to the lower inherent sensitivity of the benchtop NMR systemAs a result, the use of the OPSY sequence on the benchtop NMR spectrometer reduces the observed SNR without bringing any improvements in accuracy (a more comprehensive analysis can be found within the $\\mathbf { E S I \\dagger } _ { \\mathbf { \\Phi } }$ Indeed the accuracy of the experiment decreases due to the reduction in the signal that passes through the OPSY filterTherefore, in this case, the lower magnetic field of the benchtop NMR spectrometer is a benefit, because the absence of observable non-hyperpolarised signals from the product allows the simpler and more sensitive $4 5 ^ { \\circ }$ pulse detection scheme to be used', 'INTRODUCTION\nIn recent years, benchtop NMR spectrometers with moderate fields of $1 { - } 2 \\mathrm { T }$ and line widths of ${ < } 0 . 5 \\ \\mathrm { H z } ,$ have emerged as a promising alternative to traditional high-field NMR spectrometers for applications where instrument size and/or cost are a limiting factor and for use in nontraditional environments, such as within a fume cupboard in a synthetic lab.1−5 While benchtop NMR spectrometers benefit from increased portability and lower purchase and maintenance costs, they suffer from reduced sensitivity and chemical shift dispersion due to their lower magnetic field strengths.6 The resolution challenge of benchtop NMR is particularly acute for protons because of their narrow chemical shift range, which leads to signal overlap and strong coupling effects.', 'High-field nuclear magnetic resonance (NMR) offers a variety of powerful analytical techniques that provide qualitative and quantitative information about samples in a comprehensive and a non-destructive wayUnfortunately, purchasing and maintaining high-field NMR instruments is expensiveOne possible solution is to use low-field benchtop NMR (BT-NMR) spectrometers with low-cost Halbach permanent magnetsBesides having low handling costs, BT-NMR instruments are highly portable and can easily be connected to a variety of chemical reactors.[1] However, despite many technological improvements, BT-NMR spectrometers still suffer from poor resolution and low sensitivityThis is due to the relatively low magnetic field strength provided by their permanent magnetsEnhancing the NMR signal is therefore of crucial importance for the wider application of BT-NMR', 'A B S T R A C T\nThe rapid advancement of parahydrogen-induced hyperpolarization (PHIP) and its diverse array of applications highlights the critical need for enhanced signals in both $^ 1 \\mathrm { H }$ NMR and heteronuclear NMR spectroscopySimultaneously, there is an increasing interest in utilizing benchtop NMR analysis across various laboratory settingsHowever, due to their lower magnetic fields, benchtop NMR spectrometers inherently produce weaker signal intensitiesHere, PHIP is a well-established solution to this challengeConsequently, we are expanding our cost-effective PHIP setup from a high-field NMR spectrometer (11.7 T) to include an additional benchtop NMR spectrometer (1.4 T), thereby enabling concurrent execution of PHIP experiments and measurementsThrough the implementation of automated experimental protocols, we aim to minimize experiment time while increasing reproducibility', 'Benchtop NMR spectrometers operating with low magnetic fields of $\\scriptstyle 1 - 2 { \\textsf { T } }$ at sub-ppm resolution show great promise as analytical platforms that can be used outside the traditional laboratory environment for industrial process monitoringOne current limitation that reduces the uptake of benchtop NMR is associated with the detection fields’ reduced sensitivityHere we demonstrate how para-hydrogen $( p - \\mathsf { H } _ { 2 } )$ based signal amplification by reversible exchange (SABRE), a simple to achieve hyperpolarization technique, enhances agent detectability within the environment of a benchtop (1 T) NMR spectrometer so that informative $^ 1 \\mathsf { H }$ and $^ { 1 3 } { \\mathsf C }$ NMR spectra can be readily recorded for low-concentration analytesSABRE-derived $^ 1 { \\mathsf { H N M R } }$ signal enhancements of up to 17 000-fold, corresponding to $^ 1 \\mathsf { H }$ polarization levels of $P = 5']","['This is because, unlike the high- field NMR spectra, there is no observable NMR signal from the non- hyperpolarised product once the reaction has reached completion due to the lower inherent sensitivity of the benchtop NMR system. Therefore, in this case, the lower magnetic field of the benchtop NMR spectrometer is a benefit, because the absence of observable non- hyperpolarised signals from the product allows the simpler and more sensitive 45° pulse detection scheme to be used.']","Based on the provided context, the lower magnetic field of the benchtop NMR spectrometer (1-2 T) is beneficial in this specific scenario for the following reasons:  

1. **Absence of observable non-hyperpolarized signals**:  
   At lower magnetic fields, the benchtop NMR spectrometer lacks the sensitivity to detect signals from non-hyperpolarized reaction products once the reaction is complete. This eliminates interference from background signals that would otherwise complicate spectral analysis.  

2. **Simplified detection scheme**:  
   The absence of non-hyperpolarized signals allows the use of a simpler **45° pulse detection scheme** instead of specialized sequences like OPSY (Only Para-hydrogen SpectroscopY). The OPSY filter reduces the signal-to-noise ratio (SNR) on benchtop systems without improving accuracy, whereas the 45° pulse method retains higher sensitivity.  

3. **Enhanced practicality**:  
   The lower field enables a more direct approach to detecting hyperpolarized signals (e.g., from PHIP/SABRE) without requiring advanced signal-filtering techniques, streamlining experiments and improving robustness for applications like reaction monitoring.  

> *Key context excerpt*:  
> *""The absence of observable non-hyperpolarised signals from the product allows the simpler and more sensitive 45° pulse detection scheme to be used.""*",The lower magnetic field is beneficial because the absence of observable non-hyperpolarised signals from the product allows the simpler and more sensitive 45° pulse detection scheme to be used.,0.37514403704861754,0.9300358681897705,0.9333333333333333,0.9999999999,1.0
47,What is the first step in conducting an ALTADENA-type experiment with para-hydrogen?,"['3Theoretical approach\nExperiments with para-hydrogen are generally performed in one of three ways to take advantage of either or both of the ALTADENA or PASADENA effects [4,21,31,32]To produce the so called PASADENA enhancement the reaction is started and performed inside the magnetTo conduct an ALTADENA-type experiment, an NMR tube fitted with a Young’s style tap and charged with the reaction mixture is first pressurized with para-hydrogen, then shaken and introduced into the magnetHowever, as the reaction still proceeds inside the magnet, the hyperpolarization route changes instantaneously from ALTADENA to PASADENA for any species formed at high fieldThe ALTADENA signals remain detectable until depleted by longitudinal relaxationThese two situations are reflected in the following descriptions which consider the resulting time-dependent density matrix for the two $\\mathrm { ^ 1 H }$ atoms resulting from addition of a molecule of para-hydrogen to an isolated nonsymmetric spin system comprising I and S [33]', 'A traditional para-hydrogen based $\\mathrm { ^ 1 H }$ NMR experiment detecting hydrogenated products is usually performed using a $\\pi / 4$ tip angle [2]. This produces optimum results with the initial term $\\nu _ { 2 } ( 2 I _ { z } S _ { z } )$ that is present in both ALTADENA and PASADENA experiments. ALTADENA-type experiments can also be viewed after a $\\pi / 2$ pulse since it is the effect on both the $2 I _ { z } S _ { z } \\pm \\left( I _ { z } - S _ { z } \\right)$ terms with the single spin terms contributing to the observed spectrum. With PASADENA no signal is seen under this condition. Consequently the appearance of the resultant NMR spectra depend strongly on the tip angle used [32,33]. The key to a successful para-hydrogen experiment is to observe the spin system before these terms can relax into thermal equilibrium magnetization associated with the more usual $I _ { z } + S _ { z }$ terms.', 'For simplicity we assume in the following discussion $1 0 0 \\%$ enrichment in para- ${ \\bf \\cdot H } _ { 2 }$ Up to now there are two conventional schemes for creation of PHIP-type hyper-polarizationThe first scheme, the so-called PASADENA (Parahydrogen And Synthesis Allow Dramatically Enhanced Nuclear Alignment) experiment,11 corresponds to the situation where the hydrogenation reaction is carried out directly in the detection field of the NMR spectrometer, which yields multiplet polarization (mutual alignment of spins) of the two attached hydrogen atoms in the product of hydrogenationIn the second scheme, the ALTADENA (Adiabatic Longitudinal Transport After Dissociation Engenders Net Alignment) experiment,12 the hydrogenation reaction is run in the Earth’s magnetic field with subsequent adiabatic transfer of the hyper-polarized product into the NMR spectrometerAs a consequence, net polarization of each of the two protons (though of opposite sign), which originated from the parahydrogen molecule, is formed', 'This experimental scheme is termed ALTADENA (adiabatic longitudinal transport after dissociation engenders net alignment).[8] The observation of both ALTADENA and PASADENA requires that the two H atoms from the same para- $\\cdot \\mathrm { H } _ { 2 }$ molecule travel as a pair throughout the entire catalytic cycle all the way to the product, and that the time elapsed between initial dissociation of the $\\mathrm { H } _ { 2 }$ molecule and formation of the product molecule is not much longer than the nuclear spin relaxation time of the intermediates involvedAll this is favored by the fact that all processes take place on a single metal atom of the complex in solutionSince the NMR spectroscopy signal-enhancement factors observed can be as large as several orders of magnitude, hydrogenation with parahydrogen has become a powerful tool for studying the mechanisms and kinetics of homogeneous hydrogenation reactions.[1]', 'First experiments were carried out with Wilkinson catalyst immobilized on silica particles para-hydrogen over which propylene was supplied [31]The experiment was performed in an ALTADENA fashion, where the hydrogenation occurs in a reactor at $1 5 0 ^ { \\circ } \\mathsf C$ in the earth’s magnetic fieldThe obtained hyperpolarized propane gas was supplied to an NMR tube containing either a cross shaped imaging phantom or a porous medium simulated by several $1 / 1 6 ^ { \\prime \\prime }$ tubes followed by subsequent detectionAlthough the spatial resolution was limited, which is mainly due to diffusion of the gas molecules, hyperpolarized propane allowed to recover the shape of the cross shaped phantom nicely, whereas the capillaries could not all be resolvedThermally polarized propylene gas did not allow to recover either of the phantoms shapes as no signal apart from a zero frequency artifact was detected']","[""To conduct an ALTADENA-type experiment, an NMR tube fitted with a Young's style tap and charged with the reaction mixture is first pressurized with para-hydrogen, then shaken and introduced into the magnet.""]","Based on the provided context, the first step in conducting an **ALTADENA-type experiment** is:  

> **Pressurizing an NMR tube (fitted with a Young’s tap and pre-charged with the reaction mixture) with para-hydrogen.**  

This is explicitly stated in the context:  
> *""an NMR tube fitted with a Young’s style tap and charged with the reaction mixture is **first pressurized with para-hydrogen**, then shaken and introduced into the magnet.""*  

After pressurization, the subsequent steps are:  
1. Shaking the tube.  
2. Adiabatic transfer into the NMR magnet for detection.  

This differs from **PASADENA**, where the reaction occurs directly inside the magnet.",The first step is to pressurize the NMR tube fitted with a Young's style tap and charged with the reaction mixture with para-hydrogen.,0.6604870568130836,0.9052303357961736,1.0,0.9999999999,1.0
48,Why is the nuclear spin polarization (P) on the order of 10^{-6} to 10^{-4} under thermal equilibrium conditions at 298 K and a magnetic field of several Tesla?,"['This is achieved despite the inherent insensitivity arising from the fact that only a minuscule fraction of all nuclear spins contribute to the MR signal. In the thermal (i.e. Boltzmann) equilibrium, this fraction, called polarization $( P )$ , depends on the gyromagnetic ratio of the nuclear spin, the external static magnetic field $\\left( B _ { 0 } \\right)$ and the temperature. Even if the strong magnetic fields of modern systems are combined with the most abundant and strongest (stable) nuclear moment (hydrogen $\\mathrm { ^ 1 H }$ ), the polarization hardly exceeds a few ppm at in vivo temperatures $( 1 0 \\mathrm { p p m } / 3 0 \\mathrm { p p m }$ at $3 \\operatorname { T } / 9 . 4 \\operatorname { T }$ respectively, at room temperature). In other words, MR is very insensitive, detecting only approximately three $\\mathrm { ^ 1 H }$ spin in a million per Tesla and less for other nuclei, which, in addition, are generally much less abundant.', 'The nuclear spin polarization $P$ at thermal equilibrium is governed by a Boltzmann distribution of nuclear spins among Zeeman energy levels. $P$ increases linearly with magnetic field strength. For a conventional high-field NMR spectrometer $( e . g . , 9 . 4 \\mathrm { T } )$ or clinical Magnetic Resonance Imaging (MRI) scanner $( e . g . , 3 \\mathrm { ~ T } )$ at room temperature, $P$ is typically on the order of ${ { 1 0 } ^ { - 5 } }$ to ${ { 1 0 } ^ { - 6 } }$ , resulting in a relatively low sensitivity of NMRbased applications. For NMR applications where this sensitivity is too low to be useful, various hyperpolarization strategies may be employed to increase $P$ by as much as 4–5 orders of magnitude,1,2 with corresponding signal gains.', 'N wMidRelsyp etrmopslcoypeyd tod smtaugdiy s(trMucRtIu)rea, vuenrcstaitoilne, aonlds dynamicsNMR signal intensity is directly proportional to nuclear spin polarization $P _ { \\cdot }$ , which characterizes the degree of nuclear spin alignment with applied static magnetic fieldIn practice, $P$ is on the order of $1 0 ^ { - 5 }$ to $1 0 ^ { - 6 }$ under thermal equilibrium conditions of $2 9 8 \\mathrm { ~ K ~ }$ and a magnetic field of several TeslaFor example, $P$ is $1 0 \\times 1 0 ^ { - 5 }$ for $\\mathrm { ^ { 1 } \\bar { H } }$ and $2 6 \\times 1 0 ^ { - 6 }$ for $^ { 1 3 } \\mathrm { C }$ nuclei at room temperature and $3 \\mathrm { T }$ , the magnetic field of a modern MRI scannerHyperpolarization techniques can transiently increase $P$ up to unity, which leads to the temporary increase of magnetic resonance (MR) sensitivity by 4−5 orders of magnitude.1,2 The additional and largely unrealized benefit of hyperpolarization is the fundamental possibility to obtain a higher signal-to-noise ratio at low $\\left( 0', 'Generally, the NMR signal intensity is proportional to the concentration of the molecules in the sample, C, and the polarization, $P$ , the normalized population difference between the nuclear spin states of these molecules. At thermal equilibrium, the nuclear spin polarization value is a very small number. This is not surprising given the energy difference between nuclear spin states, equal to $\\hbar \\gamma _ { N } B _ { 0 }$ for a spin- $^ { 1 / 2 }$ particle with a nuclear gyromagnetic ratio $\\gamma _ { N }$ in an external magnetic field $B _ { 0 }$ . Even at very high magnetic fields of several Tesla, $\\hbar \\gamma _ { N } B _ { 0 }$ is much smaller than the thermal energy, $k _ { B } T$ (here $k _ { B }$ is the Boltzmann constant and $T$ is the absolute temperature). As a consequence, assuming a Boltzmann distribution of the populations, we obtain for the equilibrium polarization:', 'Even for protons at the highest currently available \ue103elds of 28.2 Tesla, corresponding to 1.2 GHz of proton Larmor frequency, the equilibrium polarization at $3 0 0 \\mathrm { ~ K ~ }$ is only about $P _ { \\mathrm { e q } } ( ^ { 1 } \\mathrm { H } ) \\approx 9 . 6 \\times 1 0 ^ { - 5 }$ . The situation is even worse for X-nuclei such as e.g., ${ } ^ { 1 3 } \\mathrm { C } ,$ where the lower gyromagnetic value reduces this to $P _ { \\mathrm { e q } } ( ^ { 1 3 } \\mathrm { C } ) \\approx 2 . \\times 1 0 ^ { - 5 }$ . In order to achieve higher polarization while being able to measure at ambient temperature, it is necessary to bring the spin system in a hyperpolarized state, which is very far away from thermal equilibrium. The typical measures for this hyperpolarized state are the polarization value $P _ { \\mathrm { h y p } }$ itself, or the enhancement factor']","['NMR signal intensity is directly proportional to nuclear spin polarization P∥ which characterizes the degree of nuclear spin alignment with applied static magnetic field. In practice, P is on the order of 10^{-6} to 10^{-4} under thermal equilibrium conditions of 298 K and a magnetic field of several Tesla. For example, P is 1.0×10^{-5} for 1H and 2.6×10^{-6} for 13C nuclei at room temperature and 3T, the magnetic field of a modern MRI scanner.']","The nuclear spin polarization \(P\) at thermal equilibrium is on the order of \(10^{-6}\) to \(10^{-4}\) under typical conditions (298 K, magnetic fields of several Tesla) due to the **small energy difference between nuclear spin states** relative to **thermal energy**. This is quantified as follows:

1. **Energy Disparity**:  
   The Zeeman splitting energy (\(\hbar \gamma_N B_0\)) for spin-\(^{1/2}\) nuclei is minuscule compared to thermal energy (\(k_B T\)):  
   \[
   \hbar \gamma_N B_0 \ll k_B T
   \]  
   Here:  
   - \(\hbar\): Reduced Planck constant,  
   - \(\gamma_N\): Gyromagnetic ratio (nucleus-specific),  
   - \(B_0\): Static magnetic field,  
   - \(k_B\): Boltzmann constant,  
   - \(T\): Absolute temperature.  

   At 298 K and \(B_0 = 3 \, \text{T}\):  
   \[
   k_B T \approx 4.11 \times 10^{-21} \, \text{J}, \quad \hbar \gamma_{\text{H}} B_0 \approx 8.5 \times 10^{-26} \, \text{J} \quad (\text{for } ^1\text{H}).
   \]  
   The ratio \(\hbar \gamma_N B_0 / k_B T \sim 10^{-5}\) explains the low polarization.

2. **Boltzmann Distribution**:  
   The equilibrium polarization \(P_{\text{eq}}\) is derived from the population difference between spin states:  
   \[
   P_{\text{eq}} \approx \frac{\hbar \gamma_N B_0}{2 k_B T} \quad (\text{for small arguments}).
   \]  
   For \(^1\text{H}\) at 3 T and 298 K:  
   \[
   P_{\text{eq}} \approx 10^{-5} \, (10 \, \text{ppm}),  
   \]  
   while for \(^{13}\text{C}\) (lower \(\gamma_N\)):  
   \[
   P_{\text{eq}} \approx 2.6 \times 10^{-6} \, (2.6 \, \text{ppm}).  
   \]

3. **Field and Temperature Dependence**:  
   - \(P_{\text{eq}}\) scales **linearly with \(B_0\)** (e.g., doubling \(B_0\) doubles \(P_{\text{eq}}\)).  
   - \(P_{\text{eq}}\) **decreases with higher \(T\)** (e.g., polarization at 298 K is \(\sim\!10\times\) lower than at 30 K).

### Key Insight:
The inherent insensitivity of NMR/MRI arises because thermal energy randomizes spin orientations, leaving only \(\sim\!1\) in \(10^5\) to \(10^6\) spins aligned with \(B_0\). This limitation drives the use of **hyperpolarization techniques** (e.g., PHIP, SABRE) to artificially boost \(P\) toward unity, enhancing signals by \(10^4\!-\!10^5\)-fold.","The nuclear spin polarization (P) is low under thermal equilibrium conditions because the degree of nuclear spin alignment with the applied static magnetic field is minimal at room temperature (298 K) and typical magnetic field strengths (several Tesla). For instance, P is 1.0×10^{-5} for 1H and 2.6×10^{-6} for 13C nuclei at these conditions.",0.35168446484420784,0.8908863352247721,0.6956521739130435,0.99999999998,1.0
49,Why does compound 2 play a role in the hyperpolarisation step?,"['Theoretical Basis\nThe prerequisite to detect hyperpolarization is the pairwise addition of $\\pmb { p } \\mathrm { - } \\mathsf { H } _ { 2 }$ to the substrate. Thus, the two hydrogen atoms in the substrate for polarization must originate from the same $p { \\mathrm { - } } { \\mathsf { H } } _ { 2 }$ molecule and show J-coupling to preserve hyperpolarization. For the hydrogenative PHIP the J-coupling network is determined by the hydrogenated substrate of the unsaturated precursor. In contrast, for the non-hydrogenative SABRE the $J .$ -coupled network is formed through oxidative addition of $\\pmb { p } \\mathrm { - } \\mathsf { H } _ { 2 }$ to the metal complex. The necessity of the $J _ { - }$ coupling between the two hydrogen atoms can be clarified, considering the evolution of the density operator $\\rho$ of the singlet state in an ${ \\sf A } _ { 2 }$ system. The initial density operator is defined as follows:[14]', 'where C is the catalyst, S is the substrate, $\\mathbf { H } _ { 2 }$ is dihydrogen, $\\mathbf { c } ^ { \\ast }$ is the hyperpolarized catalyst (imbalance between catalyst states), $\\pmb { S } ^ { * }$ is the hyperpolarized substrate (imbalance between substrate states), and $\\mathbf { H } _ { 2 } ^ { * }$ is the hydrogen isomer imbalance concentrationThe polarization build-up starts with the formation of the hyperpolarized species $c ^ { * }$ (stage I), which decays with the relaxation rate constant $\\boldsymbol { R _ { \\mathrm { c } } } = 1 / T _ { 1 } ^ { \\mathrm { c } }$ (stage II)This species takes part in the exchange process with the substrate which is governed by the substrate dissociation rate constant $k _ { \\mathrm { s } } ^ { \\mathrm { d } }$ (stage III) and substrate association rate constant $k _ { s } ^ { \\mathrm { a } }$ (stage IV)The hyperpolarized substrate concentration $[ S ^ { * } ]$ decays with rate constant $\\begin{array} { r } { R _ { s } = 1 / T _ { 1 } ^ { s } } \\end{array}$ (stage V)', 'In the context of pyruvate hyperpolarisation using SABRE, the presence of 6–9 will serve to hamper the key magnetisation transfer activity as their formation reduces the amount of active catalyst 4. However, as 6–9 appear to exhibit slow/no $\\mathbf { H } _ { 2 }$ exchange themselves they are unlikely to play a role in destroying the $p \\mathrm { H } _ { 2 }$ singlet order needed for SABRE. Hence, for those seeking to optimise pyruvate hyperpolarisation, the formation of 6–9 should simply be minimised, and thus sample pH controlled as it clearly is a key factor in the production of 7 and 8.', 'Therefore, careful catalyst optimisation can play a signi\ue103cant role in tuning ligand exchange which in turn provides a valuable route to improving the substrate scope and hyperpolarisation levels achieved using SABRENovel pulse sequences have also been used as a route to achieve high polarisation by compensating for suboptimal ligand exchange processes.148', 'The nature of the hyperpolarized substrates is also important']","['The three alkyl proton signals of 2 are enhanced through PHIP, whilst those of the vinyl protons of $3\\mathrm{- CD_3OD}$ and 3- CO, which contain a single $p\\text{- }\\mathrm{H}_{2}$ derived proton, exhibit the one- proton- PHIP effect described by Eisenberg. In this case, this is a result of their formation from a monohydride complex, such as $\\mathrm{[Pd(H)(bcope)(CO)]OTf}$ (4- CO, see later), which is formed after stilbene loss from 2.']","Based on the provided information, the specific role of ""compound 2"" in the hyperpolarization step cannot be determined. The context discusses catalysts (e.g., species \(c^*\), substrates (\(S\)), and complexes (e.g., compounds 4, 6-9), but does not mention ""compound 2"" or its function. 

For clarity, the context describes:
- Hyperpolarization relies on pairwise addition of \(p\text{-}H_2\) to substrates, requiring \(J\)-coupling to preserve polarization.
- Catalyst dynamics (e.g., formation of hyperpolarized catalyst \(c^*\), exchange with substrates, and relaxation) govern polarization buildup.
- Specific complexes like 6–9 hamper polarization by reducing active catalyst (4) but do not destroy \(p\text{H}_2\) singlet order.

Since ""compound 2"" is not referenced, its role cannot be inferred from the given context. If you have additional details about this compound, please clarify.","Compound 2 plays a role in the hyperpolarisation step because its alkyl proton signals are enhanced through PHIP (Para-Hydrogen Induced Polarization), which is a result of its formation from a monohydride complex after stilbene loss. This enhancement is visible in the NMR spectrum and contributes to the hyperpolarisation effect.",0.16323888212869844,0.0,1.0,0.0,0.0
50,"Why do ionic liquids (ILs) exhibit ambiguous polarity behavior, interacting with both polar and non-polar substrates?","['Para-hydrogen induced polarization (PHIP) is observed in an organic solvent-free homogeneous catalyst/substrate system using ionic liquidsThe hydrogenation reactions are performed employing a Rh-catalyst/ionic liquid system without further organic solventsThe PHIP phenomenon is demonstrated for the ethyl acrylate systemSmall amounts of ionic liquids (ILs) containing weakly coordinating anions such as $[ \\mathrm { T f } _ { 2 } \\mathrm { N } ] ^ { - }$ act as homogenizing cosolvents for the catalyst in ethyl acrylate, leading to a dramatic activation of the catalytic process and a high PHIP signal enhancementThe achieved enhancement depends strongly on the viscosity of the ethyl acrylate/IL mixtureFurthermore, by deliberate choice of the IL constituents it was possible to design a model system exhibiting both sufficient catalyst solubility and biphasic liquid–liquid behavior', 'Ionic liquids (ILs) have shown promise as an alternative to organic solvents to overcome these solubility problems due to their variable solvation properties. In this context, it has been recently demonstrated that small amounts of ILs can help to increase the catalytic activity and influence the selectivity of catalysts, for example, in hydrogenation reactions.33 Furthermore, ILs possess in general low vapor pressures, which facilitates product separation using extraction or distillation. In particular if the product separates from the IL–catalyst phase, simple phase separation is feasible.', 'Homogeneous hydrogenation reactions were among the first being studied in ionic liquids (ILs) as the solvents.9,10 To quite a surprise, even substrates with very limited solubility gave remarkable results. In the following, ionic liquids proved especially valuable for biphasic processes in which the catalyst was heterogenized in the ionic phase. Consequently, hydrogenation reactions in ILs should be perfectly suitable to be studied using PHIP NMR spectroscopy (Figure 1).', 'excess pyridine). This phenomenon is presumably linked to the need of a strong base promoter for the catalytic action of these compounds and of the iridium analogues in the ionic hydrogenation of polar unsaturated substrates.14,22', 'In summary, the iridium precatalyst $\\mathrm { I r } ( \\ l { \\ l } { \\ l } { \\ l } { \\ l } { \\bf { \\kappa } } { \\bf { C } } , { \\bf { O } } { \\bf { - } } { \\bf { L } } _ { 1 } ) ( { \\bf { C } } { \\bf { O } } { \\bf { D } } )$ , 1 containing a phenolate substituted NHC has been synthesised and shown to act as an efficient SABRE catalyst precursorThe active catalytic species is solvent dependentComplex 1 contains an Ir–O bond which is affected by solvent polarity and proton availability; in non-polar $\\mathrm { C _ { 6 } D _ { 6 } }$ and polar aprotic $\\mathbf { C D } _ { 2 } \\mathbf { C l } _ { 2 }$ , this bond is strong and substitution resistant with 1 forming $\\mathrm { I r ( \\kappa C , O - L _ { 1 } ) ( H ) _ { 2 } ( p y ) _ { 2 } }$ (3) on reaction with $\\mathbf { H } _ { 2 }$ and pyridine']","[""Their polarity is normally in the range of acetonitrile or methanol, depending on the method used for its determination [18, 19, 22]. Still, there is an ongoing discussion about the 'right' way to determine solvent polarities, especially for ILs [8]. It has been shown, for example, that with use of ILs as the stationary phase in gas chromatography, strong interactions with polar substrates as well as with non-polar substrates could be detected [23]. This ambiguity also reflects in their ability to dissolve polar as well as non-polar molecules.""]","Ionic liquids (ILs) exhibit ambiguous polarity behavior due to their **tunable solvation properties**, which stem from the ability to modify their cationic and anionic constituents. This design flexibility allows ILs to interact with both polar and non-polar substrates through the following mechanisms:  

1. **Variable Solvation Properties**:  
   - ILs can be engineered with specific ions (e.g., weakly coordinating anions like $[\mathrm{Tf_2N}]^-$) that adjust polarity. For example, ILs containing $[\mathrm{Tf_2N}]^-$ homogenize polar catalysts (e.g., Rh-complexes) in non-polar substrates like ethyl acrylate while maintaining compatibility with polar media.  
   - This adaptability enables ILs to dissolve polar catalysts and non-polar substrates simultaneously, as observed in homogeneous hydrogenation reactions where ILs act as ""homogenizing cosolvents.""  

2. **Biphasic Behavior**:  
   - By selecting specific ion combinations, ILs can be designed to form biphasic systems (e.g., IL/catalyst phase vs. product phase). This facilitates separation of non-polar products (e.g., via liquid-liquid extraction) while retaining polar catalysts in the IL phase.  

3. **Low Vapor Pressure**:  
   - The negligible volatility of ILs enhances their stability in mixed-polarity systems, avoiding interference from solvent evaporation during reactions.  

This tunability makes ILs effective in NMR applications like PHIP, where they enhance catalytic activity and polarization transfer (e.g., high PHIP signal amplification in ethyl acrylate/IL mixtures).  

---  
**Note**: The behavior arises from structural modularity—non-polar alkyl chains on cations provide hydrophobicity, while charged regions interact with polar species.","The ambiguous polarity behavior of ILs arises because their polarity is typically within the range of acetonitrile or methanol, but there is ongoing debate about the correct method to determine their polarity. This ambiguity is reflected in their ability to interact strongly with both polar and non-polar substrates, as demonstrated in gas chromatography studies where ILs showed interactions with both types of substrates.",0.4012598033995506,0.9435829167641621,0.8181818181818182,0.0,0.0
51,How do the $\mathrm{Co - C_{allyl}}$ bond lengths of species 7 compare to those of species 1?,[],"['The $\\mathrm{Co - C_{allyl}}$ bond lengths of 7 are 1.987(3), 1.987(3) and 2.082(3) $\\mathring{\\mathrm{A}}$ and therefore slightly shorter than those seen for both 1 and 4.']","Based on the provided bond length data from Tables 1 and 2:

### Species 1 (Table 1):
- **Co1–C21**: 2.116(3) Å  
- **Co1–C22**: 2.057(3) Å  
- **Co1–C23**: 2.107(3) Å  

### Species 7 (Table 2):
- **Co1–C21**: 2.116(4) Å  
- **Co1–C22**: 2.063(4) Å  
- **Co1–C23**: 2.102(4) Å  

### Comparison:
1. **Co1–C21**:  
   Identical in both species (2.116 Å).  
2. **Co1–C22**:  
   Longer in species 7 by **0.006 Å** (2.063 Å vs. 2.057 Å).  
3. **Co1–C23**:  
   Shorter in species 7 by **0.005 Å** (2.102 Å vs. 2.107 Å).  

### Summary:
The $\mathrm{Co - C_{allyl}}$ bond lengths in species 7 are **nearly identical** for C21 but exhibit minor variations for C22 (slightly elongated) and C23 (slightly shortened) compared to species 1. Experimental uncertainties (in parentheses) are comparable for both species.","The $\mathrm{Co - C_{allyl}}$ bond lengths of species 7 (1.987(3), 1.987(3), and 2.082(3) $\mathring{\mathrm{A}}$) are slightly shorter than those seen for species 1.",0.4384986279247386,0.8688991757438674,0.0,0.0,0.0
52,How does the Rh-Rh distance measured by EXAFS compare to that measured by single-crystal X-ray diffraction?,"['These show the direct formation of a dimeric species in the solid-state, similar to that reported for the Ir-congener.46 The formation of similar hydride bridged dimers in the solid-state has been reported on hydrogenation of $\\mathrm { \\small { [ I r ( t r i p h o s ) H _ { 2 } ( e t h e n e ) ] } [ B P h _ { 4 } ] }$ at $7 0 ~ ^ { \\circ } C , ^ { 4 7 }$ while other solid-state monomer/dimer transformations are known in organometallic chemistry.48,49 The $\\mathrm { R h - R h }$ distance of 2.64(2) Å compares favorably with independently synthesized 4: EXAFS, 2.66(2) Å and single-crystal $\\mathrm { \\Delta X }$ -ray diffraction, 2.6575(5) $\\mathring { \\mathrm { A } } ^ { 3 9 }$ Inclusion of Rh−Rh bonding was essential to fit the obtained data, confirming the dimeric nature of the solid.50 The ${ } ^ { 3 1 } \\mathrm { P } \\{ { } ^ { 1 } \\mathrm { H } \\}$ SSNMR spectrum of complex 4 formed in this way after catalysis shows relatively sharp signals, suggesting the retention of short-range order, while SEM', 'Complexes 6–8 were characterized by single crystal X-ray diffraction methodsAll complexes possess a distorted square planar geometry around Rh1 and a nearly ideal square planar environment around Rh2 ( $\\tau _ { \\mathrm { { R h } 1 } } = 0 2 9$ , 0.46 and 0.37, and $\\tau _ { \\mathrm { R h } 2 } =$ 0.06, 0.01 and 0.03 for 6, 7 and 8 respectively).44 The Rh–Rh contact in monomeric 7 is $2 6 2 9 7 ( 2 ) \\mathring { \\mathbf { A } } .$ , that is $0 2 1 \\mathring { \\mathrm { ~ A ~ } }$ shorter than in dimeric 6 (2.8464(3) $\\mathring \\mathbf { A }$ , Table 1)This shortening of the Rh–Rh distances is accompanied by an elongation of the P–Rh bond from 2.1829(3) $\\mathring { \\mathbf { A } }$ in the chloro bridged dimer 6 to 2.2115(5) A˚ in the monomeric tri\ue104ate complex 7, indicating that the Rh–Rh interaction in 7 is strongerHowever, the bond lengths of the coordinated $\\mathbf { C } { \\mathrm { - } } \\mathbf { C }$ multiple bonds as well as the respective C–Rh distances do not differ much between 6 and 7 (Table 1)', 'The distance from Ir to the methanol oxygen ligand donor atom is closer than that found in the DFT calculations $( 2 3 9 5 \\AA )$ and we are not able to discriminate between cis and trans in this caseWe have shown that with EXAFS it is possible to investigate the catalytic system $[ \\mathsf { I r } ( \\mathsf { I M e s } ) ( \\mathsf { H } ) _ { 2 } ( \\mathsf { L } ) _ { 3 } ]$ in which reliable structures were obtained when L was pyridine or mTzResults should be handled with caution in the case of mixtures of both ligands and when coordination of the solvent is involvedWe compared the distance determined with EXAFS with that obtained by using X-ray crystallography, and, when available, DFT-derived geometriesDFT predicts a distinct difference between cis and trans ligands, which is not so pronounced in known X-ray structures but is clearly observed with EXAFS', '0.8880), and despite its weak contribution, it does have a tendency to reproduce some intensity at the appropriate distance in the Fourier transform (Figure 6 C)With regard to the distance, the same trend is observed as for the pyridine ligandsThe Ir H distance in the best EXAFS fit $( 1 4 8 8 \\AA )$ is somewhat longer than the average crystallographic Ir¢H distance $( 1 4 4 8 \\mathrm { \\AA } )$ , whereas the calculated DFT values are significantly longer (1.575 æ)For X-ray crystallography it is well known that the true M H internuclear distance is systematically underestimated by approximately 0.1 æ.[27] Such a systematic deviation is not expected for EXAFS, but the determination of the distance from Ir to H is not as accurate as for the other ligands, as its contribution is relatively weak', 'Because EXAFS reveals the type and number of neighboring atoms and allows the determination of metal–ligand distances to an accuracy of $0 0 1 - 0 0 2 \\textrm { \\AA }$ by analysis of the X-ray induced electron diffraction,[21] and can be applied to solids, liquids, solutions, and even gases, it is an ideal complimentary technique for our present study']","['The Rh- Rh distance of 2.64(2) A compares favorably with independently synthesized 4: EXAFS, 2.66(2) A and single- crystal X- ray diffraction, 2.6575(5) A.39']","Based on the provided context, the comparison of Rh-Rh distances measured by EXAFS and single-crystal X-ray diffraction is as follows:

1. **Dimeric Rh complex**:  
   - EXAFS measurement: **2.66(2) Å**  
   - Single-crystal X-ray diffraction: **2.6575(5) Å**  
   The results are in close agreement, with the context noting they ""compare favorably"".

2. **Monomeric vs. dimeric Rh complexes**:  
   - In monomeric complex **7**, single-crystal X-ray diffraction shows a Rh-Rh distance of **2.6297(2) Å**.  
   - In dimeric complex **6**, the Rh-Rh distance is **2.8464(3) Å** (measured by X-ray diffraction).  
   This represents a shortening of **0.21 Å** in the monomeric form, attributed to stronger Rh-Rh interaction.

3. **Accuracy of EXAFS**:  
   The context states that EXAFS determines metal-ligand distances with an accuracy of **0.01–0.02 Å**, making it highly reliable for structural comparisons.

The data indicate excellent agreement between EXAFS and single-crystal X-ray diffraction for Rh-Rh distances, with minor variations falling within expected experimental error margins.",The Rh-Rh distance measured by EXAFS (2.66(2) Å is slightly larger than that measured by single-crystal X-ray diffraction (2.6575(5) Å).,0.5441218328304427,0.9348321613649949,0.7692307692307693,0.9999999999,1.0
53,Why are the highest signal gains for the OCH₂ resonance of 1-propanol observed when between 5-8 equivalents of d₇-BnNH₂ are employed?,"['First, the effect of the amine concentration was determined by increasing the number of $d _ { \\mathrm { 7 } } \\mathrm { - B n N H } _ { 2 }$ equivalents relative to iridium from 5 to 25 in the presence of $1 \\mu \\mathrm { L }$ of 1-propanol. This study showed that the highest signal gains seen for the $\\mathrm { O C } H _ { 2 }$ resonance of 1-propanol were observed when between 5–8 equivalents $d _ { \\mathrm { 7 } } \\mathrm { - B n N H _ { 2 } }$ was employed and this corresponds to an amine concentration of $2 5 \\mathrm { - } 4 0 ~ \\mathrm { m M }$ (see ESI†). For example, at 5 equivalents of $d _ { \\mathrm { 7 } } \\mathrm { - B n N H _ { 2 } }$ a 718-fold signal gain for the $\\mathrm { O C } H _ { 2 }$ was recorded whereas at 8 equivalents a comparable signal gain of 695-fold was quanti\ue103ed. The $\\mathrm { O C } H _ { 2 }$ signal gain decreases to ca. 58-fold with the highest amine concentration of $1 2 5 ~ \\mathrm { m M }$ .', 'Second, the effect of alcohol concentration was determined in a similar fashion by varying the volume of 1-propanol between $0 . 1 \\mathrm { - } 7 . 0 ~ \\mu \\mathrm { L }$ (0.4–30 eq. based on iridium) whilst maintaining a \ue103xed 5 eq. of $d _ { \\mathrm { 7 } } \\mathrm { - B n N H _ { 2 } }$ and a $\\mathrm { 5 ~ m M }$ concentration of $[ \\mathrm { I r C l ( C O D ) ( I M e s ) } ]$ . At low relative concentrations of alcohol, the $\\mathrm { O C } H _ { 2 }$ signal gain was reduced. For example, when just 0.4 eq. (2 mM) of 1-propanol was present in the SABRE-Relay catalysis, a signal gain of 128-fold was quanti\ue103ed. As the relative amount of alcohol is increased to 5 equivalents, the $\\mathrm { O C } H _ { 2 }$ signal gain increases to reach a maximum of 723-fold per proton. Increasing the alcohol concentration further then leads to a decrease in signal gain.', '{ 1 3 } \\mathrm { \\bf C }$ -signal gains under SABRE-Relay\nSABRE-Relay derived polarization can also be transferred to the $^ { 1 3 } \\mathrm { C }$ nuclei within the target molecule.41 For our test substrate, 1-propanol, we are able to achieve signal gains of 281, 342 and 128-fold for the $\\mathrm { O C H } _ { 2 }$ , $C \\mathbf { H } _ { 2 }$ and $C \\mathrm { H } _ { 3 }$ positions respectively when using the previously optimised conditions for $\\mathrm { ^ 1 H }$ polarisation $\\mathbf { 7 } ~ \\mathrm { m M }$ of $d _ { 3 4 } – 2$ , 5 equivalents of $\\mathrm { N H } _ { 3 }$ and 5 equivalents of 1-propanol). These signal gains are sufficient to obtain a fully diagnostic $^ { 1 3 } \\mathrm { C }$ NMR spectrum in a single scan a\ue09der spontaneous polarisation transfer at $7 0 \\mathbf { G }$ to the carbon nuclei that are present at their natural isotopic abundance for a sample containing $2 5 { \\mathrm { ~ m M } }$ of 1-propanol.', '{ \\bf ^ { 1 } H } .$ -signal gains under SABRE-Relay\nTo further understand the SABRE-Relay method, structurally complex alcohols were examined, including secondary and tertiary alcohols alongside other OH containing materials, as shown in Fig. 5. First, the regioisomeric alcohols 3-methyl-1- butanol, 3-pentanol and 2-methyl-2-butanol were polarized using the optimized SABRE-Relay conditions for propanol $\\mathbf { \\hat { 5 } ~ m M }$ of 1, 7 equivalents of ammonia and 5 equivalents of alcohol in dry dichloromethane- $\\cdot d _ { 2 }$ ). 3-Methyl-1-butanol gave good ${ } ^ { 1 } \\mathrm { H }$ signal gains with the $\\mathrm { O C } H _ { 2 }$ signal now being 455-fold larger than the signal produced under Boltzmann conditions which is comparable to that of 1-propanol. Polarization is also proliferated throughout the aliphatic chain, with signal gains of 313, 707 and 69-fold being quanti\ue103ed for the $\\mathbf { C } H _ { 2 }$ , $\\mathbf { C } H$ and $\\mathbf { C } H _ { 3 }$ groups respectively.', 'Similarly, the SABRE-Relay polarization of $^ { 3 1 } \\mathrm { P }$ nuclei is also achievable. When diethyl (hydroxymethyl) phosphonate was exposed to 3 bar ${ p \\mathrm { - } } \\mathrm { H } _ { 2 }$ in the presence of $d _ { 3 4 } . . 2$ and $\\mathrm { N H } _ { 3 }$ , a 30-fold signal enhancement is observed for the $^ { 3 1 } \\mathrm { P }$ resonance a\ue09der spontaneous polarization transfer at $\\mathbf { 7 0 G }$ . Additionally, an 88-fold $^ 1 \\mathrm { H }$ signal gain for the $\\mathrm { O C } H _ { 2 }$ resonance was quanti\ue103ed. These signal gains are signi\ue103cantly reduced when compared to 1-propanol or 3-methyl-1-butanol and may be indicative of the alcohol being too acidic for SABRE-Relay with ${ \\bf N H } _ { 3 }$ . A further screen of less basic carrier amines may thus yield improved results.']","['SABRE derived signal enhancements are known to be highly dependent on the ratio of catalyst to substrate with lower concentrations typically yielding higher signal gains. It is accepted that this is a consequence of the available p-H₂ derived polarization pool being shared across a finite number of spins. Co-ligands have therefore been employed to reduce spin-dilution and often provide improved signal gains. For example, at 5 equivalents of d₇-BnNH₂ a 718-fold signal gain for the OCH₂ was recorded whereas at 8 equivalents a comparable signal gain of 695-fold was quantified.']","Based on the provided context, the highest signal gains for the OCH₂ resonance of 1-propanol occur at 5–8 equivalents of **d₇-BnNH₂** (corresponding to 25–40 mM amine concentration) due to **optimized catalytic conditions for polarization transfer** in the SABRE-Relay process. The observed trend is attributed to:

1.  **Balanced Amine Concentration**:  
    At 5–8 equivalents (25–40 mM), the amine concentration maximizes the efficiency of polarization transfer from parahydrogen to 1-propanol via the iridium catalyst. This range provides sufficient amine to facilitate the reversible exchange process without saturating the catalyst.  

2.  **Reduced Efficiency at Higher Concentrations**:  
    When the amine concentration increases beyond this range (e.g., 125 mM), signal gain drops sharply (to ~58-fold). This decline occurs because excess amine **competes with 1-propanol** for binding sites on the iridium catalyst, hindering the relay of polarization to the alcohol.  

3.  **Experimental Evidence**:  
    - At **5 equivalents** of d₇-BnNH₂, the OCH₂ signal gain is **718-fold**.  
    - At **8 equivalents**, the gain is **695-fold** (comparable).  
    - At **125 mM** (25 equivalents), the gain drops to **~58-fold**.  

This optimization reflects a trade-off between sufficient amine for catalysis and avoidance of competitive inhibition at higher concentrations. Similar bell-shaped dependencies are observed for alcohol concentration, confirming that substrate/catalyst stoichiometry critically governs SABRE-Relay efficiency.","The highest signal gains are observed at 5-8 equivalents of d₇-BnNH₂ because the available p-H₂ derived polarization pool is shared across a finite number of spins, and lower concentrations reduce spin-dilution, leading to improved signal gains.",0.3781711083064064,0.9700104159139261,0.3684210526315789,0.0,0.0
54,Why is there a two orders of magnitude difference between the enhancements obtained for  $^{1}$ H and  $^{19}$ F?,"['The two orders of magnitude difference between the enhancements obtained for $^ 1 \\mathsf { H }$ and $^ { 1 9 } \\mathsf { F }$ can be explained by taking into account the short longitudinal relaxation times of $^ { 1 9 } \\mathsf { F } ,$ which range between 3 and $5 s$ at $1 1 . 7 4 \\intercal$ for all of the ligands investigated here. Although this is apparently an obstacle in the way of $^ { 1 9 } \\mathsf { F }$ SABRE MRI applications, we show that, in some cases, one can circumvent this situation by exploiting the long relaxation times of the protons in INEPT polarizationtransfer experiments or by working at relatively low detection fields.', 'Although the results of the $^ { 1 9 } \\mathsf { F }$ hyperpolarization studies are very promising and exhibit enhancement values high enough to allow for high-resolution images (with the exception of $L ^ { 9 } )$ to be recorded (see below), they are two orders of magnitude lower than those obtained for $^ 1 \\mathsf { H }$ . This is a remarkable decrease considering the high sensitivity of $^ { 1 9 } \\mathsf { F } ,$ which is very close to that of proton. In order to fully rationalize this difference, one must take into account the relaxation and exchange rates for the ligands analyzed, as well as the dependence of the polarization transfer on the value of the magnetic field at which the transfer takes place.', 'Our work demonstrates that, by varying the ligand loading and $\\mathsf { p } \\mathrm { - } \\mathsf { H } _ { 2 }$ concentration, it is possible to dramatically exceed the previously reported $^ 1 \\mathsf { H }$ hyperpolarization levels$^ { 1 9 } \\mathsf { F }$ NMR hyperpolarized spectra were successfully recorded for $\\mathsf { L } ^ { 2 } , \\mathsf { L } ^ { 4 } , \\mathsf { L } ^ { 6 } , \\mathsf { L } ^ { 7 } \\mathsf { a } , \\mathsf { L } ^ { 7 } \\mathsf { b } , \\mathsf { L } ^ { 8 } ,$ and $L ^ { 9 } ,$ and the average enhancements of the free fluorine resonance, with the exception of $L ^ { 8 }$ and $\\mathsf { L } ^ { 9 } .$ were quantifiedThe highest values were obtained for $L ^ { 2 }$ and $\\lfloor ^ { 7 } \\ b$ (ca60- and 39- fold enhancements, respectively, at $1 1 7 4 \\ : \\mathrm { T } )$ , although we note that the enhancement values reported by Shchepin et al.[14] exceed the ones reported here', 'A|s shown schematically in Fig. 2a, the difference in population at thermal equilibrium at room emperature s very small $( 3 . 5 \\mathrm { p p m T ^ { - 1 } }$ for $^ 1 \\mathrm { H }$ at 295 K). This is because the difference in energy between the two nuclear spin states is small compared to the available thermal energy. Under hyperpolarisation conditions, one of these states is overpopulated, as shown schematically in Fig. 2b, generating polarisation levels up to tens of percent. This gives rise to a larger net bulk magnetisation and therefore an enhanced NMR signal. Since the level of polarisation is very small at hermal equilibrium (tens of ppm), signal enhancements of many orders of magnitude are possible.', '60- and 39- fold enhancements, respectively, at $1 1 7 4 \\ : \\mathrm { T } )$ , although we note that the enhancement values reported by Shchepin et al.[14] exceed the ones reported hereHowever, we show that, by decreasing the field strength at which experiments are performed and increasing the concentration of $\\leftp \\mathrm { - } { \\sf H } _ { 2 } , \\right.$ the enhancement of the $^ { 1 9 } \\mathsf { F }$ resonance can be significantly improved']","['The two orders of magnitude difference between the enhancements obtained for  $^{1}$ H and  $^{19}$ F can be explained by taking into account the short longitudinal relaxation times of  $^{19}$ F, which range between 3 and 5 s at 11.74 T for all of the ligands investigated here.']","The two orders of magnitude difference in enhancements between $^{1}$H and $^{19}$F arises due to two key factors:  

1. **Shorter longitudinal relaxation times ($T_1$) of $^{19}$F**: At 11.74 T, $^{19}$F relaxation times range between 3–5 s for the ligands studied. This rapid relaxation significantly reduces the retention of hyperpolarization before detection, unlike $^{1}$H, which typically exhibits longer $T_1$ values.  

2. **Magnetic field dependence of polarization transfer**: The efficiency of polarization transfer to $^{19}$F is highly sensitive to the magnetic field strength during transfer. This field dependence further limits $^{19}$F enhancements compared to $^{1}$H, which experiences less restrictive transfer conditions.  

The high intrinsic sensitivity of $^{19}$F (comparable to $^{1}$H) does not compensate for these limitations, resulting in lower observed enhancements (e.g., 60-fold for $L^2$, 39-fold for $L^{7b}$ at 11.74 T). Strategies to mitigate this include using INEPT-based polarization transfer (leveraging longer $^{1}$H $T_1$) or working at lower fields with higher $\mathrm{p\text{-}H_2}$ concentrations.","The difference can be explained by the short longitudinal relaxation times of  $^{19}$ F, which range between 3 and 5 s at 11.74 T for all of the ligands investigated here.",0.5422700093209165,0.9466548922061834,1.0,0.99999999995,1.0
55,What is the second step in the process of testing Rh2C in propyne hydrogenation experiments?,"['Consequently, much less heat was released in propyne hydrogenation compared to propene hydrogenation despite the larger exothermicity of the former reactionAs a result, it was possible to first test ${ \\mathsf { R h } } _ { 2 } { \\mathsf { C } }$ in the propyne hydrogenation experiments at temperatures not exceeding $1 0 0 ^ { \\circ } \\mathsf { C }$ Subsequently, $\\mathsf { R h } _ { 2 } \\mathsf { C }$ was pretreated in a flow of undiluted ${ \\sf H } _ { 2 }$ at $1 5 0 ^ { \\circ } \\mathsf C$ for two hours to form Rh0/C in situ (this material is denoted as post-Rh2C(150-H2), where the prefix post indicates that the reduction was performed after the first catalytical testing)Subsequently, the temperature was lowered to $5 0 ^ { \\circ } \\mathsf { C }$ without termination of the ${ \\sf H } _ { 2 }$ flow, and the catalytic testing was repeatedThe results of these tests are shown in Figure 2', 'To probe the electronic states of ${ \\mathsf { R h } } _ { 2 } { \\mathsf { C } }$ after the catalytic tests with propyne, two additional control experiments were performed: in the first one $\\mathsf { R h } _ { 2 } \\mathsf { C }$ was tested in propyne hydrogenation only up to $1 0 0 ^ { \\circ } \\mathsf C ,$ and in the second one $\\mathsf { R h } _ { 2 } \\mathsf { C }$ was tested at temperatures up to $2 0 0 ^ { \\circ } \\mathsf C$ In these tests, no subsequent reduction was performed, and the post-reaction catalysts were recovered after exposure to the hydrogenation conditions. These materials, denoted as $\\mathsf { R h } _ { 2 } \\mathsf { C } _ { ( 1 0 0 - \\mathsf { s p e n t } ) }$ and $\\mathsf { R h } _ { 2 } \\mathsf { C } _ { ( 2 0 0 - 5 \\mathsf { p e n t } ) } ,$ were cooled down under helium flow, opened to air, and characterized by XPS. The hydrogenation results obtained in these experiments are presented in Tables S3 and S4.', 'Results and discussion\nAs the first step, all of the prepared immobilized catalysts $( \\mathrm { I r } ^ { \\mathrm { N } } , \\mathrm { I r } ^ { \\mathrm { P } } , \\mathrm { R h } ^ { \\mathrm { N } }$ , and $\\mathrm { R h } ^ { \\mathrm { { P } } }$ ) were tested in the gas-phase hydrogenation of propyne using ${ p \\mathrm { - } } \\mathrm { H } _ { 2 }$ In these experiments, a mixture of propyne with ${ p \\mathrm { - } } \\mathbf { H } _ { 2 }$ was passed through an NMR tube containing the catalyst and placed inside the NMR instrument (FigS1‡)The hydrogenation with parahydrogen was thus performed at the high magnetic field of the NMR spectrometer (the PASADENA approach).32 It was found that $\\mathrm { I r } ^ { \\mathrm { N } }$ and $\\mathbf { R h } ^ { \\mathbf { P } }$ catalysts produced hyperpolarized propene, the product of semi-hydrogenation of the $\\scriptstyle \\mathbf { C } = \\mathbf { C }$ bond in propyne, when the catalyst temperature was in the range of 100–120 $^ \\circ \\mathbf { C }$ (Fig', 'Hydrogenation of propyne with para- $\\cdot \\mathrm { H } _ { 2 }$ on supported Pd catalysts gave both propene and propaneIn the NMR spectra of the reaction gas mixtures produced on $\\mathrm { P d } / \\mathrm { Z r } \\mathrm { O } _ { 2 }$ $\\mathrm { P d } / \\mathrm { S i O } _ { 2 }$ and $\\mathrm { P d } / \\mathrm { A l } _ { 2 } \\mathrm { O } _ { 3 }$ catalysts, the hyperpolarized peaks were observed only for the protons of $\\mathrm { C H } _ { 2 }$ and CH groups of propene, whereas only thermally polarized signals were observed for propane (Fig1b)We emphasize the fact that hydrogenation of hyperpolarized propene should partially carry its hyperpolarization over to propaneTherefore, if hyperpolarized propene resulting from the selective propyne hydrogenation through a pairwise $\\mathrm { H } _ { 2 }$ addition were hydrogenated further, hyperpolarized propane should be observed even if the second $\\mathrm { H } _ { 2 }$ addition step were non-pairwise', 'The PHIP experiments corroborate the finding that the catalysts need an initial activation step. Whereas after the first hydrogenation (PHIP1) no PHIP activity of $[ \\mathsf { S i O } _ { 2 }$ –Py–Wilk] was visible, slight activity in the hydrogenation with parahydrogen was observed after the second hydrogenation step (PHIP 2), and finally a much higher activity was observed in the third and the fourth step (PHIP 3 and PHIP 4).']","['The text describes a series of experiments involving the hydrogenation of propyne using Rh2C, detailing the steps taken to test and pretreat the catalyst.']","Based on the provided context, the second step in the testing process for Rh₂C in propyne hydrogenation experiments is:  

**Pretreatment of Rh₂C in a flow of undiluted H₂ at 150°C for two hours** to form Rh⁰/C *in situ*. This material is denoted as **post-Rh₂C(150-H₂)** (where ""post"" indicates reduction occurred after initial catalytic testing).  

This step directly follows the initial testing of Rh₂C at temperatures ≤100°C. After pretreatment, the temperature was lowered to 50°C without stopping the H₂ flow, and catalytic testing was repeated.  

*(Source: Context describing the sequence of Rh₂C testing)*.",Pretreating Rh2C in a flow of undiluted H2 at 150°C for two hours to form Rh0/C in situ.,0.4843633730882952,0.9976180825889523,1.0,0.9999999999,1.0
56,How do the hyperpolarization levels and substrate scope of SABRE compare to those of DNP?,"['Nonetheless, SABRE often generates lower levels of hyperpolarization and has a more limited substrate scope compared to DNPThus, significant effort has been made by the SABRE community to not only optimize the hyperpolarization process for distinct substrate groups but also expand the substrate scope to various biologically relevant molecules.19,20 Previous work has paved the way for SABRE methods to be employed as a tool for fast, simple, and efficient sensitivity boosters that can readily pair with current analytical methodsFor instance, in addition to pioneering ligand− protein studies with DNP, recently, Hilty and colleagues demonstrated the utility of using SABRE for the determination of ligand−protein binding.21,22 In this work, ligands are first hyperpolarized in methanolThen, the hyperpolarized solution is mixed with a protein solution at a Y-junction prior to entering an aqueous flow cell', 'For many practical applications, SABRE has substantial advantages compared to competing hyperpolarization methods such as high-field dynamic nuclear polarization (DNP) [21–27], which necessitates very expensive technical equipment and operates only at low temperatures around $1 0 0 \\mathrm { K }$ or the Parahydrogen Induced Polarization (PHIP) [28–37] technique, which is produced via a chemical modification of the substrate, which afterwards cannot be used for PHIP again.', 'Compared to other hyperpolarisation strategies, parahydrogenbased signal enhancement techniques such as SABRE are well-suited for lab-on-a-chip applications. Compared to DNP, for example, the problem of dealing with the generation and transport of microwaves is avoided. No thermal cycle is necessary to hyperpolarize the sample, unlike in dissolution DNP, which greatly reduces the technical challenges associated with refrigeration and dissolution.', 'In SABRE, hyperpolarization is continuously created as a result of a reversible exchange of a tobe-hyperpolarized substrate molecule and $\\mathsf { p } { \\mathrm { - } } \\mathsf { H } _ { 2 }$ between the catalytic complex and the bulk “free” solute.27 The SABRE technique was pioneered in $2 0 0 9 , ^ { 2 7 }$ and it gained popularity over the years because of its simplicity, efficiency, and low cost compared with other hyperpolarization techniques such as spin exchange optical pumping $\\bar { ( } \\mathrm { S E O P } ) ^ { 2 8 , 2 9 }$ or dissolution dynamic nuclear polarization (d-DNP).30,31 To date, SABRE demonstrated its power to hyperpolarize, among many other targets, the FDA-approved drug metronidazole with a $^ { 1 5 } \\mathrm { N }$ polarization level of $> \\hat { 5 } 0 \\%$ .32 An additional beneficial feature of SABRE is that the molecular structure of the to-be-hyperpolarized exchangeable substrate molecule does not change as a result of the process of hyperpolarization', 'SABRE is a technique with which nuclear spin hyperpolarization can be obtained for substrate molecules that weakly associate to a suitable metal complex together with ${ p \\mathrm { - } } \\mathrm { H } _ { 2 }$ . This reversible association provides a transient scalar coupling network through which the spin order of ${ p \\mathrm { - } } \\mathrm { H } _ { 2 }$ can be transferred to the nuclear spins of the substrate.[7] Strongly enhanced NMR signals are then observed for substrate molecules free in solution owing to the reversible character of the interaction. A conventional quantitative analysis of such enhanced signals based on integral comparison with an internal or external standard is not applicable as the efficiency of SABRE depends on several molecular parameters (i.e., relaxation times, scalar coupling constants, dissociation rates) that can strongly vary for different proton spins.']","['Nonetheless, SABRE often generates lower levels of hyperpolarization and has a more limited substrate scope compared to DNP. Thus, significant effort has been made by the SABRE community to not only optimize the hyperpolarization process for distinct substrate groups but also expand the substrate scope to various biologically relevant molecules.']","Based on the provided context, the comparison between SABRE and DNP is as follows:

1.  **Hyperpolarization Levels**:  
    SABRE generally produces **lower levels of hyperpolarization** than DNP. While SABRE can achieve significant polarization (e.g., >50% for the \(^{15}\text{N}\) nuclei in metronidazole), it remains less intense overall compared to DNP.

2.  **Substrate Scope**:  
    SABRE has a **more limited substrate scope** than DNP. SABRE requires substrates to reversibly bind to a catalytic metal complex to enable polarization transfer from parahydrogen. In contrast, DNP is applicable to a broader range of molecules without this binding constraint.  

**Key reasons for SABRE's limitations**:  
- Its reliance on reversible substrate-catalyst binding restricts applicability.  
- Efficiency depends on molecular parameters (relaxation times, coupling constants, dissociation rates) that vary across substrates.  

**Advantages of SABRE over DNP**:  
Despite these limitations, SABRE offers practical benefits:  
- Lower cost and technical complexity (no cryogenic temperatures or microwaves required).  
- No permanent chemical modification of substrates.  
- Continuous hyperpolarization in solution, enabling real-time applications.  

Efforts are ongoing to optimize SABRE for broader substrate classes (e.g., biologically relevant molecules) and improve polarization levels.",SABRE generates lower levels of hyperpolarization and has a more limited substrate scope compared to DNP.,0.3734185837387252,0.9685102489212906,0.9444444444444444,0.9999999999,1.0
57,Why does a slight low-field shift of the ${}^{13}\mathrm{C}$-resonances occur in the aromatic region of the PHIP spectrum during the hydrogenation of phenylethyne?,[],"[""A slight low-field shift of the ${}^{13}\\mathrm{C}$ - resonances in the aromatic region of the PHIP spectrum of the product molecules recorded during the hydrogenation of phenylethyne could be observed. A similar effect had been observed before in the ${}^{1}\\mathrm{H}$ - PHIP NMR spectra recorded during the hydrogenation of styrene derivatives using cationic $\\mathrm{Rh(I)}$ catalysts and could be explained with the occurrence of a so- called 'product attachment' during the catalytic cycle of the hydrogenation reaction [22, 23]. This term implies that the hydrogenation product binds to the metal center of the catalyst immediately after its formation via a $\\pi$ - complex between the aromatic system of the phenyl ring and one of the $d$ - orbitals of the transition metal complex (Fig. 5). The strength of this attachment depends on the electronic structure of the product and the catalyst, and it either leads to a shift of resonances to higher or lower frequencies in the respective NMR spectrum.""]","Based on the provided information, the question cannot be answered.","The low-field shift occurs due to the 'product attachment' phenomenon, where the hydrogenation product binds to the metal center of the catalyst via a $\pi$-complex between the aromatic system of the phenyl ring and one of the $d$-orbitals of the transition metal complex. This attachment alters the electronic environment, leading to a shift in the NMR resonances.",0.09430830160306525,0.0,1.0,0.0,0.0
58,Why does the HP gas signal experience a fast decay after injection?,"['When the HP gas injection was completed, the HP gas signal experienced a fast decay due to $T _ { 1 }$ relaxation and also due to the depolarizing effect of the RF pulses. The “effective” $T _ { 1 }$ constant was measured to be $0 . 6 7 \\pm 0 . 4 0$ (Figure S6), $0 . 6 8 \\pm$ 0.39 (Figure S8), and $0 . 6 4 \\pm 0 . 4 7$ (Figure S10), additionally highlighting the reproducibility, albeit with large $T _ { 1 }$ error bars. While this “effective” $T _ { 1 }$ is rather short, the feasibility of HP propane imaging in physiologically relevant conditions in a clinical MRI scanner is clearly demonstrated in this pilot study. We also note that the detection sensitivity of this study likely has suffered substantially from the slow rate of HP propane gas injectionindeed, the bulk of injected HP gas (estimated at $0 . 6 \\mathrm { - } 0 . 7 ~ \\mathrm { s L }$ ) experienced depolarization (due to relaxation and', 'Additional in vivo experiments employed HP PLAC in a nude mouse animal model using a 4.7 T MRI scanner. In the first set of experiments, nonlocalized $^ { 1 3 } \\mathrm { C }$ NMR spectroscopy was performed after injection of ${ \\sim } 0 . 2 \\ \\mathrm { m L }$ of HP PLAC $( { \\sim } 2 \\bar { 5 } ~ \\mathrm { m M } )$ via the tail vein (see the Supporting Information for details). The volume RF coil covered the entire mouse body. $^ { 1 3 } \\mathrm { C }$ NMR spectra were acquired every 3 s using ${ \\sim } 1 5 ^ { \\circ }$ excitation RF pulses. $^ { 1 3 } \\mathrm { C }$ signal initially increased, because more HP PLAC reached the body of the animal during injection, and it was followed by the decay of HP signal due to $T _ { 1 }$ decay, signal depletion by RF pulses, and metabolic processes (Figure 6d).', 'Each imaging sequence was initiated before gas injection in the phantom and repeated 32 or more times to capture the HP gas delivery into a phantom, followed by HP gas decay due to RF excitation and $T _ { 1 }$ decaySee Supporting Inforamtion for imaging sequence details', '2$ sL of HP propane retained in this vesselMR imaging was started before the HP gas flow was stoppedAs a result, the first image shown in each series of coronal (Figure 4a) and axial (Figure 4b) projections has significant distortions due to fast flowing gasOnce the gas is stopped, high-resolution and high signal-to-noise ratio (SNR) images were acquired every 1.9 s (Figure $4 \\mathsf { a }$ , $S \\mathrm { N R } _ { \\mathrm { M A X } }$ of 40) or every 0.85 s (Figure $^ { 4 \\mathrm { b } , }$ $\\mathrm { S N R } _ { \\mathrm { M A X } } > 6 0 \\AA ,$ , respectivelyThe shape of the object is very well delineated in these imagesMoreover, the $1 6 \\ \\mathrm { m m } \\ \\mathrm { I D }$ tubing filled with HP propane gas is also well delineated in the axial images (Figure 4b)No signal was detected after the decay of the HP state (image #11, Figure 4a)', 'In this operation mode, we noted an initial bump in the HP signal, which we attribute to a temporary NMR tube overpressurizationNext, the HP signal plateau is established, which is followed by the decay of the HP signal due to the decreasing flow rate, which results in polarization losses during gas transfer from the reactor to the NMR detector']","[""When the HP gas injection was completed, the HP gas signal experienced a fast decay due to T1 relaxation and also due to the depolarizing effect of the RF pulses. The 'effective' T1 constant was measured to be 0.67±0.40 (Figure S6), 0.68±0.39 (Figure S8), and 0.64±0.47 (Figure S10), additionally highlighting the reproducibility, albeit with large T1 error bars.""]","Based on the provided context, the hyperpolarized (HP) gas signal experiences fast decay after injection due to the following key mechanisms:

1. **T₁ Relaxation**  
   - The primary cause is irreversible spin-lattice relaxation (T₁ decay), which naturally returns the hyperpolarized state to thermal equilibrium.  
   - Measured ""effective"" T₁ constants were reported as:  
     - 0.67 ± 0.40 (Figure S6)  
     - 0.68 ± 0.39 (Figure S8)  
     - 0.64 ± 0.47 (Figure S10)  
   These short T₁ values directly contribute to rapid signal decay.

2. **RF Pulse Depolarization**  
   - Repeated radiofrequency (RF) pulses used for excitation during NMR/MRI acquisition actively deplete the hyperpolarized state.  
   - This effect is exacerbated by rapid imaging sequences (e.g., images acquired every 0.85–1.9 s in Figure 4).

3. **Flow-Related Polarization Losses (Gas Injection)**  
   - During slow gas injection, polarization losses occur during transfer from the reactor to the detector.  
   - Flow interruptions (e.g., stopping gas flow for imaging) cause immediate decay dominated by T₁ and RF effects.

4. **In Vivo-Specific Factors**  
   - For HP [1-¹³C]pyruvate-lactate (PLAC) in mice, metabolic conversion (e.g., pyruvate → lactate) further depletes the hyperpolarized signal.  
   - Injection dynamics (e.g., signal increase during delivery followed by decay) compound these effects.

5. **Experimental Conditions**  
   - Signal distortions from fast-flowing gas (prior to flow stoppage) reduce usable signal.  
   - Overpressurization during injection can cause transient signal spikes followed by rapid decay.

No additional mechanisms beyond these are mentioned in the context.",The HP gas signal decays quickly due to T1 relaxation and the depolarizing effect of the RF pulses.,0.5406252000243602,0.9202759473078833,0.8095238095238095,0.9999999999666667,1.0
59,Why does dissolving hyperpolarized propane in organic solvents at high magnetic fields extend its lifetime?,"['ABSTRACT: Hyperpolarized (HP) propane produced by the parahydrogen-induced polarization (PHIP) technique has been recently introduced as a promising contrast agent for functional lung magnetic resonance (MR) imaging. However, its short lifetime due to a spin−lattice relaxation time $T _ { 1 }$ of less than 1 s in the gas phase is a significant translational challenge for its potential biomedical applications. The previously demonstrated approach for extending the lifetime of the HP propane state through long-lived spin states allows the HP propane lifetime to be increased by a factor of ${ \\sim } 3 .$ . Here, we demonstrate that a remarkable increase in the propane hyperpolarization decay time at high magnetic field (7.1 T) can be achieved by its dissolution in deuterated organic solvents (acetone- $d _ { 6 }$ or methanol- $d _ { 4 }$ ). The approximate values', 'Therefore, this work logically follows from a number of our previous studies31,34,38 t hat concentrated on the development of $^ { 1 } \\mathrm { H }$ magnetic resonance imaging of propane, including hyperpolarized (HP) propane, for potential application in functional lung imaging. Here, we address the issue of the short lifetime of HP propane and demonstrate that it is possible to extend the lifetime of the hyperpolarized state of propane at high magnetic fields by dissolving the propane in organic solvents. We found that the estimated values of hyperpolarization decay times for propane are 35.1 and $2 8 . 6 \\ s$ for the $\\mathrm { C H } _ { 2 }$ group and the $\\mathrm { C H } _ { 3 }$ group, respectively, which are about $_ { 1 - 2 }$ orders of magnitude greater than the $T _ { 1 }$ times for gaseous propane.38', 'CONCLUSIONS\nThe presented new approach based on the dissolution of HP propane enables one to preserve the hyperpolarization obtained by the PHIP technique for ca. 50 times longer than in the gas phase. This phenomenon can be explained by the switching of the main contribution to the relaxation mechanism from spinrotation in the gas phase to dipole−dipole interactions in the liquid phase. Moreover, we demonstrated the successful retrieval of dissolved HP propane to the gas phase with a substantial retention of its hyperpolarized state. We hope that this new approach to the prolongation of the hyperpolarization lifetime can greatly expand the application of HP propane as a contrast agent in gas-phase MR imaging. Moreover, the future development of the reported approach might have synergism with LLSS technique that, without doubt, allows for the production of hyperpolarized molecules with extremely long relaxation times.', 'Next, we aimed to determine the applicability of our approach to other deuterated solvents. For this purpose, we dissolved HP propane in methanol- $d _ { 4 }$ (Figure 4). As expected, strong PHIP signals were observed for dissolved propane (Figure S6). The $T _ { \\mathrm { H P } }$ values for propane dissolved in methanol$d _ { 4 }$ were estimated as $3 4 . 6 \\pm 0 . 3$ s for the $\\mathrm { C H } _ { 2 }$ group and $2 8 . 3 \\pm$ 0.1 s for the $\\mathrm { C H } _ { 3 }$ group (Figure 4b). These values are in agreement with the $T _ { 1 }$ values for propane dissolved in methanol- $d _ { 4 }$ (Figure 4c) and the values obtained previously for HP propane dissolved in acetone- $d _ { 6 }$ . This means that the observed prolongation of the dissolved HP propane lifetime is a common feature for different deuterated organic solvents.', 'Despite the limitations associated with a relatively short nuclear spin relaxation time that characterizes the lifetime of the enhanced NMR signals, hyperpolarized propane can be successfully used to obtain images with relatively high spatial resolutionThe lifetime of propane hyperpolarization is substantially longer in low magnetic fields [56, 57], which is advantageous for low-field MRI studies [58]$\\mathrm { R h } / \\mathrm { T i O } _ { 2 }$ catalyst is currently the most efficient one in producing hyperpolarized propane for MRI experimentsIt was found that the maximum signal gain is observed for the low propylene fraction $( \\sim 1 0 \\% )$ in the propyleneparahydrogen mixture at low or intermediate total gas pressure $( 1 - 3 \\mathsf { a t m } )$']","['Here, we address the issue of the short lifetime of HP propane and demonstrate that it is possible to extend the lifetime of the hyperpolarized state of propane at high magnetic fields by dissolving the propane in organic solvents. We found that the estimated values of hyperpolarization decay times for propane are 35.1 and 28.6 s for the CH2 group and the CH3 group, respectively, which are about 1- 2 orders of magnitude greater than the T1 times for gaseous propane.']","Based on the provided context, dissolving hyperpolarized propane in deuterated organic solvents at high magnetic fields (7.1 T) extends its lifetime due to a fundamental shift in the dominant relaxation mechanism:

1. **Gas-phase limitation**: In its gaseous state, hyperpolarized propane experiences rapid hyperpolarization decay primarily due to **spin-rotation relaxation**, resulting in a short spin-lattice relaxation time ($T_1$) of <1 second.

2. **Mechanism shift in solution**: When dissolved in deuterated solvents (e.g., acetone-$d_6$ or methanol-$d_4$), the primary relaxation pathway transitions from spin-rotation to **dipole-dipole interactions**. This liquid-phase mechanism substantially slows hyperpolarization decay.

3. **Experimental evidence**:  
   - Dissolution in acetone-$d_6$ yields hyperpolarization decay times ($T_{\text{HP}}$) of 35.1 s ($\mathrm{CH_2}$ group) and 28.6 s ($\mathrm{CH_3}$ group).  
   - In methanol-$d_4$, $T_{\text{HP}}$ values are 34.6 s ($\mathrm{CH_2}$) and 28.3 s ($\mathrm{CH_3}$).  
   These represent a **~50-fold extension** compared to gaseous propane.

4. **Deuterium effect**: Deuterated solvents minimize relaxation losses by reducing dipole-dipole interactions between solvent protons and propane's hyperpolarized protons, leveraging deuterium's lower magnetic moment.

This approach preserves hyperpolarization long enough for practical applications (e.g., gas-phase MRI), as hyperpolarized propane can later be retrieved while retaining significant polarization.",Dissolving hyperpolarized propane in organic solvents at high magnetic fields extends its lifetime because the hyperpolarization decay times for propane in this state are about 1-2 orders of magnitude greater than the T1 times for gaseous propane.,0.3575892950673029,0.9520880508316045,0.875,0.9999999999666667,1.0
60,Why does warming to 305K allow the detection of new species like the acyl intermediate 8 in the NMR signals?,"['When the temperature was raised to $3 0 8 \\mathsf { K } ,$ the $^ 1 \\mathsf { H }$ NMR signals for both 9 b and 10 increased in intensity but additional signals for 3 appearThese signals were again most readily detected in the corresponding OPSY $^ 1 { \\sf H }$ NMR spectrum as shown in Figure 3cHowever, upon warming further to $3 1 8 1$ the signals for 10 and 9 b become significantly weaker while those for 3 drastically increase in size with signals for $\\mathsf { R u } ( \\mathsf { H } ) _ { 2 } ( \\mathsf { C O } ) _ { 2 } ( \\mathsf { P P h } _ { 3 } ) _ { 2 } ,$ 5 and 7 a also become visibleAt $3 2 8 \\mathsf { K } ,$ the signals for 3 and $\\mathsf { R u } ( \\mathsf { H } ) _ { 2 } ( \\mathsf { C O } ) _ { 2 } ( \\mathsf { P P h } _ { 3 } ) _ { 2 }$ now dominate the hydride region of the resulting NMR spectra with cis-stilbene signals dominating the organic regionWhen the temperature reaches $3 3 8 \\mathsf { K } ,$ signals for 8 appear at $\\phantom { - } 8 2', 'When the temperature reaches $3 3 8 \\mathsf { K } ,$ signals for 8 appear at $\\phantom { - } 8 2 8 8$ and 2.64, with those of cis and trans-stilbene becoming clearly visible in the corresponding OPSY NMR experimentAt $3 6 8 \\mathsf { K }$ signals for metal complexes 8 and 9 a are again seen but those for 3 still dominateHence, we conclude that warming changes the rate of hydrogen turnover, thereby providing insight into the mechanism of this processFurther justification for these deductions will be given below.', 'This information suggests that when the phosphine is electron rich, and relatively small, the liberated propene can bind sufficiently well as to allow the detection of these speciesFurthermore, when the reactions of $\\mathrm { H } _ { 2 }$ and diphenylacetylene are studied with the $\\mathrm { P P h } _ { 2 } \\mathrm { M e }$ based precursor, the detection of $\\mathrm { C o ( C O ) _ { 3 } ( P P h _ { 2 } M e ) ( C H P h C H _ { 2 } P h ) }$ rather than its acyl form is achievedThis must reflect the stronger M–CHPh- bond strength when compared to $\\mathbf { M } { \\mathrm { - } } \\mathbf { C } \\mathbf { H } _ { 2 }$ - which acts to reduce the rate of acyl intermediate formation', '{ 1 3 } \\mathrm { C }$ NMR signals for 2-hydroperoxy-2-hydroxypropanoate appear at $\\delta 1 0 1 7 \\$ and 175.8 $\\big ( ^ { 1 } J _ { \\mathrm { C C } } = 6 5 ~ \\mathrm { H z } \\big )$ , as shown in Figure 5 and compare well with previously reported values.45,46 Signals for pyruvate, pyruvate bound in ${ \\bf 6 2 a }$ , ethanoic acid, and $\\mathrm { C O } _ { 2 }$ are also visible in addition to a species at $\\delta \\ 9 7 9 4 \\$ and 176.68, which we assign as pyruvate hydrate, though they could be consistent with pyruvate hemiacetal.45 Signals for this intermediate can also be observed in a single scan when the spectrometer is set to $2 7 3 \\mathrm { K }$ (see the Supporting Information)We conclude the lifetime of this species must be too short to allow detection at $2 9 8 { \\mathrm { ~ K ~ } }$ under the conditions reported here', 'There is, however, a significant uplift in the CO polarization level of the longer-lived carbonyl sitesFor instance, 305- and 335-fold $^ { 1 3 } \\bar { \\mathrm { C } }$ NMR signal enhancements could be achieved for 1 and 2 respectively using the $\\begin{array} { r } { \\mathrm { B n N H } _ { 2 } – d _ { 7 } } \\end{array}$ carrier and short-range $\\mathrm { ^ { 1 } H } \\mathrm { ^ { 1 3 } \\bar { C } }$ INEPT sequences, which is higher than the 35-fold and 50-fold achieved for the same samples with standard $^ { 1 3 } \\mathrm { C }$ NMR detectionInterestingly, this increase in carbonyl site $^ { 1 3 } \\mathrm { C }$ polarization using the short-range INEPT sequence suggests that polarization transfer from OH to CO sites is now efficient even though the J coupling is mismatchedThere is, however, a dramatic difference between differing carriers, which suggests that the $\\mathrm { { { O H / N H } } }$ exchange has a major impact']","['Upon warming to 305K, these signals all roughly double in intensity in accordance with an increase in reaction turnover. This simple change, however, also allows the NMR signals for a number of further species to be detected. First, in the organic region, a weakly polarized doublet of doublets appears at δ7.99 as shown in Fig. 3. This emission signal collapses into singlet on 31P decoupling and is therefore metal based. Phosphorus couplings in this resonance were measured at 22Hz and 3.5Hz with the associated 31P resonances occurring at δ36.0 and δ43.2 respectively. Furthermore, when mono-13C labelled Ph-13C≡C-Ph was used, further 13C couplings of 156Hz and 3Hz were observed on this proton signal. This new product is therefore assigned to the acyl intermediate [Pd(CO-CPh=CHPh)(bcope)(CO)]OTf 8) whose formation is implicated in the earlier methanol-d4 reaction.']","Based on the provided information, the detection of new species like the acyl intermediate **8** in NMR signals at elevated temperatures (specifically **338 K**, not 305 K) is attributed to **kinetic effects from increased hydrogen turnover rates**. Below are the key reasons derived from the context:

1. **Temperature-Dependent Reaction Kinetics**:  
   Warming accelerates the rate of hydrogen exchange and turnover in the system. At **338 K**, the reaction kinetics shift sufficiently to populate intermediate **8** at detectable concentrations. This is consistent with the observation that signals for **8** first appear at 338 K (δ 8.288 and 2.64), alongside clearly visible signals for *cis/trans*-stilbene.

2. **Altered Intermediate Lifetimes**:  
   At lower temperatures (e.g., 298 K), intermediates like pyruvate hydrate have lifetimes too short for NMR detection. Similarly, **8** likely forms transiently at lower temperatures but becomes observable at 338 K due to a balance between its formation rate and stability. The context explicitly notes that warming ""changes the rate of hydrogen turnover, thereby providing insight into the mechanism.""

3. **Competing Pathways and Bond Strengths**:  
   For phosphine-based systems (e.g., PPh₂Me), the strength of metal–substrate bonds (e.g., M–CHPh⁻ vs. M–CH₂⁻) influences intermediate stability. At higher temperatures, bond lability increases, allowing acyl intermediates like **8** to form and persist long enough for detection. This is corroborated by the dominance of **Ru(H)₂(CO)₂(PPh₃)₂** and **3** at 328 K, preceding the appearance of **8**.

4. **Polarization Transfer Efficiency**:  
   Though not directly tied to **8**, the context notes that warming improves polarization transfer efficiency (e.g., via mismatched J-coupling in INEPT sequences). Enhanced signal intensity at higher temperatures (e.g., 305–368 K) aids in detecting otherwise low-concentration species.

In summary, warming to **338 K** (not 305 K) enables NMR detection of **8** by accelerating hydrogen turnover, extending intermediate lifetimes, and altering reaction equilibria. The context does not report **8** at 305 K; its initial detection occurs at 338 K.","Warming to 305K increases the reaction turnover, which leads to the formation of the acyl intermediate 8, detectable via NMR signals due to its specific couplings and resonances.",0.4442774471450522,0.8352111473194878,0.7058823529411765,0.0,0.0
61,Why do functional groups in vicinity to the triple bond from the PHIP label limit the attainable signal enhancement?,"['Generally, our results suggest that functional groups in vicinity to the triple bond from the PHIP label limit the attainable signal enhancement as they can act as ligands coordinating to the hydrogenation catalyst. Hence, two factors must be considered to achieve pronounced signal enhancement: 1) the accessibility of the triple bond within the catalytic cycle, and 2) its spatial remoteness from the peptide backbone.', 'While the average enhancement values of 242 and 731 for the variants 1-A3 and 2-A3 with the PHIP marker at position 3 are still very good, they fall behind the variants 1-A1 and 2-A1 with the marker at position 1. This is probably due to the better accessibility of the triple bond when the PHIP-marker is placed at the end of the peptide chain close to the sterically less demanding disulfide bridge. Placing the marker in the middle of the chain most probably hinders the catalyst from binding to the triple bond, due to interference with neighboring \xadgroups28.', 'Our results indicate that $T _ { 1 }$ times of the hyperpolarized protons cannot serve as the only rationale for the observed differences in SE. We assume that the isolated spatial location of the triple bond and its accessibility for the hydrogenation catalyst are determining factors for the degree of signal enhancement. Indeed, the SE in the series of PHIP-labeled SFTI variants increased according to the length of alkynebearing arms that separate the triple bond from the peptide functional groups getting its maximal value for the longest $O$ - propargyl-l-tyrosine derivative.', 'The second important criterion was the accessibility of the triple bond to the homogeneous catalyst. Indeed, functional groups of peptidic backbone and side chains, such as -OH, -SH, -COOH, - $\\mathrm { . C O N H } _ { 2 }$ , - $\\left. \\mathbf { N } \\mathbf { H } _ { 2 } \\right.$ , and imidazole, could serve as coordination sites for the rhodium catalyst, thus reducing the hydrogenation efficacy or even poisoning the catalyst. Amide bonds as well as oxygen and sulfur species have been found to dramatically hinder PHIP.[9e] Therefore, the tyrosine derivative 2 should set the PHIP label further apart from the Nterminus, backbone, and functional groups (peptide 6). 4- Pentynoic acid 3 featuring small size and the ability to cap the N-terminus of the peptide became another object of investigation (peptide 7). Additionally, to prove the influence of the N-terminal amine peptides 8 and 9 with an acetylated Nterminus were synthesized.', 'These results showcase that functional groups in the vicinity of the triple bond exert a massive influence on the reaction coordinate. For 8b as the substrate, the ruthenium carbene 9b $( = \\mathbf { C } 2 )$ actually represents a thermodynamic sink, which explains why we managed to isolate this species. While the appreciable influence of the chemical microenvironment on the stability of the reaction intermediates evident from this example has implications for the scope of trans-hydrogenation in general, it also opens new vistas for harnessing genuine carbene chemistry. Exploratory studies along these lines are outlined below.']","['Generally, our results suggest that functional groups in vicinity to the triple bond from the PHIP label limit the attainable signal enhancement as they can act as ligands coordinating to the hydrogenation catalyst. Hence, two factors must be considered to achieve pronounced signal enhancement: 1) the accessibility of the triple bond within the catalytic cycle, and 2) its spatial remoteness from the peptide backbone.']","Based on the provided context, functional groups near the triple bond of a PHIP label limit attainable signal enhancement for two interconnected reasons:  

1. **Catalyst Coordination/Poisoning**:  
   Functional groups (e.g., -OH, -SH, -COOH, -CONH₂, -NH₂, imidazole) in the peptide backbone or side chains can act as ligands that coordinate to the rhodium hydrogenation catalyst. This competitive binding:  
   - Reduces the catalyst's availability to bind the triple bond.  
   - May poison the catalyst, diminishing hydrogenation efficacy and thus PHIP signal enhancement.  

2. **Steric Hindrance**:  
   Proximity of the triple bond to the peptide backbone or bulky functional groups physically blocks catalyst access. For example:  
   - PHIP labels at peptide termini (e.g., position 1 in SFTI variants) show higher enhancement (up to 731-fold) due to better accessibility.  
   - Labels embedded mid-chain (e.g., position 3) exhibit reduced enhancement due to interference from neighboring groups.  

The context emphasizes that maximal enhancement requires both **spatial isolation** of the triple bond (achieved via longer alkyne-bearing arms) and **unimpeded accessibility** to the catalyst, free from competing coordination or steric blockage.","Functional groups near the triple bond can act as ligands coordinating to the hydrogenation catalyst, which limits the accessibility of the triple bond within the catalytic cycle and its spatial remoteness from the peptide backbone, thereby reducing signal enhancement.",0.7005813797032845,0.9740210457999116,1.0,0.999999999975,1.0
62,Why are the differences in $^{13}\mathrm{C}$ relaxation times between 'ALTADENA direct' and 'ALTADENA waiting' procedures rather small?,[],"[""For both procedures, 'ALTADENA direct' and 'ALTADENA waiting', we found long relaxation times $104.0\\mathrm{~s}\\pm 7.0\\mathrm{~s}$ and $122.5\\mathrm{~s}\\pm 10.0\\mathrm{~s}$ respectively). While longer spin- lattice relaxation times are generally expected for $^{13}\\mathrm{C}$, only rather small differences were observed between high- field ('ALTADENA direct') and low field storage ('ALTADENA waiting'). This finding is largely in agreement with Levitt's theory of prolonged relaxation, because—in contrast to pairs of $^{1}\\mathrm{H}$ nuclei—$^{13}\\mathrm{C}$ is not strongly coupled to another hyperpolarized nucleus, so that an altered magnetic field does not necessarily lead to a sufficiently significant change in the nuclear spin symmetry. Therefore, we assume that the observed differences in $^{13}\\mathrm{C}$ relaxation time are the result of other factors, such as a difference in the efficiency of the polarization transfer from $^{1}\\mathrm{H}$ to $^{13}\\mathrm{C}$.""]","Based on the provided information, the question regarding the differences in $^{13}\mathrm{C}$ relaxation times between 'ALTADENA direct' and 'ALTADENA waiting' procedures cannot be answered. The literature in the RAG knowledge base does not contain specific details or experimental data addressing this aspect of ALTADENA experiments.","The differences are small because $^{13}\mathrm{C}$ is not strongly coupled to another hyperpolarized nucleus, so an altered magnetic field does not lead to a significant change in nuclear spin symmetry, as per Levitt's theory of prolonged relaxation. Other factors, such as the efficiency of polarization transfer from $^{1}\mathrm{H}$ to $^{13}\mathrm{C}$, may also contribute to the observed differences.",0.12721261298913555,0.0,0.0,0.0,0.0
63,Can the HET-SABRE catalyst be used to hyperpolarize other biological molecules besides pyridine and nicotinamide in aqueous media?,"['The newly developed HET-SABRE catalyst here was also used to induce the real-time hyperpolarization of pyridine and nicotinamide in aqueous media. This will ultimately enable hyperpolarized biomolecules in biomedical water.51,52 Indeed, our efforts not only improve signal enhancement through these experimental optimizations but also identify SABRE-based real-time hyperpolarization of biological/biomedical materials in a heterogeneous system.', 'Motivated by the biological application of SABRE hyperpolarization techniques, we performed HET-SABRE hyperpolarization in water $\\left( \\mathrm { D } _ { 2 } \\mathrm { O } \\right)$ . It was confirmed that the $\\mathrm { ^ { 1 } H }$ NMR signal of pyridine in $\\mathrm { D } _ { 2 } \\mathrm { O }$ was amplified up to $( - )$ 53- fold at $7 0 \\mathrm { ~ G ~ }$ (Figure 2b and S5). We also note that this is the highest amplification number from the results achieved using even the water-soluble catalyst (homogeneous catalyst) following dissolution and activation. $3 8 - 4 0 , 4 2$ These results indicate the successful demonstration of a catalyst capable of performing HET-SABRE in aqueous media in one step.', 'The catalyst described here also has the potential for future modifications to render its hyperpolarization in aqueous media,[55–57] which is highly synergistic with recent demonstrations of $^ { 1 5 } \\mathrm { N }$ SABRE-SHEATH in an aqueous medium[58] and would ultimately pave the way to production of pure (from catalyst) $^ { 1 5 } \\mathrm { N }$ hyperpolarized biomolecules in aqueous media for biomedical use.[59] Indeed, our efforts will be directed not only toward improving enhancements via such experimental optimization, but also preparation of biologically relevant agents (including the targeting of other nuclei), as well as agent separation and use (and catalyst re-use) for various biological or biomedical applications.', 'ABSTRACT: A water-compatible and recyclable catalyst for nuclear magnetic resonance (NMR) hyperpolarization via signal amplification by reversible exchange (SABRE) was developed. The $\\big [ \\mathrm { I r } \\big ( \\mathrm { C O D } \\big ) \\big ( \\mathrm { I M e s } \\big ) \\mathrm { C l } \\big ]$ catalyst was attached to a polymeric resin of bis(2-pyridyl)amine (heterogeneous SABRE catalyst, HETSABRE catalyst), and it amplified the $\\mathrm { ^ { 1 } H }$ NMR signal of pyridine up to $( - )$ 4455- fold $( 4 3 . 2 \\% )$ at $1 . 4 \\mathrm { T }$ in methanol and $( - )$ 50-fold $( 0 . 5 \\% )$ in water. These are the highest amplification factors ever reported among HET-SABRE catalysts and for the first time in aqueous media. Moreover, the HET-SABRE catalyst demonstrated recyclability by retaining its activity in water after more than three uses. This newly designed polymeric resin-based heterogeneous catalyst shows great promise for NMR signal amplification for biomedical NMR and MRI applications in the future.', 'Here, we report a new HET-SABRE catalyst with unprecedented efficiency and regenerative hyperpolarization on pyridine and nicotinamide in methanol and water. The $\\mathrm { { I r } ( I ) }$ SABRE catalyst was attached to a polymeric resin (TentaGel']",['The newly developed HET-SABRE catalyst was used to induce the real-time hyperpolarization of pyridine and nicotinamide in aqueous media. This will ultimately enable hyperpolarized biomolecules in biomedical water. Our efforts not only improve signal enhancement through experimental optimizations but also identify SABRE-based real-time hyperpolarization of biological/biomedical materials in a heterogeneous system.'],"Based on the provided context:

1. The text explicitly confirms successful **HET-SABRE hyperpolarization** of **pyridine** and **nicotinamide** in aqueous media (D₂O), achieving up to **(-)53-fold ¹H NMR signal enhancement** for pyridine.

2. Regarding other biological molecules:  
   - The catalyst is described as having **""potential for future modifications""** to enable hyperpolarization of additional biomolecules in water.  
   - Future efforts will focus on **""preparation of biologically relevant agents""** (including targeting other nuclei), agent separation, and biomedical applications.  
   - The system is proposed to **""pave the way""** for producing *¹⁵N*-hyperpolarized biomolecules in aqueous media.  

**Conclusion**:  
While the text confirms **experimental success only for pyridine and nicotinamide**, it explicitly identifies the catalyst's *potential* for future extension to other biomolecules through modifications. No experimental data for other biological molecules is reported in this context.","Yes, the HET-SABRE catalyst can potentially hyperpolarize other biological molecules in aqueous media, given its demonstrated capability with pyridine and nicotinamide and the experimental optimizations for signal enhancement.",0.5721563818431142,0.8027198758590138,1.0,0.8041666666465626,1.0
64,Why is Parahydrogen Induced Polarization (PHIP) used to monitor hydrogenation reactions?,"['Wilkinson’s catalyst $[ \\mathsf { R h C l } ( \\mathsf { P P } \\mathsf { h } _ { 3 } ) _ { 3 } ]$ is one of the most famous homogeneous catalysts. It was applied as an efficient catalyst for hydrogenation of alkenes, hydroformylation, hydrosilylation, and isomerization reactions.[5] Moreover, $[ \\mathsf { R h C l } ( \\mathsf { P P } \\mathsf { h } _ { 3 } ) _ { 3 } ]$ and its derivatives were employed recently in hydrogenation reactions utilizing parahydrogen-enriched hydrogen gas for parahydrogen induced polarization (PHIP) experiments. Such PHIP experiments have high application potential in enhancing the sensitivity of NMR and magnetic resonance imaging (MRI)[6] techniques, for example, in biomedicine.[7] Furthermore, PHIP was employed in mechanistic studies to monitor reaction intermediates and even low amounts of product molecules formed during reactions.[8]', 'For homogeneous hydrogenation reactions catalyzed by transition-metal complexes in solution, utilization of the nuclear spin isomers of molecular hydrogen has become an established tool for studies on reaction mechanisms and kinetics.[1] Parahydrogen-induced polarization[2] (PHIP) can enhance the NMR spectroscopy signals of reaction intermediates and products by several orders of magnitude and provides the high sensitivity essential for such studiesIt was demonstrated recently[3,4] that PHIP effects can also be observed in hydrogenation reactions catalyzed by metal complexes immobilized on a solid supportIndustrial hydrogenation processes are predominantly heterogeneous and utilize supported metal catalystsSuch catalysts are not expected to produce PHIP effects,[5] since the reaction mechanism involved should destroy the original correlation of the two nuclear spins of parahydrogen', 'Introduction\nParahydrogen Induced Polarization (PHIP) [1–3] is an efficient technique to elevate the limited sensitivity of NMR spectroscopyPHIP stems from the rational usage of parahydrogen, $\\mathrm { \\ p H } _ { 2 } ,$ , which is a $\\mathrm { H } _ { 2 }$ molecule in its nuclear singlet spin stateEven though $\\mathrm { p H } _ { 2 }$ molecule itself is NMR silent, the conversion of its non-equilibrium spin order into the magnetization of the target substrate yields detectable NMR signal enhancementSuch conversion occurs via a suitable chemical process which breaks the symmetry between $\\mathrm { p H } _ { 2 }$ -nascent protonsThere are two general choices of such reaction - catalytic hydrogenation of the unsat\xad urated precursor with $\\mathrm { \\ p H } _ { 2 }$ (hydrogenative PHIP) [1] and reversible interaction of $\\mathrm { p H } _ { 2 }$ with metalorganic complexes (non-hydrogenative PHIP) [4–6]', '1. Introduction\nParahydrogen induced polarization (PHIP) is a powerful technique widely used in the last years in different fields like physics, chemistry and medicine. PHIP involves a chemical reaction that deposits the parahydrogen atoms into the target molecule, generating a metastable state with polarizations levels higher than the usual Boltzmann or thermal distribution. The versatility of this technique permits a number of applications in NMR, including the monitoring of inorganic reactions [1,2], highlighting a particular site of the target molecule [3] or its use as contrast agent in MRI [4,5]. Additionally, hyperpolarization can be transfered to other protons [6] or nuclei, usually $^ { 1 3 } { \\mathsf { C } }$ [7,8], with special pulse sequences or field cycling techniques.', 'The enhancement under discussion can be obtained through reversible interaction (SABRE – Signal Amplification by Reversible Exchange)[6] or by hydrogenation with $\\mathsf { p } \\mathrm { - } \\mathsf { H } _ { 2 }$ (PHIP – Parahydrogen Induced Polarization).[7] The latter method is an excellent way to monitor hydrogenation reactions, which are among the most important chemical reactions in industry and research.[8] Indeed, one-dimensional (1D) NMR with PHIP, on both low-field BT and high-field spectrometers, has already been demonstrated for the monitoring of hydrogenation processes for homogeneous and heterogeneous systems.[9] PHIP can be also utilized for observation of hydrogenation processes on TD analyzers.[10] However, in principle, 1D NMR is less informative than the two-dimensional (2D) NMR techniqueFor this reason, a combination of 1D and 2D reaction monitoring at the same time is desirable']","['The enhancement under discussion can be obtained through reversible interaction (SABRE – Signal Amplification by Reversible Exchange) or by hydrogenation with p - H_{2} (PHIP – Parahydrogen Induced Polarization). The latter method is an excellent way to monitor hydrogenation reactions, which are among the most important chemical reactions in industry and research.']","Parahydrogen Induced Polarization (PHIP) is used to monitor hydrogenation reactions for the following reasons:

1.  **Enhanced Sensitivity:** PHIP utilizes parahydrogen (pH₂), a nuclear singlet spin isomer of H₂. When pH₂ is incorporated into a substrate during hydrogenation, its non-equilibrium spin order is converted into detectable magnetization. This process **enhances NMR signals by several orders of magnitude**, far exceeding the sensitivity of conventional thermal NMR. This high sensitivity is essential for detecting low-concentration reaction intermediates and products.

2.  **Mechanistic Insight:** The significant signal enhancement allows researchers to **monitor reaction intermediates** and track reaction pathways in real-time. This makes PHIP a powerful tool for **studying reaction mechanisms and kinetics** of homogeneous hydrogenation reactions catalyzed by transition-metal complexes.

3.  **Applicability:** PHIP is demonstrated to be effective for monitoring hydrogenation reactions catalyzed by both **homogeneous catalysts** (like Wilkinson's catalyst, RhCl(PPh₃)₃) in solution and, as shown more recently, by **heterogeneous catalysts** (metal complexes immobilized on solid supports).

4.  **Reaction Monitoring:** PHIP provides a highly sensitive method to **monitor hydrogenation processes**, enabling observation of reactions even on time-domain (TD) NMR analyzers. While 1D NMR with PHIP is common, the technique's sensitivity also makes it suitable for combination with more informative 2D NMR techniques for comprehensive monitoring.

In essence, PHIP transforms the NMR-silent parahydrogen into a source of intense hyperpolarization within the reaction products, enabling the detection and study of species and processes that would otherwise be invisible or extremely difficult to observe with standard NMR due to sensitivity limitations.","PHIP is used to monitor hydrogenation reactions because it enhances NMR signals by up to a few orders of magnitude, making it an excellent method for observing these reactions, which are among the most important chemical reactions in industry and research.",0.3199048011169621,0.9924658041128777,1.0,0.99999999998,1.0
65,Why are rf-based methods lagging behind in the context of SABRE?,"['One likely explanation as to why rf-based methods are lagging behind in the context of SABRE is the reliance on conventional high-field NMR spectrometers with small coils that only encompass a small fraction of the liquid sample in a 5 mm NMR tube14 that is continuously bubbled with ${ p \\mathrm { - } } \\mathrm { H } _ { 2 }$ gas. 25 These factors result in major rf inhomogeneities. In contrast, a previous approach used in hydrogenative ${ p \\mathrm { - } } \\mathrm { H } _ { 2 }$ -induced polarization $\\dot { ( \\mathrm { P H I P } ^ { 9 , 2 6 , 2 7 } ) }$ , employs low-field (ca. $5 { - } 5 0 ~ \\mathrm { m T } ,$ ) magnets and rf excitation coils,28−33 which encompass the entire sample volume, sometimes in excess of 50 mL.34−36 Moreover, the hardware behind such low-field devices is significantly less complex and less costly compared to that of the high-field NMR spectrometers.18,32,33,36,37 Here it is demonstrated that these advantageous features can also be translated to SABRE.', 'Therefore, some recent efforts in the SABRE field are focused on developing polarization-transfer methods from HP proton sites in SABRE contrast agents to $^ { 1 3 } \\mathrm { C } ^ { 3 3 , 3 4 }$ as well as the development of radiofrequency (RF)-based approaches for direct polarization of $^ { 1 5 } \\mathrm { N }$ sites with SABRE directly within the NMR or MRI scanne r.46,47 While these methods may potentially lead to high levels of hyperpolarization on longlived heteronuclear sites in SABRE HP contrast agents, thus far they have yielded only relatively low %P ≪ 1%.33,34,46', 'Most of these experimental and fundamental limitations can be overcome by using lower fields (e.g., 1.5 T)These systems can equipped with RF coils encompassing the entire SABRE sample with better RF homogeneity and reduced susceptibility induced gradientsMoreover, the $\\mathrm { T } _ { 1 }$ of $^ { 1 5 } \\mathrm { N }$ is longer at lower magnetic fields than at higher magnetic fields in the context of SABRE.63 We also point out that these hardware advances have already been enjoyed by conventional hydrogenative PHIP enabling higher polarization values.36,64', 'Furthermore, a very recent theoretical study shows that this scheme, although it suffers from a loss in efficacy, is still expected to produce significant enhancements for the case of antiphase initial spin order [146]Hence, in the present case, the idea of RF-induced SABRE is to mimic low-field conditions, and induce efficient spin order transfer from $p \\mathrm { H } _ { 2 }$ to the substrate directly in high magnetic fieldThis is achieved here by fulfilling the conditions for LACs in the rotating frameThe method is, however, technically challenging in some respects, as reported by its creatorsFirstly, the polarization generated has a rather critical dependence on the RF-field frequency, precluding bubbling of $\\boldsymbol { p } \\mathrm { H } _ { 2 }$ during its applicationIt is also rather demanding in terms of power deposition, as the RF-field strength needs to be in the order of a few kHz and must be increased if the external magnetic field is increased', 'In the article, we (i) explain in detail the physical principles behind RF-SABRE, (ii) present experimental results for highfield SABRE under LAC conditions for four different substrates and two iridium-based SABRE complexes, and (iii) demonstrate that RF-SABRE also allows one to generate hyperpolarization in a continuous way with high efficiency. Advantages and potential applications of the method, which is an important step in developing high-field SABRE, are also discussed, as well as factors limiting the presently achieved NMR signal enhancement.']","['One likely explanation as to why rf- based methods are lagging behind in the context of SABRE is the reliance on conventional high- field NMR spectrometers with small coils that only encompass a small fraction of the liquid sample in a 5 mm NMR tube that is continuously bubbled with  $p\\text{- }\\mathrm{H}_{2}$  gas. These factors result in major rf inhomogeneities. In contrast, a previous approach used in hydrogenative  $p\\text{- }\\mathrm{H}_{2}$ - induced polarization  $\\left(\\mathrm{PHIP}^{9,26,27}\\right)$ , employs low- field (ca.  $5 - 50 \\mathrm{mT}$ ) magnets and rf excitation coils, which encompass the entire sample volume, sometimes in excess of  $50 \\mathrm{mL}$ . Moreover, the hardware behind such low- field devices is significantly less complex and less costly compared to that of the high- field NMR spectrometers.']","Based on the provided context, rf-based methods lag behind in SABRE due to the following key limitations:

1. **RF Inhomogeneities**: Conventional high-field NMR spectrometers use small coils that only cover a fraction of the sample volume in standard 5 mm NMR tubes. This results in significant radiofrequency (rf) field inhomogeneities.

2. **Continuous Bubbling Requirement**: The need for continuous p-H₂ bubbling during experiments further exacerbates rf inhomogeneity issues.

3. **Critical Frequency Dependence**: The polarization efficiency has an extremely sensitive dependence on rf-field frequency, making consistent results difficult to achieve. This frequency sensitivity also prevents bubbling during rf application.

4. **High Power Requirements**: RF-field strengths must be maintained in the kHz range, requiring substantial power deposition. This requirement scales with magnetic field strength (higher fields demand stronger rf fields).

5. **Low Polarization Yields**: Current rf-based approaches for direct polarization of ¹⁵N sites yield low hyperpolarization levels (%P ≪ 1%), despite theoretical potential.

These limitations contrast with low-field PHIP systems, where larger coils (encompassing full sample volumes), better rf homogeneity, and reduced technical complexity enable higher polarization efficiencies. The technical challenges of implementing rf-SABRE in high-field environments remain a significant barrier to its widespread adoption.","Rf-based methods lag behind in SABRE because they rely on conventional high-field NMR spectrometers with small coils that only encompass a small fraction of the liquid sample, resulting in major rf inhomogeneities. In contrast, low-field magnets and rf excitation coils, which encompass the entire sample volume and are less complex and costly, have been successfully used in previous approaches like PHIP.",0.5759525797804179,0.8946911523978563,0.9090909090909091,0.8333333332916666,1.0
66,What is the first step in the process of analyzing spectra and calculating polarization levels?,"['The corresponding percentage of polarization can be calculated as described by Batthacharya et al.[8] First the signal enhancement was quantified in respect to the thermally polarized $^ { 1 3 } \\mathrm { C }$ signal (Figure 2b); then, by using the expression $\\eta _ { t = 0 } = \\eta _ { \\mathrm { o b s } } e ^ { - \\tau / T _ { 1 } }$ , the $\\eta _ { \\mathrm { 0 } }$ value (corresponding to the enhancement factor at $t = 0$ ) was calculatedIn the expression, $\\tau$ is the time elapsed between the insertion of the sample into the spectrometer and the acquisition (10 s) and the $T _ { 1 }$ is the longitudinal relaxation time of the carbonyl resonance that, at $1 4 1 \\mathrm { T } _ { \\Omega }$ , was determined to be $2 2 { \\mathrm { s } } .$ On this basis, at $1 4 1 \\mathrm { T }$ the polarization is $6 1 \\%$', 'Measurement of polarization and $T _ { 1 }$\nPolarization values were determined from six independent experiments, by comparing the signal intensity from one hyperpolarized sample recorded with a $9 0 ^ { \\circ }$ pulse to a spectrum measured at thermal equilibrium. The thermal spectrum was measured with the same acquisition parameters, $T =$ $2 9 0 \\mathrm { ~ K ~ }$ using 160 scans. Peak areas from the hyperpolarized spectra were corrected according the flip angle $\\left( 2 0 ^ { \\circ } \\right)$ and fitted to a decaying exponential to approximate $T _ { 1 }$ values.', 'During stage 1 (preparation) polarization is generated at $B _ { p o l }$ by light irradiation or bubbling para-hydrogen gas through the sample (often $B _ { p o l }$ will be taken the same as $B _ { 0 }$ ). After preparation, the field is switched to the low field $B _ { i n t }$ (stage 2) during the time $\\tau _ { f 1 }$ . Then after a period of free evolution of variable duration $\\tau _ { e }$ (stage 3) the field is switched (stage 4) to the NMR detection field $B _ { 0 }$ during the time $\\tau _ { f 2 }$ . Finally, at $B _ { 0 }$ the NMR spectrum is recorded (stage 5).', 'To support our approach, we first conduct a set of experiments to elucidate the coherent nature of polarization transfer at ULFWe test the maximum achievable $^ { 1 3 } \\dot { \\mathrm { C } }$ polarization in various experimental protocols, including continuous hydrogenation at ultra-low magnetic fields, coherent PHIP transfer induced by sudden field variations, and adiabatic transfer via magnetic field sweepsSuch direct comparisons of different methods highlight the efficiency and robustness of adiabatic transfer compared to other methodsNext, we demonstrate a facile route to optimize adiabatic sweep experiments by calculating the optimal profile of the field variationMore specifically, we suggest a two-step procedureIn the first step, we simulate and/or experimentally detect the field dependence of $^ { 1 3 } \\mathrm { C }$ polarizationExperimental detection in this case includes catalytic hydrogenation of the substrate molecule with $ { p } \\mathrm { H } _ { 2 }$ in a range of ultra-low fields', 'C. Experimental protocol\nTo study the polarization transfer phenomena, we utilized the experimental protocol, which is depicted in Figure 2 and consists of 5 consecutive stages. During stage 1 (preparation), Boltzmann polarization is prepared at $B = B _ { 0 }$ and converted into a non-thermal spin order by applying RF-pulses. Since preparation is done at the detection field the starting polarization pattern can be precisely determined. After preparation the field is rapidly switched to the value $B _ { \\mathrm { i n t } }$ (stage 2, reducing the field) during the time period $\\tau _ { 1 }$ . Then after a variable period, $\\tau$ , of free evolution (stage 3, free evolution) the field is switched back (stage 4, increasing the field) to the detection field $B _ { 0 }$ during the time period $\\tau _ { 2 }$ . Finally, the Free Induction Decay (FID) is measured, the Fourier-Transform NMR spectrum is obtained, and the NMR line intensities are determined (stage 5, detection).']","['The spectra were processed using TopSpin software version 4.0.8. Phase correction, line- broadening (LB 5 for EM), and baseline corrections were applied. Further analyses and 3D plot were performed using MATLAB software version R2019b. In each spectrum, the peaks of HCO3^- and CO2 were integrated to determine the area under the curves (AUCs). From the ratio of the AUCs, pH values were calculated by using Henderson- Hasselbalch equation. Correlation and statistical analysis were performed in GraphPad Prism version 9 software. Polarization level was calculated using a specific equation.']","Based on the provided context, the **first step** in analyzing spectra and calculating polarization levels is:  
**Comparing the signal intensity from a hyperpolarized sample (acquired with a 90° pulse) to a spectrum measured at thermal equilibrium.**  

### Key Details from the Context:  
1. **Hyperpolarized Spectrum**: Acquired using a single 90° pulse.  
2. **Thermal Equilibrium Spectrum**: Measured under identical conditions (e.g., temperature = 290 K) using **160 scans** to ensure sufficient signal-to-noise.  
3. **Direct Comparison**: The peak areas of the hyperpolarized spectra are directly compared to the thermal equilibrium spectrum to quantify polarization.  

### Subsequent Steps Include:  
- Correcting hyperpolarized peak areas for the actual flip angle used (e.g., 20° instead of 90°).  
- Fitting the decay of hyperpolarized signal intensity to estimate \( T_1 \) (spin-lattice relaxation time).  
- Calculating polarization percentages using the enhancement factor (e.g., \( \eta_{t=0} = \eta_{\mathrm{obs}} e^{-\tau / T_1} \)).  

This comparative method is explicitly defined in the section titled ""**Measurement of polarization and \( T_1 \)**"" in the context.","The first step is processing the spectra using TopSpin software with phase correction, line-broadening, and baseline corrections.",0.17124168461057343,0.993754114161686,1.0,0.0,0.0
67,Why are the enhanced 1H NMR signals broadened relative to their thermally polarized counterparts in SABRE-Relay experiments?,"['When such SABRE-Relay experiments are performed, enhanced $^ 1 \\mathrm { H }$ NMR signals for $^ { 1 , ~ 2 , }$ or 3 can be observed (Figure 2a and b)These enhanced signals are broadened relative to their thermally polarized counterparts and this is likely related to sample movement and nonoptimal shimming using this manual sample shaking and insertion methodThe use of automated systems could reflect a route to reduce line broadness.40,41 The highest $^ { 1 } \\mathrm { H }$ NMR signal enhancements were seen for the CH group or lactate $\\mathrm { C H } _ { 3 }$ group, with polarization transfer across the ester group into the methyl, ethyl, or butyl groups in 1, 2, or 3, respectively, being less significant (Table 1)Prior relaxation of the associated nonequilibrium population differences will play an important role in determining these measured NMR signal enhancements and therefore the relaxation times of the $\\mathrm { ^ { 1 } H }$ resonances of $_ { 1 - 3 }$ in these mixtures were determined (Table 1)', 'In our experiments, it is challenging to attribute a combined $^ { 1 3 } \\bar { \\mathrm { C } }$ NMR signal enhancement factor resulting from combined SABRE-Relay and INEPT methods due to differing acquisition parametersNevertheless, we suggest that true hyperpolarized $^ { \\bar { 1 } 3 } \\mathrm { C }$ INEPT NMR signal enhancements compared to thermally polarized direct $^ { 1 3 } \\mathrm { { C } }$ NMR detection are ${ \\sim } 1 { - } 2$ times larger than the signal enhancements presented in Table 1, which quotes values relative to thermally polarized $\\mathrm { ^ { 1 } H } ^ { 1 3 } \\mathrm { C }$ INEPT control measurementsThere is, however, a significant uplift in the CO polarization level of the longer-lived carbonyl sites', '[](images/eed02ea1951b93bc14ea7f399d378124ea866516115a33522437f68c5559e6fb.jpg) \nFig. 2. Single-scan NMR spectra of $1 5 . 3 ~ \\mathsf { m M }$ pentanol $( C H _ { 3 } C H _ { 2 } C H _ { 2 } C H _ { 2 } C H _ { 2 } C H _ { 2 } O H ,$ color-coded structure shown) in dichloromethane- $\\cdot d _ { 2 }$ solution resulting from the action of $N H _ { 3 } ,$ $2 \\cdot N H _ { 3 } ,$ and $\\pmb { p } \\mathrm { - } \\mathsf { H } _ { 2 }$ . (A) Upper $^ 1 \\mathsf { H }$ NMR spectrum in the thermally polarized control, $\\times 8$ vertical expansion, relative to lower SABRE-RELAY spectrum. (B) Single-scan SABRE-RELAY ${ } ^ { 1 } \\mathsf { H } \\mathsf { - } ^ { 1 3 } \\mathsf { C }$ refocused INEPT NMR spectrum (see fig. S8B for the corresponding thermal control trace).', 'Both of these spectra demonstrate enhanced signal intensity relative to the corresponding thermally polarized $\\mathrm { ^ { 1 } H }$ NMR spectraThe strength of this signal relative to the normal thermally polarized hydride trace is quantified later in the manuscript', 'In the next step, the interaction of the PyFALGEA:IMes complex with thermally polarized hydrogen ${ \\sf H } _ { 2 }$ (ie., $1 : 3 p \\mathrm { - } \\mathsf { H } _ { 2 } : o \\mathrm { - }$ ${ \\sf H } _ { 2 } )$ was investigated (Figure 1d)A comparison of Figure 1c and d reveals that signals attributed to the complex PyFALGEA:IMes at 8.00 and 7.53 ppm have disappeared as a result of hydrogen gas treatmentInstead, new broadened resonances appeared at 8.40, 8,22, 7.51 and 7.41 ppmThe latter is partially overlapped by the $^ 1 { \\sf H }$ NMR signals of aromatic ring protons from the catalyst and phenylalanine protons from the PyFALGEA oligopeptideThese broadened signals are attributed to protons from the pyridine unit from the PyFALGEA ligands, which are involved in the ternary SABRE complex (i']",['These enhanced signals are broadened relative to their thermally polarized counterparts and this is likely related to sample movement and nonoptimal shimming using this manual sample shaking and insertion method. The use of automated systems could reflect a route to reduce line broadness.'],"Based on the provided context, the enhanced $^1$H NMR signals in SABRE-Relay experiments are broadened relative to thermally polarized signals due to two primary factors:  

1. **Sample Movement**: The manual process of shaking and transferring the sample between polarization and detection zones introduces physical motion, leading to line broadening.  
2. **Nonoptimal Shimming**: The manual sample handling method compromises magnetic field homogeneity (""shimming""), further contributing to line broadening.  

The text explicitly states that automated systems could mitigate this issue by reducing these artifacts.  

*Reference:  
""These enhanced signals are broadened relative to their thermally polarized counterparts and this is likely related to sample movement and nonoptimal shimming using this manual sample shaking and insertion method. The use of automated systems could reflect a route to reduce line broadness.""*",The broadening of enhanced 1H NMR signals is likely related to sample movement and nonoptimal shimming when using manual sample shaking and insertion methods.,0.8417264667065275,0.9461604394730224,1.0,0.9999999999,1.0
68,Why does the temperature at which products are first seen vary with the phosphine in the reaction of allyl complexes with para-hydrogen?,"['Reactions of these allyl complexes with para-hydrogen $( p \\mathrm { - } \\mathbf { H } _ { 2 } )$ lead to the observation of para-hydrogen induced polarisation in both liberated propene and propane. The temperature at which these products are first seen varies with the phosphine according to the listing $\\mathrm { P P h } _ { 2 } \\mathrm { M e } < \\mathrm { P M e } _ { 2 } \\mathrm { P h } < \\mathrm { d p p m } < \\mathrm { d p p e } \\sim \\mathrm { P } ( \\mathrm { C H } _ { 2 } \\mathrm { P h } ) _ { 1 }$ 3 $< \\mathrm { P P h } _ { 3 } < \\mathrm { P C y } _ { 3 }$ . These reactions proceed as a consequence of CO loss. Consequently, the better the electron donating properties of the phosphine, the stronger the CoCO bond; this accounts for the higher activation temperatures of the $\\mathrm { P C y } _ { 3 }$ system, but given the fact $\\mathrm { P P h } _ { 3 }$ containing system also requires a high temperature steric effects must also play their role on this reaction.', 'In the case of $\\mathrm { P P h } _ { 2 } \\mathrm { M e }$ , additional signals for $\\mathrm { C o ( C O C H _ { 2 } C H _ { 2 } C H _ { 3 } ) ( C O ) _ { 2 } }$ - $( \\mathrm { P P h } _ { 2 } \\mathrm { M e } )$ )(propene) and $\\mathrm { C o ( C O C H ( C H _ { 3 } ) _ { 2 } ) ( C O ) _ { 2 } ( P P h _ { 2 } M e ) }$ (propene) are also detectedWhen the reactions of $\\mathrm { H } _ { 2 }$ and diphenylacetylene are studied with the same precursor, $\\mathrm { C o } ( \\mathrm { C O } ) _ { 3 } ( \\mathrm { P P h } _ { 2 } \\mathrm { M e } ) .$ - $\\mathrm { ( C H P h C H _ { 2 } P h ) }$ ) is seenStudies on how the appearance and ratio, of the PHIP enhanced signals vary as a function of reaction temperature and $\\mathrm { H } _ { 2 } : \\mathrm { C O }$ ratio are reportedThese profiles are used to learn about the mechanism of catalysis and reveal how the rates of key steps leading to linear and branched hydroformylation products vary with the phosphine', 'The relative ability of $\\mathrm { C o ( \\eta ^ { 3 } { - } C _ { 3 } H _ { 5 } ) ( C O ) _ { 2 } ( P R _ { 2 } R ^ { \\prime } ) }$ to exchange phosphine for CO follows the trend $\\mathrm { P M e } _ { 2 } \\mathrm { P h } < \\mathrm { P P h } _ { 2 } \\mathrm { M e } < \\mathrm { P C y } _ { 3 }$ $< \\mathrm { P } ( \\mathrm { C H } _ { 2 } \\mathrm { P h } ) _ { 3 } < \\mathrm { P P h } _ { 3 }$ Reactions of the allyl complexes with para-hydrogen $\\left( p \\mathbf { - } \\mathbf { H } _ { 2 } \\right)$ lead to the observation of para-hydrogen induced polarisation (PHIP) in both liberated propene and propaneReaction of these complexes with both CO and $\\mathrm { H } _ { 2 }$ leads to the detection of linear acyl containing species $\\mathrm { C o ( C O C H _ { 2 } C H _ { 2 } C H _ { 3 } ) ( C O ) _ { 3 } ( P R _ { 2 } R ^ { \\prime } ) }$ and branched acyl complexes $\\mathrm { C o ( C O C H ( C H _ { 3 } ) _ { 2 } ) ( C O ) _ { 3 } }$ - $( \\mathrm { P R } _ { 2 } \\mathbf { R } ^ { \\prime } )$ via the PHIP effect', 'Introduction\nIt has been shown that under ordinary conditions hydrogen gas is a mixture of two kinds of molecules, known as ortho- and parahydrogen, that correspond to the triplet and the singlet state of the hydrogen molecule, respectively. The concentrations of the two species in equilibrium are determined by Boltzmann averaging and are accordingly temperature-dependent. At room temperature they are in a 3:1 ratio (due to the spin triplet/singlet ratio), but enrichment of the para isomer can be easily obtained.[1] Upon carrying out hydrogenation reactions with parahydrogen-enriched mixtures, the alteration of the spin-level populations yields dramatic changes in the $\\mathrm { ^ { 1 } H }$ NMR spectra of the hydrogenated products (parahydrogen-induced polarisation effect).[1–2]', 'Studies on how the appearance, and ratio, of the PHIP enhanced signals seen in these reaction vary as a function of reaction temperature and $\\mathrm { H } _ { 2 }$ to CO ratio have also been describedThese data revealed that the $\\mathrm { P M e } _ { 2 } \\mathrm { P h }$ and $\\mathrm { P P h } _ { 2 } \\mathrm { M e }$ based systems yield the highest selectivity for the linear hydroformylation productsThe PHIP enhanced signal profiles also provide information about how the relative rates of key steps leading to linear and branched hydroformylation products compete for the different phosphines']","['The temperature at which these products are first seen varies with the phosphine according to the listing  $\\mathrm{PPh}_2\\mathrm{Me}< \\mathrm{PMe}_2\\mathrm{Ph}< \\mathrm{dppm}< \\mathrm{dppe}\\sim \\mathrm{P(CH}_2\\mathrm{Ph)}_3$ $< \\mathrm{PPh}_3< \\mathrm{PCy}_3$  . These reactions proceed as a consequence of CO loss. Consequently, the better the electron donating properties of the phosphine, the stronger the CoCO bond; this accounts for the higher activation temperatures of the  $\\mathrm{PCy}_3$  system, but given the fact  $\\mathrm{PPh}_3$  containing system also requires a high temperature steric effects must also play their role on this reaction.']","Based on the provided context, the temperature at which products are first observed varies with the phosphine ligand due to **two key factors**:

1.  **Electronic Effects (Dominant Factor):** The reaction proceeds via loss of CO. The electron-donating ability of the phosphine ligand (PR₂R') directly influences the strength of the **Co-CO bond**.
    *   Better electron-donating phosphines strengthen the Co-CO bond.
    *   A stronger Co-CO bond requires a higher temperature (more energy) to dissociate the CO ligand and initiate the reaction sequence leading to observable products (propene, propane, acyl complexes).
    *   This explains why systems with strong donors like **PCy₃** require the highest activation temperatures.

2.  **Steric Effects:** The exception to the electronic trend is the **PPh₃** system. Despite PPh₃ being a weaker electron donor than PCy₃, it also requires a relatively high temperature for product observation.
    *   The context explicitly states that ""steric effects must also play their role"" for the PPh₃ containing system.
    *   The bulky triphenylphosphine ligand likely hinders the reaction pathway sterically, contributing to the higher temperature requirement.

**The observed temperature trend (PPh₂Me < PMe₂Ph < dppm < dppe ∼ P(CH₂Ph)₃ < PPh₃ < PCy₃) reflects this interplay:**
*   The general increase correlates with increasing electron-donating strength (strengthening the Co-CO bond).
*   The specific high position of PPh₃ within the trend highlights the additional contribution of steric bulk.","The temperature varies because the better the electron donating properties of the phosphine, the stronger the CoCO bond, which accounts for the higher activation temperatures required for the reaction to proceed.",0.6580421306307557,0.7458223630985455,0.9565217391304348,0.9999999999,1.0
69,Why do molybdenum carbide catalysts with a dominating hcp Mo2C phase provide a higher contribution of pairwise H2 addition to propyne?,"['Metal carbides can be active hydrogenation catalysts, and were also tested in the context of HET-PHIP studies. It was demonstrated in particular that the phase composition of molybdenum carbide catalysts has a pronounced influence on the PHIP effects observed upon gas-phase hydrogenation of propyne with parahydrogen [48]. Specifically, the catalysts were produced using different synthetic procedures, and predominantly contained either a fcc $\\mathbf { M o C } _ { 1 - \\mathbf { x } }$ phase or a hcp $\\mathtt { M o } _ { 2 } \\mathtt { C }$ phase. It was found in this study that the catalysts with the dominating hcp $\\mathtt { M o } _ { 2 } \\mathtt { C }$ phase provided a higher contribution of pairwise $\\mathrm { H } _ { 2 }$ addition to propyne, yielding a ca. 150-fold proton NMR signal enhancement (Fig. 11).', 'Therefore, it may be concluded that the presence of $\\mathbf { M o } ^ { \\delta + }$ forms for $\\mathbf { M o } _ { 2 } \\mathbf { C } _ { P e c h i n i }$ is critical for $\\left. \\mathrm { p } { - } \\mathrm { H } _ { 2 } \\right.$ conversion. The higher activity of $\\mathbf { M o } _ { 2 } \\mathbf { C } _ { P e c h i n i }$ and $\\mathbf { M o } _ { 2 } \\mathbf { C } \\mathbf { - } 1$ catalysts in propyne hydrogenation compared to $\\mathbf { M o } _ { 2 } \\mathbf { C } \\mathbf { - } 2$ catalyst can be attributed to the fact that hydrogenation is likely carried out on both the partially reduced molybdenum oxide phase [47] and the hexagonal-close-packed $\\mathbf { M o } _ { 2 } \\mathbf { C }$ . Moreover, since for $\\mathbf { M o } _ { 2 } \\mathbf { C } \\mathbf { - } 1$ catalyst ( $1 0 0 \\%$ hcp phase according to the XRD data) the higher SE factors were observed, it can be concluded that hcp- $\\mathbf { \\cdot M o } _ { 2 } \\mathbf { C }$ is likely active for the pairwise hydrogen addition.', 'Abstract\nHerein, we have shown that the phase composition of molybdenum carbide catalysts has a pronounced effect on the pairwise hydrogen addition selectivity in the gas-phase propyne hydrogenation with parahydrogenMolybdenum carbide catalysts were prepared using either the Pechini method or temperature-programmed reduction with $\\mathrm { C H _ { 4 } / H _ { 2 } }$ carburizing gas mixtureThe structures of carbide catalysts were characterized by high-resolution transmission electron microscopy, X-ray diffraction, and X-ray photoelectron spectroscopyIt was found that molybdenum carbide prepared by the Pechini method predominantly contains a face-centered-cubic $\\mathbf { M o C } _ { \\mathrm { 1 - x } }$ phase, while the TPR method yields a hexagonal-close-packed $\\mathbf { M o } _ { 2 } \\mathbf { C }$ phaseBy varying the gas hourly space velocity of carburizing gas mixture, the defected phase can be produced', '3 Conclusions\nMolybdenum carbide catalysts with different phase compositions were studied in the gas-phase propyne hydrogenation with parahydrogenIt was shown that $\\mathbf { M o } _ { 2 } \\mathbf { C }$ catalysts prepared by different techniques are able to implement pairwise hydrogen addition with the degree of pairwise selectivity similar to that of supported metal catalystsIt was found that hexagonal-close-packed phase of $\\mathbf { M o } _ { 2 } \\mathbf { C }$ is able\xa0to perform for pairwise hydrogen additionDespite the paramagnetic nature of the catalysts and relatively fast conversion of parahydrogen to orthohydrogen, the NMR signal enhancements of about 150-fold were achievedThe rate of ortho-para conversion is strongly correlated with the available Mo centers on the surface and was found to\xa0increase with temperature increase for $\\mathbf { M o } _ { 2 } \\mathbf { C } \\mathbf { - } 1$ and $\\mathbf { M o } _ { 2 } \\mathbf { C } \\mathbf { - } 2$ catalysts', 'However, the systematic investigations of pairwise hydrogen addition selectivity for various heterogeneous catalysts revealed that hyperpolarization levels afforded by supported metals like Pt [20], Pd [21], Rh [17], and Ir [22, 23] are limited to a few percents due to a low degree of pairwise $\\mathrm { H } _ { 2 }$ addition on metal surfacesThe low levels of pairwise hydrogen addition selectivity indicate that pairwise $\\mathrm { H } _ { 2 }$ addition is not the main route of hydrogenation reaction for these catalystsMoreover, the mechanism of pairwise hydrogen addition for supported metals is still unclearTherefore, by understanding the nature of processes that occur on the catalyst surface, the effective screening of catalysts with high pairwise selectivity can be performedHere, we have shown how the phase composition of molybdenum carbide catalysts affects the pairwise selectivity during heterogeneous propyne hydrogenation with parahydrogen']","['It was demonstrated in particular that the phase composition of molybdenum carbide catalysts has a pronounced influence on the PHIP effects observed upon gas-phase hydrogenation of propyne with parahydrogen. Specifically, the catalysts were produced using different synthetic procedures, and predominantly contained either a fcc MoC1-x phase or a hcp Mo2C phase. It was found in this study that the catalysts with the dominating hcp Mo2C phase provided a higher contribution of pairwise H2 addition to propyne, yielding a ca. 150-fold proton NMR signal enhancement.']","Based on the provided context, molybdenum carbide catalysts with a dominating **hexagonal-close-packed (hcp) Mo₂C phase** exhibit higher pairwise H₂ addition selectivity in propyne hydrogenation due to two key factors:  

1. **Critical role of Mo<sup>δ+</sup> species**:  
   The presence of partially oxidized molybdenum (**Mo<sup>δ+</sup>**) on the surface of hcp-Mo₂C catalysts (e.g., *Mo₂C<sub>Pechini</sub>*) is essential for efficient *para*-H₂ conversion and pairwise hydrogen transfer.  

2. **Intrinsic activity of the hcp-Mo₂C phase**:  
   - Catalysts with 100% hcp phase (e.g., *Mo₂C-1*) achieve **~150-fold NMR signal enhancement**, directly linked to pairwise H₂ addition.  
   - The hcp-Mo₂C phase provides active sites that favor the pairwise hydrogenation pathway, unlike the face-centered-cubic (fcc) MoC<sub>1-x</sub> phase.  
   - Partially reduced molybdenum oxide phases coexisting with hcp-Mo₂C may further enhance hydrogenation activity.  

The study concludes that the **hcp-Mo₂C phase is intrinsically active for pairwise hydrogen addition**, as evidenced by higher signal enhancement and selectivity compared to fcc-phase-dominated catalysts.","The hcp Mo2C phase in molybdenum carbide catalysts enhances the pairwise addition of H2 to propyne, resulting in a ca. 150-fold proton NMR signal enhancement due to its structural properties.",0.7085900980356116,0.9039994799770121,0.8571428571428571,0.999999999975,1.0
70,Why is the SABRE-enhanced approach effective for measuring sample temperatures in benchtop NMR systems under challenging conditions?,"['We have developed a system utilizing hyperpolarization of pyridine-2-carbaldehyde, a member of the 2-functionalized pyridine family. This approach has shown enhancement levels comparable to those observed for regular pyridine. Based on this, we have created a temperature-sensitive signal-enhancement-based temperature probe that operates in real-time at low concentrations. This method offers a potential solution for temperature measurement in benchtop NMR systems, where conventional techniques often face limitations due to low signal-to-noise ratios, magnetic field inhomogeneities, and the absence of variable temperature control units. Using our SABRE-enhanced approach, we were able to measure sample temperatures under these challenging conditions.', 'We verified our method’s accuracy by comparison with $1 0 0 \\%$ HFIP (1,1,1,3,3,3-hexafluoro-2-propanol) as a chemical shift thermometer.32 Our SABRE-based approach determined the benchtop NMR sample temperature as $2 9 5 . 4 ~ \\mathrm { ~ K ~ } ,$ in excellent agreement with the HFIP measurement. This showcases our method’s potential for precise temperature monitoring in challenging NMR setups where conventional techniques may be impractical (see the details Supporting Information, Figures S9−S11). These proof-of-concept experiments demonstrate the potential of leveraging reversible reactions in solvents. By utilizing varying hyperpolarization enhancement factors, the SABRE technique effectively estimates sample temperatures, even at extremely low concentrations, opening new avenues for NMR-based temperature sensing both in benchtop system and mixture samples.', 'We successfully applied it to monitor temperatures in solutions containing SABRE-inactive compounds like caffeineFurthermore, we demonstrated its efficacy using a $6 0 ~ \\mathrm { M H z }$ benchtop NMR spectrometer, validating its potential in challenging environments where conventional techniques may be limitedThis technique shows promise for influencing the magnetic resonance field, potentially facilitating more accurate real-time analyses of molecular reactions and structuresFuture research will focus on adapting this method for biological settings, aiming to stimulate advancements in NMR and magnetic resonance imaging (MRI) applications', 'ABSTRACT: Benchtop NMR spectrometers provide a promising alternative to high-field NMR for applications that are limited by instrument size and/or cost. $^ { 1 9 } \\mathrm { F }$ benchtop NMR is attractive due to the larger chemical shift range of $^ { 1 9 } \\mathrm { F }$ relative to $\\mathrm { ^ { 1 } H }$ and the lack of background signal in most applications. However, practical applications of benchtop $^ { 1 9 } \\mathrm { F }$ NMR are limited by its low sensitivity due to the relatively weak field strengths of benchtop NMR spectrometers. Here we present a sensitivity-enhancement strategy that combines SABRE (Signal Amplification By Reversible Exchange) hyperpolarization with the multiplet refocusing method SHARPER (Sensitive, Homogeneous, And Resolved PEaks in Real time). When applied to a range of fluoropyridines, SABRE', 'The system utilizes the temperature-dependent hyperpolarization efficiency of pyridine-2-carbaldehyde and its temperatureindependent hemiacetal form $\\left( \\mathrm { A ^ { \\prime } } \\right)$ This distinct behavior of the two forms serves as the basis for this temperature sensing approachThrough proof-of-concept experiments, including tests on a $6 0 ~ \\mathrm { \\ M H z }$ benchtop NMR spectrometer, we demonstrated the potential of this method for estimating sample temperatures, even in challenging environments where conventional techniques may be limitedNotably, we successfully verified our method in a benchtop NMR setupThis validation highlights the potential applicability of our approach in situations where traditional temperature measurement techniques face limitations']","[""Using our SABRE-enhanced approach, we were able to measure sample temperatures under these challenging conditions. By exploiting the temperature-dependent chemical equilibrium and distinct hyperpolarization behaviors of pyridine-2-carbaldehyde's aldehyde and hemiacetal forms, we introduce a novel approach to NMR temperature sensing.""]","The SABRE-enhanced approach is effective for temperature measurement in benchtop NMR systems under challenging conditions due to the following key reasons:

1. **Signal Enhancement Overcoming SNR Limitations**  
   SABRE hyperpolarization amplifies NMR signals by several orders of magnitude, directly addressing the **low signal-to-noise ratio (SNR)** inherent in benchtop NMR systems. This enables detection even at ultralow probe concentrations (e.g., micromolar range), where conventional NMR fails.

2. **Temperature-Dependent Molecular Mechanism**  
   The method exploits the distinct temperature responses of two molecular forms:  
   - **Pyridine-2-carbaldehyde**: Exhibits temperature-dependent hyperpolarization efficiency.  
   - **Hemiacetal form (A')**: Displays temperature-independent hyperpolarization.  
   This differential behavior serves as an internal thermometer, enabling temperature quantification through enhancement ratios.

3. **Robustness to Environmental Challenges**  
   - Functions reliably despite **magnetic field inhomogeneities** (common in low-field benchtop systems).  
   - Operates without **variable temperature control units**, which are frequently absent in portable setups.  
   - Validated in complex matrices, including solutions with SABRE-inactive compounds (e.g., caffeine).

4. **Real-Time, Low-Concentration Operation**  
   Achieves real-time temperature monitoring at concentrations impractical for traditional methods, as demonstrated on a 60 MHz benchtop NMR spectrometer. Validation against conventional thermometry (e.g., 100% HFIP chemical shift thermometer) showed excellent agreement (295.4 K).

5. **Application Versatility**  
   Suitable for mixture samples and biological settings, with potential extensions to MRI applications due to its non-invasive nature.

This approach circumvents limitations of conventional techniques by leveraging reversible chemical exchange and hyperpolarization physics, providing a practical solution for temperature sensing in resource-limited NMR environments.","The SABRE-enhanced approach is effective because it exploits the temperature-dependent chemical equilibrium and distinct hyperpolarization behaviors of pyridine-2-carbaldehyde's aldehyde and hemiacetal forms, allowing for temperature measurement despite low signal-to-noise ratios, magnetic field inhomogeneities, and the absence of variable temperature control units.",0.37447380120013307,0.9861422865784412,0.7391304347826086,0.699999999965,1.0
71,Why does the residual concentration of H2O2 not pose a concern to humans or mice?,"['0 6 \\% \\right)$ in $3 2 5 ~ { \\mu \\mathrm { L } }$ Human studies exist in which $\\mathbf { H } _ { 2 } \\mathbf { O } _ { 2 }$ in concentrations between $( 0 0 6 \\substack { - 0 4 8 } ) \\%$ were injected via intra-arterial or intravenous (evaluating its therapeutic potential on head and neck cancer, arteriosclerosis, wound healing) did not show toxicity.75 On in vivo experiments, the reported intravenous (median lethal dose) $\\mathrm { L D } _ { 5 0 }$ in mice was founded to be $5 0 0 0 0 ~ \\mathrm { m g }$ per $\\mathrm { k g }$ body weight.76 Therefore, given that facts, and the fact that that our solution would dilute by the blood volume ( ${ \\bf \\tilde { \\rho } } _ { \\sim 6 \\mathrm { ~ L ~ } }$ in humans, $7 7 - 8 0 ~ \\mu \\mathrm { L } ~ \\mathrm { g } ^ { - 1 }$ in mice), the residual concentration does not appear to pose a concern to humans or mice', '0 0 3 3 ~ \\mathrm { m g }$ per mouse, so side effects are unlikelyRespect to rhodium residuals, we have previously reported that the levels at the final solution after filtration is $( 1 7 \\pm 5 ) ~ { \\mu \\mathrm { M } }$ .56 This concentration have not generated any side effects in vivo or toxicity in cells experiments, even when double injection of the probe was used.34,56,59,65 Finally, acetate is expected to be present in the final solutionHowever, it has been previously reported the use of hyperpolarized acetate as a tracer in different diseases and events (e.gdiabetes, cardiac and renal metabolism, glioma, etc.) on in vivo and human studies demonstrating that this compound does not pose challenges.83–87 In addition to that, acetate-buffers were extensively used as first-line intravenous resuscitation fluids in patients, for example during hemorrhagic shock.88–90', '5 \\mathrm { m g }$ in the final solution (from an initial $1 0 0 \\mu \\mathrm { L }$ volume)Acetone has relatively low toxicity compared to other organic solvents and is naturally present in the metabolism of mammals.[29–33] Blood acetone concentration in healthy humans is about $1 \\mathrm { m g L } ^ { - 1 }$ raising to $1 0 \\mathrm { m g L } ^ { - 1 }$ after exercise and in diabetic individuals.[33–35] Following exposure to $2 0 0 0 \\mathrm { p p m }$ of acetone in air for 45 to $4 8 0 \\mathrm { \\ m i } .$ - nutes, blood acetone levels at $2 \\mathrm { m g } \\mathrm { m L } ^ { - 1 }$ were found in rodents in vivo, with no adverse effects.[36] The $^ { 1 3 } \\mathrm { C }$ NMR thermal spectrum displays no signal above the noise from the residual $^ { 1 3 } \\mathrm { C } .$ -labeled sidearm (cinnamyl alcohol), implying concentrations lower than $1 \\mathrm { m M }$ $( \\approx 3 0 \\mu \\mathrm { g } )$', 'Pharmacological investigations of cinnamyl alcohol in non-clinical studies have shown no cytotoxic effects in vitro.[37,38] The residual rhodium concentration in the final solution was found to be below $4 5 \\mu \\mathrm { M }$ $( \\approx 1 \\mu \\mathrm { g } )$ by Inductively Coupled Plasma Mass Spectroscopy (ICPMS) analysis, which corresponds to a 150-fold reduction from the value in the starting solutionSuch amounts of rhodium appear to be well below the threshold of concern for in vitro biological studies and in vivo applications in rodents.[39,40]', 'Regarding $\\mathbf { C a C l } _ { 2 }$ at the final solution, this is added during decarboxylation at $3 \\mathrm { \\ m M }$ , concentration that is much lower than used safely in humans and mice for calcium replenishment in arrhythmias associated with hypocalcemia, hyperkalemia, an antidote for magnesium poisoning, as co-adjuvant in hemostatic agents preparations, as well as, to resolve refractory hypotension and complete heart block, etc.77–81 Additionally, Kawai et al(2011) reported the use of $\\mathbf { C a C l } _ { 2 }$ injected intravenously (via tail vein) in mice to show how this compound accelerate wound healingIn these experiments a dose of $0 6 ~ \\mathrm { \\ m g }$ per mouse was used without any observed side effects.82 In our injections, even if all the initial $\\mathbf { C a C l } _ { 2 }$ were present in the final solution, it will represent a dose of $0 0 0 3 3 ~ \\mathrm { m g }$ per mouse, so side effects are unlikely']","['Human studies exist in which H2O2 in concentrations between (0.06 - 0.48)% were injected via intra-arterial or intravenous (evaluating its therapeutic potential on head and neck cancer, arteriosclerosis, wound healing) did not show toxicity.75 On in vivo experiments, the reported intravenous (median lethal dose) LD50 in mice was founded to be 50000 mg per kg body weight.76 Therefore, given that facts, and the fact that that our solution would dilute by the blood volume (~6L in humans, 77 - 80μLg−1 in mice), the residual concentration does not appear to pose a concern to humans or mice.']","Based on the provided context, the residual concentration of H₂O₂ does not pose a concern to humans or mice for the following reasons:  

1. **Human safety data**: Clinical studies involving intravenous/intra-arterial injection of H₂O₂ at concentrations between **0.06–0.48%** showed no toxicity when used therapeutically (e.g., for head/neck cancer, arteriosclerosis, wound healing).  

2. **Mouse toxicity thresholds**:  
   - The intravenous LD₅₀ (median lethal dose) in mice is **50,000 mg per kg body weight**.  
   - Physiological dilution reduces exposure:  
     - Human blood volume (~6 L) greatly dilutes residual H₂O₂.  
     - In mice, blood volume (**77–80 μL per g body weight**) dilutes the residual dose to **~0.0033 mg per mouse**—far below toxic levels.  

3. **Calculated safety margin**:  
   The actual residual dose in mice is **>15 million times lower** than the LD₅₀ threshold (50,000 mg/kg vs. 0.0033 mg/mouse), confirming negligible risk.  

Thus, combined evidence from human studies, high murine LD₅₀, and physiological dilution confirms the safety of residual H₂O₂.","The residual H2O2 concentration does not pose a concern because human studies showed no toxicity at similar concentrations (0.06-0.48%), the median lethal dose in mice is very high (50000 mg/kg), and the solution would be further diluted by blood volume (~6L in humans, 77-80μL/g in mice).",0.7451698205170518,0.8757356553793355,0.9333333333333333,0.9999999999,1.0
72,"Why does the acidic microenvironment generated by cancer cells correlate with aggressiveness, migration, invasion, and metastasis potential?","['Introduction\npH is robustly regulated in healthy tissues and is essential for physiological processes including tissue oxygenation, proper protein structure, and various biochemical reactions.1 However, perturbations of acid–base homeostasis are a common feature of several pathological conditions including cancer, ischemia, inflammation, renal disease, and infectious diseases.2–4 It is known that the acidic microenvironment generated by cancer cells correlates with aggressiveness, migration, invasion, and metastasis potential.5–7 All these events are associated with the Warburg effect, which involves increased glucose uptakes, anaerobic glycolysis, increased production of lactate, and an acidic extracellular pH.8 Moreover, it was reported that aberrant acidifications could contribute to', 'Recently, this method has been exploited for assessing extracellular tumor pH in tumor bearing mice [14] and also to humans [15], providing useful information regarding tumor metabolism. In particular, we demonstrated in vivo a strict link between dysregulated tumor glycolysis and acidosis by combining tumor pH imaging to FDG-PET in a murine breast cancer model [16]. We showed that tumor regions with higher FDG uptake were associated to a more acidic pH, with a significant and marked correlation. Furthermore, imaging tumor pH can also be exploited as non-invasive marker of metastatic potential, by observing increased tumor pH in more aggressive murine breast cancers and reduced tumor acidosis in less aggressive breast cancer murine models (Fig. 4) [17]. In addition, measuring tumor pH can monitor pH changes following therapeutic treatment, as with dichloroacetate, by providing early assessment of drug efficacy and by detecting the onset of resistance [18].', '[](images/f7d4241c2612e76e9db3f019607e379ea2a2d469be9d250fdb617e369a32e95f.jpg) \nFig. 4. (a) Mean extracellular pH measured in TUBO, BALB-neuT, 4 T1 and TS/A tumour. $^ { * * } \\mathrm { P } < 0 . 0 1$ . (b) Acidity score (a metric of the heterogeneity of extracellular tumor pH values) calculated for TUBO, BALB-neuT, 4 T1 and $\\mathrm { T S } / \\mathrm { A }$ tumour. ${ ^ * \\mathrm { P } } < 0 . 0 5$ and $^ { * * } \\mathrm { P } < 0 . 0 1$ . (c) Correlation between acidity score and number of lung metastases $\\mathrm { \\Phi } _ { \\mathrm { r } 2 } = 0 . 9 1$ , ${ ^ \\ast \\mathrm { P } } < 0 . 0 5 ^ { \\cdot }$ ). (d) Representative tumour extracellular pH maps for TUBO, BALB-neuT, 4 T1 and TS/A tumours showing increased tumor acidification in more metastatic breast tumors (4 T1 and TS/A). Reproduced with permission from Anemone et al. British Journal of Cancer 2021, 124:207–216 [17].', 'The rates of these reactions strongly depend on the cellular conditions, particularly the redox potential and the oxygen concentrationIt is widely known that cancer cells have altered metabolism, in particular, acidic extracellular pH, increased glucose uptake, and increased production of lactate (this is referred to as the Warburg effect[185,186])These hallmarks of cancer cell metabolism are used to diagnose a wide range of tumor types.[35,187] In terms of diagnostic specificity, magnetic resonance spectroscopic imaging (MRSI) along with $^ { 1 3 } { \\mathsf { C } }$ -hyperpolarized pyruvate administration is of particular interest since it allows monitoring the pyruvate-to-lactate conversion and mapping LDH activity.[34]', 'We used the novel methodology in a follow-up experiment to examine a lymphoma cell lineLymphoma is a cancer originated from lymphocytes, mostly B cellsThere are two main types of lymphoma:20 Hodgkin Lymphoma $( \\mathrm { H L } ) ^ { 2 1 }$ and Non-Hodgkin Lymphoma (NHL).22 HL has a particular appearance under the microscope, where the mononuclear Hodgkin cells and the multinucleated Reed-/ Sternberg cells are comprising only $1 \\%$ of the tumor massCell lines from lymphoma HL are characterized by an aberrant activity of the proto-oncogene MYC, which is a main regulator of the LDHA.23 LDHA is a variant of Lactate dehydrogenase that catalyzes the $\\scriptstyle \\mathbf { P - L }$ conversionMonitoring the $\\scriptstyle \\mathbf { P - L }$ conversion can be relevant for characterizing different subtypes of lymphoma cancer cellsPrevious publications have reported the global gene expression (GE) analysis and also proteomics and metabolomics analysis of lymphoma and the lymphoma microenvironment.24']","['It is known that the acidic microenvironment generated by cancer cells correlates with aggressiveness, migration, invasion, and metastasis potential. All these events are associated with the Warburg effect, which involves increased glucose uptakes, anaerobic glycolysis, increased production of lactate, and an acidic extracellular pH.']","Based on the provided information, the acidic microenvironment generated by cancer cells correlates with aggressiveness, migration, invasion, and metastasis potential due to the **Warburg effect**. This metabolic phenomenon involves:  
1. **Increased glucose uptake** and **anaerobic glycolysis** in cancer cells.  
2. **Elevated lactate production**, leading to extracellular acidosis.  
3. Experimental evidence showing that tumor regions with higher glucose metabolism (e.g., via FDG-PET imaging) exhibit **more acidic pH**, with a significant correlation between acidosis and metastatic potential.  
4. Direct observations that **more aggressive/metastatic tumors** (e.g., 4T1 and TS/A murine breast cancer models) display **greater acidification** and higher heterogeneity in extracellular pH compared to less aggressive tumors (e.g., TUBO and BALB-neuT), as quantified by acidity scores.  

This acidosis is a hallmark of dysregulated tumor metabolism and serves as a biomarker for metastatic behavior.","The acidic microenvironment is associated with cancer aggressiveness due to the Warburg effect, which involves increased glucose uptake, anaerobic glycolysis, increased production of lactate, and an acidic extracellular pH.",0.5068100708822764,0.9368987610157687,1.0,0.7499999999625,1.0
73,How does the chemical shift of the ${}^{15}\mathrm{NO}_2$ site in the nitroso form compare to that in the hydroxylamine form?,[],"['Our computational studies show that ${}^{15}\\mathrm{N}$ chemical shifts of all of the ${}^{15}\\mathrm{N}$ sites and the ${}^{19}\\mathrm{F}$ site of fluoro-$\\left[^{15}\\mathrm{N}_3\right]$- metronidazole are sensitive to the reduction process. Not surprisingly, the most sensitive site was ${}^{15}\\mathrm{NO}_2$: $\\Delta \\delta$ of $393~\\mathrm{ppm}$ with the nitroso form, $\\Delta \\delta$ of $- 233~\\mathrm{ppm}$ with the hydroxylamine form, and $\\Delta \\delta$ of $- 326~\\mathrm{ppm}$ with the amine form.']","Based on the provided information, the question cannot be answered. The RAG knowledge base does not contain specific details regarding the chemical shift of the ${}^{15}\mathrm{NO}_2$ site in either the nitroso or hydroxylamine forms.",The chemical shift of the ${}^{15}\mathrm{NO}_2$ site in the nitroso form (393 ppm) is larger than that in the hydroxylamine form (-233 ppm).,0.19875304513885078,0.0,0.3333333333333333,0.0,0.0
74,How does the SABRE chemistry of Z-OMPD compare to that of pyruvate?,"['As illustrated in Scheme 1, Z-OMPD (Scheme 1a) has an alpha-keto acid functional moiety and can be expected to exhibit similar SABRE chemistry as pyruvate, a well-studied alpha-keto acid substrate in SABRE hyperpolarization.59,67−71 Based on the known pyruvate binding modes, we first expected that, upon activation of the precatalyst in the presence of DMSO, Z-OMPD, and $\\mathrm { p H } _ { 2 } ,$ at least two activated SABRE complexes are formed.67 The first complex is equatorial complex E1 (Scheme 1a) in which Z-OMPD coordinates equatorially to the iridium center through the carboxylate and keto groups in positions 1 and 2, respectively. The second is the axial complex A1 (Scheme 1a), in which coordination occurs axially. For comparison with previous works67,70', 'Compared to other hyperpolarization methods, the technology package of SABRE offers fast, scalable, and inexpensive production of HP agents. The possibility of preparing HP ZOMPD with SABRE may provide new opportunities in the development of noninvasive assessment of extracellular $\\mathrm { \\tt { p H } }$ by HP MRI using simpler hyperpolarization technology. In this first study, the polarization levels remained modest below $1 \\%$ . This is similar to the first hyperpolarization levels for pyruvate when first established as a SABRE substrate, which subsequently was optimized to exceed $2 0 \\%$ . $^ { 5 5 , 5 9 , 6 7 , 7 0 }$ Accordingly, we are hopeful that similarly high polarization levels will be enabled on Z-OMPD in the future. After improving the polarization levels, it will also be critical to achieve biocompatibility, which could be accomplished by emerging purification protocols.50,71,81,82', '[](images/718c7004e7828242a62094819322f781afae2dca51a9bf0b0baa0f1ea247ae35.jpg) \nFigure 5Using SABRE to study interaction between pyruvate and [Y(EDTA) $( H _ { 2 } O ) _ { q } ] ^ { - }$ a) Depiction of the SABRE processA solution of [IrCl(COD)(IMes)], DMSO, sodium pyruvate-1- $\\cdot [ ^ { 1 3 } \\mathsf { C } ] ,$ and ${ \\sf H } _ { 2 }$ are prepared in methanol- $\\cdot d _ { 4 }$ ( $0 5 ~ \\mathrm { m L } )$ to synthesise the $[ \\mathsf { I r } ( \\mathsf { H } ) _ { 2 } ( \\kappa ^ { 2 } \\cdot$ -pyruvate)(DMSO)(IMes)] catalyst required to transfer magnetisation from ${ p \\mathsf { H } } _ { 2 }$ to pyruvate $^ { 1 3 } { \\mathsf C }$ sites in situThis is achieved when the NMR tube is shaken with $p \\mathsf { H } _ { 2 }$ (3 bar) for 30 seconds in a mu metal shieldAt this point $[ \\mathsf { Y } ( \\mathsf { E D T A } ) ( \\mathsf { H } _ { 2 } \\mathsf { O } ) _ { q } ] ^ { - }$ is added to the solution containing hyperpolarised pyruvate and single scan $^ { 1 3 } { \\mathsf C }$ NMR spectra can be recorded', 'As presented in Figure 3C, we note an increase in polarization with increasing flow rate, consistent with previous studies using the pyruvate system.47 The highest $P _ { \\mathrm { 1 3 C } }$ for both free C-1 and C-5 Z-OMPD was achieved at a flow rate of 120 sccm. Above 120 sccm, we note a slight drop in the polarization due to the sample experiencing a wider range of magnetic fields in the SABRE-SHEATH setup as it moves up the NMR tube, decreasing magnetic field homogeneity and, consequently, SOT efficiency.', 'CONCLUSIONS\nIn conclusion, we have demonstrated the feasibility of hyperpolarizing Z-OMPD at both C-1 and C-5 positions simultaneously with SABRE-SHEATH. We have studied the likely binding modes of Z-OMPD to the hyperpolarization catalyst by experiment and DFT calculations. The work revealed that there is more than one possible binding mode of Z-OMPD to the catalyst. Particularly, at elevated $\\mathrm { p H } \\ ( > 6 . 5 ) .$ , the equatorial complex E2 is mostly responsible for hyperpolarization, whereas at lower $\\mathrm { p H } \\left( < 6 . 5 \\right)$ , a combination of E1 and E2 is found to contribute to the polarization. This study highlights the role of bidentate binding in the form of fivemembered (E1) and eight-membered (E2) rings, which presents unique research opportunities in SABRE dynamics and chemistry, widening the utilization of SABRE to substrates with similar moieties that were previously unamenable to SABRE hyperpolarization.']","['Z-OMPD (Scheme 1a) has an alpha-keto acid functional moiety and can be expected to exhibit similar SABRE chemistry as pyruvate, a well-studied alpha-keto acid substrate in SABRE hyperpolarization.']","The SABRE chemistry of Z-OMPD shares key similarities with pyruvate due to their common α-keto acid functional moiety, but exhibits distinct binding characteristics:  

### Similarities to Pyruvate  
1. **Binding Modes**:  
   - Both form equatorial (e.g., **E1** for Z-OMPD) and axial (**A1**) complexes with the Ir catalyst, coordinating via the carboxylate and keto groups (analogous to pyruvate binding).  
   - Hyperpolarization occurs via reversible exchange with *p*-H₂, similar to pyruvate's SABRE mechanism.  

2. **Polarization Trends**:  
   - Initial polarization levels for Z-OMPD (below 1%) mirror early pyruvate SABRE results, with pyruvate later optimized to >20%.  

### Key Differences  
1. **Additional Binding Modes**:  
   - Z-OMPD forms a unique **eight-membered ring equatorial complex (E2)** at higher pH (>6.5), alongside the five-membered ring complex (**E1**). Pyruvate binding is typically described via five-membered rings only.  
   - At pH <6.5, both **E1** and **E2** contribute to Z-OMPD polarization, whereas pyruvate binding modes are less pH-sensitive in the provided context.  

2. **pH Dependence**:  
   - Z-OMPD hyperpolarization is highly pH-dependent: **E2 dominates at pH >6.5**, while **E1/E2 coexist at pH <6.5**. This pH-specific behavior is not explicitly detailed for pyruvate.  

3. **Structural Flexibility**:  
   - Z-OMPD’s ability to form both five- and eight-membered rings broadens SABRE applicability to substrates with similar flexible moieties, unlike rigid pyruvate-like systems.  

### Experimental Optimization  
- Flow rate optimization (e.g., 120 sccm for Z-OMPD) aligns with pyruvate SABRE-SHEATH protocols, but magnetic field homogeneity challenges differ slightly due to Z-OMPD’s multi-site polarization (C-1 and C-5).  

In summary, Z-OMPD extends pyruvate-like SABRE chemistry with pH-dependent binding diversity and enhanced structural adaptability, though polarization levels currently lag behind optimized pyruvate systems.",Z-OMPD exhibits similar SABRE chemistry as pyruvate due to their shared alpha-keto acid functional moiety.,0.28443765835117285,0.9726685209127659,0.7586206896551724,0.99999999995,1.0
75,How do the activation energies for the rearrangement of c to give d compare between the 'N route' and the 'C route'?,"['In the $^ { \\omega } _ { \\mathrm { N } }$ route”, the transition state involved in the ligand rotation, ${ \\bf 0 { \\bf { \\bar { \\Lambda } } } } ^ { \\mathbf { T S } } .$ , has an activation energy of $1 3 4 ~ \\mathrm { { \\ k J / m o l } }$ (imaginary frequency at $3 9 \\mathrm { i } \\mathrm { c m } ^ { - 1 } .$ ) and affords the intermediate $\\mathbf { 0 d } _ { \\mathrm { N } } ,$ which is $1 9 8 \\mathrm { k J / m o l }$ more stable than $\\mathbf { 0 } \\mathbf { c _ { N } }$ Therefore, the energy required for the rearrangement of 0c to give 0d is much lower for the $^ { \\mathrm { { * } } } \\mathrm { { N } }$ route” than for the $^ { \\omega } { \\mathrm { C } }$ route”${ \\bf 0 d } _ { \\bf N }$ then undergoes the second hydrogen transfer, via the ${ \\bf 0 } { \\bf d _ { N } } ^ { \\mathrm { ~ \\tiny ~ T ~ S ~ } }$ transition state, characterized by an activation energy of 44.9 $\\mathrm { k J / m o l }$ (imaginary frequency of $7 7 8 \\mathrm { i \\ c m ^ { - 1 } }$ , Figure 5)', 'This is because the agostic $\\mathrm { R h { - } H }$ interaction is much stronger in $\\mathbf { c _ { C } }$ than in $\\mathbf { c _ { N } }$ For example, in $\\mathbf { 0 } \\mathbf { c } _ { \\mathbf { C } }$ and in $\\mathbf { 0 } \\mathbf { c _ { N } }$ the $\\mathrm { R h - H }$ distances are 2.070 and $2 3 6 3 \\mathrm { \\AA } ,$ and the just formed $\\mathrm { C - H }$ bond lengths are 1.135 and 1.092 ÅFor complexes 9, 0, and 8 the energy required for the rearrangement of c to give d is much lower for the $\\mathrm { ^ { * } N }$ route” (14.0, 13.4, and $9 1 \\mathrm { k J / m o l } \\dot { }$ ) than for the $^ { \\omega } \\mathrm { C }$ route” (31.6, 38.0, and $4 1 2 \\mathrm { k J } / \\$ mol)For this reason only the $^ { \\mathrm { { * } } } \\mathrm { { N } }$ route” has been considered for calculations involving the other substrates', 'As expected, the $\\eta \\mathrm { - H } _ { 2 }$ complexes have very short lifetimes, being quickly transformed into the corresponding dihydride derivativesThe $^ { \\mathrm { { * } } } \\mathrm { { N } }$ route” appears slightly more favored than the $^ { \\mathrm { { * } } } \\mathrm { { C } }$ route”, although the dihydride complexes $\\mathbf { b } _ { \\mathbf { C } }$ evolve to the monohydrogenated species $\\mathbf { c _ { C } }$ apparently without activation energyIn the case of the $^ { \\mathrm { { * } } } \\mathrm { { N } }$ route” the involved activation energies are anyway very low, being between 14.2 and $2 4 5 \\mathrm { k J } / \\$ molThe monohydrogenated species $\\mathbf { c _ { C } }$ are more stable than the corresponding $\\mathbf { c _ { N } }$ onesThis is because the agostic $\\mathrm { R h { - } H }$ interaction is much stronger in $\\mathbf { c _ { C } }$ than in $\\mathbf { c _ { N } }$', 'CONCLUSIONS\nIn summary, from the analysis of experimental PHIP data and theoretical calculations on a number of variously substituted dehydroamino acids, new insights into the hydrogenation pathway and the effect of the protective groups on the reaction rates and intermediates lifetimes have been gainedEven though the $^ { \\mathrm { { * } } } \\mathrm { { C } }$ route” cannot completely be ruled out, there are strong indications that the operating mechanism follows the “N route”; i.e., the first hydrogen transfer occurs to the $\\alpha$ carbon atom of the alkeneA molecular rearrangement in the monohydrogenated intermediate c to give d occurs, and together with the second H transfer to yield the final fully hydrogenated products, it is the slowest reaction step', 'Further indication that the $\\mathrm { ^ { * } N }$ route” is more favored with respect to the $^ { \\omega } \\mathrm { C }$ route” comes from the observation that, whereas in the $\\mathbf { d } _ { \\mathbf { C } }$ intermediates all the Rh coordination sites are occupied (with the unsaturated C and the O of the amido moiety on the equatorial plane and the $\\mathrm { ~ o ~ }$ of the ester moiety below the plane), in ${ \\bf d } _ { \\bf N } ,$ after the rotation, an axial coordination site below the equatorial plane is available for coordination of a solvent moleculeThe quite pronounced solvent effect on the reaction rate observed when going from acetone/methanol/ water to chloroform may therefore be taken as a further evidence of the predominancy of the ${ } ^ { \\mathrm { { * } } } \\mathrm { { N } }$ -route”Other solvents characteristics (such as solvent viscosity or hydrogen solubility) may in principle affect the reaction rate']","[""For complexes 9, O, and 8 the energy required for the rearrangement of c to give d is much lower for the 'N route' (14.0, 13.4, and 9.1 kJ/mol) than for the 'C route' (31.6, 38.0, and 41.2 kJ/mol).""]","The activation energies for the rearrangement of intermediate **c** to **d** are consistently lower for the **'N route'** compared to the **'C route'**. This is supported by the following data from the context:  

- **For the 'N route'**:  
  - Complex **9**: **14.0 kJ/mol**  
  - Complex **0**: **13.4 kJ/mol**  
  - Complex **8**: **9.1 kJ/mol**  

- **For the 'C route'**:  
  - Complex **9**: **31.6 kJ/mol**  
  - Complex **0**: **38.0 kJ/mol**  
  - Complex **8**: **41.2 kJ/mol**  

### Key Observations:  
1. The 'N route' activation energies (**9.1–14.0 kJ/mol**) are **significantly lower** than those for the 'C route' (**31.6–41.2 kJ/mol**).  
2. This difference arises because the **agostic Rh–H interaction** is stronger in **c<sub>C</sub>** (Rh–H distance: **2.070 Å**) than in **c<sub>N</sub>** (Rh–H distance: **2.363 Å**), making the 'C route' rearrangement energetically less favorable.  
3. Due to the lower barriers, only the **'N route'** is considered viable for further calculations involving substrates beyond complex **0**.  

This trend confirms that the **'N route'** is kinetically preferred for the rearrangement step.","The activation energies for the rearrangement of c to give d are much lower for the 'N route' (14.0, 13.4, and 9.1 kJ/mol) than for the 'C route' (31.6, 38.0, and 41.2 kJ/mol).",0.7732300993200497,0.8817101101951623,1.0,0.49999999995,1.0
76,How do the steric effects of PMe2Ph and PPh2Me compare?,"['Hz,JHH=-4.5Hz;4-PPhz-b)H4-PMe2Ph[b]-10.37(td,JPH=16.4Hz,JHH=-4.5Hz;4-PMePh-t),-0.6(s)4-PMe3−18.61(dd,JPH=13Hz,JHH=-4.5Hz;4-PMePh-b)−10.98(td,JPH=16Hz,JHH=-3Hz;4-PMe3-t),-8.24(s)−18.88(d,JPH=14Hz,JHH=-3Hz;4-PMe-b)−14.35(brs)32.1(s)5-PPh3−15.50(brs)-5.44(s)5-PMe2Ph[b]−14.51(brs)54.38(s)5-PCy7-PPh[c]−11.43(s;7-PPh-t),30.7(s)−18.34(d,JPH=10Hz;7-PPh-b)H7-PCy[c]−11.73(s;7-PCy-t),47.9(s)9-PPh3−18.81(d,JPH=7.5Hz;7-PCy-b)−13.32(dd,JPH=10Hz,JHH=-4.5Hz),36.6(s)198.1,200.5,201.0,203.8,204.47.50(d,JHH=-4.5Hz)−13.74(dd,JPH=12Hz,JHH=-6Hz),-5.03(s)9-PMe2Ph[c]7.47(d,JHH=-6Hz)9-PCy3−13.94(dd,JPH=8Hz,JHH=-4.5Hz),54.41(s)7.44(d,JHH=-4.5Hz)−6.54(dd,JPH=15Hz,JHH=-5.5Hz),44.91(s)197.1(d,Jcc=7Hz)10-PPh[d]199.0(d,Jcc=7Hz)−7.22(dd,JPH=62Hz,JHH=-5.5Hz)−1.66(s)10-PMePh[d]−7.02(dd,JPH=26Hz,JHH=-7Hz),−7.19(dd,JPH=75Hz,JHH=-7Hz)10-PCy[e]54.22(s)−7.03(dd,JPH=14Hz,JHH=-5Hz),11-PCy[f]−8.12(dd,JPH=66Hz,JHH=-5Hz)−7.99(2ndorder,JPH=14Hz,JHH=-5Hz)54.93(s)194.9', '6 \\mathrm { k J } \\mathrm { m o l } ^ { - 1 }$ , while for TS2 the enthalpy is higher at $+ 5 8 9 \\ \\mathrm { k J \\ m o l ^ { - 1 } }$ This is consistent with the experimental observation that P–P mutual exchange has the lower activation barrierHowever, the experimental activation enthalpies are substantially lower than those calculated for both processes which suggests that a steric effect arising from the phenyl substituents is not fully represented in the calculations where they are replaced by hydrogen at the small iron centre', 'Lastly, in the interest of specifically probing how well the $( ^ { \\mathsf { D i p p } } { \\mathsf { C C C } } ) { \\mathsf { C o } } ( { \\mathsf { N } } _ { 2 } )$ catalyst facilitates PHIP-IE hyperpolarization, isoprene was subjected to the above conditionsMonitoring the $^ 1 \\mathsf { H }$ NMR spectrum did result in the hyperpolarization of the intact olefin, however, to a much smaller extent (maximum of 16-fold enhancement with the $( ^ { \\mathsf { D i p p } } { \\mathsf { C C C } } ) { \\mathsf { C o } } ( { \\mathsf { N } } _ { 2 } )$ catalyst when compared to the 106-fold enhancement of that same proton with the $( ^ { M e s } { \\mathsf { C C C } } ) { \\mathsf { C o - p y } }$ catalyst) (Figures S4 and S25, Table S3).[28] These results together, suggest that the electronic and/or steric effects afforded by the diisopropylphenyl groups do not allow the catalyst to access PHIP-IE polarization to the same degree as the $( ^ { M e s } { \\mathsf { C C C } } ) { \\mathsf { C o - p y } }$ catalyst', 'Due to the strong relationship observed between the electronic and steric properties of the diphosphine ligands on the selectivity a detailed QM/MM study was initiated to try and determine the major factors governing the regioselectivity in the xantphos-type catalytic systems [101]Diphosphine ligands generate two kinds of steric effects: those originated by ligand–ligand or ligand–substrate nonbonding interactions (nonbonding effects) and those directly related to the bite angle (orbital effects)The bite angle determines metal hybridization and this in turn the metal orbital energiesTherefore steric effects may to some extent also be considered an electronic effectThe roles of the diphosphine bite angle and the nonbonding interactions were analysed in detailThe authors were able to separate, identify and evaluate the different contributions to regioselectivity', 'Fig. 7 also demonstrates that the $\\mathrm { P M e } _ { 2 } \\mathrm { P h }$ and $\\mathrm { P P h } _ { 2 } \\mathrm { M e }$ ligand systems show a similar increase in selectivity for the linear product with increase in reaction temperature. In contrast, however, the $\\mathrm { P P h } _ { 3 }$ , dppe and dppm systems show a fall in selectivity over the same temperature range. This situation is complicated for the activating $\\mathrm { P } \\mathrm { ( C h _ { 2 } P h ) } _ { 3 }$ phosphine where the selectivity initially falls and then increases with temperature. This observation actually reflects the fact that the $\\mathrm { P } \\mathrm { ( C h _ { 2 } P h ) } _ { 3 }$ system produces secondary oligomerization products at higher temperatures and consequently the full product distribution is not accounted for in this plot.47']",['The steric effect increases according to PMe2Ph < PPh2Me < PPh3 < P(CH2Ph)3 < PCy3.'],"Based on the provided information, a direct comparison of steric effects between PMe₂Ph and PPh₂Me ligands is not explicitly detailed in the context. The available data only states:  

> *""Fig. 7 also demonstrates that the PMe₂Ph and PPh₂Me ligand systems show a similar increase in selectivity for the linear product with increase in reaction temperature.""*  

This suggests comparable steric or electronic influences on selectivity under temperature variation, but no explicit steric parameters (e.g., cone angles, steric bulk analysis) or further comparative details are provided.  

**Conclusion**: The context does not contain sufficient information to compare the steric effects of PMe₂Ph and PPh₂Me ligands beyond their similar temperature-dependent selectivity behavior.",The steric effect of PPh2Me is greater than that of PMe2Ph.,0.5116260753364148,0.0,1.0,0.0,0.0
77,Why does the carbonyl group in the product molecule show higher signal enhancements compared to other carbon atoms during the parahydrogenation reaction?,"['Specifically, the carbonyl group in the product molecule $\\mathrm { C } _ { 3 } \\ \\mathrm { ( \\textdiamond ) }$ showed significant signal enhancements between 4000 and 5500 after the conversion rate of reaction stabilized around the third minuteThe reason for the higher signal enhancement of the carbonyl group might be that the $1 5 \\mathrm { m s }$ time delay chosen for the PH-INEPT $+$ sequence is most effective for the $J$ couplings between the hyperpolarized protons and $\\mathbf { C } _ { 3 }$ , resulting in more efficient polarization transfer than to $\\mathbf { C } _ { 1 }$ and $\\mathbf { C } _ { 2 }$ This statement is supported by experiments applying different delays in the PH-INEPT $+$ sequence ranging from 10 to $2 5 \\mathrm { m s }$ (Supporting Information)', 'As can be clearly seen, the observed signal enhancements of the former parahydrogen protons $\\mathrm { H _ { c } }$ and $\\mathrm { H _ { e } }$ $( \\bullet , \\sqcup )$ are similar in height over the observed time period and rather constant between minute 3 and 10 of the parahydrogenation reactionThe signal enhancements of the carbon atoms belonging to the generated single bond $\\mathbf { C } _ { 1 }$ and $\\mathbf { C } _ { 2 } \\left( \\mathbf { \\blacktriangle } , \\boldsymbol { \\bigtriangledown } \\right)$ are also comparable, ranging from 3000 to 4000They show the same time evolution as the proton signal and are stable for seven minutesSpecifically, the carbonyl group in the product molecule $\\mathrm { C } _ { 3 } \\ \\mathrm { ( \\textdiamond ) }$ showed significant signal enhancements between 4000 and 5500 after the conversion rate of reaction stabilized around the third minute', 'When the spectrum is recorded immediately after the parahydrogenation reaction (Figure 4a), polarization is observed only on the methyl signal $( 1 4 . 4 7 \\mathrm { \\ p p m } )$ , while the carbonyl $^ { 1 3 } \\mathrm { C }$ nucleus, which is also scalarly coupled with para-hydrogen protons, does not show any enhancement. This is due to the fact that polarization on the $^ { 1 3 } \\mathrm { C }$ methyl signal derives from the strongly polarized methyl protons rather than from the olefinic ones, as confirmed by using the analogous deuterated compound. A more detailed explanation is beyond the scope of this work.', 'The $\\mathrm { ^ 1 H }$ and $^ { 1 3 } { \\mathsf { C } } T _ { 1 }$ relaxation times of the hydrogenation product 5-methyl-5-propenyl-barbituric acid are presented in Table 1. The $T _ { 1 }$ -times were measured in ${ \\sf D } _ { 2 } 0$ because of the much higher solubility of the barbituric acid derivative in ${ \\sf D } _ { 2 } 0$ than in acetone resulting in a higher NMR signal and in order to confirm long-lived hyperpolarization in an aqueous environment to allow for in vivo experiments. However, so far we did not find a suitable catalyst for the parahydrogenation of 5-methyl-5-propargylbarbituric acid in water. The spin-lattice relaxation times of the protons are in the range between 0.7 and $3 . 8 \\ : s$ , whereas the carbons exhibit $T _ { 1 }$ - times of about 15 and $2 7 s$ for the quaternary carbon and the carbonyl group, respectively, which should be sufficient to perform in vivo experiments.', 'MATERIALS AND METHODS\nA reaction is outlined in Fig1 that has previously been shown to give a product that not only gives a strong proton signal but also a very clear PHIP effect in the $^ { 1 3 } \\mathrm { C }$ spectrum (8,9)The hydrogen molecule is transferred to acetylenedicarboxylic acid dimethyl ester (1), yielding maleic acid dimethyl ester (2), with a $^ { 1 3 } \\mathrm { C }$ label in the carbonyl group (Fig1)We found this reaction to be exceptionally rapid and hence suitable for our purposesThe $\\mathrm { ^ { 3 1 } \\bar { P } }$ NMR spectra of the reaction mixture revealed that part of the explanation of the efficiency of this reaction lies in the fact that the protective norbornadiene ligand of the rhodium complex, normally removed by reaction with hydrogen, is displaced by 1 when they come into contact with each otherThis means that the catalyst is immediately active and does not show any induction period']","['Specifically, the carbonyl group in the product molecule C3 (⋄) showed significant signal enhancements between 4000 and 5500 after the conversion rate of reaction stabilized around the third minute. The reason for the higher signal enhancement of the carbonyl group might be that the 15 ms time delay chosen for the PH-INEPT+ sequence is most effective for the J couplings between the hyperpolarized protons and C3 resulting in more efficient polarization transfer than to C1 and C2.']","Based on the provided context, the carbonyl group ($\mathrm{C_3}$) exhibits higher signal enhancements (4000–5500) compared to other carbon atoms ($\mathrm{C_1}$ and $\mathrm{C_2}$, enhancements of 3000–4000) due to **optimized polarization transfer via the PH-INEPT+ pulse sequence**. The key reasons are:  

1. **J-coupling efficiency**:  
   The $15 \: \mathrm{ms}$ delay in the PH-INEPT+ sequence is experimentally optimized for the scalar couplings ($J$) between hyperpolarized protons ($\mathrm{H_c/H_e}$) and $\mathrm{C_3}$. This results in more efficient polarization transfer to $\mathrm{C_3}$ than to $\mathrm{C_1}$ or $\mathrm{C_2}$.  
   - Supporting evidence: Tests with PH-INEPT+ delays ranging from $10$ to $25 \: \mathrm{ms}$ confirmed that the $15 \: \mathrm{ms}$ delay maximizes $\mathrm{C_3}$ enhancement.  

2. **Time evolution of polarization**:  
   After the reaction stabilizes (~3 minutes), the polarization transfer to $\mathrm{C_3}$ becomes highly efficient, leading to sustained higher enhancements. In contrast, $\mathrm{C_1}$ and $\mathrm{C_2}$ show lower but stable enhancements (3000–4000) with identical time evolution to the proton signals.  

3. **No alternative explanations**:  
   - The effect is **not** due to $T_1$ relaxation differences (carbonyl $T_1 = 27 \: \mathrm{s}$ vs. quaternary carbon $T_1 = 15 \: \mathrm{s}$).  
   - Initial spectra (Figure 4a) confirm polarization originates from protons directly coupled to $\mathrm{C_3}$ after optimization.  

In summary, the selective enhancement of $\mathrm{C_3}$ arises from the pulse sequence's specific tuning to its $J$-coupling network with hyperpolarized protons.","The higher signal enhancement of the carbonyl group is due to the 15 ms time delay chosen for the PH-INEPT+ sequence, which is most effective for the J couplings between the hyperpolarized protons and C3, resulting in more efficient polarization transfer than to C1 and C2.",0.5740161074140953,0.7820784766501738,0.8461538461538461,0.9999999999,1.0
78,Why does each pyridine derivative have a unique zero-field NMR spectrum?,"['The discussion presented in this section shows that each pyridine derivative has either a different spin topology or the spin network is affected by different values of the $J .$ -coupling constants between different atomsThereby a unique zero-field NMR spectrum is associated with each molecule, demonstrating the ability of application of zero-field NMR for chemical identificationIt should be stressed that such identification is possible with samples containing $_ { 1 - 2 \\mathrm { M } }$ pyridine derivatives at natural abundance of $^ { 1 5 } \\mathrm { N }$ (corresponding to $3 6 { - } 7 2 \\mathrm { m M }$ of NMR active molecules) by measuring less than 200 transientsThis, combined with the robust of the experimental protocol described above, suggests the possibility of SABRE-enhanced ZULF NMR measurements with naturally abundant $^ { 1 5 } \\mathrm { N }$ -compounds at millimolar concentration levels.', 'The presented experimental results are supported by the results of numerical simulations of ZULF NMR spectra (Fig3b)Such simulations are performed with the $J .$ -coupling constants taken from the literatureFor more details on the simulation parameters and coupling networks see Supplementary Figure 2 and Supplementary Table 1,2,3,4, while the simulation script is included as Supplementary Data 2Theoretical model reflects only free ligands (pyridine derivatives) in the solution as $\\mathrm { T } _ { 2 }$ of the bound compounds is short making them not detectable with zero-field NMRAll the simulated spectra match experimental results in both the positions and relative amplitudes of the NMR lines (raw data can be found in Supplementary Data 1)The discussion presented in this section shows that each pyridine derivative has either a different spin topology or the spin network is affected by different values of the $J .$ -coupling constants between different atoms', 'Natural abundance SABRE at zero fieldFigure 3 presents zerofield NMR spectra of hyperpolarized pyridine derivatives: 3,5- dichloropyridine, 3-methoxypyridine, 4-methoxypyridine, 3- methylpyridine, 4-methylpyridine, and nicotinamideDue to the need for a heteronuclear coupling, the spectra exclusively correspond to $^ { 1 5 } \\mathrm { N }$ -pyridine, $^ { 1 5 } \\mathrm { N } { - } 3 { , } 5$ -dichloropyridine, $^ { 1 5 } \\mathrm { N } 3 .$ methoxypyridine, 15N-4-methoxypyridine, $^ { 1 5 } \\mathrm { N } { - 3 } .$ methylpyridine, $^ { 1 5 } \\mathrm { N }$ -4-methylpyridine, and $^ { 1 5 } \\mathrm { N }$ -nicotinamide, which are present only at a level of $0 3 6 \\%$ due to the $^ { 1 5 } \\mathrm { N }$ abundanceIn these molecules, the strongest $J .$ -coupling, $^ 2 J _ { \\mathrm { N H } } ,$ arises between $^ { 1 5 } \\mathrm { N }$ and the two ortho-protons of the pyridine ring', 'Although in zero field both chemical identification5,9 and application of various hyperpolarization methods16,17 have been demonstrated, until now they have not been studied in conjugation with each otherWithout doubt, real-world applications of ZULF NMR will require both the ability to work with unaltered samples and to perform chemical identification3This is the task that we undertake in this work by investigating a group of similar molecules –pyridine derivatives– in their natural isotopic abundance (containing $0 3 6 \\%$ of $^ { 1 5 } \\mathrm { N }$ with spin-1/2) using ZULF NMR and SABRE hyperpolarizationWe collect hyperpolarized zerofield spectra for natural abundant pyridine derivatives, not yet studied by ZULF NMR, and demonstrate that they can be distinguished by means of their zero-field spectraThis is done by studies of the pyridine derivatives containing the same substituent, at different ring positions, as well as various substituents at the same ring position', '[](images/3004e3ffd052e1690fdbfeb4095403ca108166b79f19039aeccf759695389d69.jpg) \nFig. 3 Zero-field NMR spectra of the SABRE-polarized molecules at natural isotopic abundance. a NMR spectra of a range of pyridine derivatives hyperpolarized and measured in zero magnetic field. Those are in order from the top: $^ { 1 5 } \\mathsf { N }$ -pyridine, 15N-3,5-dichloropyridine, $^ { 1 5 } \\mathsf { N } .$ - nicotinamide, $1 5 N - 3$ -methoxypyridine, 15N-4-methoxypyridine, $1 5 N - 3 -$ methylpyridine, $1 5 N - 4$ -methylpyridine. b Numerical simulations of the zerofield spectra of the corresponding pyridine derivatives (see Methods for simulation details). The dashed line indicates a position of zero-field line corresponding to the strongest $J { }$ -coupling between $^ { 1 5 } \\mathsf { N }$ and two neighbouring protons, present in all of the studied molecules.']","['The discussion presented in this section shows that each pyridine derivative has either a different spin topology or the spin network is affected by different values of the J-coupling constants between different atoms. Thereby a unique zero-field NMR spectrum is associated with each molecule, demonstrating the ability of application of zero-field NMR for chemical identification.']","Each pyridine derivative exhibits a unique zero-field NMR spectrum due to **distinct spin topologies** and **specific J-coupling constants** between atoms, particularly involving \(^{15}\text{N}\) and neighboring protons. This uniqueness arises from two key factors:  

1. **Spin Topology Differences**:  
   The arrangement of spins (e.g., \(^{15}\text{N}\) and \(^1\text{H}\)) varies across derivatives due to substituent positions (e.g., methyl, methoxy, or chloro groups at ortho, meta, or para sites). This alters the connectivity of the spin network.  

2. **J-Coupling Constants**:  
   The strength of \(J\)-couplings (e.g., \(^2J_{\text{NH}}\) between \(^{15}\text{N}\) and ortho-protons) differs for each molecule. These values depend on electronic effects from substituents, modifying spectral line positions and amplitudes.  

### Supporting Evidence:  
- Experimental zero-field NMR spectra (Fig. 3a) and simulations (Fig. 3b) confirm that isomers (e.g., 3-methylpyridine vs. 4-methylpyridine) or derivatives with different substituents (e.g., 3-methoxypyridine vs. nicotinamide) yield distinct spectral patterns.  
- The strongest coupling (\(^2J_{\text{NH}}\)) consistently appears but is modulated by molecular structure, enabling unambiguous identification even at natural \(^{15}\text{N}\) abundance (0.36%).  

This specificity allows zero-field NMR to distinguish structurally similar pyridine derivatives for chemical analysis.","Each pyridine derivative has either a different spin topology or the spin network is affected by different values of the J-coupling constants between different atoms, resulting in a unique zero-field NMR spectrum for each molecule.",0.656043491045653,0.959874494510732,0.8461538461538461,0.99999999998,1.0
79,Why does the model predict polarization levels greater than the previously found limit of 0.5 for low relaxation rates?,"['It should be noted that, for low relaxation rates, the model presented predicts polarization levels greater than the previously found limit18 of $P _ { \\mathrm { S } } = 0 . 5$ . This is because our model takes into account multiple association–dissociation events: when an already polarized substrate enters in the complex with $p \\mathrm { H } _ { 2 }$ again, its polarization can be boosted further.', 'Nevertheless, in these cases, the duration of the pulse sequence becomes too long and relaxation processes tend to adversely affect the polarization levelExperimental results showed that $45 \\mathrm { - } 5 0 \\%$ can be observed on deuterated hydroxyethyl propionate and $1 8 -$ $20 \\%$ on succinate, while the theoretically predicted polarization level is about $80 \\%$ in both (the AA’X system is used for the calculations).[25,29] This discrepancy might be due to the departure of the rf pulses from the ideal conditions.[30]', 'For $[ ^ { 1 5 } \\mathsf { N } _ { 3 } ]$ nimorazole, the highest polarizations were observed in ${ \\mathsf { C } } _ { 2 } { \\mathsf { H } } _ { 5 } { \\mathsf { O H } }$ $( P _ { 1 5 \\ N , a v } = 7 2 \\pm 0 2 \\% )$ , while $C H _ { 3 } O H$ and $C D _ { 3 } O D$ provided similar polarization levels $( P _ { 1 5 N , a v }$ of $5 4 \\pm 0 2 \\%$ and $5 6 \\pm 0 1 \\% ,$ respectively)Thus, we show that careful optimization of experimental conditions allows one to achieve similar polarization levels for both $[ ^ { 1 5 } \\mathsf { N } _ { 3 } ]$ metronidazole and $[ ^ { 1 5 } \\mathsf { N } _ { 3 } ]$ nimorazole substratesMoreover, the $7 2 \\pm 0 2 \\% \\ ^ { 1 5 } \\mathsf { N }$ polarization of $[ ^ { 1 5 } \\mathsf { N } _ { 3 } ]$ nimorazole demonstrated here is ca3 times greater than the previously reported values.[45]', 'Result S2As expected, the target polarizations were found to increase with $T _ { 1 } ^ { L }$ Still, the fastest relaxation rate of $3 1 2 5 \\mathrm { m s }$ generated significant $\\mathrm { ^ { 1 } H }$ target polarization of $P \\big ( S _ { Z } ^ { 4 } \\big ) 0 4 \\%$ (Fig7a); for longer times, $P \\big ( S _ { Z } ^ { 4 } , \\bar { T _ { 1 } ^ { L } } = \\mathsf { \\bar { 0 } } 5 s \\big ) 4 0 \\%$ and $P \\big ( \\hat { S } _ { Z } ^ { \\ 4 } , \\dot { T } _ { 1 } ^ { L } = 4 s \\big ) 1 1 4 \\%$ These findings appear promising for reaching significant polarizations over a wide range of exchange ratesFor $^ { 1 3 } \\mathrm { C } ,$ no polarization was observed during $B _ { \\mathrm { P o l 0 } } .$ , prior to the MFC (Fig7b)At $B _ { \\mathrm { P o l 1 } } = 5 0 \\mu \\mathrm { T }$ , oscillating $^ { 1 3 } \\mathrm { C }$ polarization was foundOscillations vanished at $B _ { 0 }$ while the latest polarization level of the oscillations was preserved', 'The signal enhancement was also investigated as a function of the volume-flow rate (Fig4)The graphs for both nicotinamide and pyridine show the impact of different effects that give rise to a polarization maximumAt low flow rates, polarization is lost by relaxation whereas at high flow rates, the residence times in the reactor and spectrometer limit the polarization build-upThus, an optimum flow rate was found for the hyperpolarization of each substrateThe higher flow-rate optimum for nicotinamide $( 5 \\mathrm { m l } / \\$ min) seems to be caused by a relaxation faster than that of pyridineThe corresponding spectra recorded under these optimized continuous flow hyperpolarization conditions also include the hydride signals of the SABRE active complex at $^ { - 2 3 }$ ppmThe more intense hydride signal in the case of nicotinamide coordinated to the catalyst cannot only be attributed to the higher flow rate during the experiment, but also to its longer lifetime']","['It should be noted that, for low relaxation rates, the model presented predicts polarization levels greater than the previously found limit48 of  $P_{\\mathrm{S}} = 0.5$  . This is because our model takes into account multiple association- dissociation events: when an already polarized substrate enters in the complex with  $p\\mathrm{H}_2$  again, its polarization can be boosted further.']","Based on the provided context:  
The model predicts polarization levels exceeding the previously established limit of \(P_S = 0.5\) for low relaxation rates because it accounts for **multiple association-dissociation events**. When a substrate that is already polarized re-forms a complex with parahydrogen (\(p\mathrm{H}_2\)), its polarization can be **further boosted** beyond the initial limit.  

However, achieving such high polarization levels in practice is limited by **relaxation effects** and **experimental constraints**:  
- At low relaxation rates, the required pulse sequences become impractically long, allowing relaxation to reduce polarization.  
- Experimental results (e.g., 45–50% polarization in deuterated hydroxyethyl propionate and 18–20% in succinate) fall short of the theoretical prediction (∼80%) due to non-ideal conditions, such as imperfect RF pulses.  

Thus, while the model predicts >50% polarization through iterative polarization boosts, real-world observations are constrained by relaxation and technical limitations.","Because the model accounts for multiple association-dissociation events, allowing already polarized substrate to further boost its polarization when it re-enters the complex with p H2.",0.339457112245314,0.9549687960226225,1.0,0.9999999999,1.0
80,How does the sensitivity of benchtop NMR spectrometers compare to that of high-field NMR spectrometers in terms of signal-to-noise ratio?,"['Abstract: Benchtop NMR spectrometers with sub-ppm spectral resolution have opened up new opportunities for performing NMR outside of the standard laboratory environmentHowever, the relatively weak magnetic fields of these devices (1–2 T) results in low sensitivity and significant peak overlap in $\\mathrm { ^ { 1 } H N M R }$ spectraHere, we use hyperpolarised $^ { 1 3 } { \\cal C } \\{ ^ { 1 } \\mathrm { H } \\}$ NMR to overcome these challengesSpecifically, we demonstrate the use of the signal amplification by reversible exchange (SABRE) parahydrogen-based hyperpolarisation technique to enhance the sensitivity of natural abundance 1D and 2D $^ { 1 3 } { \\cal C } \\{ ^ { 1 } \\mathrm { H } \\}$ benchtop NMR spectraWe compare two detection methods for SABRE-enhanced $^ { 1 3 } { \\cal C }$ NMR and observe an optimal $^ { 1 3 } { \\cal C } \\{ ^ { 1 } \\mathrm { H } \\}$ signal-to-noise ratio (SNR) for a refocused INEPT approach, where hyperpolarisation is transferred from $^ 1 \\mathrm { H }$ to $^ { 1 3 } { \\cal C }$', 'High-field nuclear magnetic resonance (NMR) offers a variety of powerful analytical techniques that provide qualitative and quantitative information about samples in a comprehensive and a non-destructive wayUnfortunately, purchasing and maintaining high-field NMR instruments is expensiveOne possible solution is to use low-field benchtop NMR (BT-NMR) spectrometers with low-cost Halbach permanent magnetsBesides having low handling costs, BT-NMR instruments are highly portable and can easily be connected to a variety of chemical reactors.[1] However, despite many technological improvements, BT-NMR spectrometers still suffer from poor resolution and low sensitivityThis is due to the relatively low magnetic field strength provided by their permanent magnetsEnhancing the NMR signal is therefore of crucial importance for the wider application of BT-NMR', 'ABSTRACT: Benchtop NMR spectrometers provide a promising alternative to high-field NMR for applications that are limited by instrument size and/or cost. $^ { 1 9 } \\mathrm { F }$ benchtop NMR is attractive due to the larger chemical shift range of $^ { 1 9 } \\mathrm { F }$ relative to $\\mathrm { ^ { 1 } H }$ and the lack of background signal in most applications. However, practical applications of benchtop $^ { 1 9 } \\mathrm { F }$ NMR are limited by its low sensitivity due to the relatively weak field strengths of benchtop NMR spectrometers. Here we present a sensitivity-enhancement strategy that combines SABRE (Signal Amplification By Reversible Exchange) hyperpolarization with the multiplet refocusing method SHARPER (Sensitive, Homogeneous, And Resolved PEaks in Real time). When applied to a range of fluoropyridines, SABRE', 'The transition to a weaker magnetic field strength can lead to challenges both in terms of sensitivity and chemical shift dispersion. In terms of sensitivity, the signal-to-noise ratio (SNR) of an NMR spectrum scales approximately with $B _ { 0 } ^ { 3 / 2 }$ and so there is an inherent reduction in sensitivity when using a weaker benchtop NMR magnet.39 Furthermore, the chemical shift dispersion in $\\mathbf { H z }$ increases linearly with $B _ { 0 }$ and so the chemical shift axis is compressed at lower fields. This can lead to spectral congestion, peak overlap and an increased potential for second order peak patterns due to strong coupling effects.40 Overall, these two limitations can make the observation and resolution of low concentration chemical species challenging at weaker magnetic fields, limiting the potential reaction monitoring applications of benchtop NMR spectrometers.', 'The deviation of the low-field rate constant from both the high-field NMR and literature values does not originate from the presence of background signalThis is because, unlike the high-field NMR spectra, there is no observable NMR signal from the non-hyperpolarised product once the reaction has reached completion due to the lower inherent sensitivity of the benchtop NMR systemAs a result, the use of the OPSY sequence on the benchtop NMR spectrometer reduces the observed SNR without bringing any improvements in accuracy (a more comprehensive analysis can be found within the $\\mathbf { E S I \\dagger } _ { \\mathbf { \\Phi } }$ Indeed the accuracy of the experiment decreases due to the reduction in the signal that passes through the OPSY filterTherefore, in this case, the lower magnetic field of the benchtop NMR spectrometer is a benefit, because the absence of observable non-hyperpolarised signals from the product allows the simpler and more sensitive $4 5 ^ { \\circ }$ pulse detection scheme to be used']","['In terms of sensitivity, the signal- to- noise ratio (SNR) of an NMR spectrum scales approximately with $B_0^{3 / 2}$ and so there is an inherent reduction in sensitivity when using a weaker benchtop NMR magnet.']","Based on the provided information, the sensitivity of benchtop NMR spectrometers is inherently lower than that of high-field NMR spectrometers due to their weaker magnetic fields. This difference is quantitatively characterized as follows:

1. **Signal-to-noise ratio (SNR) scaling**:  
   The SNR of an NMR spectrum scales approximately with \( B_0^{3/2} \), where \( B_0 \) is the magnetic field strength. Benchtop NMR systems typically operate at 1–2 T, while high-field NMR systems use significantly stronger fields (e.g., 9.4 T or higher).  

2. **Practical impact**:  
   - The lower \( B_0 \) in benchtop NMR results in reduced SNR, limiting detection of low-concentration species.  
   - For example, a benchtop system at 1.5 T would have an SNR roughly **~5%** of a 9.4 T high-field system (calculated as \( (1.5/9.4)^{3/2} \approx 0.05 \)).  

3. **Additional challenges**:  
   - Lower chemical shift dispersion (in Hz) at weaker fields exacerbates spectral congestion and peak overlap.  
   - Strong coupling effects may further complicate spectra.  

These limitations necessitate sensitivity-enhancement strategies (e.g., hyperpolarization via SABRE) for practical applications of benchtop NMR.","The sensitivity of benchtop NMR spectrometers is lower than that of high-field NMR spectrometers because the signal-to-noise ratio scales approximately with B_0^(3/2), and benchtop NMR uses a weaker magnetic field.",0.4901234783597729,0.9319964161187855,,0.99999999998,1.0
81,How does the efficiency of the rf-based polarization transfer approach compare to the SABRE-SHEATH approach in hyperpolarizing 15N sites?,"['In summary, an rf-based polarization transfer approach has been presented for hyperpolarization of $^ { 1 5 } \\mathrm { N }$ sitesAt least in some compounds, this method appears to be more efficient than the SABRE-SHEATH approach, which has already been shown to yield more than $3 0 \\%$ $^ { 1 5 } \\mathrm { N }$ polarization.24 This is remarkable because in all previous demonstrations of rfSABRE approaches yielded significantly lower polarization than static field matching/field cycling approachesWe hope that QUASR-SABRE may ultimately yield $^ \\mathrm { { ^ { - 1 5 } N } }$ polarization of the order of unity for a wide range of biomoleculesThe employed pulse sequence is a shaped variant of the SLIC pulse sequence,39 which has the benefit of using low power levelsThe applicability of this technique has been explored for three different types of compounds (six- and five-membered Nheterocycles and acetonitrile), including the antibiotic metronidazole', 'Despite the success of $^ { 1 5 } \\mathrm { N }$ SABRE-SHEATH, so far this new approach has been limited to hyperpolarization of $^ { 1 5 } \\mathrm { N }$ sites directly binding to the polarization-transfer catalyst. This pathway exploits short-range two-bond spin−spin couplings $\\mathsf { \\bar { ( } } J _ { \\mathrm { \\bar { H } } \\cdot \\mathrm { \\bar { ~ } N } } ^ { 2 } \\mathsf { ) }$ for polarization transfer from parahydrogen to $^ { 1 5 } \\mathrm { \\check { N } }$ sites (Figure 1a) in a $\\mu \\mathrm { T }$ magnetic field $( { \\bar { B } _ { \\mathrm { { T } } } } )$ .18,19 Furthermore, sterically hindering groups (e.g., methyl groups) in the orthopositions of six-membered N-heterocycles significantly reduce the efficiency of polarization transfer.22 These shortcomings limit the use of $^ { 1 5 } \\mathrm { \\bar { N } }$ -SABRE-SHEATH.', 'We have recently presented a simple but effective strategy dubbed “SABRE-SHEATH” (Signal Amplification by Reversible Exchange in SHield Enables Alignment Transfer to Heteronuclei) for direct hyperpolarization of $^ { 1 5 } \\mathrm { N }$ during the SABRE process.48 This method has a significant advantage compared to RF-based hyperpolarization methods because it does not require a strong magnetic field or sophisticated RF probes; i.e., the engineering and cost requirements are significantly reduced for biomedical applications where the goal is to cheaply and reliably produce batches of high-payload agents for in vivo administration', 'ABSTRACT: Signal Amplification by Reversible Exchange (SABRE) is a fast and convenient NMR hyperpolarization method that uses cheap and readily available para-hydrogen as a hyperpolarization source. SABRE can hyperpolarize protons and heteronuclei. Here we focus on the heteronuclear variant introduced as SABRE-SHEATH (SABRE in SHield Enables Alignment Transfer to Heteronuclei) and nitrogen-15 targets in particular. We show that $^ { 1 5 } \\mathrm { N }$ -SABRE works more efficiently and on a wider range of substrates than $\\mathrm { ^ { 1 } H }$ -SABRE, greatly generalizing the SABRE approach. In addition, we show that nitrogen-15 offers significantly extended $T _ { 1 }$ times of up to 12 minutes. Long $T _ { 1 }$ times enable higher hyperpolarization levels but also hold the promise of hyperpolarized molecular imaging for several tens of minutes. Detailed characterization and optimization are presented, leading to nitrogen-15 polarization levels in excess of $1 0 \\%$ on several compounds.', 'can generate substantial improvements in achievable polarization past what has been demonstrated with $\\mathbf { z }$ -\xadaxis modulation alone (22, 23)We demonstrate two different approaches targeting 15N-\xadacetonitrile and 15N-\xadpyridine hyperpolarization, as these systems are the most robustly characterized and understood of the X-\xadSABRE systemsIn the first case, we use circularly polarized fields with frequency near the Larmor frequency of a constant z field and show that this produces polarization enhancements using a unique strategy to prevent back-\xadpumpingWe then extend the ideas of shaping the magnetic field and design the multi-\xadaxis computer-\xadaided heteronuclear transfer enhancement (MACHETE) for SABRE pulse sequence, which yields up to a 10-\xadfold improvement in heteronuclear polarization over SABRE-\xadSHEATH (Fig.\xa01)']","['At least in some compounds, this method appears to be more efficient than the SABRE-SHEATH approach, which has already been shown to yield more than 30% 15N polarization.']","Based on the provided context:

1. **Efficiency comparison**:
   - The rf-based polarization transfer approach (specifically QUASR-SABRE) demonstrates **higher efficiency** than SABRE-SHEATH for hyperpolarizing 15N sites in certain compounds.
   - This is notable because previous rf-based methods consistently yielded lower polarization than static-field approaches like SABRE-SHEATH.

2. **Quantitative performance**:
   - SABRE-SHEATH achieves >30% 15N polarization (reference 24).
   - The rf-based approach (QUASR-SABRE) aims for 15N polarization approaching **unity** (near 100%) for biomolecules.
   - An optimized variant (MACHETE pulse sequence) provides up to a **10-fold improvement** in heteronuclear polarization over SABRE-SHEATH.

3. **Key advantages of rf-based approach**:
   - Uses low-power shaped RF pulses (SLIC variant).
   - Applicable to diverse substrates (six-/five-membered N-heterocycles, acetonitrile, antibiotics like metronidazole).
   - Overcomes limitations of SABRE-SHEATH, which requires μT fields and is restricted to 15N sites directly bound to catalysts via \(J_{\ce{H-N}}^2\) couplings.

4. **Technical distinction**:
   - SABRE-SHEATH relies on field-cycling to μT fields for polarization transfer.
   - The rf-based method enables efficient polarization transfer without strong magnetic fields or complex hardware.",The rf-based polarization transfer approach is more efficient than the SABRE-SHEATH approach in hyperpolarizing 15N sites.,0.3707104045541789,0.8186458393196495,1.0,0.699999999965,1.0
82,Why do single-atom catalysts (SACs) tend to aggregate under reaction conditions?,"['single-site nature, SACs demonstrate exceptional selectivity in many reactions,13 including hydrogenation.14 However, there is also an associated drawback\ue0d5isolated metal atoms have a higher surface energy than metal clusters and therefore tend to aggregate under reaction conditions.15 Thus, the search for strategies for preparing robust and stable singleatom catalysts is a pressing challenge', 'Higher atomic efficiency of the utilization of expensive metals is deemed achievable by exposing more metal atoms via the reduction of metal nanoparticle size, down to the size of a monoatomic metal distribution on a support in single atom catalysts (SAC)In addition, this ultimate size reduction invokes quantum effects and more intimate metal-support interactions that may significantly alter catalyst performanceThe key problem encountered on this way is the inherently unstable character of single metal atoms which exhibit tendency to aggregate into clustersThe support thus serves a major purpose of stabilizing single metal atoms on its surface to mitigate this tendency to aggregationFurthermore, the support atoms that surround the metal center contribute to the structuring of a catalytically active site and in some cases play an active role in the catalytic process', 'In recent decades, much progress has been made with enhancing Pd-based catalyst selectivity in acetylene hydrogenation by controlling the particle shape/ morphology,2 the introduction of both inorganic and organic modifiers, and the addition of a second metal with the formation of bimetallic/intermetallic catalysts.4 However, the green chemistry principles prompt researchers to search for more efficient catalysts with reduced amounts of the active metal.5 A new class of catalysts, single-atom catalysts (SACs), has been actively studied in this context.6−11 SACs feature atomically dispersed metal atoms anchored onto a support material, so the metal utilization can approach $1 0 0 \\%$ , which is especially important in the case of noble metals.12 Due to a well-defined single-site nature, SACs demonstrate exceptional selectivity in many reactions,13 including hydrogenation.14 However, there is also an associated drawback\ue0d5isolated metal atoms have a higher surface energy than metal clusters and therefore tend to', 'This challenge is amplified under operando conditions where catalyst reconstruction can lead to changes in catalyst performance.7 Elegant solutions to controlling, and enhancing, activity in heterogeneous catalysis often comes at the nexus of molecular and extended solids through single atom catalysis,8−10 surface organometallic chemistry (SOMC),11,12 ligand coordinated single atom catalysts,13 or catalysts supported in mesoporous framework materials.14', 'On the $\\mathrm { R h } @ { \\bf S } { \\bf - } 1$ catalyst, single-atom Rh is confined within the zeolite nanocrystals, which is expected to provide strong limitation on the mobility of hydrogen atoms, thus leading to a high selectivity to pairwise additionInterestingly, the average SEF for the initial 30 min reactions is much lower than that in Rh/SP-S-1 (4.2 vs49.0)']","['Due to a well- defined single- site nature, SACs demonstrate exceptional selectivity in many reactions, including hydrogenation. However, there is also an associated drawback- isolated metal atoms have a higher surface energy than metal clusters and therefore tend to aggregate under reaction conditions.']","Based on the provided context, single-atom catalysts (SACs) tend to aggregate under reaction conditions due to two interconnected reasons:

1.  **Higher Surface Energy**: Isolated metal atoms possess a higher surface energy compared to metal clusters. This thermodynamic instability drives the system toward aggregation to lower its overall energy state.

2.  **Inherent Instability**: The ""inherently unstable character"" of single metal atoms means they exhibit a natural tendency to migrate and aggregate into clusters. This tendency is particularly pronounced under reaction conditions (e.g., elevated temperatures, reactive atmospheres) where atom mobility increases.

As explicitly stated: *""isolated metal atoms have a higher surface energy than metal clusters and therefore tend to aggregate under reaction conditions""* and *""the inherently unstable character of single metal atoms exhibit tendency to aggregate into clusters.""* This instability is a fundamental challenge in SAC design.","Single-atom catalysts (SACs) tend to aggregate under reaction conditions because isolated metal atoms have a higher surface energy than metal clusters, making them thermodynamically unstable and prone to aggregation.",0.8309723711126118,1.0000000000000002,0.625,0.9999999999666667,1.0
83,"Why is the net intensity of the hyperpolarized 13C signal zero in an ALTADENA experiment, making it unsuitable for MRI purposes?","['On this basis it must be outlined that, even when the J couplings are optimal for the polarization transfer, the net intensity of the hyperpolarized $^ { 1 3 } { \\mathsf { C } }$ signal is zero, i.e. the heteronuclear hyperpolarization obtained directly from an ALTADENA experiment is not useful for MRI purposes. Therefore hyperpolarization must be processed before being applied to MRI.', 'Both schemes of the standard PHIP experiment, PASADENA and ALTADENA, are widely used in modern NMR;1–3 however, the range of potential PHIP applications can be limited by the fact that despite the strong signal enhancement of individual NMR lines, the total intensity of PHIP spectra integrated over all lines is zero, i.e., no net signal polarization is presentThis does not create any problems in high-resolution NMR, i.e., when the spectral lines do not overlap, but imposes serious limitations for low-resolution studiesThis is often the case when field inhomogeneity is present, e.g., in NMR imaging experimentsThere are several ways to tackle the problem of low spectral resolution, for example, by converting10 the anti-phase spin order into net polarization or by using spin echo techniques11–13 and specially designed pulse sequences to separate thermal polarization and PHIP.14,15 Recently, we have proposed a method,16 which is also suitable for the purpose of avoiding signal cancellation in PHIP', '8 \\times 0 4 7 ~ \\mathrm { m m } ^ { 2 }$ for the sagittal slice orientationBecause the two polarized signals of propane have opposite phases in ALTADENA NMR spectra,45 the net integral is approximately zeroTherefore, to avoid mutual cancelation of the two signals in an MRI experiment, we used a selective excitation rf pulse centered at the frequency of the ALTADENA peak of the propane $\\mathrm { C H } _ { 3 }$ group.', 'Here, in ALTADENA experiments, EA initially possesses net polarization of individual spins, but the signals of its $\\mathrm { \\Delta H _ { A } }$ and $\\mathrm { \\Delta H _ { B } }$ protons have different signs resulting in close to zero total net magnetization of the molecule. In this case, the spontaneous NOE polarization transfers from $\\mathrm { \\Delta H _ { A } }$ and $\\mathrm { \\Delta H _ { B } }$ protons are expected to compensate each other leading to a zero total SPINOE. Because of this, the ALTADENA approach was believed to be hardly suitable for SPINOE hyperpolarization of other compounds present in the solution.48 However, our results demonstrate that this is not the case.', 'In addition, there is pronounced multiplet polarization seen in the spectrumIn contrast, when the field variation is sudden, none of the spins has any net HP for $B _ { \\mathrm { p } } = 0$ This result is very natural: at zero polarization field there is no preferred axis in space, and for this reason spins cannot acquire any net magnetizationWhen the field variation $B _ { \\mathrm { p } } \\ \\ B _ { 0 }$ is sudden (i.e., instantaneous) zero net magnetization is expected at $\\begin{array} { r l r } { B } & { { } = } & { B _ { 0 } } \\end{array}$ , tooThus, any finite net PHIP seen in the ALTADENA experiment is solely due to the spin evolution during the slow (adiabatic) field switch ${ B _ { \\mathrm { p } } } B _ { 0 }$ At $B _ { \\mathrm { p } } = 0 5 \\ : \\mathrm { T }$ all three spins are strongly coupled, hence, PHIP is distributed among all three spins, with both net and multiplet contributions']","['The resulting hyperpolarized signal is an antiphase doublet. If the two protons are symmetrically coupled with the 13C atom, then r = 0, the singlet state is maintained and 13C is not hyperpolarized. Conversely, as JHC - JHC increases, the para state is distributed on both spin levels and the intensity of the two hyperpolarized signals is maximum when JAX - JAX = 2JAA. On this basis it must be outlined that, even when the J couplings are optimal for the polarization transfer, the net intensity of the hyperpolarized 13C signal is zero, i.e. the heteronuclear hyperpolarization obtained directly from an ALTADENA experiment is not useful for MRI purposes. Therefore hyperpolarization must be processed before being applied to MRI.']","Based on the provided context, the net intensity of hyperpolarized $^{13}\mathrm{C}$ signals in ALTADENA experiments is zero due to the following reasons:

1. **Anti-phase polarization**: In ALTADENA, the hyperpolarized signals for equivalent nuclei (e.g., $\mathrm{CH_3}$ groups in propane) exhibit opposite phases in the NMR spectrum. This results in destructive interference when signals overlap, causing their net integral to sum to zero.

2. **No net magnetization**: At zero polarization field ($B_p = 0$), there is no preferred spatial axis for spin alignment. Consequently, spins cannot acquire net magnetization during sudden field transitions to $B_0$. Any finite net polarization arises only from adiabatic field switching.

3. **Mutual cancellation**: For molecules like ethyl acrylate (EA), protons such as $\mathrm{H_A}$ and $\mathrm{H_B}$ develop opposite-signed polarization. This leads to compensatory effects where spontaneous NOE transfers cancel out, yielding zero total signal.

**Why this is unsuitable for MRI**:  
MRI requires detectable net magnetization for imaging. The zero net polarization in ALTADENA causes signal cancellation under inhomogeneous fields (common in MRI), making it unusable directly. Solutions like selective excitation of single peaks or spin-order conversion are needed to generate usable MRI signals.","The net intensity is zero because the heteronuclear hyperpolarization obtained directly from an ALTADENA experiment results in an antiphase doublet, and even when the J couplings are optimal for polarization transfer, the signal cancels out. Therefore, the hyperpolarization must be processed before being applied to MRI.",0.3412526846301107,0.9185489316671184,1.0,0.99999999998,1.0
84,"Why is the [1,4-Bis(diphenylphosphino)-butane](1,5-cyclooctadiene)rhodium(I) tetrafluoroborate Rh catalyst frequently used in PHIP experiments?","[""The choice of the catalyst has been dictated by its efficiency for the PHIP experiments. Various organo soluble hydrogenation catalysts have been tested in preliminary experiments, among which Crabtree's catalyst,[16] Wilkinson's catalyst,[17] and [1,4 bis(diphenylphosphino) butane](1,5 cyclooctadiene)rhodium(I) tetrafluoroborate.[18] Our choice has been oriented toward the commercial catalyst [tris(dimethylphenylphosphine)](2,5 norbornadiene) rhodium(I) hexafluorophosphate ([Rh(nor)(tdmpp)] $\\mathrm { \\ l P F _ { 6 } } .$ compound 1 in Figure 1) because of the far higher hydrogenation turnover rate induced on considered cryptophanes. This agrees with results from Roth who compared the efficiency of seven catalysts for PHIP experiments.[19] Compound 1, the only one among the catalysts tested bearing a norbornadiene group instead of a cyclooctadiene group as a protecting ligand, has been found the most active one."", 'Parahydrogenation reactions have been carried out using ALTADENA conditions21 by using either [1,4-bis(diphenylphosphino)butane](1,5-cyclooctadiene)rhodium(I) tetrafluoroborate or [1,4-bis[(phenyl-3-propanesulfonate)- phosphine]butane](norbornadiene)rhodium(I) tetrafluoroborate as catalysts in deuterated organic solvent (acetone, methanol, chloroform) or water $\\left( \\mathrm { D } _ { 2 } \\mathrm { O } \\right)$ , respectively. Singlescan $^ { 1 } \\mathrm { H }$ spectra have been acquired to observe the PHIP patterns.', 'Hyperpolarization and non-enzymatic decarboxylation: procedure and equipment\n[1,4-Bis(diphenylphosphino)butane](1,5-cyclooctadien)rhodium(I)- tetrafluorborat (Sigma Aldrich, catalog # 79255-71-3) was dissolved in acetone- ${ \\bf d } _ { 6 }$ and used as catalyst for the PHIP procedure with a final concentration of $1 0 \\ \\mathrm { m M }$ After mixing with the precursor (vinyl pyruvate- ${ \\bf \\ddot { d } } _ { 6 }$ at $\\mathbf { 5 0 \\ m M }$ or phenyl propargyl pyruvate ester- ${ \\bf \\ddot { d } } _ { 6 }$ at $5 5 \\ \\mathrm { m M }$ ), the samples were filled into a 7-inch $5 \\ \\mathrm { m m } \\ \\mathrm { N M R }$ tube and bubbled with $ { \\mathbf { N } } _ { 2 }$ for 10 seconds for degassification', 'The catalyst [1,4-bis-(diphenylphosphino)-butane]-(1,5-cyclooctadiene)rhodium(I) tetrafluoroborate was utilized in three concentrations: the lowest at $0 . 4 5 \\mathrm { m M }$ , a medium concentration of $0 . 9 \\mathrm { m M }$ and the highest at $1 . 8 \\mathrm { m M }$ .', 'Sample Preparation\nSamples for PHIP SAH and HOT: $1 0 ~ \\mu \\mu \\mu$ of TVOA (synthesized according to a protocol described below) or vinyl acetate (CAS 108- 05-4, Merck) was dissolved in $6 0 0 ~ { \\mu \\mathrm { L } }$ of acetone- ${ \\bf \\ddot { d } } _ { 6 }$ or chloroform-d (Deutero GmbH) yielding a $1 0 0 \\ : \\mathrm { m m o l / L }$ concentration. For PHIP experiments the catalyst [1,4-Bis(diphenylphosphino)butane(1,5- cyclooctadiene)rhodium(I) tetrafluoroborate] [1] (CAS: 79255-71-3, Strem Chemicals) was added to reach a concentration of $5 \\mathrm { { m m o l / L } }$ .']","[""The [1,4-Bis(diphenylphosphino)-butane](1,5-cyclooctadiene)rhodium(I) tetrafluoroborate Rh catalyst is frequently used in PHIP experiments for two main reasons: (i) it is commercially available and (ii) it enables the pairwise addition of parahydrogen, which is necessary to preserve the parahydrogen's initial spin character.""]","Based on the provided information, the specific reason for the frequent use of [1,4-Bis(diphenylphosphino)butane](1,5-cyclooctadiene)rhodium(I) tetrafluoroborate in PHIP experiments is not explicitly stated in the context. The text discusses catalyst selection criteria broadly and mentions this compound as one of several tested catalysts, but it does not detail why this particular catalyst is commonly preferred over others.

The context does note that catalyst choice is generally dictated by efficiency in PHIP experiments, with turnover rate being a key factor. For example, [Rh(nor)(tdmpp)]PF₆ (compound 1) was selected for its superior hydrogenation turnover rate on cryptophanes, as supported by Roth's comparative study of seven catalysts. However, equivalent performance data or rationale for the cyclooctadiene-based catalyst in question is not provided here.  

Thus, the context does not contain sufficient information to answer your query about this specific catalyst's frequent use.","The Rh catalyst is frequently used in PHIP experiments because it is commercially available and it enables the pairwise addition of parahydrogen, which is necessary to preserve the parahydrogen's initial spin character.",0.3552713130999653,0.0,1.0,0.0,0.5
85,Why is para-H₂ thermodynamically preferred over ortho-H₂?,"['Para- $\\cdot \\mathrm { H } _ { 2 }$ is the NMR silent nuclear-spin isomer of $\\mathrm { H } _ { 2 }$ that is thermodynamically preferred over ortho- $\\cdot \\mathrm { H } _ { 2 }$ because of the 120 $\\mathsf { c m } ^ { - 1 }$ separation between their rotational levelsAt room temperature, $\\mathrm { H } _ { 2 }$ exists in an approximate 3:1 ratio of ortho to para spin isomers.17 This can be enhanced to $\\sim 1 0 0 \\%$ para- $\\cdot \\mathrm { H } _ { 2 }$ by cooling over a catalyst to approximately $- 2 5 0 ~ ^ { \\circ } \\mathrm { C }$', 'It can be noticed that the ortho state is triply degenerate while the para state is a singlet. At the thermodynamic equilibrium, at room temperature, all the four states are equally populated, therefore normal- $\\cdot \\mathrm { H } _ { 2 }$ contains $2 5 \\%$ Para and $7 5 \\%$ Orthohydrogen. However, Parahydrogen is more stable than Orthohydrogen because its rotational energy $( \\Theta _ { \\mathrm { r } } )$ is lower, therefore, at low temperature, the equilibrium hydrogen mixture contains more Para than Orthohydrogen. The Parahydrogen enrichment can be obtained, from normal- $\\cdot \\mathrm { H } _ { 2 }$ , if a catalyst, usually a paramagnetic solid, is added in order to allow the otherwise forbidden ortho-para transitions. Most importantly the para-enrichment can be maintained at high temperature, out of equilibrium conditions, when the conversion catalyst is removed and other paramagnetic impurities (e.g. oxygen[16]) are eliminated.', 'It is remarkable that very soon after the discovery of parahydrogen, it was realized that it can serve as a unique probe of catalytic ${ \\sf H } _ { 2 }$ activation because the latter leads to a rapid ortho-para conversion of ${ \\sf H } _ { 2 }$ .[1] Indeed, as soon as $\\mathsf { p } \\mathrm { - } \\mathsf { H } _ { 2 }$ molecule dissociates, its H atoms rapidly diffuse apart and randomize on the catalyst surface. Subsequent recombination of random H atoms produces a statistical mixture containing $2 5 \\%$ parahydrogen $( { \\mathsf { p } } { \\mathsf { - } } { \\mathsf { H } } _ { 2 } )$ and $7 5 \\%$ orthohydrogen $( \\mathsf { o } \\mathsf { - } \\mathsf { H } _ { 2 } )$ often termed normal hydrogen $( \\mathsf { n } \\mathrm { - } \\mathsf { H } _ { 2 } )$ , which corresponds to a thermodynamic equilibrium at room temperature and above. It is thus often assumed that, once ${ \\sf H } _ { 2 }$ is activated on a metal catalyst surface, the equilibration of OPR is essentially instantaneous for all practical purposes.', 'Molecular hydrogen (H2) is comprised of two spin isomers, orthohydrogen $\\left( o \\mathrm { - } \\mathbf { H } _ { 2 } \\right)$ and parahydrogen $\\left( p \\mathbf { - } \\mathbf { H } _ { 2 } \\right)$ , referring to the alignment or anti-alignment of its nuclear spins.[1] At room-temperature equilibrium, $\\scriptstyle \\partial \\mathbf { - } \\mathbf { H } _ { 2 }$ and ${ p \\mathrm { - } } \\mathrm { H } _ { 2 }$ are present in a 3 : 1 ratio, a statistical abundance that reflects the degeneracy of the nuclear spin states (triplet versus singlet). However, the lower energy of ${ p \\mathrm { - } } \\mathrm { H } _ { 2 }$ allows it to be enriched at cryogenic temperatures (to $> 9 9 \\%$ at $2 0 \\mathrm { K }$ ), enabling $p$ - $\\mathrm { H } _ { 2 }$ preparation, storage, and use in applications including hyperpolarization-enhanced NMR and MRI[1,2]—and even creation on a planetary scale.[3–7]', 'Introduction\northo-Hydrogen and para-hydrogen are two species of molecular dihydrogen.1 They are distinguished by different sets of nuclear (spin and rotational) statespara- $\\cdot \\mathrm { H } _ { 2 }$ exhibits a pure nuclear singlet state and is associated via the Pauli exclusion principle with rotational states with even spatial symmetryortho- $\\cdot \\mathrm { H } _ { 2 }$ exhibits a nuclear triplet state and is associated with rotational states with odd spatial symmetryBoth dihydrogen states are stable as a gas and in liquid solutionsIn thermal equilibrium at room temperature each of the three ortho-states and the single para-state has practically equal probabilityBy contrast, at temperatures below liquid nitrogen mainly the energetically lower para-state is populatedWithout external catalysts the interconversion between the para- and ortho-state is very slow and consequently para- and ortho- $\\cdot \\mathrm { H } _ { 2 }$ can be stored for several months']",['Para-H₂ is the NMR silent nuclear-spin isomer of H₂ that is thermodynamically preferred over ortho-H₂ because of the 120 cm⁻¹ separation between their rotational levels.'],"Based on the provided information:

1.  **Lower Rotational Energy:** Para-H₂ is thermodynamically preferred over ortho-H₂ because its rotational energy is lower. The rotational levels of para-H₂ and ortho-H₂ are separated by 120 cm⁻¹.
2.  **Energy Minimization:** At thermal equilibrium, the system favors the state with the lowest energy. The lower rotational energy of para-H₂ makes it more stable.
3.  **Temperature Dependence:** This preference becomes more pronounced at lower temperatures:
    *   At room temperature, the equilibrium mixture is approximately 75% ortho-H₂ and 25% para-H₂. This 3:1 ratio arises because the ortho state is triply degenerate (nuclear triplet) while the para state is a singlet (nuclear singlet), making all four nuclear spin states equally probable at higher temperatures.
    *   As temperature decreases, the lower energy para-H₂ state becomes increasingly populated. Para-H₂ enrichment (>99%) can be achieved by cooling hydrogen gas over a catalyst (e.g., a paramagnetic solid) to very low temperatures (approximately 20 K or -250 °C).
4.  **Stability:** Para-H₂ is explicitly stated to be ""more stable than Orthohydrogen because its rotational energy is lower"".","Because of the 120 cm⁻¹ separation between their rotational levels, which makes para-H₂ energetically more stable.",0.5474821080810452,1.0,1.0,0.8666666666377778,1.0
86,Why do halide impurities inhibit the activity of transition metal catalysts in Michael addition reactions?,"['1INTRODUCTION\nThe butene isomers 1-butene, 2-butene, and isobutene are important organic compounds that are used extensively as feedstocks in various chemical industriesThey serve as key components in the production of high-quality plastics through polymerization reactions as well as in the synthesis of hydrocarbon fuels with high octane ratingsHowever, butene streams obtained from traditional cracking processes often contain trace amounts of conjugated diene 1,3-butadiene (BD) as an impurityEven relatively low concentrations of 1,3- butadiene (below $1 0 \\ : \\mathrm { p p m }$ ) can inhibit the activity of transition metal polymerization catalysts used in important reactions like the synthesis of polybutylene from 1-butene.1 As such, achieving highly selective conversion of 1,3-butadiene to the desired butene products is of paramount importance for downstream applications', 'Introduction\nTransition metal complexes containing phosphine ligands have been widely employed as homogeneous catalysts[1] for transformations such as alkene[2–4] and alkyne[5,6] hydrogenation, the $\\boldsymbol { \\eta } ^ { 2 }$ -diene complex is no longer detected but hydride containing $\\mathsf { R u } ( \\mathsf { C H P h C H } _ { 2 } \\mathsf { P h } ) ( \\mathsf { H } ) ( \\mathsf { C O } ) _ { 2 } ( \\mathsf { d p a e } )$ and Ru$( \\mathsf { C O } ) _ { 2 }$ (dpae)(trans-stilbene) are seenFor 1, the photochemical promotion of hydrogenation through $3 2 5 { \\mathsf { n m } }$ irradiation results in an approximate 5.5-fold increase in turnover at $3 3 3 \\mathsf { K }$ when compared to no irradiationIn contrast, 2 reacts thermally with ${ \\sf H } _ { 2 }$ at $2 9 5 \\mathsf { K }$ through $\\mathsf { P P h } _ { 3 }$ and CO loss with both Ru$( \\mathsf { H } ) _ { 2 } ( \\mathsf { C O } )$ (dpae)(solvent) and 3 being detected', 'HET-PHIP benefits an easy separation of the catalysts from the reaction system and allows the production of pure hyperpolarized samples.22 Intense hyperpolarized signals were successfully observed on immobilized transition-metal complexes.66−69 However, the instability and leaching problems cause detrimental effects on PHIP. Koptyug and his co-workers reported the first observation of PHIP in propylene hydrogenation reactions over $\\mathrm { P t } / \\mathrm { A l } _ { 2 } \\mathrm { O } _ { 3 }$ and $\\mathrm { P d } / \\mathrm { A l } _ { 2 } \\mathrm { O } _ { 3 }$ catalysts, 70 which opens a new avenue for the PHIP technique despite the moderate polarization. Many heterogeneous catalysts, including metal catalysts,53 metal oxides,71 metal chalcogenides,72 and metal carbides,73 have been developed to improve hyperpolarization in PHIP. The variation of the pairwise addition process depends on catalyst properties.', 'While PHIP effects were originally demonstrated with organometallic transition metal complexes in solution,25,32,34,35 it was later proven that both supported metal catalysts and immobilized metal complexes are able to demonstrate PHIP effects in heterogeneous hydrogenations, both in gas–liquid– solid and in gas–solid hydrogenations of unsaturated compounds with parahydrogen.25–27 At the same time, on metal surfaces the pairwise addition of $\\mathrm { H } _ { 2 }$ to a substrate molecule necessary for PHIP to take place, while possible, is not able to compete with the inherently non-pairwise Horiuti–Polanyi mechanism.36 This is in complete contrast to the essentially pairwise oxidative addition–reductive elimination hydrogenation cycle accomplished by many transition metal complexes.5,37 This feature distinguishes immobilized metal complexes from other heterogeneous catalysts, since one can expect them to demonstrate significant selectivity toward pairwise $\\mathbf { H } _ { 2 }$ addition, similar to that of', 'Parahydrogen-induced polarization (PHIP) is a powerful technique for studying hydrogenation reactions in gas and liquid phasesPairwise addition of parahydrogen to the hydrogenation substrate imparts nuclear spin order to reaction products, manifested as enhanced $^ 1 \\mathsf { H }$ NMR signals from the nascent proton sitesNanoscale metal catalysts immobilized on supports comprise a promising class of catalysts for producing PHIP effects; however, on such catalysts the percentage of substrates undergoing the pairwise addition route—a necessary condition for observing PHIP—is usually lowIn this paper, we present a systematic study of several metal catalysts (Rh, Pt, Pd, and Ir) supported on $\\mathsf { T i O } _ { 2 }$ in liquidphase hydrogenation of different prototypical phenylalkynes (phenylacetylene, 1-phenyl-1-propyne, and 3-phenyl-1-propyne) with parahydrogenCatalyst activity and selectivity were found to be affected by both the nature of the active metal and the percentage of metal loading']","['Gallo et al. [29] have systematically studied the influence of halide impurities on catalytic Michael addition reactions. They have found that the system is strongly sensitive to the amount of halides present in the IL, inhibiting the activity of the transition metal catalyst. Daguenet and Dyson [31] explained this fact as a consequence of the extremely weak interactions between the halide anion and the imidazolium cation, through which the dissociation of the halide from a transition metal complex can become thermodynamically disfavoured in ILs.']","Based on the provided information, the question cannot be answered.  

**Reason**:  
The provided context discusses:  
1. Inhibition of transition metal polymerization catalysts by **1,3-butadiene impurities** in butene streams.  
2. Mechanisms of parahydrogen-induced polarization (PHIP) in hydrogenation reactions using transition metal complexes.  
3. Behavior of catalysts like Ru, Rh, Pt, and Pd in hydrogenation reactions.  

There is **no mention** of:  
- Halide impurities  
- Michael addition reactions  
- Any inhibitory role of halides in catalytic processes  

The context exclusively addresses diene impurities (e.g., 1,3-butadiene) in hydrogenation/polymerization systems and PHIP/NMR applications.",Halide impurities inhibit the activity of transition metal catalysts in Michael addition reactions because the extremely weak interactions between the halide anion and the imidazolium cation make the dissociation of the halide from a transition metal complex thermodynamically disfavoured in ionic liquids.,0.1646886807428467,0.0,1.0,0.0,0.0
87,Why is 2-hydroxyethyl [1-13C] propionate (HEP) suitable for real-time imaging in the cardiovascular system?,"['4.2PHIP-Based Contrast Agents 4.2.1Inert Contrast Agent (iCA) for Angiography Imaging: 2-Hydroxyethyl $I ^ { 1 - ^ { 1 3 } } C _ { \\it 1 }$ -Propionate (HEP)\nThe water-soluble PHIP contrast agent 2-hydroxyethyl [1- $^ { 1 3 } \\mathrm { C } ]$ -propionate- $\\cdot 2 , 3 , 3 \\mathrm { - } \\mathrm { d } _ { 3 }$ (HEP, Figure 7a) was employed in rodents[101b] to track catheter positions, outline the contours of heart and lungs and, in pigs, to provide real-time coronary angiography and myocardial perfusion.[113] HEP, which is produced by hydrogenation of the precursor 2-hydroxyethyl [1- $^ { 1 3 } \\mathrm { C } ]$ -acrylate] $\\cdot 2 , 3 , 3 \\mathrm { - } \\mathrm { d } _ { 3 }$ (HEA), is unlikely to undergo fast metabolic processesTherefore, Petersson and co-workers[113b–d] made a strong case for employing hyperpolarizing $^ { 1 3 } { \\bf C } { \\bf - H E P }$ for real-time imaging in the cardiovascular system and demonstrated catheter tracking and quantification of myocardial perfusion', 'Despite the synthetic challenges related to deuterium and $^ { 1 3 } \\mathrm { C }$ enrichments, several contrast agents such as 2-hydroxyethyl propionate-1- $^ { 1 3 } \\mathrm { C } , 2 , 3 , 3 - d _ { 3 }$ (HEP), $1 - ^ { 1 3 } \\mathrm { C }$ -succinate, $1 2 { - } \\mathrm { \\dot { 1 } } 4$ tetrafluoropropyl propionate-1-13C,2,3,3-d3 (TFPP),15,16 15Npropargylcholine,17 and 1- $^ { 1 3 } \\mathrm { C }$ -phospholactate18 have been demonstrated. HEP,19 $1 ^ { 1 3 } \\mathrm { C }$ -succinate- $d _ { 2 } , \\ L ^ { 1 2 - 1 4 }$ and $\\mathrm { T F P P ^ { 1 5 , 1 6 } }$ have been used for in vivo metabolic imaging of vasculature, cancer, and plaque lipid content, respectively.', 'has significantly slowed down the progress of implementing this hyperpolarization technique for metabolic imaging after its initial demonstration for $^ { 1 3 } \\mathrm { C }$ hyperpolarization of 2-hydroxyethyl propionate (HEP), useful for angiographic applications,27,28,30 although at least three other HP $^ { \\mathrm { i } _ { 1 3 } } \\mathrm { C }$ biomolecules have been recently developed for PHIP hyperpolarization with sufficient payloads of net magnetization suitable for biomedical applications: succinate31 for cancer imagin g,32 tetrafluoropropyl propionate33,34 for atheroma imaging,35 and phospholactate36−38 for lactate imaging probing elevated glycolysis in cancer similarly to HP pyruvate by DNP', 'The inhaled HP gas can be imaged on a single breath hold resulting in 2D and 3D functional MRI images of gas ventilation, diffusion and perfusion.[2,16,17] Currently, the most widely used HP gases are $^ { 1 2 9 } \\mathsf { X e }$ and $^ { 3 } \\mathsf { H e } ,$ produced by $\\mathsf { S E O P } ^ { [ 1 , 2 , 1 8 ] }$ and successfully utilized for preclinical and clinical imaging of COPD.[2,19–23] However, SEOP requires sophisticated hyperpolarization hardware (including high-power lasers), and has a throughput limitation of a few liters of ${ \\mathsf { H P } }$ gas per hour.[24–31] Moreover, HP noble gases $( ^ { 3 } \\mathsf { H e } , \\ ^ { 1 2 9 } \\mathsf { X e } ,$ etc.) cannot be directly imaged on clinical MRI scanners, because they require heteronuclear MRI hardware and software capabilities, which are currently available only on highly-specialized research MRI scannersPHIP is a significantly less expensive and faster alternative to SEOPPHIP has been shown to produce protonHP gases, e.g', '[](images/2c78de9a7629fbe6437df78a760a2b868881d57ca684baaeb66f3cc12497aabc.jpg) \nFig. 6. (a) Schematic for addition of parahydrogen to 2-hydroxyethyl acrylate-1 $\\phantom { + } \\overline { { - { } ^ { 1 3 } \\mathrm { C } - d _ { 3 } } }$ (HEA) to form 2-hydroxyethyl propionate- $| - ^ { 1 3 } \\mathsf { C } _ { - } d _ { 3 }$ (HEP) (top). (b) Boltzmann polarized $\\mathrm { ^ 1 H }$ spectrum acquired from an aqueous solution containing $2 . 7 ~ \\mathrm { m o l }$ of the reaction product for comparison. (c) $^ { 1 3 } { \\mathsf { C } }$ spectrum of hyperpolarized 2-hydroxyethyl propionate-1- $^ { 1 3 } { \\sf C } { \\cdot } d _ { 3 }$ (HEP).']","['HEP, which is produced by hydrogenation of the precursor 2-hydroxyethyl [1-13C] - acrylate]- 2,3,3- d3 (HEA), is unlikely to undergo fast metabolic processes. Therefore, Petersson and co-workers made a strong case for employing hyperpolarizing 13C - HEP for real- time imaging in the cardiovascular system and demonstrated catheter tracking and quantification of myocardial perfusion. Catheter tracking is particularly attractive because there is no background signal. Measuring myocardial perfusion with a hyperpolarizing agent could be quantitative, thus improving on the current gadolinium- based methods.']","Based on the provided context, 2-hydroxyethyl [1-¹³C] propionate (HEP) is suitable for real-time imaging in the cardiovascular system due to the following properties:

1. **Metabolic Inertness**:  
   HEP is unlikely to undergo fast metabolic processes, allowing it to remain stable in the bloodstream long enough for real-time imaging without significant signal degradation from rapid biochemical transformations.

2. **Water Solubility**:  
   As a water-soluble contrast agent, HEP can be efficiently delivered and distributed through the vascular system, enabling clear visualization of blood flow and vascular structures.

3. **Hyperpolarization Compatibility**:  
   When hyperpolarized via PHIP, HEP generates strong ¹³C NMR signals that provide high-contrast, real-time imaging of cardiovascular dynamics, including:  
   - Catheter position tracking  
   - Coronary angiography  
   - Myocardial perfusion quantification  
   - Contour mapping of heart and lung structures.

These properties allow HEP to overcome limitations of traditional contrast agents (e.g., rapid metabolism or low signal intensity), making it particularly effective for dynamic cardiovascular imaging applications in preclinical models like rodents and pigs.","HEP is suitable for real-time imaging in the cardiovascular system because it is unlikely to undergo fast metabolic processes, provides no background signal for catheter tracking, and offers quantitative measurement of myocardial perfusion, improving on current gadolinium-based methods.",0.494573494856671,0.9919870151949345,0.9411764705882353,0.9999999999,0.5
88,Why are the NMR signals of Ir-HH and free H2 considerably weaker than those of fPy?,"['However, when we look not only at the shape of the NSPD curves but also on the magnitude of the polarization, we clearly see that NMR signals of Ir-HH and free $\\mathsf { H } _ { 2 }$ are considerably weaker than those of fPy (compare NMR signal intensities in Figs. 2 and 3). At the same time, the NMR enhancements are comparable for Py and both forms of $\\mathsf { H } _ { 2 }$ because the thermal signals of the $\\mathrm { H } _ { 2 }$ species are also much weaker due to the much lower concentration of $\\mathsf { H } _ { 2 }$ as compared to $\\mathsf { P y }$ .', '5 { \\mathrm { m T } }$ (2.02 MHz $^ 1 \\mathsf { H }$ frequency)Notably, HP signals from the $\\mathsf { P y }$ protons $( \\delta \\approx 8 – 8 5 \\mathsf { p p m } )$ ) and HP $0 \\cdot \\mathsf { H } _ { 2 }$ ( $\\delta \\approx 4 5$ ppm) cannot be distinguished due to a relatively broad NMR line with a full width at half height (FWHH) of about $2 0 H z$ and a chemical shift difference of only $9 { - } 1 0 \\ H z$ Therefore, it is likely that the NMR resonance assigned to Py (Figure 2 a) has some signal contribution from HP $0 \\mathrm { - } { \\mathsf { H } } _ { 2 } ,$ but this contribution is expected to be smaller than the signal contribution from Ir–dihydride.[16] Figure 2 b provides a signal reference spectrum from neat Py $( 1 2 4 \\mu )$ that further confirms that the resonance drawn in grayshade in the spectrum of Figure 2 a is indeed a signature of five HP protons of Py', 'As predicted, the dispersion curve of both $\\mathsf { H } _ { 2 }$ and Ir-HH exhibits exactly the opposite behavior regarding amplitude and sign of the polarization, see Fig. 4b. The explanation for this observation is that first Ir-HH and bound Py are polarized together in the complex and then polarization is transferred from bound Py to fPy and from Ir-HH to free $\\mathrm { H } _ { 2 }$ in the solvent by means of chemical exchange (the presence of this exchange process is revealed by the EXSY experiment presented in SM). The opposite sign of polarization of Py and Ir-HH is explained in Section 3.', 'The signal enhancements are approximately the same for fPy, ePy and aPy but the total signal intensity is higher for the fPy (because Py is predominantly in the $f \\mathrm { P y }$ form for the concentration that we use)The enhancements are also different for different proton positions: they are highest for the ortho-protons (which are closer to the Ir-HH protons), the para-protons have very small enhancements (as they are the most remote from Ir-HH), the metaprotons have significant enhancements, which are opposite in sign to those of the ortho-protonsResults for polarization transfer from Ir-HH to Py are almost the same for Py and for isotopically labeled $^ { 1 5 } \\mathrm { N }$ -Py', 'To characterize the transfer efficiency we quantified NMR enhancements, e, which are ratios of signals in thermal NMR spectra and in SABRE spectra. In experiments done at variable field instead of enhancement we calculated polarization of the substrate (in order not to divide signals in SABRE spectra by fielddependent thermal signals). In such experiments we also subtracted thermal polarization, $P _ { \\mathrm { t h } }$ , determined at the same polarization field. Enhancements are determined for the substrates used (in the free and bound form), for the Ir-HH protons and for $\\mathrm { H } _ { 2 }$ dissolved in the solution. Bound substrate and Ir-HH get polarized due to spin order transfer in the SABRE complex; free substrate and $\\mathrm { H } _ { 2 }$ acquire polarization due to chemical exchange with bound substrate and Ir-HH, respectively.']","['However, when we look not only at the shape of the NSPD curves but also on the magnitude of the polarization, we clearly see that NMR signals of Ir- HH and free H2 are considerably weaker than those of fPy (compare NMR signal intensities in Figs. 2 and 3). The lower amplitude of polarization of the H2 species is due to the fact that (i) some fraction of the dissolved H2 molecules leaves the solution and (ii) the T1-relaxation times of the Ir- HH and H2 protons are about 1-2s (as measured by the inversion-recovery experiment), whereas the T1-relaxation time of Py in complex and in bulk are about 5s and 30s. This results in faster loss of polarization for H2 and Ir- HH. As a consequence, the resulting NMR signals of Py are stronger than those of Ir- HH and H2.']","Based on the provided context, the NMR signals of Ir-HH and free $\mathsf{H_2}$ are considerably weaker than those of free pyridine (fPy) due to **differences in concentration**. Specifically:

1.  **Lower concentration of $\mathsf{H_2}$ species:** The context explicitly states that the thermal NMR signals of Ir-HH and free $\mathsf{H_2}$ are weaker because of the ""much lower concentration of $\mathsf{H_2}$ as compared to $\mathsf{Py}$"". Since free $\mathsf{H_2}$ originates from Ir-HH via chemical exchange, both species share this concentration limitation relative to pyridine.
2.  **Effect on Hyperpolarized (HP) signals:** While the *enhancement factors* (the level of signal amplification via SABRE) for Py and both forms of $\mathsf{H_2}$ (Ir-HH and free $\mathsf{H_2}$) are comparable, the absolute intensity of the NMR signals depends on both the enhancement *and* the thermal equilibrium signal intensity. The lower thermal signal intensity of the $\mathsf{H_2}$ species (due to their lower concentration) results in weaker absolute HP signals for Ir-HH and free $\mathsf{H_2}$ compared to fPy, even though the enhancement is similar.

**In summary:** The primary reason for the weaker NMR signals of Ir-HH and free $\mathsf{H_2}$ compared to fPy is the significantly lower concentration of the $\mathsf{H_2}$ species in the solution.","The NMR signals of Ir-HH and free H2 are weaker because (i) some fraction of the dissolved H2 molecules leaves the solution, and (ii) the T1-relaxation times of the Ir-HH and H2 protons are about 1-2s, which is much shorter than the T1-relaxation time of Py (about 5s in complex and 30s in bulk). This results in faster loss of polarization for H2 and Ir-HH, leading to weaker NMR signals compared to Py.",0.42793703860434074,0.9381660081402933,1.0,0.0,0.0
89,Why does a partial conversion of para-hydrogen to ortho-hydrogen occur when a molecular complex of the type X-H2 is formed?,"['If one of these para- $\\mathrm { H } _ { 2 }$ molecules reacts with the catalysts, a molecular complex of the type $\\mathrm { X } { \\mathrm { - } } \\mathrm { H } _ { 2 }$ is formed, either by covalent binding or by the formation of hydrogen bonds or by unconventional bonds of the $\\eta ^ { 2 }$ -typeThe three spins form a triangle, which is characterized by the two distance vectors $r _ { \\mathrm { I 1 S } }$ and $r _ { \\mathrm { I 2 S } }$ and the angle $\\beta$ between these distance vectorsIn this complex an evolution of the initial density matrix occursIn the course of this evolution a partial conversion of the parastate to the ortho-state occursWhen the bound state decays, this density matrix is transferred to the free dihydrogen stateHere fast phase relaxation destroys all coherences between the para- and the ortho-state and only the projections of the density matrix on the para- and ortho-subspaces surviveIn other words, a part of the para-hydrogen is converted to orthohydrogen', '[](images/1dc5f8099440ef1f583ab10642c976576148b3ebac133d234942f96042f6b344.jpg) \nFig1 Schematic model of the ortho/para- $\\mathrm { H } _ { 2 }$ conversion on solid surfacesLeft: starting from the initial para- $\\mathrm { { H } } _ { 2 }$ state a complex of the type $\\mathrm { X } { \\mathrm { - } } \\mathrm { H } _ { 2 }$ is formedIn this complex the spin conversion of the hydrogen occursDuring the decay of the $\\mathrm { X } { \\mathrm { - } } \\mathrm { H } _ { 2 }$ complex the projections on the para- and ortho-subspaces are formed, i.efree para- $\\cdot \\mathrm { H } _ { 2 }$ and ortho- $\\cdot \\mathrm { H } _ { 2 }$ is formedRight: schematic view of the different dihydrogen configurations and their spin states: Top: initially the two hydrogens are in the para-state, symbolized by antiparallel nuclear spins and short $\\mathrm { H } { \\mathrm { - } } \\mathrm { H }$ distance', 'Parahydrogen symmetry can be transformed into nuclear spin polarization by a chemical reaction,[5] hereafter named parahydrogenation, during which the two protons are pairwise added to the substrate in non-equivalent positions, so that the spin correlation is maintained and the symmetry of the hydrogen molecule is broken. As a consequence, the para and the ortho states are mixed.', 'The proposed technique allows study the dependence of hydrogen para–ortho conversion in a wide range of magnetic fieldsSince the relaxation time ${ \\mathrm { T } } _ { 1 }$ of free orthohydrogen is rather short, the intensity of its hyperpolarized signal is determined by the value of the nonequilib\xad rium parahydrogen fraction due to para–ortho conversionDependences of the para–ortho conversion rate on the magnetic field in the range from $1 ~ \\mathrm { m T }$ to $9 4 \\mathrm { ~ T ~ }$ were measured for different substrate and catalyst con\xad centrationsIt was found that removal of chlorine anion from the solu\xad tion leads to a significant decrease in the rate of para–ortho conversionNumerical modeling of the spin dynamics of molecular hydrogen in SABRE experiments has been carried out in the framework of a model that takes into account magnetic spin–spin interactions, Zeeman inter\xad action of spins with magnetic field, and the reversible reaction of mo\xad lecular hydrogen binding to the catalyst complex', 'Two types of complexes with different spin system symmetry contribute to the molecular hydrogen conversionIn asymmetric complexes possessing hydride protons with different chemical shifts due to the presence of chlorine anion ligand the para–ortho conversion rate increases with magnetic field, while for symmetric complexes this mechanism is not operableIn the magnetic field where level anti-crossing occurs the resonant feature for the rate of para–ortho conversion is foundThe results of this work can be utilized for finding the optimal conditions for obtaining the maximum hyperpolarization in the experiments employing parahydrogen.']","['If one of these para-H2 molecules reacts with the catalysts, a molecular complex of the type X-H2 is formed, either by covalent binding or by the formation of hydrogen bonds or by unconventional bonds of the η²-type. In this complex an evolution of the initial density matrix occurs. In the course of this evolution a partial conversion of the parastate to the ortho-state occurs. When the bound state decays, this density matrix is transferred to the free dihydrogen state. Here fast phase relaxation destroys all coherences between the para- and the ortho- state and only the projections of the density matrix on the para- and ortho- subspaces survive. In other words, a part of the para-hydrogen is converted to orthohydrogen.']","The partial conversion of para-hydrogen to ortho-hydrogen in a molecular complex (X–H₂) occurs due to **spin evolution dynamics** during the bound state, driven by the following mechanisms:

### Key Mechanisms:
1. **Spin-Spin Interactions and Symmetry Breaking**:  
   - When para-H₂ (singlet spin state, antiparallel spins) binds to the catalyst (X), the system forms a three-spin complex (two H-spins + catalyst spin, S).  
   - The spin Hamiltonian includes:  
     - Magnetic **spin-spin interactions** (e.g., dipolar/J-couplings between spins).  
     - **Zeeman interactions** with the external magnetic field.  
   - These interactions break the symmetry of the initial para-state, mixing the singlet (para) and triplet (ortho) spin states.  

2. **Evolution of the Density Matrix**:  
   - The initial para-H₂ density matrix evolves under the combined spin interactions in the bound state.  
   - This evolution partially converts the singlet (para) state into triplet (ortho) states via **coherent spin dynamics**.  

3. **Asymmetric Complexes and Level Anti-Crossings**:  
   - In **asymmetric complexes** (e.g., due to ligands like chlorine anions causing chemical shift differences):  
     - The para-ortho conversion rate increases with the magnetic field.  
     - Resonant features occur at **level anti-crossings** (LACs), where energy levels intersect, enhancing state mixing.  
   - Symmetric complexes exhibit no field-dependent conversion.  

4. **Decay of the Complex and Relaxation**:  
   - Upon dissociation, the evolved density matrix projects onto the para/ortho subspaces of free H₂.  
   - **Fast phase relaxation** destroys coherences between para/ortho states, leaving only populations of converted ortho-H₂.  

### Experimental Evidence:  
- The conversion rate depends on the **magnetic field strength** (observed from 1 mT to 94 T), catalyst symmetry, and ligand environment (e.g., chlorine anions increase conversion).  
- Numerical models confirm that spin-spin/Zeeman interactions and reversible binding drive the conversion.  

### Summary:  
The conversion arises from **quantum spin mixing** in the transient X–H₂ complex, where interactions with the catalyst spin and magnetic field enable transitions from the para (singlet) to ortho (triplet) states. This process is amplified in asymmetric systems or at LACs, with the final ortho yield determined by projection during complex dissociation.","The partial conversion occurs because the formation of the molecular complex (either by covalent binding, hydrogen bonds, or unconventional η²-type bonds) leads to an evolution of the initial density matrix. During this evolution, coherences between the para- and ortho-states are partially converted. When the bound state decays, the density matrix is transferred to the free dihydrogen state, where fast phase relaxation destroys coherences, leaving only the projections on the para- and ortho-subspaces, thus converting part of the para-hydrogen to ortho-hydrogen.",0.6458584176318011,0.9457109339279374,1.0,0.94999999997625,1.0
90,Why are the overall levels of H_A signal enhancement lower in the diluted solvent system compared to the initial anhydrous d6-ethanol solution?,"['The resulting NMR spectrum showed that ${ \\sf H } _ { \\sf A }$ was 63-fold larger than the ethanol reference peakIn the thermal equilibrium spectrum, the ratio of the ${ \\mathsf { H } } _ { \\mathsf { A } }$ : CDH signal integrals was 0.6 : 1.0The overall levels of ${ \\mathsf { H } } _ { \\mathsf { A } }$ signal enhancement are, therefore, between 70-fold and 105-foldThese lower values are a consequence of the change in the reaction kinetics of ligand exchange in these solventsSimilar signal intensity behaviour was observed in a series of analogous flow system experiments (see SI).', 'However, potential solutions such as increasing the partial ${ p \\mathrm { - } } \\mathrm { H } _ { 2 }$ pressure may recover the enhancement reduction in water versus that observed in ethanolMoreover, the decrease in the SABRE signal enhancements in water vs ethanol may be also caused by the difference in $T _ { 1 }$ relaxation times, which can be lower in aqueous media compared to that in organic solvent media', 'Currently, all catalyst sequestering techniques introduce additional variables and time implications to the SABRE technique. These may be associated with the addition of chelating agents, solid phase scavengers or solvent separation. Additionally, we note that the signal enhancements quantified in $3 0 \\%$ [D6]ethanol in ${ \\mathsf { D } } _ { 2 } { \\mathsf { O } }$ are significantly lower than those achieved in organic solvents such as ethanol. We suggest that larger polarization levels could be accomplished by conducting the polarization in $1 0 0 \\%$ [D6]ethanol with subsequent dilution with ${ \\mathsf { D } } _ { 2 } { \\mathsf { O } }$ . Therefore we are working towards the goal of creating an automated system to provide a reliable route to delivering SABRE hyperpolarized and catalyst free bolus for clinical use.', 'Effect of SABRE solvents on cell viability\nSABRE-induced polarization levels are typically highest in alcohol solvents such as $[ \\mathsf { D } _ { 4 } ]$ methanol or [D6]ethanol.[7,13] However, some applications can produce hyperpolarized substrates in aqueous solution, though enhancement levels are typically reduced.[14] To create a biocompatible hyperpolarized bolus with high polarization levels, it has been suggested that the hyperpolarization step should be carried out in $[ \\mathsf { D } _ { 6 } ]$ ethanol prior to dilution with ${ \\mathsf { D } } _ { 2 } { \\mathsf { O } }$ .', 'Extending these studies to aqueous mixtures is not straightforward, as SABRE signal enhancements in the presence of water are substantially lower,[24–27] due to slower ligand exchange and, presumably, lower $\\mathrm { p } { \\cdot } \\mathrm { H } _ { 2 }$ solubility than in methanol']","['In our initial experiment, this sample was shaken in a PTF of 65G and after transfer to the measurement field, proton H_A was observed to be 56-fold larger than the ethanol CDH peak at δ 3.56. In the thermal equilibrium spectrum, the ratio of the H_A:CDH signal integrals was 0.8:1.0. Subsequently, these measurements were repeated after dilution with D2O to produce a 50:50 D2O:d6-ethanol solution. The resulting NMR spectrum showed that H_A was 63-fold larger than the ethanol reference peak. In the thermal equilibrium spectrum, the ratio of the H_A:CDH signal integrals was 0.6:1.0. The overall levels of H_A signal enhancement are, therefore, between 70-fold and 105-fold. These lower values are a consequence of the change in the reaction kinetics of ligand exchange in these solvents.']","Based on the provided context, the lower overall levels of \( \sf{H_A} \) signal enhancement in the diluted solvent system (30% [D6]ethanol in \( \sf{D_2O} \)) compared to anhydrous [D6]ethanol are attributed to the following factors:

1. **Altered Reaction Kinetics**:  
   The diluted system exhibits slower ligand exchange kinetics due to the presence of water. This reduces the efficiency of polarization transfer from \( p\text{-}H_2 \) to the target molecule during SABRE.

2. **Reduced \( p\text{-}H_2 \) Solubility**:  
   Water has lower para-hydrogen solubility than ethanol, limiting the availability of \( p\text{-}H_2 \) for polarization. This is exacerbated in aqueous mixtures, where \( p\text{-}H_2 \) dissolution is less favorable.

3. **Shorter \( T_1 \) Relaxation Times**:  
   Aqueous media generally exhibit shorter \( T_1 \) relaxation times for hyperpolarized nuclei compared to organic solvents. This accelerates signal decay, diminishing the observed enhancement.

4. **Solvent-Specific Effects**:  
   The dilution process itself (mixing hyperpolarized [D6]ethanol with \( \sf{D_2O} \)) may introduce dynamic changes in the catalyst-substrate interaction, further suppressing enhancement.  

For optimal results, the context suggests performing polarization in **100% [D6]ethanol** followed by dilution with \( \sf{D_2O} \) to mitigate these effects.",The lower levels of H_A signal enhancement are a consequence of the change in the reaction kinetics of ligand exchange in the 50:50 D2O:d6-ethanol solution compared to the anhydrous d6-ethanol system.,0.41160422890835335,0.9396129051268424,0.875,0.699999999965,1.0
91,Why does the addition of base and subsequent change in pH have a favorable effect on the $T_{1}$ of H-2 of $\mathsf{L}^7$?,[],"['Addition of base and the subsequent change in pH has a favorable effect on the $T_{1}$ of H-2 of $\\mathsf{L}^7$, which, in this case, increases remarkably from 14.5 to 46.1 s. Smaller increases can also be noted for protons H-4 and H-6.']","Based on the provided information, the question regarding the effect of base addition and pH change on the $T_1$ relaxation time of H-2 in $\mathsf{L}^7$ cannot be answered. The RAG knowledge base does not contain specific experimental data or mechanistic explanations related to this query.","The addition of base and the subsequent change in pH increases the $T_{1}$ of H-2 of $\mathsf{L}^7$ remarkably from 14.5 to 46.1 s, with smaller increases for protons H-4 and H-6, indicating a favorable effect on relaxation times.",0.1894720131387197,0.0,0.0,0.0,0.0
92,When is the two-level approximation used in the LAC approach valid?,"['Strictly speaking, a two-level approximation used in the LAC approach is valid when the off-diagonal matrix elements are smaller than the difference between all the rest energy levels not involved in the LAC, i.e., the two states are considered as disconnected from the others. This is guaranteed for all parameters of the $\\mathrm { ^ { 1 } H }$ and $^ { 1 5 } \\mathrm { N }$ fields if the amplitude of the $\\mathrm { ^ { 1 } H }$ RF field is large enough, and the worst-case estimate (when the trigonometric functions occurring in the off-diagonal mixing elements are equal to 1) gives $\\nu _ { 1 } ^ { H } > \\left| \\frac { J _ { A N } } { 4 } \\right|$ . Although typically the LAC approach is also valid for weaker $\\nu _ { 1 } ^ { H }$ as the trigonometric functions reduce the value of the off-diagonal matrix elements.', 'Polarization transfer in SABRE experiments has been generally explained as resonant population transfer at an avoided crossing or LAC (5,\xa010,\xa019,\xa020). Avoided crossings provide a powerful framework in many spectroscopic applications, going back nearly a century. In a two-level system, where the states are connected by some coupling, the eigenstates of the system become strongly mixed when the energies of the states become equivalent (21–27). Thus, for example, adiabatic passage is commonly treated in an avoided crossing picture and can enable quantitative state-to-state transfer. Because SABRE hyperpolarization operates by passing population out of some overpopulated initial state (with singlet order hydrides) into a desired final state with magnetization on the target nucleus, viewing this process as reflecting LAC dynamics seems reasonable. For this reason, essentially all SABRE variants used the LAC approximation of polarization transfer for design and optimization.', 'Figure\xa05 shows coherently pumped SABRE, which uses two alternating field conditions to tranfser polarization more efficiently in the setting of chemical exchangeThe evolution field presumably brings the system to the LAC condition where the off-diagonal matrix elements in Eq5 pump magnetization in and out of the ligand, with an oscillatio_n frequency of $J _ { \\mathrm { H L } } / \\sqrt { 2 }$ \u200b \u200b(hence an expected maximum at $\\tau _ { \\mathrm { p } } = 1 / ( \\sqrt { 2 } J _ { \\mathrm { H L } } )$ \u200bThen an off-resonant field condition halts polarization transfer by bringing the field away from the LAC matching condition and allowing chemical exchange to “replenish” the polarization transfer complexCoherently pumped SABRESHEATH pulse sequences use the LAC-based description of polarization transfer in SABRE to produce the most efficient transfer (in a two-level approximation)However, use of the LAC matching condition is only optimal for a very limited set of exchange rates', 'IITheory\nBefore going to the quantum-mechanical description of the problem let us briefly introduce the LAC concept.44,45 An LAC occurs when two energy levels, $| m \\rangle$ and $| n \\rangle$ , cross (i.e., have the same energy) but a coupling matrix element of the Hamiltonian, $V _ { m n } = \\langle m | \\hat { H } | n \\rangle$ , splits themAs a result, a level crossing (LC) turns into an avoided crossing also termed Level-Anti-Crossing (LAC)Thus, an LAC is a combination of two ingredients: (i) matching (energies of two states coincide) and (ii) coupling (there is a matrix element, which mixes the two states)At the LAC region the initial states, $| m \\rangle$ and $| n \\rangle$ , become ‘entangled’: the eigenstates of the Hamiltonian are given by a mixture of $| m \\rangle$ and $| n \\rangle$ For this reason population can be efficiently transferred between the two states when the LAC conditions are fulfilledTherefore, the LAC concept is crucial for our work', 'There are two LCs in this system, when']","['Strictly speaking, a two-level approximation used in the LAC approach is valid when the off-diagonal matrix elements are smaller than the difference between all the rest energy levels not involved in the LAC, i.e., the two states are considered as disconnected from the others.']","Based on the provided context, the two-level approximation in the LAC approach is valid under the following conditions:

1. **General validity condition**:  
   The approximation holds when the off-diagonal matrix elements coupling the two states are smaller than the energy difference between these states and all other energy levels not involved in the LAC. This ensures the two states are effectively disconnected from other states in the system.

2. **Specific condition for $^1$H and $^{15}$N fields**:  
   For systems involving $^1$H and $^{15}$N nuclei, the approximation is guaranteed when the amplitude of the $^1$H RF field ($\nu_1^H$) satisfies:  
   $$\nu_1^H > \left| \frac{J_{AN}}{4} \right|$$  
   where $J_{AN}$ is the relevant scalar coupling constant. This represents a worst-case scenario where trigonometric terms in the off-diagonal matrix elements are maximized (equal to 1).

3. **Practical relaxation**:  
   The LAC approach often remains valid for weaker $\nu_1^H$ fields because trigonometric functions in the off-diagonal matrix elements reduce their effective magnitude, allowing the two-level approximation to hold even when $\nu_1^H$ is below the strict threshold.",The two-level approximation is valid when the off-diagonal matrix elements are smaller than the difference between all the rest energy levels not involved in the LAC.,0.3387501805971023,0.9745449580369464,1.0,0.9999999999,1.0
93,"Why can parahydrogen, which is NMR silent, produce products with non-equilibrium nuclear spin distributions when used as a reagent in a reaction?","['In this paper, we report our further developments on the transfer of non-equilibrium nuclear spin order, commonly referred to as polarization transfer or hyperpolarization transfer, from parahydrogen to a substrate of interest. While parahydrogen itself has no net spin angular momentum and is thus NMR silent, when it is used as a reagent in a reaction, many products can be formed that possess non-equilibrium nuclear spin distributions.[9,10] This is readily understood if the NMR-invisible αβ–βα singlet spin state', 'Ligand exchange processes are readily probed by Nuclear Magnetic Resonance (NMR) spectroscopy,20 despite its low sensitivity.21 When slow, such exchange pathways are o\ue09den followed by 1-D and 2-D nuclear Overhauser effect spectroscopy (NOESY).20 When fast, line-shape analysis allows exchange to be probed.22,23 It has been shown that magnetisation transfer from para-hydrogen $\\left( p \\mathbf { - } \\mathbf { H } _ { 2 } \\right)$ can help to overcome the sensitivity problem associated with NMR.24,25 This is because, whilst $\\scriptstyle p \\cdot \\mathrm { H } _ { 2 }$ itself has no net spin angular momentum and is NMR silent, when used as a reagent in a reaction, products can be formed that possess non-Boltzmann nuclear spin distributions.26–29 The resulting signals that are detected in such NMR experiments can be many thousands of times stronger than normal', 'Another method for producing hyperpolarized fluids is by using para-hydrogen,[2] which has a zero total nuclear spin angular momentum $( \\mathrm { I } = 0 )$ ) and is therefore not detectable in an NMR experiment. Mixtures enriched with one of the spin isomers provide large non-equilibrium nuclear spin order. This enhanced spin order can be converted into an enhanced NMR signal if the enriched ortho-/para-hydrogen mixture participates in a hydrogenation reaction that breaks the symmetry of the original $\\mathrm { H } _ { 2 }$ molecule. If the hydrogenation reaction preserves the spin correlation between the protons, this correlation can be converted into a strong observable nuclear spin polarization.', 'I. INTRODUCTION\nPara-Hydrogen Induced Polarization $\\mathrm { ( P H I P ) } ^ { 1 - 3 }$ is a popular method for creating non-equilibrium polarization of nuclear spins thereby boosting weak Nuclear Magnetic Resonance (NMR) signals. PHIP is based on using parahydrogen, i.e., the $\\mathrm { H } _ { 2 }$ molecule in its nuclear singlet state, which can be prepared by performing spin conversion in the $\\mathrm { H } _ { 2 }$ gas at low temperature. To form observable spin magnetization from the otherwise NMR silent parahydrogen, it is necessary to exploit a chemical reaction, which breaks the symmetry of the two protons. For this purpose, catalytic hydrogenation reactions are used; in such reactions, para$\\mathrm { H } _ { 2 }$ is attached to a substrate with a double or triple $\\scriptstyle { \\mathrm { C - C } }$ bond.', ""[](images/96534d605179c46e2a0324bcbe62862073aed0de84f26eaeafcda1e2acdf42e7.jpg) \nFig1 (a) Parahydrogen is ‘NMR silent’ and can only be observed by NMR if its symmetry can be broken in a pairwise reaction, often catalysed by a metal centreProducts containing $^ 1 \\mathsf { H }$ nuclei that were originally located in para- ${ \\bf \\nabla } \\cdot { \\bf H } _ { 2 }$ can exhibit NMR signals orders-ofmagnitude more intense than would be recorded under ‘thermal’ (i.eBoltzmann) controlled conditions(b) Under PASADENA conditions, the para- ${ \\sf H } _ { 2 }$ symmetry-breaking process in a chemical reaction occurs at the spectrometer (high) field and results in population of both the $| \\alpha \\beta \\rangle$ and $| \\beta \\alpha \\rangle$ nuclear spin energy levels of the product(c) Under ALTADENA conditions the reaction occurs at Earth's (low) field outside the spectrometer before insertion into the spectrometer for NMR detection""]","['While parahydrogen itself has no net spin angular momentum and is thus NMR silent, when it is used as a reagent in a reaction, many products can be formed that possess non-equilibrium nuclear spin distributions. This is readily understood if the NMR-invisible singlet spin state is transformed into observable states.']","Parahydrogen (p-H₂) is NMR-silent due to its nuclear singlet state (total spin I=0), but it generates products with non-equilibrium nuclear spin distributions through symmetry-breaking reactions. Here's the mechanism:

1. **Spin-state preservation**:  
   Parahydrogen exists in a singlet state (αβ – βα), where proton spins are anti-parallel. This state carries no net magnetization but contains correlated spin order.

2. **Symmetry breaking in chemical reactions**:  
   When p-H₂ participates in reactions (e.g., catalytic hydrogenation of unsaturated substrates), the two protons are transferred to a new molecular environment. This breaks the magnetic equivalence of the protons, converting their spin correlation into observable magnetization.

3. **Spin-order conversion**:  
   The reaction preserves the proton spin correlation. As symmetry is disrupted, the singlet state evolves into detectable triplet states (|αα⟩, |αβ⟩ + |βα⟩, |ββ⟩), creating population imbalances across Zeeman energy levels. This results in non-Boltzmann nuclear spin distributions.

4. **Experimental outcomes**:  
   - Under **PASADENA** (high-field reaction): Direct population of |αβ⟩ and |βα⟩ states occurs.  
   - Under **ALTADENA** (low-field reaction followed by high-field detection): Coherent transfer amplifies polarization.  
   Both methods yield NMR signals enhanced by orders of magnitude compared to thermal equilibrium.

This process exploits the initial spin order of p-H₂, transforming it into hyperpolarization upon incorporation into reaction products without requiring net spin angular momentum.","This occurs because the NMR-invisible singlet spin state of parahydrogen is transformed into observable nuclear spin states during the reaction, leading to non-equilibrium nuclear spin distributions in the products.",0.39047850483856256,0.8852480581171288,0.7647058823529411,0.99999999998,1.0
94,How do the polarization values of heterogeneous platinum catalysts compare to those of ligand-stabilized palladium nanoparticles?,"['In this work, ligand-stabilized palladium nanoparticles are introduced and characterized as water-soluble catalysts, demonstrating the highest heterogeneous carbon and proton polarizations to date ( $\\stackrel { \\prime } { P ^ { 1 3 } \\mathrm { _ C } } = 1 . 2 \\stackrel { \\mathrm { 0 } } { \\% }$ , $P _ { \\mathrm { ~ H ~ } } = ~ 1 . 2 \\% \\}$ in water in nearly identical conditions to those of previous experiments using a water-optimized homogeneous Rh catalyst. The cost of palladium per gram is significantly lower than that of platinum, making this type of catalyst attractive. Comparison of nanoparticle synthesis methods and surface oxidation under inert conditions versus open air shows that air-synthesized nanoparticles retain equivalent polarization ability, granting higher polarization performance in lower-cost, simple synthesis conditions.', 'We evaluated our heterogeneous catalyst against the standard PHIP homogeneous catalyst, 1,4-bis-[(phenyl-3- propane sulfonate) phosphine]butane rhodium(I) tetrafluoroborate.[19] Experiments with the homogeneous catalyst exhibited a polarization of $P = 1 2 6 \\%$ at $8 0 ^ { \\circ } \\mathrm { C }$ Furthermore, the polarization yields with the homogeneous catalysts are less affected by temperature: at $2 0 ^ { \\circ } \\mathrm { C }$ , the polarization showed $P = 0 7 \\%$ Despite gaining higher polarization with the homogeneous catalyst, the nanoparticles reveal an important benefit; they can be separated from the reaction solution by centrifugation or by evaporation of the solvent after use and thus can be reused for additional hyperpolarization experiments (see the Supporting Information).[33] In recycling experiments, the nanoparticles were reused five times without showing any loss in activity or decrease in signal enhancement', 'It should be noted that the results reported here for supported Pd catalysts are dramatically different from the results reported earlier for the supported Pt catalysts. Indeed, hyperpolarization was clearly observed in the hydrogenation of propene with parahydrogen on all supported $\\mathrm { \\mathbf { P } } \\mathrm { t }$ catalysts studied, independent of the nature of the support, including $\\mathrm { P t } / \\mathrm { S i O } _ { 2 }$ , $\\mathrm { P t } / \\mathrm { A l } _ { 2 } \\mathrm { O } _ { 3 }$ and $\\mathrm { P t } / Z \\mathrm { r O } _ { 2 }$ .18 The possible reason for such a difference in the interaction of palladium and platinum with para- $\\cdot \\mathrm { H } _ { 2 }$ could arise from the difference in the ground electronic states of these two metals.20', ""For overcoming this clinically limiting challenge, aqueous heterogeneous platinum catalysts have recently been demonstrated to achieve $\\mathrm { ^ { 1 } H }$ polarization values as high as 0.7%,12,13 near the threshold for biological consideration $\\mathrm { ' } P _ { \\mathrm { ~ H ~ } } \\geq 1 \\% \\}$ .14 Phase separation techniques of soluble catalysts have been demonstrated using 2-propynyl-2- oxopropanoate hydrogenation into pyruvate before aqueous extraction; however, this method resulted in ${ \\sim } 4 0 \\%$ reduction of hyperpolarized product as well as additional signal loss from relaxation.15 Unlike homogeneous catalysts, heterogeneous catalysts have the potential to be immobilized on support material allowing for quick filtration of the catalyst away from the hyperpolarized molecules in solution, a necessary requirement for potential clinical utilization"", 'Heterogeneously catalysed PASADENA, ALTADENA, and SWAMP have been reported using liquid substrates[20–25] with several types of catalystsGlöggler and co-workers have used ligand stabilised nanoparticles[7,24,26] to hyperpolarise amino acids and other biologically relevant moleculesWhile outstanding polarisation levels were achieved, the problem of removing the nanoparticles from the reaction mixture is similar to that of homogeneous catalysisKovtunov et alhave described titania supported metal catalysts capable of producing hyperpolarised metabolites,[22,23] and Zhao et alreported hyperpolarisation of 2-hydroxyethyl propionate in water using $\\mathsf { P t } _ { 3 } \\mathsf { S n @ m S i O } _ { 2 }$ intermetallic nanoparticles stabilised inside mesoporous silica.[21] In batch mode experiments, the heavy catalyst particles showed spontaneous rapid settling of the catalyst after cessation of bubbling, affording background levels of Pt and Sn of only 15 and 70 ppb, respectively']","['Aqueous heterogeneous platinum catalysts have recently been demonstrated to achieve 1H polarization values as high as 0.7%. In this work, ligand-stabilized palladium nanoparticles are introduced and characterized as water-soluble catalysts, demonstrating the highest heterogeneous carbon and proton polarizations to date (P_1C = 1.2%, P_H = 1.2%) in water in nearly identical conditions to those of previous experiments using a water-optimized homogeneous Rh catalyst.']","Based on the provided context, the polarization values of heterogeneous platinum catalysts and ligand-stabilized palladium nanoparticles are compared as follows:

### Heterogeneous Platinum Catalysts
- Achieve proton polarization (\(P_{\mathrm{H}}\)) values up to **0.7%**.
- This falls below the **1% threshold** considered clinically relevant for biological applications.

### Ligand-Stabilized Palladium Nanoparticles
- Demonstrate proton polarization (\(P_{\mathrm{H}}\)) of **1.2%**.
- Also achieve carbon-13 polarization (\(P^{13}\mathrm{C}\)) of **1.20%**.
- These values meet the **≥1% biological relevance threshold**.

### Key Comparison
- Palladium nanoparticles achieve **significantly higher polarization** (1.2%) compared to platinum catalysts (0.7%).
- Palladium exceeds the clinical relevance threshold (1%), while platinum does not.
- The cost per gram of palladium is notably lower than platinum, enhancing its practical utility.

### Additional Notes
- Palladium nanoparticles retain polarization efficiency under simple synthesis conditions and are reusable without performance loss.
- The polarization difference may arise from fundamental electronic state variations between palladium and platinum metals.

This comparison highlights palladium nanoparticles as a superior heterogeneous catalyst for hyperpolarization applications in terms of both polarization performance and cost-effectiveness.","Ligand-stabilized palladium nanoparticles demonstrate higher polarization values (P_1C = 1.2%, P_H = 1.2%) compared to heterogeneous platinum catalysts (P_H up to 0.7%).",0.5510568948972413,0.9979249546176342,1.0,0.8333333332916666,1.0
95,Why does the optimal rate of ligand exchange differ for ${}^{1}\mathrm{H}$ and $^{15}\mathrm{N}$ transfer in SABRE catalysis?,[],"['The optimum rate of ligand exchange for ${}^{1}\\mathrm{H}$ transfer has been proposed by Barskiy to be $4.5\\mathrm{s}^{-1}$ in complexes of the type $[\\mathrm{Ir}(\\mathrm{H})_2(h_{22} -$ $\\mathbf{1})(\\mathrm{py})_2]\\mathrm{Cl}$. Consequently, the rate of pyridine substrate dissociation in $[\\mathrm{Ir}(\\mathrm{H})_2(h_{22} - \\mathbf{1})(\\mathrm{py})_2(d_9\text{- }\\mathrm{BnND}_2)]\\mathrm{Cl}$ in methanol- $d_{4}$ solution was determined using the EXSY method and found to be $0.06\\mathrm{s}^{-1}$ at $268~\\mathrm{K}$. This value increases to $1.04~\\mathrm{s}^{-1}$ upon warming at $298~\\mathrm{K},$ and $2.1~\\mathrm{s}^{-1}$ at $308~\\mathrm{K}$. Our associated SABRE measurements reveal that the corresponding ${}^{1}\\mathrm{H}$ NMR signal gains change from 600-fold, through 4530-fold to 3550-fold at the $308~\\mathrm{K}$ setting. Hence, it appears that a rate closer to $1.04~\\mathrm{s}^{-1}$ is optimal for ${}^{1}\\mathrm{H}$ transfer into pyridine using this catalyst. Our experiments also reveal that there is a $30\\%$ growth in efficiency of $^{15}\\mathrm{N}$ polarization for pyridine on moving from 268 to $298~\\mathrm{K},$ and a further $22\\%$ improvement on moving to 308 from $298~\\mathrm{K}$. Consequently, we can confirm that the two different nuclei are best served with different rates of ligand exchange.']","The difference in the optimal ligand exchange rate for \(^{1}\mathrm{H}\) and \(^{15}\mathrm{N}\) polarization transfer in **SABRE catalysis** arises from distinct nuclear spin relaxation properties and polarization transfer kinetics:

1. **\(^{1}\mathrm{H}\) nuclei**:  
   - Require **faster ligand exchange rates** due to their **short spin-lattice relaxation times (\(T_1\))**.  
   - Rapid exchange ensures efficient polarization transfer before relaxation dissipates the hyperpolarized state.  
   - Fast exchange also enables continuous replenishment of target ligands at the catalytic site, sustaining signal enhancement.

2. **\(^{15}\mathrm{N}\) nuclei**:  
   - Require **slower ligand exchange rates** due to their **longer \(T_1\) relaxation times**.  
   - Slower exchange allows sufficient time for the polarization transfer process (e.g., through J-couplings or level anti-crossings) to occur effectively.  
   - Excessive exchange rates prematurely remove ligands from the complex before \(^{15}\mathrm{N}\) polarization fully develops, reducing enhancement.

### Key Factors:
- **Relaxation times**: \(^{1}\mathrm{H}\) \(T_1\) is typically **shorter** (ms–s), while \(^{15}\mathrm{N}\) \(T_1\) is **longer** (s–min).  
- **Polarization kinetics**: \(^{1}\mathrm{H}\) transfer relies on rapid spin-order propagation, whereas \(^{15}\mathrm{N}\) benefits from adiabatic transfer mechanisms requiring longer contact times.  

Thus, optimizing ligand exchange rates in SABRE balances these nucleus-specific constraints to maximize signal enhancement.","The optimal rate of ligand exchange differs because ${}^{1}\mathrm{H}$ transfer achieves maximum efficiency at a rate closer to $1.04~\mathrm{s}^{-1}$, as demonstrated by the SABRE measurements showing peak signal gains at this rate, while $^{15}\mathrm{N}$ polarization efficiency improves progressively with increasing temperature, indicating a different optimal rate requirement for each nucleus.",0.5243879391228183,0.9527392596020378,0.0,0.0,0.0
96,What is the first step in the Coherent SABRE-SHEATH process?,"['Coherent SABRE-SHEATH first evolves spin order using an efficient PTF, $B _ { \\mathrm { P } } ,$ for a short time, $\\tau _ { \\mathrm { P } } ,$ and then quickly switches to an elevated storage field, $B _ { \\mathrm { { S } } } ,$ where little to no evolution is expected, for a lengthier duration, $\\tau _ { S } ,$ that is preoptimized (see the Supporting Information for $\\tau _ { \\mathrm { S } }$ optimization) to allow fresh ${ p \\mathrm { - } } \\mathrm { H } _ { 2 }$ to associate with the catalyst. A graphical representation of the pulse sequence is shown in Figure 3A. A plot sweeping through discrete $\\tau _ { \\mathrm { P } }$ values, while $B _ { \\mathrm { P } } , B _ { \\mathrm { S } } ,$ and $\\tau _ { \\mathrm { P } }$ remain constant, is shown in Figure 3C for both letrozole and anastrozole.', 'A sample was prepared by mixing $0 2 5 ~ \\mathrm { m l }$ of $\\mathrm { C D } _ { 2 } \\mathrm { C l } _ { 2 }$ solution containing $5 ~ \\mathrm { m M }$ of catalyst and $2 5 \\mathrm { m M }$ of Odz with $0 3 5 ~ \\mathrm { m l }$ of deuterium oxide $\\left( \\mathrm { D } _ { 2 } \\mathrm { O } \\right)$ solution containing $2 5 \\mathrm { m M }$ of OdzA small amount of salt (2 mg, NaCl) was added to the solution to fasten up the separation processThe sample is then shaken with $p \\mathrm { H } _ { 2 }$ inside the mu-metal chamber to instigate the SABRE-SHEATH processThe emulsified solution is then kept at a $0 3 \\mathrm { T }$ field where the phase separation begins almost immediately and leading to near perfect separation after ${ \\sim } 3 0 ~ \\mathrm { s }$ of waitThe sample was then rapidly inserted inside the magnet for NMR measurements', 'First, the samples were activated via a continuous bubbling of $\\mathsf { p } \\mathrm { - } \\mathsf { H } _ { 2 }$ through the solution at 20 standard cubic centimeters per minute (sccm) gas flow rate until the attainable SABRESHEATH polarization approached a plateauThe SABRE-SHEATH activation process took from one to four hours depending on the substrate and the solvent used (Figure S3)Typically, in ${ \\mathsf { C } } _ { 2 } { \\mathsf { H } } _ { 5 } { \\mathsf { O H } }$ activation was faster than that in $C H _ { 3 } O H$', 'where $\\omega _ { i I }$ and $\\omega _ { i S }$ are the Larmor frequencies of the hydrogen atoms and heteronuclei, respectively, while $\\mathcal { I } _ { i j }$ represents the $J$ -coupling between spins i and $j$ The conventional SABRE-SHEATH experiment simply holds the sample at the field required to satisfy the LAC condition for a time proportional to $T _ { 1 }$ of the target nucleusCoherent control of this process can be achieved by pulsing the $\\mu \\mathrm { T }$ field, as shown in Fig2(a), which allows truncation of the evolution in the following manner: during the pulse, LACs are established allowing coherent population transfer from the hydrides to the target nucleiInterwoven between pulses are delay times during which the field strength is approximately 50–100 times higher', '[](images/f7ff80152b588f0582a2464e9769fb042ce4b4a3a96455458ece38de0249ceb8.jpg) \nFigure 3. [A] Graphical representation of coherent SABRE-SHEATH pulse sequence, [B] NMR signal of anastrozole when $\\tau _ { \\mathrm { P } } = 5 1 ~ \\mathrm { m s } ,$ and [C] applying coherent SABRE-SHEATH pulse sequence sweeping from $\\textstyle { \\tau } _ { \\mathrm { P } } = 0$ to $\\tau _ { \\mathrm { P } } = 2 5 0 ~ \\mathrm { m s }$ while keeping $B _ { \\mathrm { P } } , B _ { \\mathrm { S } } ,$ and $\\tau _ { \\mathrm { P } }$ constant $\\mathrm { \\Delta } B _ { \\mathrm { P } } = 0 . 5 \\mu \\mathrm { T }$ , $B _ { \\mathrm { S } } =$ $3 0 \\mu \\mathrm { T }$ and $\\tau _ { \\mathrm { S } } = 2 0 0 ~ \\mathrm { m s }$ ).']","['Coherent SABRE- SHEATH first evolves spin order using an efficient PTF,  $B_{\\mathrm{P}},$  for a short time,  $\\tau_{\\mathrm{p}},$  and then quickly switches to an elevated storage field,  $B_{\\mathrm{S}},$  where little to no evolution is expected, for a lengthier duration,  $\\tau_{\\mathrm{S}},$  that is preoptimized (see the Supporting Information for  $\\tau_{\\mathrm{S}}$  optimization) to allow fresh  $p\\mathrm{- H}_2$  to associate with the catalyst.']","Based on the provided context, the first step in the Coherent SABRE-SHEATH process is:  
**Evolving spin order using an efficient pulse transfer field (PTF), denoted as $B_{\mathrm{P}}$, for a short time $\tau_{\mathrm{P}}$.**  

This step is explicitly described in the context:  
> *""Coherent SABRE-SHEATH first evolves spin order using an efficient PTF, $B_{\mathrm{P}}$, for a short time, $\tau_{\mathrm{P}}$...""*  

After this initial evolution, the system is switched to an elevated storage field ($B_{\mathrm{S}}$) for a longer duration ($\tau_{\mathrm{S}}$) to allow fresh $p$-$\mathrm{H}_2$ to associate with the catalyst. A graphical representation of this sequence is provided in **Figure 3A** of the context.","The first step is to evolve spin order using an efficient PTF, $B_{\mathrm{P}},$ for a short time, $\tau_{\mathrm{p}},$.",0.5655404483208761,1.0000000000000002,1.0,0.9999999999,1.0
97,What is the first step in the side-arm hydrogenation experiments?,"['4. Pairwise Parahydrogen Addition to Side Arm\nThe first step of the PHIP-SAH process is the pairwise addition of $p { \\mathrm { - } } { \\mathsf { H } } _ { 2 }$ to an unsaturated side arm, which is typically catalyzed by a cationic rhodium complex,[83] although heterogeneous supported metal catalysts can also be used;[16,84] this approach is detailed in Section 7. To maximize an attainable heteronuclear NMR signal of an HP reaction product, one must first maximize molar $^ 1 \\mathsf { H }$ polarization (i.e., product of $P _ { \\mathrm { 1 H } }$ level $( \\% )$ and concentration). Both are affected by various factors such as the substrate structure (side arm and carboxylic moiety), catalyst, solvent, concentrations, hydrogen pressure, and temperature.', 'Furthermore, the selective deuteration of the propargyl side arm increases the efficiency and polarization levelLAC-mediated translation of parahydrogen spin order completes the first step toward a new and highly efficient route for the $^ { 1 3 } \\mathrm { C }$ NMR signal enhancement of pyruvate via side-arm hydrogenation with parahydrogen.', 'An increase in the scope of analytes is afforded by the ‘‘PHIP by sidearm hydrogenation’’ (PHIP-SAH) method [98], in which a precursor to the target molecule containing an unsaturated sidearm is first hydrogenatedPolarisation is then transferred from the sidearm to nuclei on the target molecule, by either field cycling in ALTADENA-type experiments [120], or radiofrequency (RF)-driven transfer in PASADENA-type experiments [121,122]In both cases, it is beneficial to transfer polarisation to $^ { 1 3 } \\mathrm { C }$ nuclei to take advantage of their slower longitudinal $( T _ { 1 } )$ relaxation, and hence longer hyperpolarisation lifetimesFinally, rapid cleavage of the sidearm provides the hyperpolarised target analytePHIP-SAH has shown promise for the development of hyperpolarised MRI contrast agents [123]However, the need to synthesise a suitable precursor and the irreversibility of the hydrogenation reaction impose significant limitations on its use in analytical applications', '7. Side Arm Removal and Purification of Hyperpolarized Bolus\nThe next step after polarization is transferred to heteronuclei is the cleavage of the side arm, typically done using alkaline hydrolysis. This approach was first implemented in 2012 using PHIP-hyperpolarized ethyl acetate, aiming to obtain ${ ^ 1 \\mathsf { H H P } }$ ethanol.[178] However, hydrogenation occurred in ${ \\mathsf { D } } _ { 2 } { \\mathsf { O } } _ { \\mathsf { \\Lambda } }$ and removing the toxic catalyst was not attempted.', 'molecules until the side arm hydrogenation (SAH) technique was pioneered by Reineri, Aime, and co-workers.53−55 In PHIP-SAH (Scheme 1), $\\mathrm { p H } _ { 2 }$ is added in a pairwise aParahydrogen is added in a pairwise manner in the first step to the unsaturated ester moiety']","['The text describes a molecular system for side-arm hydrogenation experiments, detailing the steps from the addition of parahydrogen to the final separation of phases, achieving hyperpolarized 13C experiments in high field.']","The first step in side-arm hydrogenation experiments (PHIP-SAH) is the **pairwise addition of parahydrogen (p-H₂) to an unsaturated side arm**. This catalytic hydrogenation step typically employs a cationic rhodium complex, though heterogeneous supported metal catalysts may also be used. Key aspects of this step include:  

1. **Molecular target**: An unsaturated side arm (e.g., a propargyl group) attached to a precursor molecule.  
2. **Catalysis**: Rhodium complexes facilitate pairwise parahydrogen transfer, enabling spin order.  
3. **Optimization**: Factors like substrate structure, catalyst choice, solvent, temperature, and hydrogen pressure influence polarization efficiency.  
4. **Deuteration**: Selective deuteration of the side arm can enhance polarization levels.  

This initial hydrogenation creates hyperpolarized intermediates for subsequent polarization transfer to target nuclei (e.g., ¹³C) via field cycling or RF-driven methods.",The first step is the addition of the para-enriched hydrogen (parahydrogen) to the unsaturated side-arm of the molecule.,0.40412499847450645,0.9130830172886378,1.0,0.8666666666377778,1.0
98,Why does p-H2 become observable in NMR after forming p-H2-derived hydride ligands?,"['At the instant the symmetry of the initial $\\mathrm { \\ p H } _ { 2 }$ is broken in forming the newly created hydride ligands (the time after the laser pulse is essentially $\\tau = 0$ for a rapid reaction), the newly formed spin system cannot be perturbed by a hard excitation RF pulse as it is instantly formed from the NMR silent singlet state (Figure 3b)Consequently, this situation does not lead to an observable NMR signal', 'When ${ p \\mathrm { - } } \\mathrm { H } _ { 2 }$ is used in this reaction, these hydride ligand signals do not show any significant $\\mathbf { \\sigma } ^ { 1 } \\mathbf { H }$ NMR signal enhancement. However, the free $\\mathbf { H } _ { 2 }$ signal in these spectra is substantial which suggests that 1 undergoes rapid and reversible oxidative addition of $\\mathbf { H } _ { 2 }$ to form 2 which consumes the ${ p \\mathrm { - } } \\mathrm { H } _ { 2 }$ . There is no indication of the hydrogenation of COD at $2 5 5 \\mathrm { ~ K ~ }$ and upon warming to $2 9 8 ~ \\mathrm { K }$ these hydride signals broaden into the baseline of the corresponding NMR spectra and strong signals for 1 are always visible.', 'Repeating this experiment in the presence of CO and $\\mathsf { p } { \\cdot } \\mathsf { H } _ { 2 }$ led to a dramatic reduction in the size of the hydride signals for 3 thereby indicating its formation from 1 occurs by CO loss, rather than through a more complex route involving the initial dissociation of one arm of the dpae ligand. The structure of 3 and route to its formation are illustrated pictorially in Scheme 2. The NMR signals for 3 are observable by normal NMR methods after the depletion of the $\\mathsf { p } { \\cdot } \\mathsf { H } _ { 2 }$ enhancement and/or venting of the ${ \\sf H } _ { 2 }$ atmosphere, thereby confirming it to be a stable reaction product under these conditions.', 'An important feature of ${ p \\mathrm { - } } \\mathrm { H } _ { 2 }$ is that it is NMR silent and the $\\mathrm { ^ { 1 } H }$ NMR signal of $\\mathrm { H } _ { 2 }$ that is normally seen at around $\\delta 4 5$ arises entirely from ortho- $\\cdot \\mathrm { H } _ { 2 }$ However, when the oxidative addition of $\\scriptstyle { p \\mathrm { - H } _ { 2 } }$ to a metal centre takes place in a spin correlated fashion to yield a metal dihydride complex that contains two magnetically distinct hydride ligands, only the $\\alpha \\beta$ and $\\beta \\alpha$ spin states of the product are populated, as shown in Fig2As a consequence, large population differences, and hence signal intensities, exist for transitions that involve these hydride ligandsHowever, this novel population distribution yields transitions with opposite sense to what are normally seen and the resulting spectra exhibit characteristic antiphase character, which might more normally be seen in first derivative electron spin resonance spectra', 'We note that at the moment of pair-wise ${ p \\mathrm { - } } \\mathrm { H } _ { 2 }$ addition, there is no detectable magnetisation because there is an even balance between the $\\Delta m = + 1$ and $\\Delta m = - 1$ transitions. However, in the case where the symmetry of $\\mathbf { H } _ { 2 }$ is broken in the product molecule, eqn (1) can be used to define the latent polarisation that will become observable as a result of coherent evolution under differences in chemical shift or $J ^ { \\ l }$ -coupling between the H2-derived protons.31,35']","['As a nuclear singlet, it has no net spin and, so it is unobservable from an NMR perspective. However, once p-H2 has come into contact with a metal center, thereby forming p-H2-derived hydride ligands, this previously NMR invisible singlet state can be accessed. Now, polarization is transferred from the p-H2-derived nuclei to spin-1/2 nuclei that are located in ligands attached to the same metal center through the J-coupling network. The reversible nature of both H2 addition and analyte ligation at the metal center enables hyperpolarization to buildup in non-ligated analyte molecules in a process that has been described as being catalytic in the transfer of polarization.']","Based on the provided context, the observability of p-H₂-derived hydride ligands in NMR arises from the following principles:

### 1. **Spin-Correlated Population Transfer**
   - p-H₂ is NMR-silent due to its singlet spin state (anti-parallel nuclear spins).
   - During oxidative addition to a metal center, p-H₂ transfers its spin correlation to the two newly formed hydride ligands in a pairwise manner. 
   - This populates **only the *αβ* and *βα* spin states** of the hydride ligands (Fig. 2), creating a non-Boltzmann distribution of spin states.

### 2. **Symmetry Breaking and Latent Polarization**
   - When the symmetry of H₂ is broken in the product (e.g., forming magnetically inequivalent hydride ligands in a metal dihydride complex), **chemical shift differences** (Δδ) or **J-coupling** between the hydride ligands drive coherent evolution of the spin system.
   - This converts the initial spin correlation into **observable magnetization** (eqn (1)), manifested as antiphase NMR signals.

### 3. **Antiphase Signal Characteristics**
   - The non-equilibrium spin population results in:
     - **Large signal enhancements** for transitions involving the hydride ligands.
     - **Antiphase line shapes** (resembling first-derivative ESR spectra) due to opposite-phase transitions (Δm = +1 and Δm = -1).

### 4. **Contrast with Free H₂**
   - Free H₂ signals arise solely from *ortho*-H₂ (observable at δ 4.5), while p-H₂ itself remains NMR-silent. 
   - The hydride signals only become detectable after symmetry breaking enables polarization transfer, explaining why direct observation of p-H₂-derived hydrides requires specific reaction conditions (e.g., inequivalent hydride sites).

### Key Caveat
At the exact moment of p-H₂ addition (τ = 0), no NMR signal is detectable due to balanced Δm = ±1 transitions. Signal observation requires finite time for coherent evolution under the NMR Hamiltonian.","Because polarization is transferred from the p-H2-derived nuclei to spin-1/2 nuclei in ligands attached to the same metal center through the J-coupling network, and the reversible nature of H2 addition and analyte ligation enables hyperpolarization buildup, making the signal detectable in NMR.",0.49175617495145146,0.9210629317027504,0.9615384615384616,0.32499999998375,1.0
99,Why does the signal enhancement (SE) in the series of PHIP-labeled SFTI variants increase according to the length of alkyne-bearing arms?,"['Our results indicate that $T _ { 1 }$ times of the hyperpolarized protons cannot serve as the only rationale for the observed differences in SE. We assume that the isolated spatial location of the triple bond and its accessibility for the hydrogenation catalyst are determining factors for the degree of signal enhancement. Indeed, the SE in the series of PHIP-labeled SFTI variants increased according to the length of alkynebearing arms that separate the triple bond from the peptide functional groups getting its maximal value for the longest $O$ - propargyl-l-tyrosine derivative.', 'With an SFTI peptide consisting of 14 amino acids, we achieved up to 1200 with $9 0 \\% \\mathrm { p H } _ { 2 }$ at 3 bar.33 All of these experiments were conducted under PASADENA conditionsThe latter example was previously also hyperpolarized with $5 0 \\% \\mathrm { p H } _ { 2 }$ at 2 bar in ALTADENA experiments achieving an enhancement of 74.28 From this series, first, we can conclude that a higher percentage of $\\mathrm { p H } _ { 2 }$ enrichment and the change from manual ALTADENA to automated PASADENA and increase in hydrogen pressure drastically improved the SESecond, the SE shows inverse proportionality to the length of the amino acid sequenceIndeed, when comparing octreotide with MCoTI $\\left( \\mathrm { { M P - 5 P _ { o x } } } \\right)$ , the 3.6 times increase in amino acid count leads to a 4 times lower SEWhen compared with SFTI, the 2 times increase in length leads to a 2.4 times decrease in enhancement', 'We found that SE in peptides is rather obviousinversely proportional to the length of the amino acid sequence. Indeed, when comparing octreotide with MCoTI, the 3.6 times increase in amino acid count leads to a 4 times lower enhancement of the signal. When compared with SFTI, the 2 times increased length leads to a 2.4 times decrease in enhancement. Comparing folded and unfolded MCoTI in this work, we see a factor of 2, an increase in enhancement of the unfolded one. While increasing the peptide size reduces the observed reactivity and SE, the values of 499−964 achieved here still correspond to enormous time-saving factors in the order of $1 0 ^ { 5 } – 1 \\mathring { 0 } ^ { 6 }$ .', 'Abstract: A series of novel bioactive derivatives of the sunflower trypsin inhibitor-1 (SFTI-1) suitable for hyperpolarization by parahydrogen-induced polarization (PHIP) was developed. The PHIP activity was achieved by labeling with lpropargylglycine, $o$ -propargyl-l-tyrosine, or 4-pentynoic acid. $^ { I } H$ NMR signal enhancements (SE) of up to a factor of 70 were achieved in aqueous solution. We found that an isolated spatial location of the triple bond within the respective label and its accessibility for the hydrogenation catalyst are essential factors for the degree of signal enhancement.', 'Upon comparison of the intensities attributed to the hyperpolarized protons ${ \\mathsf { H } } ^ { 2 }$ and ${ \\mathsf { H } } ^ { 3 }$ of the $O \\ / .$ - allyl-l-tyrosyl unit, a 1200-fold signal enhancement (SE) was estimatedThis signal amplification exceeds SE values found for both the alkyne-labeled SFTI-1 and the neat amino acid label itself in our previous $^ 1 \\mathsf { H }$ NMR experiments, in which the hydrogenation was carried out outside the magnet with $5 0 \\%$ enriched para- $\\cdot \\mathsf { H } _ { 2 }$ .[22] It is worth mentioning that it would take 1 400 000 times longer to achieve the similar signal-to-noise ratio under the same conditions using thermal Boltzmann polarization']","['Our results indicate that T1 times of the hyperpolarized protons cannot serve as the only rationale for the observed differences in SE. We assume that the isolated spatial location of the triple bond and its accessibility for the hydrogenation catalyst are determining factors for the degree of signal enhancement. Indeed, the SE in the series of PHIP- labeled SFTI variants increased according to the length of alkynebearing arms that separate the triple bond from the peptide functional groups getting its maximal value for the longest o propargyl- L- tyrosine derivative.']","Based on the provided context, the signal enhancement (SE) in the series of PHIP-labeled SFTI variants increases with longer alkyne-bearing arms due to two key factors:  

1. **Isolated spatial location of the triple bond**:  
   Longer arms position the alkyne group farther from peptide functional groups, reducing steric hindrance and electronic interference. This isolation optimizes the triple bond's exposure for hydrogenation.  

2. **Enhanced accessibility for the hydrogenation catalyst**:  
   Increased arm length improves physical access for the catalyst to the triple bond, facilitating more efficient *parahydrogen* addition. This maximizes polarization transfer during PHIP, directly boosting observed SE.  

The maximal SE was achieved with the **longest arm** (O-propargyl-l-tyrosine derivative), confirming that spatial separation and catalyst accessibility are critical determinants of signal enhancement in peptide-based PHIP systems.  

*(Note: T₁ relaxation times were explicitly ruled out as the primary rationale for these differences.)*","The isolated spatial location of the triple bond and its accessibility for the hydrogenation catalyst are determining factors for the degree of signal enhancement, with the SE increasing as the alkyne-bearing arms lengthen, reaching its maximal value for the longest o-propargyl-L-tyrosine derivative.",0.8542166835246511,0.9488832275583542,0.8461538461538461,0.6999999999766667,1.0
