,user_input,retrieved_contexts,reference_contexts,response,reference,answer_correctness,answer_relevancy,faithfulness,context_precision,context_recall
0,Why does alkyne 4a (R = H) lead to two sets of signals in the ${}^{1}\mathrm{H}$ - OPSY- COSY spectra?,[],"['Interestingly, alkyne 4a $(R = H)$ led to two sets of such signals (in addition to the signals of the $E$ - alkene product 5a; Figure 1), the different multiplicities of which are consistent with the presence of two regioisomers 6a and 7a.']","Based on the provided information, the question cannot be answered.","The two sets of signals are consistent with the presence of two regioisomers 6a and 7a, which are formed as intermediates during the reaction.",0.09372725839589598,0.0,1.0,0.0,0.0
1,Why do homogeneously catalyzed hydrogenation reactions with parahydrogen lead to strongly enhanced absorptive and emissive signals in the resulting  ${}^{1}\mathrm{H}$  NMR spectra?,[],"['About two decades ago, it was found that homogeneously catalyzed hydrogenation reactions of unsaturated substrates with  $\\mathrm{H}_{2}$  enriched in parahydrogen lead to the observation of strongly enhanced absorptive and emissive signals of the two transferred protons in the resulting  ${}^{1}\\mathrm{H}$  NMR spectra of the hydrogenation products. The effect, which has been extensively studied ever since its theoretical prediction and experimental verification, has been termed PASADENA (Parahydrogen And Synthesis Allow Dramatically Enhanced Nuclear Alignment) [2] or PHIP (Parahydrogen- Induced Polarization) [3] and originates from the breaking of the high symmetry of the dihydrogen molecule present in its para spin state  $(I = 0)$  during the course of the hydrogenation reaction.']","The strongly enhanced absorptive and emissive signals in \(^{1}\mathrm{H}\) NMR spectra during homogeneously catalyzed hydrogenation with parahydrogen arise due to the following principles:

1. **Parahydrogen Spin State**:  
   Parahydrogen (p-H\(_2\)) is enriched in the nuclear spin **singlet state** (anti-parallel spins), which is a non-equilibrium spin state with zero net magnetization but high spin order. This state is not directly observable in NMR.

2. **Pairwise Addition Mechanism**:  
   In homogeneous catalysis (e.g., using transition metal complexes), p-H\(_2\) is transferred to a substrate (e.g., an unsaturated bond) in a **pairwise manner**. This preserves the initial singlet spin order in the hydrogenation product.

3. **Magnetic Inequivalence and Evolution**:  
   When the product molecule forms in the high magnetic field of the NMR spectrometer (e.g., in PASADENA experiments), the two p-H\(_2\)-derived protons become **magnetically inequivalent** (different chemical shifts). This breaks the symmetry of the singlet state, converting it into observable magnetization.  

4. **Antiphase Signal Generation**:  
   The resulting NMR signals for these protons appear as **antiphase doublets** (one line in absorption, the other in emission) due to the correlated spin state. The signal enhancement factors can exceed \(10^4\)-fold compared to thermal equilibrium signals, as the spin order from p-H\(_2\) is transferred directly to the product.

This process exploits the non-Boltzmann spin distribution of parahydrogen, enabling dramatic signal amplification in \(^{1}\mathrm{H}\) NMR without requiring cryogenic temperatures or dynamic nuclear polarization.","The enhanced signals occur because the high symmetry of the dihydrogen molecule in its para spin state (I = 0) is broken during the hydrogenation reaction, leading to the phenomenon known as PASADENA or PHIP, which results in dramatic nuclear alignment and signal enhancement.",0.5426627785575555,0.9589673408640281,0.0,0.0,0.0
2,Why are the H2 loss rates much slower than those of pyridine loss in the iridium species 3?,"['When a $\\mathrm{CD}_2\\mathrm{Cl}_2$ solution of 1 reacts with both pyridine and $\\mathrm{H}_2$ at $298~\\mathrm{K}$ a new neutral iridium species, $\\mathrm{Ir(H)_2(\\kappa C,O - L_1)(py)_2}$ , 3 is observed to slowly form containing two bound pyridine environments in a ratio of 1:1 (see ESI for details). This species is also formed in $\\mathrm{C}_6\\mathrm{D}_6$ . The mutually coupled inequivalent hydride signals appear in $\\mathrm{CD}_3\\mathrm{Cl}_2$ at $\\delta - 22.55$ and $- 25.49$ $(^{2}J(\\mathrm{HH}) = 8.1\\mathrm{Hz})$ and in $\\mathrm{C}_6\\mathrm{D}_6$ at $\\delta - 21.94$ and $- 24.52$ $(^{2}J(\\mathrm{HH}) = 7.7\\mathrm{Hz})$ . Their inequivalence suggests Ir- O bond retention, a fact which is further supported by the diastereotopic nature of the $\\mathrm{CH}_2$ linker protons which appear as doublets in both $\\mathrm{CD}_2\\mathrm{Cl}_2$ and $\\mathrm{C}_6\\mathrm{D}_6$ . Both complexes undergo pyridine and $\\mathrm{H}_2$ exchange as highlighted in Scheme 2, although only the pyridine ligand trans to hydride dissociates. The use of $\\mathrm{EXSY~NMR}^{31}$ experiments enabled determination of experimental rate constants for pyridine loss in 3 at $294~\\mathrm{K}$ of $3.74\\pm 0.06\\mathrm{s}^{- 1}$ in $\\mathrm{CD}_2\\mathrm{Cl}_2$ and $13.5\\pm 0.6\\mathrm{s}^{- 1}$ in $\\mathrm{C}_6\\mathrm{D}_6$ . The corresponding $\\mathrm{H}_2$ loss rates were $0.80\\pm 0.01\\mathrm{s}^{- 1}$ and $3.02\\pm 0.07\\mathrm{s}^{- 1}$ respectively and are therefore much slower than those of pyridine loss.', 'Complex 6 is zwitterionic, and its cationic $\\operatorname {Ir}(\\mathrm{m})$ centre is balanced by phenoxide ion formation. Hence the final reaction product formed from 1 with pyridine and $\\mathrm{H}_{2}$ is solvent dependent. The two pyridine ligands of 6 that lie trans to hydride are shown to dissociate with an experimental rate constant of $1.35\\pm 0.03\\mathrm{s}^{- 1}$ at $294~\\mathrm{K}$ , although no exchange of the pyridine trans to the carbene is observed. In $\\mathrm{CD_3OD}$ , rapid $\\mathrm{H} / \\mathrm{D}$ exchange, accompanied by HD formation, is observed which prevents the quantification of the $\\mathrm{H}_{2}$ loss rate in this solvent. At $294~\\mathrm{K}$ , the ligand exchange rates of species 3 in $\\mathrm{C_6D_6}$ are therefore much faster than those in $\\mathrm{CD_2Cl_2}$ , but both are faster than those of 6 in $\\mathrm{CD_3OD}$ as shown in the ESI. $\\dagger$', 'The loss of 5 from $[\\mathsf{Ir}(\\mathsf{IMes})(5)_3(\\mathsf{H})_2]^{+}$ was also studied using EXSY.For this process, the rate of loss of 5 was found to be $5.4s^{- 1}$ at $300k$ Similar to the hydride loss rate, this process was again much slower than pyridine in the analogous complex [Ir $(\\mathsf{IMes})(\\mathsf{Py})_3(\\mathsf{H})_2]^+$ $(11.7s^{- 1})$ .AG $(300~\\mathrm{K})$ $\\Delta H$ and $\\Delta S$ proved to be $67.4\\pm 0.07\\mathrm{kJ}\\mathrm{mol}^{- 1}$ $69.6\\pm 1.2\\mathrm{kJ}\\mathrm{mol}^{- 1}$ and $7.44\\pm 4.3\\mathrm{Jmol}^{- 1}\\mathrm{K}^{- 1}$ respectively for this process. Compared with $[\\mathsf{Ir}(\\mathsf{IMes})(\\mathsf{Py})_3(\\mathsf{H})_2]^+$ the Ir- N bond in $[\\mathsf{Ir}(\\mathsf{IMes})(5)_3(\\mathsf{H})_2]^+$ is much weaker and also there is far less entropic gain from reaching the transition state.']","['Both complexes undergo pyridine and H2 exchange as highlighted in Scheme 2, although only the pyridine ligand trans to hydride dissociates. The use of EXSY NMR31 experiments enabled determination of experimental rate constants for pyridine loss in 3 at 294 K of 3.74±0.06 s−1 in CD2Cl2 and 13.5±0.6 s−1 in C6D6. The corresponding H2 loss rates were 0.80±0.01 s−1 and 3.02±0.07 s−1 respectively and are therefore much slower than those of pyridine loss.']","Based on the provided context, the H₂ loss rates are much slower than pyridine loss rates in iridium species 3 due to the following reasons:

1.  **Structural Constraints**: Species 3, **Ir(H)₂(κC,O-L₁)(py)₂**, retains its Ir-O bond, as evidenced by the inequivalent hydride signals and diastereotopic CH₂ linker protons. This rigid κC,O-chelation likely creates a steric and electronic environment that stabilizes the bound H₂ (or dihydride) relative to the pyridine ligands.

2.  **Trans Ligand Effects**: Only the pyridine ligand *trans* to a hydride dissociates. The strong *trans* influence of hydride ligands weakens the Ir-N bond *trans* to them, facilitating faster pyridine dissociation. In contrast, H₂ dissociation involves breaking stronger Ir-H bonds or overcoming a higher energy barrier for H₂ release/recombination.

3.  **Kinetic Data**: Experimental EXSY NMR data directly shows pyridine dissociation is faster than H₂ loss:
    *   In CD₂Cl₂ at 294 K: Py loss = 3.74 ± 0.06 s⁻¹ vs. H₂ loss = 0.80 ± 0.01 s⁻¹
    *   In C₆D₆ at 294 K: Py loss = 13.5 ± 0.6 s⁻¹ vs. H₂ loss = 3.02 ± 0.07 s⁻¹
    This consistent factor of ~4-5 times slower H₂ loss across solvents confirms the intrinsic kinetic difference.

4.  **Comparison to Analogues**: The context notes that in related cationic complexes like [Ir(IMes)(Py)₃(H)₂]⁺, pyridine loss (11.7 s⁻¹ at 300 K) is faster than the loss of another ligand (""5"", 5.4 s⁻¹ at 300 K), supporting the general trend that ligand dissociation *trans* to hydride is relatively fast. H₂ dissociation involves breaking bonds to the metal center itself, which is inherently slower than ligand exchange.","The H2 loss rates are much slower than those of pyridine loss because the pyridine ligand trans to hydride dissociates more readily, as highlighted by the experimental rate constants for pyridine loss being higher (3.74±0.06 s−1 in CD2Cl2 and 13.5±0.6 s−1 in C6D6) compared to H2 loss rates (0.80±0.01 s−1 and 3.02±0.07 s−1 respectively).",0.5286068234089025,0.9966579045374373,0.5454545454545454,0.99999999995,1.0
3,Why does the oxidative addition of parahydrogen gas mixtures lead to substantial transfer of polarization to phosphorus in $^{31}\mathrm{P}$ NMR spectroscopy?,[],['The reaction yields an octahedrally-coordinated $\\mathrm{Ir(III)}$ complex whose $^{31}\\mathrm{P}$ nuclei benefit substantially from the transfer of PHIP leading to enhanced absorptive and emissive signals in their respective spectra. The results presented by Eisenschmid et al. showed rather impressively for the first time that spin overpopulations generated by the oxidative addition of $p\text{- }\\mathrm{H}_{2}$ can be transferred effectively to ${}^{31}\\mathrm{P}$ nuclei resulting in a polarization of the phosphorus nuclei present in one of the ligands of the transition metal complex which subsequently leads to a significant NMR signal enhancement.'],"Based on the provided information, the question cannot be answered.","The oxidative addition of parahydrogen gas mixtures generates spin overpopulations, which are effectively transferred to $^{31}\mathrm{P}$ nuclei, resulting in polarization of the phosphorus nuclei and significant NMR signal enhancement.",0.08999868212392767,0.0,1.0,0.0,0.0
4,Why is the $^{13}\mathrm{C}$ spectrum at $4\mathrm{mT}$ fully in phase with a considerably lower signal-to-noise ratio?,[],"['The $^{13}\\mathrm{C}$ spectrum, acquired at $4\\mathrm{mT}$ $(41.7\\mathrm{kHz})$, is a quartet with the same coupling constant [Fig. 2(b)]. Remarkably, this $4\\mathrm{mT}$ carbon spectrum is fully in phase, and its signal-to-noise ratio ($\\sim$ polarization) is considerably lower. These observations can be rationalized because the polarization-transfer field $(4\\mathrm{mT})$ does not match proton or carbon level anti-crossings well, leading to poor polarization transfer. The small detected $^{13}\\mathrm{C}$ polarization likely stems from NOE effects cross relaxation from the proton polarization.']","Based on the provided information, the question cannot be answered.","The polarization-transfer field of $4\mathrm{mT}$ does not match proton or carbon level anti-crossings well, leading to poor polarization transfer. The small detected $^{13}\mathrm{C}$ polarization likely stems from NOE effects and cross relaxation from the proton polarization.",0.10377195734791991,0.0,1.0,0.0,0.0
5,What are the benefits and drawbacks of the QUASR-SABRE method?,"['With regards to the limitations of the QUASR- SABRE method, it remains to be seen if QUASR- SABRE is capable of hyperpolarization of long- range spin sites in the substrate compounds. Moreover, future systematic experimental and theoretical studies are certainly needed to further optimize the efficiency of the QUASR- SABRE technique. For example, more advanced shaped forms (e.g., sine, exponential, trapezoid, etc.) and strategies (adiabatic pulses) can be envisioned.', ""The key distinct feature of the QUASR- SABRE phenomenon is a strong rf offset frequency dependence; Figures 2d and 4d demonstrate the dependence of the $^{15}\\mathrm{N}$ QUASR- SABRE signal for pyridine- $^{15}\\mathrm{N}$ and metronidazole- $^{15}\\mathrm{N}_2 - ^{13}\\mathrm{C}_2$ , respectivelyNote that very small signal is obtained at the resonance frequencyThe maximum intensity of $^{15}\\mathrm{N}$ QUASRSABRE was compared to that of SABRE- SHEATH and is reported here as the ratio of the $^{15}\\mathrm{N}$ QUASR- SABRE and SABRE- SHEATH signals, $\\eta$ We find an $\\eta$ of $\\sim 1.0$ for pyridine- $^{15}\\mathrm{N}$ , $\\eta$ of $\\sim 0.44$ for acetonitrile- $^{15}\\mathrm{N}$ , and $\\eta$ of (at least) $\\sim 2.4$ for metronidazole- $^{15}\\mathrm{N}_2 - ^{13}\\mathrm{C}_2$ The relatively low $\\eta$ value for acetonitrile- $^{15}\\mathrm{N}$ is in part explained by the fact that frequency optimization was not performed, and the data were recorded using the frequency offset parameter optimized for pyridine- $^{15}\\mathrm{N}$ , which unfortunately did not provide a fair comparisonOn the basis of the range of the frequency optimization data for pyridine- $^{15}\\mathrm{N}$ (Figure 2e) and for metronidazole- $^{15}\\mathrm{N}_2 - ^{13}\\mathrm{C}_2$ (Figure 4c), we estimate that this optimization may potentially yield an improvement of up to 10- foldWe note that the $\\eta$ value for metronidazole- $^{15}\\mathrm{N}_2 - ^{13}\\mathrm{C}_2$ assumes that both $^{15}\\mathrm{N}$ sites are HP via SABRE- SHEATH and QUASR- SABRE protocolsWhile SABRE- SHEATH indeed yields hyperpolarization of both $^{15}\\mathrm{N}$ sites due to spin- relay of polarization at very low magnetic fields (the Earth's field (ca$50\\mu \\mathrm{T}$ ) and below), QUASR- SABRE may yield hyperpolarization of only one $(\\mathrm{N}_3)$ site, Figure 4"", 'It is important to note that the QUASR- SABRE signals are approximately 2.6- fold smaller than the signal obtained by conventional SABRE (Figure 2). This is well understood as the ramifications of various experimental details. First, because the rapid coherent oscillations induced by the QUASR- pulse will average under exchange toward the center of these oscillations, the hyperpolarization generated by each pulse is significantly damped. Also, the large nutation frequency allows for simultaneous irradiation of the free $^{19}\\mathrm{F}$ species, thus dramatically attenuating the signal to $52\\%$ of the generated hyperpolarization (see the Supporting Information for details). Given that $^5 J_{\\mathrm{HF}} = 0.34\\mathrm{Hz},^{58}$ only small perturbations can be made to the system, leading to very slow oscillations on the order of seconds, with very weak pulses, on the order of a few hertz in amplitude, as detailed by conventional SLIC theory. Despite the experimental limitations of the complex polarization dynamics, our key finding of the feasibility of QUASR- SABRE polarization of $^{19}\\mathrm{F}$ is extended by the insensitivity of the hyperpolarized $^{19}\\mathrm{F}$ signal to the frequency offset (Figure 5a), showing that even with a $\\sim 300$ $\\mathrm{Hz}$ offset significant polarization may be achieved. Naturally, the hyperpolarized $^{19}\\mathrm{F}$ signal increases with $N$ pumping cycles, demonstrating a clear polarization build- up (Figure 5b) in a manner consistent with SABRE. Note the positive value at']","['With regards to the limitations of the QUASR- SABRE method, it remains to be seen if QUASR- SABRE is capable of hyperpolarization of long- range spin sites in the substrate compounds. Moreover, future systematic experimental and theoretical studies are certainly needed to further optimize the efficiency of the QUASR- SABRE technique. For example, more advanced shaped forms (e.g., sine, exponential, trapezoid, etc.) and strategies (adiabatic pulses) can be envisioned.']","Based on the provided context, the benefits and drawbacks of the QUASR-SABRE method are summarized below:

### **Benefits**:
1. **Enhanced hyperpolarization for specific compounds**:  
   - QUASR-SABRE achieves significantly higher \(^{15}\mathrm{N}\) hyperpolarization than SABRE-SHEATH for certain substrates. For metronidazole-\(^{15}\mathrm{N}_2\)-\(^{13}\mathrm{C}_2\), the signal ratio (\(\eta\)) is at least **∼2.4**, indicating superior performance.  
   - For pyridine-\(^{15}\mathrm{N}\), \(\eta \sim 1.0\), demonstrating comparable efficiency to SABRE-SHEATH.  

2. **Frequency offset insensitivity for \(^{19}\mathrm{F}\)**:  
   - The \(^{19}\mathrm{F}\) hyperpolarized signal remains robust even with large frequency offsets (e.g., **∼300 Hz**), enabling flexible experimental setups.  

3. **Polarization build-up with cycling**:  
   - The \(^{19}\mathrm{F}\) hyperpolarized signal increases with the number of pumping cycles (\(N\)), consistent with SABRE's polarization accumulation behavior.  

### **Drawbacks**:
1. **Signal attenuation**:  
   - QUASR-SABRE signals are **∼2.6-fold smaller** than conventional SABRE due to:  
     - Damping from rapid coherent oscillations averaged under exchange.  
     - Simultaneous irradiation of free \(^{19}\mathrm{F}\) species, attenuating the signal to **52%** of the generated hyperpolarization.  

2. **Experimental limitations**:  
   - Requires very weak pulses (amplitude of **a few Hz**) and exhibits slow oscillations (order of **seconds**) due to small \(^5J_{\mathrm{HF}}\) coupling (**0.34 Hz**), complicating implementation.  

3. **Compound-specific optimization**:  
   - Efficiency is highly dependent on frequency offset (Figures 2d, 4d), necessitating substrate-specific tuning.  
   - Example: Using pyridine-optimized parameters for acetonitrile-\(^{15}\mathrm{N}\) yields low \(\eta \sim 0.44\), but optimization could improve signals up to **10-fold**.  

4. **Limited scope for multi-site hyperpolarization**:  
   - Unlike SABRE-SHEATH (which hyperpolarizes both \(^{15}\mathrm{N}\) sites in metronidazole), QUASR-SABRE may only polarize one site (e.g., \(\mathrm{N}_3\) in metronidazole).  

5. **Uncertainty for long-range spin sites**:  
   - Capability for hyperpolarizing long-range spin sites remains unverified and requires further study.  

### **Future Improvements**:  
Advanced pulse strategies (e.g., adiabatic pulses, sine/exponential/trapezoid shapes) are suggested to optimize efficiency. Systematic studies are needed to address these limitations.","The drawbacks of the QUASR-SABRE method include its current inability to hyperpolarize long-range spin sites in substrate compounds and the need for further optimization through systematic experimental and theoretical studies. The benefits include the potential for future improvements, such as the use of more advanced shaped forms (e.g., sine, exponential, trapezoid) and strategies (adiabatic pulses) to enhance efficiency.",0.37948466257233776,1.0000000000000002,1.0,0.99999999995,1.0
6,Why do Level Anti-Crossings (LACs) give the dominant contribution to SABRE and simplify the analysis of Nuclear Spin Polarization Distributions (NSPDs)?,"['Hence, to fill the missing gaps in the description of the SABRE effect and to obtain complete understanding of the underlying spin dynamics we perform here SABRE experiments at variable magnetic fields from $0.1 \\mathrm{mT}$ to $16.4 \\mathrm{T}$ for SABRE complexes, with and without the phosphorus atom. We also analyze the full NSPD of $o - \\mathrm{H}_{2}$ ; our setup enables measurements of the full NSPD curve even despite fast spin relaxation of $\\mathrm{H}_{2}$ . The ultimate goal of our investigation is to show that LACs give the dominant contribution to SABRE and drastically simplify the analysis of NSPDs.', 'A complementary method based on level anti- crossings (LACs) yields analogous but more qualitative results, whilst providing a much clearer and intuitive picture of the origin of SABRE polarization.[11,13a] A LAC arises at a magnetic field where two energy levels would cross in the absence of spinspin coupling. For SABRE, efficient mixing of the corresponding substrate and $p\\text{- }\\mathrm{H}_{2}$ derived spin- states therefore occurs when substrate and hydride resonance frequency differences match the difference between the mutual hydride spin couplings and the sum of one quarter of their mutual couplings to substrate.[13c] Hence, spin order transfer efficien cy depends explicitly on the scalar coupling network within the catalyst and the magnetic field experienced at the point of polarization transfer. Thus, this method has the benefit of enabling the rapid prediction of the optimum magnetization transfer field for a particular substrate.', 'Nuclear spin hyperpolarization is an important resource for increasing the sensitivity of NMR spectroscopy and MRI. Signal enhancements can be as large as 3- 4 orders of magnitude. In hyperpolarization experiments, it is often desirable to transfer the initial polarization to other nuclei of choice, either protons or insensitive nuclei such as $^{13}\\mathrm{C}$ and $^{15}\\mathrm{N}$ . This situation arises primarily in Chemically Induced Dynamic Nuclear Polarization (CIDNP), Para- Hydrogen Induced Polarization (PHIP), and the related Signal Amplification By Reversible Exchange (SABRE). Here we review the recent literature on polarization transfer mechanisms, in particular focusing on the role of Level Anti- Crossings (LACs) therein.']","['The ultimate goal of our investigation is to show that LACs give the dominant contribution to SABRE and drastically simplify the analysis of NSPDs. In general, analysis of the NSPD based on LACs not only provides a simple way to look at the complex spin dynamics in SABRE complexes but also enables (i) identifying active SABRE complexes and (ii) obtaining their NMR parameters, which are difficult to access by NMR experiments with thermally polarized spins. Notably, the values and signs of the scalar coupling between the hydride nuclei can be obtained, which, in turn, provide information on proton- proton distances [13] and can vary over a wide range [14- 17].']","Based on the provided context, Level Anti-Crossings (LACs) give the dominant contribution to SABRE and simplify the analysis of Nuclear Spin Polarization Distributions (NSPDs) for the following reasons:

1. **Dominant Contribution to SABRE**:  
   LACs occur at specific magnetic fields where energy levels of the substrate and parahydrogen-derived spin states would cross without spin-spin coupling. At these points, efficient spin-state mixing occurs, enabling direct transfer of polarization from parahydrogen to the substrate. The spin-order transfer efficiency depends explicitly on the scalar coupling network within the catalyst and the magnetic field, making LACs the primary mechanism for SABRE polarization.

2. **Simplification of NSPD Analysis**:  
   LACs provide a clear, intuitive framework for predicting polarization behavior. The magnetic field condition for LACs—where substrate-hydride resonance frequency differences match specific coupling differences—allows rapid identification of optimal polarization transfer fields. This reduces the need for complex quantum dynamics simulations, as NSPD curves (which map polarization versus field strength) are dominated by peaks at LAC positions. Consequently, analyzing NSPDs becomes more efficient, focusing on these key field-dependent transitions rather than exhaustive modeling.

In essence, LACs act as magnetic ""switch points"" that govern polarization transfer, streamlining both experimental optimization and theoretical interpretation of SABRE data.","LACs provide a simple way to analyze the complex spin dynamics in SABRE complexes, enabling the identification of active SABRE complexes and obtaining their NMR parameters, which are difficult to access by NMR experiments with thermally polarized spins. Additionally, LACs allow for the determination of scalar coupling values and signs between hydride nuclei, providing information on proton-proton distances.",0.7815462573036056,0.9672871712721669,0.5294117647058824,0.99999999995,0.5
7,Why can proton polarization lifetime be extended beyond the T1 by using 'Long Lived Singlets'?,"['Proton polarization lifetime can be extended beyond the $\\mathrm{T_1}$ by means of the exploitation of the so- called ""Long Lived Singlets""17,18,19] because singlet states are unaffected by dipolar relaxation mechanism.[20,21]', 'The proton singlet lifetime is expected to be much longer (many minutes)25,26,35 in the non $^{13}\\mathrm{C}$ - labelled molecule, because the ${}^{1}\\mathrm{H} - {}^{13}\\mathrm{C}$ dipolar coupling relaxation contribution is removed. This is appealing for the production of hyperpolarized fumarate, but the oxygen sensitivity should still limit the $T_{s}$ for in vivo application.', '4.2 Signal lifetime\nA long- lived singlet state pulse sequence was applied to the target thienopyridazines. The regioisomer $(\\mathrm{T}[2,3 - d]\\mathrm{P})$ showed an extension in magnetic lifetime in the proton pair of interest (between H2 and H3 from $\\mathrm{T_1}$ of 18 and $28~\\mathrm{s}$ to $\\mathrm{T_{LLS}}$ of $40~\\mathrm{s}$ ). A 40- s magnetic lifetime is in- line with $^{13}\\mathrm{C}$ d- DNP polarized pyruvate and therefore supports clinical detection feasibility.17,59 It was recognized that a potential pathway to further relaxation could exist if protons of the singlet state pair are scalar coupled to other protons within the same molecule. One way to overcome this would be to selectively deuterate H7 and H4. However, for $\\mathrm{T}[2,3 - d]\\mathrm{P}$ this could be counterproductive because H7 already has a $\\mathrm{T_1}$ lifetime of $49~\\mathrm{s}$ (longer than the long- lived lifetime on the H2/H3 resonances). In fact, deuterating H2, H3, and H4 in an effort to increase the $\\mathrm{T_1}$ of H7 (without the use of LLS strategies) would be more sensible in this case. Unfortunately, synthetic attempts were unsuccessful.']","[""Proton polarization lifetime can be extended beyond the T1 by means of the exploitation of the so-called 'Long Lived Singlets' because singlet states are unaffected by dipolar relaxation mechanism.""]","Based on the provided context, proton polarization lifetime can be extended beyond the spin-lattice relaxation time (\(\mathrm{T_1}\)) using Long-Lived Singlets (LLS) due to the following key reasons:

1. **Immunity to Dipolar Relaxation**:  
   Singlet states are unaffected by the primary dipolar relaxation mechanism that governs conventional \(\mathrm{T_1}\) decay. Dipolar relaxation typically causes rapid depolarization of proton magnetization, but the symmetry of singlet states protects them from this relaxation pathway.

2. **Suppression of Relaxation Mechanisms**:  
   In non-\(^{13}\mathrm{C}\)-labelled molecules, the absence of \(^{1}\mathrm{H}\)-\(^{13}\mathrm{C}\) dipolar couplings further extends the singlet lifetime. This removal of relaxation pathways allows LLS lifetimes (\(\mathrm{T_{LLS}}\)) to reach minutes in some cases, far exceeding typical \(\mathrm{T_1}\) values.

3. **Experimental Validation**:  
   The context explicitly demonstrates this extension in thienopyridazine regioisomers (\(\mathrm{T}[2,3-d]\mathrm{P}\)). A proton pair (H2-H3) exhibited:  
   - Conventional \(\mathrm{T_1}\) lifetimes of **18 s and 28 s**,  
   - Extended LLS lifetime (\(\mathrm{T_{LLS}}\)) of **40 s**.  
   This aligns with clinically relevant hyperpolarized probes like \(^{13}\mathrm{C}\)-pyruvate.

> ⚠️ **Limitation**:  
> The context notes that oxygen sensitivity may still limit \(\mathrm{T_{LLS}}\) for *in vivo* applications, and scalar couplings to other protons could introduce additional relaxation pathways. Selective deuteration was proposed to mitigate this but faced synthetic challenges.  

In summary, LLS bypasses dominant \(\mathrm{T_1}\) relaxation mechanisms through spin symmetry, enabling significantly extended hyperpolarization lifetimes.","Because singlet states are unaffected by dipolar relaxation mechanisms, which allows the proton polarization to last longer.",0.3304447605607601,0.8223325572814156,0.8235294117647058,0.9999999999666667,1.0
8,Why do sterically hindering groups in the ortho-positions of six-membered N-heterocycles reduce the efficiency of polarization transfer in 15N SABRE-SHEATH?,"['Despite the success of $^{15}\\mathrm{N}$ SABRE- SHEATH, so far this new approach has been limited to hyperpolarization of $^{15}\\mathrm{N}$ sites directly binding to the polarization- transfer catalyst. This pathway exploits short- range two- bond spin- spin couplings $(J_{\\mathrm{H - 15N}}^2)$ for polarization transfer from parahydrogen to $^{15}\\mathrm{N}$ sites (Figure 1a) in a $\\mu \\mathrm{T}$ magnetic field $(\\bar{B}_{\\mathrm{T}})$ 18,19 Furthermore, sterically hindering groups (e.g., methyl groups) in the ortho- positions of six- membered N- heterocycles significantly reduce the efficiency of polarization transfer.22 These shortcomings limit the use of $^{15}\\mathrm{N}$ - SABRE- SHEATH.', 'As previously described, the $^{15}\\mathrm{N}$ SABRE- SHEATH of neat liquids is an advantageous tool for efficient hyperpolarization of $^{15}\\mathrm{N}$ spins, particularly at their low natural abundance level. One potential use is for rapid compound screening, which we demonstrate here on a series of picolines and lutidines shown in Figure 5. We find that the presence of a methyl group in position 2 or 6 results in no detectable $^{15}\\mathrm{N}$ hyperpolarization via SABRE- SHEATH, whereas the substituents in other positions result in $^{15}\\mathrm{N}$ signal enhancements levels similar to those of Py. The obvious explanation is that steric hindrance induced by the presence of methyl groups in ortho positions significantly alters the time scale of the SABRE exchange process or reduces the association constant.', ""trend is in qualitative agreement with previous $^{15}\\mathrm{N}$ SABRE- SHEATH studies, which have shown that the polarization efficiency was better when spin order was transferred via two- bond heteronuclear spin- spin coupling compared to transfer via four- and five- bond heteronuclear spin- spin couplings.[22] We note that the $^{13}\\mathrm{C}$ enhancement (reflecting the efficiency of $^{13}\\mathrm{C}$ SABRE- SHEATH) was maximized with respect to the flow rate of $p - H_{2}$ at $\\approx 7$ atm $p - H_{2}$ pressure (Figure 2b), and optimized with respect to temperature and micro- Tesla magnetic field of SABRE- SHEATH polarization transfer, as illustrated in Figures 2 f and $2g$ , respectivelyWhile these feasibility results are promising, the achieved $P_{13C}$ value is roughly threefold lower than the corresponding $P_{15N}$ value obtained via $^{15}\\mathrm{N}$ SABRE- SHEATH under similar conditions.[19b] This difference can be explained in part by very short HP $^{13}\\mathrm{C}$ $T_{1}$ 's at both the Earth's field and high (9.4 T) magnetic field of 5- 8 s (Figures 2d,e), values that are approximately 3- 5- fold lower than those of $^{15}\\mathrm{N}$ sites at similar conditions.[19b] Consequently, the $P_{13C}$ losses during the $\\approx 6$ - second- long sample transfer (from the SABRE- SHEATH shield into the detection coil of the 9.4 T NMR magnet) are significant compared to the relatively small $P_{15N}$ relaxation losses[19b] during sample transferIf these losses were mitigated by hyperpolarization of longer- lived $^{13}\\mathrm{C}$ sites, the observable $P_{13C}$ would likely be increased by several foldWe emphasize that the $^{13}\\mathrm{C}$ $T_{1}$ 's in the studied system are likely limited due 1) to the strong (ca""]","['Furthermore, sterically hindering groups (e.g., methyl groups) in the ortho- positions of six- membered N- heterocycles significantly reduce the efficiency of polarization transfer.22 These shortcomings limit the use of 15N - SABRE- SHEATH.']","Based on the provided context, sterically hindering groups in the ortho-positions of six-membered N-heterocycles reduce polarization transfer efficiency in $^{15}\mathrm{N}$ SABRE-SHEATH due to **two interrelated factors**:

1.  **Steric Hindrance Alters Exchange Dynamics:**  
    The presence of methyl groups at positions 2 or 6 (ortho to the nitrogen) significantly alters the timescale of the reversible substrate-catalyst binding process essential for SABRE. This likely disrupts the optimal exchange kinetics required for efficient polarization transfer from parahydrogen ($p-\mathrm{H}_2$).

2.  **Reduced Association Constant:**  
    The steric bulk of ortho-methyl groups hinders the approach and binding of the substrate to the polarization-transfer catalyst. This reduces the association constant ($K_a$), weakening the substrate-catalyst complex formation. Efficient SABRE-SHEATH relies on this complex to facilitate polarization transfer via the $J_{\mathrm{H-}^{15}\mathrm{N}}$ coupling network.

**Consequence:**  
These effects prevent the efficient transfer of spin order from parahydrogen to the $^{15}\mathrm{N}$ nucleus. The polarization transfer in $^{15}\mathrm{N}$ SABRE-SHEATH primarily occurs through **short-range two-bond heteronuclear spin-spin couplings** ($J_{\mathrm{H-}^{15}\mathrm{N}}^2$). Steric hindrance in the ortho-position disrupts the formation or stability of the complex where this crucial coupling pathway operates optimally, leading to **no detectable $^{15}\mathrm{N}$ hyperpolarization** for substrates like 2-picoline or 2,6-lutidine. In contrast, methyl groups in meta or para positions (e.g., 3-picoline, 4-picoline) do not cause this steric interference and allow polarization levels similar to unsubstituted pyridine.",Sterically hindering groups in the ortho-positions of six-membered N-heterocycles reduce the efficiency of polarization transfer because they interfere with the short-range two-bond spin-spin couplings (J_H-15N^2) necessary for polarization transfer from parahydrogen to 15N sites in a μT magnetic field.,0.4363732179692483,0.962750027234682,0.9333333333333333,0.99999999995,1.0
9,Why is the quantification of hyperpolarised signals in NMR more complex than in standard NMR?,"['One challenge associated with incorporating hyperpolarisation into a reaction monitoring experiment is the quantification of the observed signals. In standard NMR, signals can be related directly to concentration as long as the requirement of sufficient relaxation time between spectra is met. However, with hyperpolarised signals the quantification of the concentration of species is more complex owing to the transient nature of the hyperpolarised signal and the need to account for the efficiency of the hyperpolarisation process. This fundamental difference means that there may not be a direct correlation between the observed signal and the amount of product present within the solution. Previous research using high- field NMR, from the research groups of both Eisenberg44 and Bargon,55 demonstrated that quantitative PHIP- hyperpolarised reaction monitoring was possible for catalytic systems through use of ROCHESTER- type pulse sequences (ROCHESTER = rates of catalytic hydrogenation estimated spectroscopically through enhanced resonances). Currently, the research into PHIP- hyperpolarised reaction monitoring on benchtop NMR spectrometers has focused on obtaining qualitative results. Recent studies from Jeong et al.56 and Gołowicz et al.57 have monitored hydrogenation reactions using $p\\mathrm{H}_2$ and in both cases product formation was successfully followed and reaction coordinates were obtained. However, neither study included quantitative analysis in order to obtain kinetic parameters for the observed systems.', 'When evaluating a hyperpolarisation method for a potential application, key factors to consider are the instrumentation requirements, the level of polarisation enhancement that can be achieved, and the range of species whose NMR signals can be enhanced. For analytical applications, the ideal method would have limited instrumentation requirements and deliver high levels of renewable polarisation for all target nuclei in the sample. However, all hyperpolarisation methods present trade- offs between these aspects, and therefore have both strengths and weaknesses depending on the desired application. For combination with benchtop NMR spectroscopy, the instrumentation requirements of the hyperpolarisation method are of particular relevance, due to the desire to maintain the overall affordability and portability of the technique. Another key consideration is the reproducibility of the hyperpolarisation response and scope for quantification. Quantification is a particular challenge, because unlike standard NMR, hyperpolarised NMR signal amplitudes depend not only on the relative concentration of a given analyte, but also on the efficiency of the hyperpolarisation process. For all methods, hyperpolarisation efficiency involves a complex interplay between experimental and sample- specific factors. Therefore a robust and quantitative interpretation of hyperpolarised signals poses a significant challenge.', 'Introduction\nNuclear magnetic resonance (NMR) spectroscopy is one of the attractive techniques for non- invasive biological analysis. However, in vivo analysis at a molecular level by NMR spectroscopy is often problematic because of the intrinsic low sensitivity. Hyperpolarization techniques have been developed to enhance the intensity of NMR signals of target nuclei dramatically. Theoretically in the case of $^{13}\\mathrm{C}$ nuclei, hyperpolarization should enhance intensities of NMR signals up to $10^{5}$ times more than in the thermal equilibrium. Among various protocols, the dissolution dynamic nuclear polarization (dDNP) method has become a mainstream technique to achieve high polarization levels, although several unsolved issues do remain, such as the requirement for expensive equipment and prolonged operating times of several hours.2']","['One challenge associated with incorporating hyperpolarisation into a reaction monitoring experiment is the quantification of the observed signals. In standard NMR, signals can be related directly to concentration as long as the requirement of sufficient relaxation time between spectra is met. However, with hyperpolarised signals the quantification of the concentration of species is more complex owing to the transient nature of the hyperpolarised signal and the need to account for the efficiency of the hyperpolarisation process. This fundamental difference means that there may not be a direct correlation between the observed signal and the amount of product present within the solution.']","Based on the provided context, the quantification of hyperpolarised signals in NMR is more complex than in standard NMR due to two interrelated factors:  

1. **Transient Nature of Hyperpolarised Signals**:  
   Hyperpolarised signals are inherently short-lived and decay rapidly as the system returns to thermal equilibrium. This transient behavior contrasts with standard NMR, where signals remain stable under equilibrium conditions, allowing direct concentration correlation when adequate relaxation delays are used.  

2. **Dependency on Hyperpolarisation Efficiency**:  
   The observed signal intensity depends not only on molecular concentration but also on the efficiency of the hyperpolarisation process itself. This efficiency involves a complex interplay of experimental parameters (e.g., instrumentation, pulse sequences) and sample-specific factors (e.g., molecular structure, relaxation rates). In standard NMR, signal quantification requires only relaxation time adjustments, whereas hyperpolarisation adds a layer of variability that must be explicitly modeled or calibrated.  

These challenges complicate quantitative analysis, as there is no direct proportionality between hyperpolarised signal amplitude and analyte concentration without rigorous control of the hyperpolarisation process. Current research on benchtop NMR systems using techniques like PHIP often prioritizes qualitative monitoring over quantitative kinetics for this reason.","The quantification of hyperpolarised signals is more complex because of the transient nature of the hyperpolarised signal and the need to account for the efficiency of the hyperpolarisation process, which means there may not be a direct correlation between the observed signal and the amount of product present.",0.5896574505044596,0.9937033994074618,0.8235294117647058,0.99999999995,1.0
10,Why does the spin-relay mechanism reduce 15N polarization for fluoro-[15N3] metronidazole compared to [15N3]-metronidazole?,"['CONCLUSIONS\nWe have reported on the synthesis of a potential molecular imaging probe fluoro- $\\left[^{15}\\mathrm{N}_3\\right]$ metronidazole for hypoxiaWe have employed the SABRE- SHEATH method to demonstrate hyperpolarization of $^{15}\\mathrm{N}$ sites with $P_{15\\mathrm{N}}$ of $4 - 6\\%$ The spin- relayed $^{19}\\mathrm{F}$ SABRE- SHEATH was inefficient, with $P_{19\\mathrm{F}}< 0.2\\%$ As a result, the direct use of the $^{19}\\mathrm{F}$ hyperpolarized state (i.e., produced directly at the onset of the SABRE process) is likely not going to be useful for future in vivo studies; this notion is additionally supported by the very short $^{19}\\mathrm{F}$ $T_{1}$ values at the Earth\'s and $1.4\\mathrm{T}$ fieldsTherefore, the only viable strategy for potential in vivo applications is to store the HP state on the longer- lived $^{15}\\mathrm{N}$ sites, followed by polarization readout using $^{19}\\mathrm{F}$ —as discussed in greater detail aboveThe presence of spin- relay between $^{19}\\mathrm{F}$ and $^{15}\\mathrm{N}$ HP sites was supported by the experimental relaxation dynamics and $B_{\\mathrm{T}}$ profilesThis spin- relay mechanism may lead to the reduction of $^{15}\\mathrm{N}$ polarization for fluoro- $\\left[^{15}\\mathrm{N}_3\\right]$ metronidazole compared to $\\left[^{15}\\mathrm{N}_3\\right]$ - metronidazole because the $^{19}\\mathrm{F}$ nucleus likely acts as a polarization sink due to short $T_{1}$ in the shield (which could not be measured in our experiment—instead, an apparent $T_{1}$ was measured as discussed above—all spin- spin- coupled nuclei share effectively the name ""apparent"" $T_{1}$ )$^{19}\\mathrm{F}$ polarization is likely depressed due to efficient relaxation in microtesla magnetic fields', 'The averaged polarization levels obtained for $^{15}\\mathrm{N}$ nuclei of $[^{15}\\mathrm{N}_3]$ metronidazole and $[^{15}\\mathrm{N}_3]$ nimorazole under optimized conditions in the three solvents used in this study are shown in Figure 5. Polarizations of the three $^{15}\\mathrm{N}$ sites were close to each other because of the spin- relayed polarization transfer mechanism and strong coupling of $^{15}\\mathrm{N}$ nuclei of these substrates at ultralow fields.[54,65] For $[^{15}\\mathrm{N}_3]$ metronidazole, the maximal attainable polarization decreased from $\\mathrm{CD}_3\\mathrm{OD}$ $(P_{15\\mathrm{N}_{\\mathrm{av}} = 7.4\\pm 0.1\\%}$ here $P_{15\\mathrm{N}_{\\mathrm{av}}}$ denote polarization that was first averaged across three $^{15}\\mathrm{N}$ sites for each experiment and then averaged across multiple experiments) to $\\mathrm{CH}_3\\mathrm{OH}$ $(P_{15\\mathrm{N}_{\\mathrm{av}} = 5.5\\pm 0.4\\%})$ and then to', '{15}\\mathrm{N}$ sites with maximum $\\% P_{15\\mathrm{N}}$ values ranging from 4.2 to 6.2%, indicating efficient spin- relayed polarization transfer in microtesla fields via the network formed by $J_{15\\mathrm{N - 15N}}^{5}$ . The corresponding $^{15}\\mathrm{N}$ to $^{19}\\mathrm{F}$ spin - relayed polarization transfer was found to be far less efficient with $\\% P_{19\\mathrm{F}}$ of $0.16\\%$ , i.e., more than an order of magnitude lower than that of $^{15}\\mathrm{N}$ . Relaxation dynamics studies in microtesla fields support a spin- relayed polarization transfer mechanism because all $^{15}\\mathrm{N}$ and $^{19}\\mathrm{F}$ spins Share the same $T_{1}$ value of ca. $16 - 20\\mathrm{s}$ and the same magnetic field profile for the SABRE- SHEATH polarization process. We envision the use of fluoro- $\\left[^{15}\\mathrm{N}_3\\right]$ metronidazole as a potential hypoxia sensor. It is anticipated that under hypoxic conditions, the nitro group of fluoro- $\\left[^{\\bar{1} 5}\\mathrm{N}_3\\right]$ metronidazole undergoes electronic stepwise reduction to an amino derivative. Ab initio calculations of $^{15}\\mathrm{N}$ and $^{19}\\mathrm{F}$ chemical shifts of fluoro- $\\left[^{15}\\mathrm{N}_3\\right]$ metronidazole and its putative hypoxia- induced metabolites clearly indicate that the chemical shift dispersions of al three $^{15}\\mathrm{N}$ sites and the $^{19}\\mathrm{F}$ site are large enough to enable the envisioned hypoxia- sensing approaches.']","[""This spin-relay mechanism may lead to the reduction of 15N polarization for fluoro-[15N3] metronidazole compared to [15N3]- metronidazole because the 19F nucleus likely acts as a polarization sink due to short T1 in the shield (which could not be measured in our experiment—instead, an apparent T1 was measured as discussed above—all spin-spin-coupled nuclei share effectively the name 'apparent' T1).""]","Based on the provided context, the spin-relay mechanism reduces $^{15}\mathrm{N}$ polarization for fluoro-$\left[^{15}\mathrm{N}_3\right]$ metronidazole compared to $\left[^{15}\mathrm{N}_3\right]$-metronidazole for the following reasons:

1. **$^{19}\mathrm{F}$ acts as a polarization sink**:  
   The $^{19}\mathrm{F}$ nucleus in fluoro-$\left[^{15}\mathrm{N}_3\right]$ metronidazole exhibits **efficient relaxation** in microtesla fields due to its intrinsically short $T_1$ relaxation time. This causes it to rapidly dissipate polarization.  

2. **Polarization leakage**:  
   During spin-relayed polarization transfer at ultralow fields, the $^{15}\mathrm{N}$ polarization is partially drained into the $^{19}\mathrm{F}$ nucleus via $^{15}\mathrm{N}$–$^{19}\mathrm{F}$ spin-spin coupling ($J$-coupling). The $^{19}\mathrm{F}$ nucleus then loses this polarization quickly due to its fast relaxation.  

3. **Shared relaxation dynamics**:  
   All $^{15}\mathrm{N}$ and $^{19}\mathrm{F}$ nuclei share the same **apparent $T_1$** (16–20 s) in microtesla fields. This collective relaxation shortens the effective lifetime of the $^{15}\mathrm{N}$ hyperpolarized state.  

4. **Experimental evidence**:  
   Polarization levels confirm this reduction:  
   - $\left[^{15}\mathrm{N}_3\right]$-metronidazole achieves $P_{{}^{15}\mathrm{N}_{\text{av}}} = 7.4 \pm 0.1\%$ (in $\mathrm{CD}_3\mathrm{OD}$).  
   - Fluoro-$\left[^{15}\mathrm{N}_3\right]$ metronidazole shows lower $^{15}\mathrm{N}$ polarization ($4–6\%$), attributed to the $^{19}\mathrm{F}$ sink effect.  

In contrast, $\left[^{15}\mathrm{N}_3\right]$-metronidazole lacks the $^{19}\mathrm{F}$ nucleus, allowing $^{15}\mathrm{N}$ polarization to remain confined within the $^{15}\mathrm{N}$ network and reach higher levels.","The reduction occurs because the 19F nucleus acts as a polarization sink due to its short T1 in the shield, which could not be measured directly but was inferred from apparent T1 values, leading to a decrease in 15N polarization.",0.6334226352318465,0.9569537302890456,0.9285714285714286,0.8333333332916666,1.0
11,What is the first step in the synthesis of imidazolium-based ionic liquids?,"['5 Synthesis of Ionic Liquids\nThe synthesis of ILs normally consists of two major steps. In the first step, the desired cation has to be generated, usually by direct alkylation/quaternisation of a nitrogen or phosphorus atom. In the second step, the anion resulting from the alkylation reaction can be exchanged for a different one [25]. Since imidazolium- based ILs have reached some kind of ""standard"" status in the IL community, I will focus on their synthesis in more detail (Scheme 3).', 'The overall synthesis of imidazole $^{15}\\mathrm{N}_2$ is shown in Scheme 1a, and the detailed reaction mechanism is shown in Scheme 1b. The mechanism of imidazole $^{15}\\mathrm{N}_2$ formation follows a typical acid catalyzed imine formation, which relies on the $\\mathrm{H}^+$ activation of carbonyls. The preparation allows for convenient $^{15}\\mathrm{N}$ enrichment of both $^{15}\\mathrm{N}$ sites using $^{15}\\mathrm{NH}_4\\mathrm{Cl}$ as the $^{15}\\mathrm{N}$ isotope source. The overall preparation is based on previous work[27] however, we found that the procedure developed by Alei and co- workers[27a] was challenging to reproduce. The key steps of our procedure (Scheme 1) include (i) cyclization under acidic rather than basic reaction conditions, (ii) use of a slight excess of readily available $^{15}\\mathrm{NH}_4\\mathrm{Cl}$ , and (iii) use of a sublimation setup. The described simple and robust synthesis offers the following advantages with respect to the recently described procedure.[27b] (i) the use of significantly simpler sublimation hardware (i.e. 1 mbar vs. $10^{- 3}$ mbar), (ii) the use of milder', '[](images/cd79344a97921a3c95f54c7de29610f774e57ec48a2ec6708b618ba8e6ea634d.jpg) \nScheme 3 Synthesis of imidazolium-based ionic liquids']","['The text describes the synthesis of imidazolium-based ionic liquids, detailing steps such as anion exchange and purification methods.']","Based on the provided context:  

The first step in the synthesis of imidazolium-based ionic liquids involves **generating the desired cation through direct alkylation/quaternisation of a nitrogen atom** (specifically in the imidazole ring). This step forms the cationic component of the ionic liquid.  

The context explicitly states:  
> *""The synthesis of ILs normally consists of two major steps. In the first step, the desired cation has to be generated, usually by direct alkylation/quaternisation of a nitrogen or phosphorus atom.""*  

For imidazolium-based ionic liquids, this entails alkylation of the nitrogen atoms in the imidazole precursor.",The first step is the direct anion-anion exchange from the desired acid or salt.,0.1574630347447728,0.9999999999999997,0.7142857142857143,0.0,0.0
12,What is the third step in the process of producing and imaging hyperpolarized phospholactate (PLAC)?,"['4.2.3. Metabolic Contrast Agent (mCA). $^{13}$ C-Phosholactate (PLAC)\nThe pairwise addition of $\\mathrm{pH}_2$ to phosphoenolpyruvate and subsequent polarization transfer can lead to the production of $^{13}\\mathrm{C - HP}$ phospholactate $[1 - ^{13}\\mathrm{C}]$ in an aqueous medium, which is suitable for in vivo administration in animals.[6a] It has also been shown that the deuteriated precursor molecule (phosphoenol pyruvate- $1 - ^{13}\\mathrm{C} - \\mathrm{d}_2$ , Figure 7d) improves the efficiency of the PHIP process significantly to $P_{13\\mathrm{C}}\\approx 15\\%$ , when rf- based polarization transfer is employed.[6b] Although phospholactate is not a naturally occurring metabolite, and once injected in blood vasculature, it undergoes rapid dephosphorylation (likely by blood phosphatases) to become lactate.[102c] This approach represents a convenient route for producing $^{13}\\mathrm{C}$ hyperpolarized lactate in vivo.[102c] Spectroscopic and imaging studies (Figure 9) have demonstrated the feasibility of in vivo $^{13}\\mathrm{C}$ - lactate imaging after injection of hyperpolarized phospholactate- $1 - ^{13}\\mathrm{C} - \\mathrm{d}_2$ . The highest signals were seen in the heart (Figure 9), kidneys, and blood vasculature.[60b]', '[](images/6a5b9ef70b6f7eb524e580d28cd156a9acd04f075d07260d65d158ea010b82a8.jpg) \nFigure 9. Production, injection, and imaging of HP PLAC. $\\mathsf{pH}_2$ is produced (left) and employed in the PHIP polarizer to hyperpolarize phospholactate- $1 - ^{13}\\mathrm{C} - \\mathrm{d}_2$ (PLAC) to $>10\\%$ .[6b] This mCA is then injected in a mouse, where it becomes hyperpolarized lactate- $1 - ^{13}\\mathrm{C} - \\mathrm{d}_2$ within seconds after injection[102c] and can be imaged using slice-selective 2D $^{13}\\mathrm{C}$ MRI.[60b]', 'High- resolution $^{13}\\mathrm{C}\\{^{1}\\mathrm{H}\\}$ NMR of samples derived from the serum, kidneys, livers, tumors, brains, and hearts of tumor- bearing mice was used to determine the fate of IV injected PLAC. $1 - ^{13}\\mathrm{C}$ - phospholactate is of significant interest because it has already been successfully hyperpolarized25 to $\\geq 15\\%$ of $^{13}\\mathrm{C}$ nuclear spin polarization (corresponding to $\\geq 60,000$ - fold signal enhancement at 3.0T) with in vitro $T_{1}$ of $58s^{36}$ and $1 - ^{13}\\mathrm{C}$ lactate (LAC), the daughter molecule after PLAC in vivo dephosphorylation, can be used for molecular imaging of elevated glycolysis in cancer37,38. Injections of hyperpolarized LAC have recently been reported as useful metabolic contrast agent to noninvasively study metabolism of tumor and heart37,39- 41, as well as report of the treatment efficacy40. Specifically, the metabolic conversion of LAC into $1 - ^{13}\\mathrm{C}$ pyruvate, $1 - ^{13}\\mathrm{C}$ alanine, and $^{13}\\mathrm{C}$ - bicarbonate is useful for molecular imaging in vivo.']","['The process involves the production of pH2, employment in the PHIP polarizer to hyperpolarize phospholactate, injection into a mouse, conversion to hyperpolarized lactate, and imaging using slice-selective 2D 13C MRI.']","Based on the provided context, the process of producing and imaging hyperpolarized phospholactate (PLAC) involves the following steps:  
1. Production of parahydrogen (\( \mathrm{pH_2} \)) (left part of Figure 9).  
2. Hyperpolarization of phospholactate-1-\(^{13}\mathrm{C}\)-d\(_2\) (PLAC) using a PHIP polarizer to achieve >10% polarization.  
3. **Injection of the hyperpolarized PLAC into a mouse** (explicitly stated in Figure 9 caption: ""This mCA is then injected in a mouse"").  

The third step is the **in vivo administration (injection)** of the hyperpolarized PLAC into the subject. After injection, PLAC rapidly converts to hyperpolarized lactate-1-\(^{13}\mathrm{C}\)-d\(_2\) via dephosphorylation, enabling subsequent \(^{13}\mathrm{C}\) MRI imaging.",The third step is the injection of the hyperpolarized phospholactate into a mouse.,0.5327392823520447,0.931424373695566,1.0,0.49999999995,1.0
13,Why can the enhancement of the $^{19}$ F resonance be significantly improved by decreasing the field strength and increasing the concentration of $p - H_{2}$?,"['When comparing the $^{1}$ H- hyperpolarized NMR results obtained on the fluorinated compounds studied in this work with the ones obtained using pyridine, we find that when working at low ligand loadings (one- fold excess of substrate), the total enhancement obtained for each molecule is considerably lower than for pyridine. However, when moving to high ligand loadings (17- fold excess of substrate), the performance of pyridine is surpassed by $\\mathsf{L}^7$ and $\\mathsf{L}^6$ (with enhancements which are 3.2 and 1.2 higher), whereas the enhancements obtained for $\\mathsf{L}^4$ and $\\mathsf{L}^7\\mathsf{b}$ become comparable to the ones of pyridine. We show that this can be explained by considering the effect of relaxation in these fluorinated ligands, which relax slower, on average, than pyridine under the same conditions. We note that, in the case of $\\mathsf{L}^7$ , deprotonation using $C_{52}C_{03}$ leads to a remarkable increase in $T_{1}$ of the proton located between the N center and the carboxylic group, from 14.5 to 46.1 s. Our work demonstrates that, by varying the ligand loading and $p - H_{2}$ concentration, it is possible to dramatically exceed the previously reported $^{1}$ H hyperpolarization levels. $^{19}$ F NMR hyperpolarized spectra were successfully recorded for $\\mathsf{L}^2,\\mathsf{L}^4,\\mathsf{L}^6,\\mathsf{L}^7\\mathsf{a},\\mathsf{L}^7\\mathsf{b},\\mathsf{L}^8,$ and $\\mathsf{L}^9$ , and the average enhancements of the free fluorine resonance, with the exception of $\\mathsf{L}^8$ and $\\mathsf{L}^9$ , were quantified. The highest values were obtained for $\\mathsf{L}^2$ and $\\mathsf{L}^7\\mathsf{b}$ (ca. 60- and 39- fold enhancements, respectively, at 11.74 T), although we note that the enhancement values reported by Shchepin et al.[14] exceed the ones reported here. However, we show that, by decreasing the field strength at which experiments are performed and increasing the concentration of $p - H_{2}$ , the enhancement of the $^{19}$ F resonance can be significantly improved.', '{15}\\mathrm{N}$ SABRE- SHEATH Hyperpolarization. $^{15}\\mathrm{N}$ SABRE- SHEATH experiments with $^{15}\\mathrm{N - 3 - }^{19}\\mathrm{F}$ - pyridine were carried out in the magnetic shield. The signal enhancement was calculated using $4.4\\mathrm{M}$ solution of $^{15}\\mathrm{N}_2$ - imidazole (prepared as described previously) in $\\mathrm{D}_2\\mathrm{O}$ as a signal reference. The SABRE- SHEATH polarization transfer was found to be relatively efficient and $^{15}\\mathrm{N}$ HP resonance of $^{15}\\mathrm{N - 3 - }^{19}\\mathrm{F}$ - pyridine was enhanced $\\sim 997$ - fold, from Figure 4a versus 4b. The observed $^{15}\\mathrm{N}$ signal enhancements and the appearance of $^{15}\\mathrm{N}$ spectra were similar to those reported for $^{15}\\mathrm{N}$ - pyridine earlier. We note that $^{15}\\mathrm{N}$ signal enhancement values for $^{15}\\mathrm{N - 3 - }^{19}\\mathrm{F}$ - pyridine reported here are significantly lower than the record $^{15}\\mathrm{N}$ values for other substrates reported in the literature, which can be explained by three primary factors: difference of the actual substrates, the relatively high concentration $(\\sim 100~\\mathrm{mM})$ employed here, and nonoptimized polarization conditions (e.g., lower $p\\mathrm{- H}_2$ pressure and flow rate).', 'To determine the influence of the polarizing field $B_{p}$ on the achievable signal enhancements experiments were performed using the sequence shown in Fig. 1d. The $B_{p}$ field strength was varied between $0.144\\mathrm{mT}$ (the $B_{0}$ field) and $10.3\\mathrm{mT}$ . The acquired signal was Fourier transformed, and the absolute value of the signal was integrated over the range of the multiple peak structure ( $\\approx 20\\mathrm{Hz}$ around the excitation frequency). The results show (Fig. 2) that the signal enhancement is not only influenced by the polarizing field, but also by the substance to be hyperpolarized and the corresponding nuclei. Interestingly, the ${}^{19}\\mathrm{F}$ signals of the monofluorinated compounds exhibit only a weak dependence on the polarizing field when compared to the according ${}^{1}\\mathrm{H}$ signals. The field strengths that yield maximum signal enhancement for the ${}^{19}\\mathrm{F}$ and the ${}^{1}\\mathrm{H}$ signal of the substances were also different. The $B_{p}$ field for the maximum ${}^{19}\\mathrm{F}$ signal enhancement is lower for the two monofluorinated pyridine derivatives lower than for ${}^{1}\\mathrm{H}$ . 3,5- Bis(trifluoromethyl)pyridine seems to exhibit a different behavior. Here, the $B_{p}$ field dependency of the ${}^{19}\\mathrm{F}$ is even less pronounced than for all the other substrates. The small increase of the area- under- peak for stronger $B_{p}$ field strengths is due to an increase in noise, which becomes dominant here, because of the small SNR.']","['by decreasing the field strength at which experiments are performed and increasing the concentration of $p - H_{2}$, the enhancement of the $^{19}$ F resonance can be significantly improved.']","Based on the provided context, the enhancement of \(^{19}\mathrm{F}\) resonance improves under lower field strengths and higher \(p\text{-}\mathrm{H}_2\) concentrations due to the following experimental observations:

### 1. **Field Strength Dependence**:
   - \(^{19}\mathrm{F}\) signals (especially in monofluorinated compounds) exhibit **weaker dependence** on the polarizing field (\(B_p\)) compared to \(^{1}\mathrm{H}\) signals.
   - The optimal \(B_p\) field for maximizing \(^{19}\mathrm{F}\) enhancement is **lower** than that for \(^{1}\mathrm{H}\) (e.g., \(0.144–10.3 \, \mathrm{mT}\) range tested).  
   - Lower field strengths align better with the \(B_p\) range that maximizes \(^{19}\mathrm{F}\) polarization transfer efficiency.

### 2. **Relaxation Effects**:
   - Fluorinated ligands (e.g., \(\mathsf{L}^7\), \(\mathsf{L}^6\)) exhibit **slower relaxation** (longer \(T_1\)) than non-fluorinated analogs (e.g., pyridine) under identical conditions.  
   - Example: Deprotonation of \(\mathsf{L}^7\) extended \(T_1\) from \(14.5 \, \mathrm{s}\) to \(46.1 \, \mathrm{s}\).  
   - Slower relaxation preserves hyperpolarization longer, making \(^{19}\mathrm{F}\) more resilient to field-dependent relaxation losses at lower fields.

### 3. **Increased \(p\text{-}\mathrm{H}_2\) Concentration**:
   - Higher \(p\text{-}\mathrm{H}_2\) pressure/flow rate directly increases the **pool of para-hydrogen spin order** available for polarization transfer.  
   - Prior suboptimal \(^{19}\mathrm{F}\) enhancements (e.g., for \(^{15}\mathrm{N-3-}^{19}\mathrm{F}\)-pyridine) were linked to **nonoptimized \(p\text{-}\mathrm{H}_2\) conditions** (low pressure/flow).  
   - Enhanced \(p\text{-}\mathrm{H}_2\) supply mitigates relaxation losses and boosts polarization transfer efficiency.

### Key Insight:
The synergy of **reduced field** (matching \(^{19}\mathrm{F}\)-optimal \(B_p\)) and **elevated \(p\text{-}\mathrm{H}_2\)** (maximizing spin order input) counteracts relaxation constraints, thereby amplifying \(^{19}\mathrm{F}\) hyperpolarization beyond what is achievable for \(^{1}\mathrm{H}\) or non-fluorinated substrates.",The enhancement of the $^{19}$ F resonance can be significantly improved by decreasing the field strength at which experiments are performed and increasing the concentration of $p - H_{2}$ because these conditions optimize the experimental setup for better resonance enhancement.,0.5515849446647391,0.9246595051560932,1.0,0.9999999999666667,1.0
14,What is the translational advantage of LF MRI compared to ZULF MRI in terms of imaging techniques?,"['3.4. Imaging and biomedical translation\nAlthough HP NMR spectroscopy has been reported in the ZULF regime [37,66,67] including frequency- selective RF excitation [67], the use of conventional MRI frequency encoding in ZULF potentially is challenging due to the very low resonance frequency, and new MRI encoding techniques likely need to be developed. However, $^{13}\\mathbb{C}$ (as well as $^1\\mathrm{H}$ $\\mathrm{^1H_2}$ and $^{129}\\mathrm{Xe}$ MRI imaging can be performed at $B_0 > 6\\mathrm{mT}$ (including $\\sim 48.7~\\mathrm{mT}$ the field studied here) as has been demonstrated by us [15,52,68- 70] and others [8,19,20,71- 75] previously using conventional MRI approaches. In particular, $^{13}\\mathbb{C}$ frequency encoding can still be accomplished at $\\sim 0.5\\mathrm{MHz}$ resonance frequency $(\\mathbf{f}_0)$ as employed here and using a RF coil with suitable quality factor $Q$ and reasonable choice of spectral width (SW) to satisfy the imaging bandwidth condition of $\\mathbf{f}_0 / Q\\gg \\mathbf{SW}$ [15]. The direct use of conventional encoding approaches is a clear translational advantage of LF MRI compared to the current status of ZULF due to the ready availability of commercial hardware and the wide range of already established pulse sequences.', '1. Introduction\nZero- to ultralow- field nuclear magnetic resonance (ZULF NMR) is an emerging alternative magnetic resonance modality where measurements are performed in the absence of an applied magnetic field [1]. By eliminating the need for a large magnetic field to encode chemical information in the form of chemical shifts, ZULF NMR avoids some problems encountered by conventional NMR, such as broadening from susceptibility gradients in complex materials [2], limited rf penetration into conductive samples [3,4], and truncation of nuclear spin interactions that do not commute with the Zeeman interaction [5,6].', 'The same may be true for magnetic resonance imaging (MRI)We note that only one decade since the first demonstration of ZULF NMR with atomic magnetometers,28 several studies have demonstrated MRI, assisted by remote detection,101,107,108 extended- cell and flux- transformer strategies,109,110 although the alkali- vapor magnetometer and/or spatial encoding is used at higher magnetic fields on the order of mT and not in the ZULF/SERF regimeAt present, SQUID magnetometry is preferred for larger spatial fields- of- view (e.g., imaging medical/physiological subjects), mainly because the technology is more mature.16,46,111 As the alkali- vapor, SQUID and NV- diamond magnetometers continue to undergo a rapid stage of development and advance, including in ZULF, it is expected that the scenes will change dramatically over the coming years.']",['The direct use of conventional encoding approaches is a clear translational advantage of LF MRI compared to the current status of ZULF due to the ready availability of commercial hardware and the wide range of already established pulse sequences.'],"Based on the provided context, the translational advantage of LF MRI (Low-Field MRI, at fields >6 mT) over ZULF MRI (Zero- to Ultra-Low-Field MRI) in terms of imaging techniques is as follows:  

1. **Conventional Encoding Compatibility**:  
   LF MRI allows the direct use of conventional MRI frequency-encoding techniques (e.g., RF excitation, gradient-based spatial encoding). This is feasible because resonance frequencies at LF (e.g., ~0.5 MHz for $^{13}\mathrm{C}$ at 48.7 mT) are high enough to enable standard approaches, satisfying the imaging bandwidth condition ($\mathbf{f}_0 / Q \gg \mathbf{SW}$).  

2. **Hardware and Protocol Accessibility**:  
   LF MRI leverages commercially available hardware and established pulse sequences. This eliminates the need for developing entirely new encoding strategies, unlike ZULF MRI, which requires specialized techniques (e.g., remote detection, flux-transformer strategies, or atomic magnetometers at higher mT-range fields for spatial encoding).  

3. **Maturity and Scalability**:  
   While ZULF MRI is still evolving, LF MRI benefits from decades of optimization in conventional MRI. Technologies like SQUID magnetometers are currently more mature for larger fields-of-view (e.g., medical imaging), though ZULF detection methods (alkali-vapor, NV-diamond) are advancing rapidly.  

**Key Limitation of ZULF**:  
ZULF MRI cannot use conventional frequency encoding due to near-zero resonance frequencies, necessitating novel methods that are not yet standardized or widely accessible.  

Thus, LF MRI’s compatibility with established imaging protocols and commercial infrastructure provides a clear translational advantage for practical applications.","LF MRI has a translational advantage over ZULF MRI because it allows the direct use of conventional encoding approaches, which is facilitated by the ready availability of commercial hardware and the wide range of already established pulse sequences.",0.44215619034463327,0.9975307385312308,0.9444444444444444,0.9999999999,1.0
15,Why does the determined rate deviate to lower than expected values when $R_{1} <= k_{\mathrm{obs}}$ in the simulation studies?,[],"['As $R_{1}$ is increased further, to a regime where $R_{1} < = k_{\\mathrm{obs}}$ (Fig. 4c), there is continued improvement to the SNR but the determined rate deviates to lower than expected values. This deviation is indicative of a breakdown of the analysis method which assumes the observed signal will adhere to a simple']","Based on the provided information, the question regarding why determined rates deviate lower than expected when \( R_1 \leq k_{\text{obs}} \) in simulation studies cannot be answered. The context does not contain specific details about simulation parameters, relaxation rates (\( R_1 \)), or observed rate constants (\( k_{\text{obs}} \)) in PHIP/SABRE systems that would explain this deviation. 

For further clarification, please provide additional context or specify the experimental conditions and reference literature related to your query.","The deviation occurs because the analysis method breaks down under these conditions, as it assumes the observed signal will adhere to a simple model, which no longer holds when $R_{1} <= k_{\mathrm{obs}}$.",0.166312015886029,0.0,1.0,0.0,0.0
16,Why is the classification of Ionic Liquids (ILs) normally based on their chemical structure rather than other physicochemical properties?,"['The classification of ILs can, of course, be based on any of their physicochemical properties, such as melting point, liquidus range, viscosity, acidity/basidity, and density. These properties will be the topic of the next section. In practical terms, the classification of ILs is normally based on their chemical structure, i.e., on the composition of their cations in combination with their anions.', '5 Synthesis of Ionic Liquids\nThe synthesis of ILs normally consists of two major steps. In the first step, the desired cation has to be generated, usually by direct alkylation/quaternisation of a nitrogen or phosphorus atom. In the second step, the anion resulting from the alkylation reaction can be exchanged for a different one [25]. Since imidazolium- based ILs have reached some kind of ""standard"" status in the IL community, I will focus on their synthesis in more detail (Scheme 3).', '4.1 General Properties\nThe most prominent property of all ILs is the fact that they do not have any measurable vapour pressure- - obviously so, since they are salts and therefore are completely composed of cations and anions. (Recently, various reports of distillable ILs have appeared in the literature, e.g., [17]. At the present state, I leave it to the reader to make up his or her own mind about this topic.) This fact gives rise to one of the major advantages of using ILs in synthesis and their label of being ""green"": no vapour pressure means no volatile solvent and no toxic solvent vapours. Additionally, the product of a reaction run in an IL can be obtained by simply distilling it off the solvent while the catalyst stays ""immobilised"" in the ionic phase- - the same holds']","['In practical terms, the classification of ILs is normally based on their chemical structure, i.e., on the composition of their cations in combination with their anions.']","Based on the provided context, the classification of Ionic Liquids (ILs) is **normally based on their chemical structure** (specifically the composition of their cations and anions) rather than other physicochemical properties for the following reasons:  

1. **Structural Composition Drives Properties**:  
   The text states that physicochemical properties (e.g., melting point, viscosity, density) *can* be used for classification, but **in practical terms, chemical structure is prioritized**. This is because the cation-anion combination fundamentally determines these properties.  

2. **Synthetic Methodology**:  
   IL synthesis involves two key steps:  
   - Generating the cation (e.g., via alkylation/quaternisation of nitrogen/phosphorus).  
   - Exchanging the anion.  
   This process emphasizes structural components (cations like imidazolium and anions) as the primary design elements, making structural classification more intuitive for synthesis and application.  

3. **Practical Utility**:  
   Classifying ILs by cation-anion pairs (e.g., imidazolium-based ILs as ""standard"") provides a consistent framework for researchers to design, compare, and optimize ILs for specific uses, whereas properties like viscosity or density vary significantly with structural modifications.  

> **Key excerpt**:  
> *""In practical terms, the classification of ILs is normally based on their chemical structure, i.e., on the composition of their* **cations** *in combination with their* **anions**.""*  

Thus, while properties are important, structural classification is foundational to understanding and engineering ILs.","The classification of ILs is based on their chemical structure because it is more practical and directly relates to the composition of their cations in combination with their anions, which is a key feature for their application as reaction media.",0.6226629888343829,0.838659417446717,0.5714285714285714,0.9999999999,1.0
17,What is the first step in the process of producing HP propane gas using the clinical-scale propane polarizer device?,"['MATERIALS AND METHODS\nWe have developed a clinical- scale propane polarizer device (Figure 1) for hydrogenation of propylene with $\\mathrm{p - H}_2$ over a heterogeneous catalyst to produce HP propane gasThe core of the polarizer was comprised of $1 / 4$ inOD copper tubing, which was divided into three zonesThe first zone was filled with Cu beads (10- 40 mesh size, $>99.90\\%$ purity, Sigma- Aldrich #311405, approximately $12\\mathrm{~g~}$ filled in a $10\\mathrm{~cm}$ long section) and was employed for preheating the reagents using oven #1 (see Figure 1)The second zone was filled with $\\sim 12\\mathrm{~g~}$ of copper beads and a small quantity $(60 - 280\\mathrm{mg})$ of $1\\mathrm{~wt~\\%}$ $\\mathrm{Rh / TiO_2}$ catalystThis type of $\\mathrm{Rh / TiO_2}$ catalyst was tested in previous studiesThe Cu particles provided a significantly more efficient dissipation of heat generated during the highly exothermic hydrogenation reaction, because the released heat was first absorbed by the Cu beads and then dissipated through the copper reactor tube by the plates and radiatorsThe second zone was heated with oven #2 and used for production of HP propane gas by the pairwise addition of $\\mathrm{p - H}_2$ to propylene over the heterogeneous Rh catalystThe third zone was filled with $\\sim 12\\mathrm{~g~}$ of copper particles and employed for cooling the HP gas exiting the polarizer using a cooling fan (see Figure 1)The third zone was also additionally equipped with oven #3, which could be used to adjust the temperature of the exiting gasThe zones of the reactor were separated by small quantities of glass woolThe reactor tube was sandwiched by ovens #1- 3, which were comprised of aluminum plates with attached cartridge heaters and radiatorsThe temperature of all three zones was independently controlled by three PID controllers (Figure 1b,c)In most of our experiments, the observed temperature fluctuations measured by the thermocouples attached to aluminum plates did not exceed $5^{\\circ}\\mathrm{C}$ from the set point values', 'CONCLUSIONS\nA systematic study of nuclear spin relaxation dynamics at $0.0475\\mathrm{T}$ of HP propane prepared by HET- PHIP is reported using a clinical- scale hyperpolarizer device under conditions providing nearly $100\\%$ chemical conversionWe find that the HP propane $T_{\\mathrm{LLS}}$ is $\\sim 3s$ at 1 atm, that is, under clinically relevant conditions$T_{\\mathrm{LLS}}$ and $T_{1}$ values generally exhibit a linear dependence on propane pressureAt the pressures studied, the $T_{\\mathrm{LLS}}$ values are approximately 3 times greater than the corresponding $T_{1}$ valuesThe use of deuterated propylene as a HP propane precursor (i.eproduction of HP propane- $d_{6}$ reduces $T_{\\mathrm{LLS}}$ by as much as $\\sim 20\\%$ indicating that deuteration of the precursor maybe somewhat detrimental to the lifetime of the HP stateThe use of light and heavy buffering gases $(\\mathrm{pH}_2$ and a 3:1 mixture of $\\mathrm{Xe / N}_2$ is found to have a negligible effect on $T_{1}$ and generally results in somewhat lower $T_{\\mathrm{LLS}}$ values: the $T_{\\mathrm{LLS}}$ reduction is concentration dependentAt the same time, the use of buffering gases increases the polarization levels of HP propane gas during HET- PHIP production, which is welcome in the context of biomedical applicationsAlthough the buffering gas dilutes the HP propane gas, it can be separated through a process of HP propane cryocollection, the feasibility of which was demonstrated hereThe added benefit of HP propane cryocollection is the increase of the $T_{\\mathrm{LLS}}$ value to $14.7~s$ in the liquid state, which is significantly greater than any reported $T_{\\mathrm{LLS}}$ value for HP propane gas at any pressure, and which can be useful for temporary storage of produced HP propane prior to its in vivo administrationWe have also investigated the possibility of applying a partial SLIC pulse to HP propane LLS, and we find that most of the pool of the overpopulated LLS is retained even after application of an optimized SLIC pulse', 'HP propane has garnered our attention because it is relatively inert,51,52 has low in vivo toxicity,53 and it is approved by the FDA for its use in the food industry as a propellant and for food storage.54 More broadly, it is used as a food additive (E944). Therefore, we envision its potential use as an inhalable HP gas in a manner similar to that of HP $^{129}\\mathrm{Xe}$ . However, unlike HP $^{129}\\mathrm{Xe}$ , HP propane can be produced using relatively simple, low- cost, and high- throughput hyperpolarization hardware,55 and HP propane can be readily imaged using conventional clinical MRI scanners which can readily detect HP protons of propane gas,56- 59 representing the clear advantages for biomedical use. Recently, we have demonstrated a clinical- scale hyperpolarization process for production of pure (from catalyst) HP propane gas capable of producing $\\sim 0.3$ standard liters of HP hydrocarbon gas in $\\sim 2\\mathrm{~s}$ .55 As a result, access to HP propane for potential use in humans and large animals is enabled. The work presented here is focused on systematic relaxation studies of HP propane in the gas and liquid states with the key focus on the biomedical application of this potential inhalable contrast agent and extending the lifetime of the HP state as much as possible for potential bioimaging applications.']","['The core of the polarizer was comprised of 1/4 in. OD copper tubing, which was divided into three zones. The first zone was filled with Cu beads (10-40 mesh size, >99.90% purity, Sigma-Aldrich #311405, approximately 12g filled in a 10cm long section) and was employed for preheating the reagents using oven #1 (see Figure 1).']","Based on the provided context, the first step in producing hyperpolarized (HP) propane gas using the clinical-scale polarizer device is:  

**Preheating the reagents (propylene and para-hydrogen, $\mathrm{p - H}_2$) in the first zone of the reactor.**  

### Key details from the context:  
1. **Reactor Design**:  
   - The reactor is divided into three zones using copper tubing.  
   - The **first zone** is filled with copper beads (10–40 mesh, >99.90% purity) and serves as the preheating section.  

2. **Process**:  
   - This zone uses **oven #1** to preheat the reagents (propylene and $\mathrm{p - H}_2$) before they enter the hydrogenation zone.  
   - Preheating ensures optimal reaction conditions for the subsequent hydrogenation step.  

This step prepares the reagents for efficient hydrogenation in the second zone, where $\mathrm{p - H}_2$ is catalytically added to propylene over a $\mathrm{Rh / TiO_2}$ catalyst to generate HP propane gas.",The first step is preheating the reagents using Cu beads and oven #1 in the first zone.,0.5204329551631246,0.9607283223348467,0.9166666666666666,0.9999999999,1.0
18,Why does the SABRE model predict a different polarization dependence on the fraction of parahydrogen compared to hydrogenative PHIP?,"['In addition to the dependence on chemical exchange rates we analyzed the dependence of the SABRE polarization of the fraction of $p\\mathrm{H}_2$ in the external source of the $\\mathrm{H}_2$ gas. Our model predicts a different polarization dependence on the fraction of parahydrogen (Fig. 7) compared to hydrogenative PHIP, where a strictly linear dependence is expected.32', 'Parahydrogen- based hyperpolarization methods such as PHIP and SABRE are relatively inexpensive and thus have a potential for a more widespread use compared to d- DNP.[6] These techniques exploit singlet spin order of a parahydrogen $(\\mathrm{p} - \\mathrm{H}_2)$ molecule as a source of hyperpolarized (HP) state. In PHIP, the symmetry of $\\mathrm{p} - \\mathrm{H}_2$ molecule is broken via pairwise $\\mathrm{p} - \\mathrm{H}_2$ addition to an asymmetric unsaturated precursor molecule.[4,16] The requirement to have an unsaturated precursor limits the range of compounds which can be hyperpolarized using PHIP, although $[1 - ^{13}\\mathrm{C}]$ pyruvate and other metabolically relevant biomolecules have been successfully hyperpolarized.[17- 22] In contrast, SABRE technique allows one to hyperpolarize compounds without their chemical modification.[7] In SABRE, both p- H2 and substrate molecules undergo reversible exchange on a', ""The Non- Hydrogenative Parahydrogen- Induced Polarization (NH- PHIP) technique, which is referred to as Signal Amplification by Reversible Exchange (SABRE), has been reported to be applicable to various substrates and catalysts. For more detailed studies, pyridine was mainly examined in the past. Here, we examined several pyrazole derivatives towards their amenability to this method using Crabtree's Catalyst, which is the polarization transfer catalyst that is best documented. Additionally, the dependence of the signal enhancement on the field strength, at which the polarization step takes place, was examined for pyridine and four different pyrazoles. To achieve this, the polarization step was performed at numerous previously determined magnetic fields in the stray field of the NMR spectrometer. The substrate dependence of the field dependence proved to be relatively small for the different pyrazoles and a strong correlation to the field dependence for pyridine was observed. Reducing the number of spins in the catalyst by deuteration leads to increased enhancement. This indicates that more work has to be invested in order to be able to reproduce the SABRE field dependence by simulations.""]","['Our model predicts a different polarization dependence on the fraction of parahydrogen (Fig. 7) compared to hydrogenative PHIP, where a strictly linear dependence is expected.32']","Based on the provided context, the difference in polarization dependence on parahydrogen fraction between SABRE and hydrogenative PHIP arises from fundamental mechanistic distinctions:

1. **Hydrogenative PHIP** exhibits a **strictly linear dependence** on parahydrogen fraction because it relies on pairwise chemical addition of p-H₂ to an unsaturated precursor. This direct covalent bonding transfers the singlet spin order in a single step, making polarization directly proportional to p-H₂ concentration.

2. **SABRE (NH-PHIP)** shows a **non-linear dependence** due to its reversible exchange mechanism. Here, p-H₂ and substrate molecules undergo dynamic binding/release cycles on a metal catalyst (e.g., Crabtree's catalyst). This introduces complex variables like:
   - Exchange kinetics between catalyst/substrate/p-H₂
   - Magnetic field strength during polarization
   - Catalyst spin environment (e.g., deuteration reduces spin dilution, enhancing polarization)
   - Substrate-specific interactions (observed in pyrazoles vs. pyridine)

The reversible exchange process creates competing pathways for spin-order transfer, decoupling polarization from a simple linear relationship with p-H₂ fraction. Experimental observations confirm this through field-strength dependencies and substrate-specific variations not seen in hydrogenative PHIP.","The SABRE model predicts a different polarization dependence on the fraction of parahydrogen compared to hydrogenative PHIP because in hydrogenative PHIP, a strictly linear dependence is expected, whereas SABRE involves different mechanisms of polarization transfer and exchange rates that lead to a non-linear dependence.",0.4228769320148284,0.948824483222768,0.8421052631578947,0.99999999995,1.0
19,How does the conversion efficiency of the paramagnetic mechanism compare to that of the nuclear spin mechanism in terms of speed and concentration?,"[""Comparing the possible conversion efficiency of the paramagnetic conversion to the nuclear spin conversion it is evident that the paramagnetic mechanism is about three orders of magnitude faster than the nuclear spin mechanism, due to the larger couplings by the higher gyromagnetic ratio of the electron. On the other hand, however, the concentration of nuclear spins in general is several orders of magnitude higher than the concentration of paramagnetic impurities. Since the absolute conversion rate is proportional to the number of conversion sites $n_{\\mathrm{X}}$ times the relative conversion rate, it follows that the faster conversion due to paramagnetic impurities is at least partially compensated by the higher density of nuclear spins. Thus even in systems with paramagnetic impurities the nuclear spin mechanism can be an efficient conversion channel. It would be interesting to try a quantitative comparison of these conversion channels for char- coal, the most often used conversion agents. Here it is generally assumed that paramagnetic impurities inside the char- coal are responsible for a magnetic spin conversion.' The question now is, how efficient this channel is compared to nuclear spin interactions to $^{13}\\mathrm{C}$ nuclei, which have approximately $1\\%$ natural abundance."", 'In a recent publication48 some of us have reported experimental evidence for an efficient ortho/para- $\\mathrm{H}_{2}$ spin conversion in a purely diamagnetic compound where practically no paramagnetic impurities are present. In this publication we suggested that the spin conversion was the result of nuclear spin interactions between the hydrogen spins of the para- $\\mathrm{H}_{2}$ and nuclear spins and we proposed the existence of a new, nuclear spin mechanism of the ortho/para- $\\mathrm{H}_{2}$ spin conversion, which exists in parallel to the other mechanisms. A similar conversion process, observed by Jaska et al.49 for certain catalytic reactions, was attributed to a metathesis in a tetrahydride intermediate.', 'In this paper a quantitative explanation for a diamagnetic ortho/para $\\mathrm{H}_2$ conversion is given. The description is based on the quantum- mechanical density matrix formalism originally developed by Alexander and Binsch for studies of exchange processes in NMR spectra. Only the nuclear spin system is treated quantum- mechanically. Employing the model of a three spin system, the reactions of the hydrogen gas with the catalysts are treated as a phenomenological rate process, described by a rate constant. Numerical calculations reveal that for nearly all possible geometrical arrangements of the three spin system an efficient spin conversion is obtained. Only in the chemically improbable case of a linear group $\\mathrm{H - X - H}$ no spin conversion is obtained. The efficiency of the spin conversion depends strongly on the lifetime of the $\\mathrm{H - X - H}$ complex and on the presence of exchange interactions between the two hydrogens. Even moderate exchange couplings cause a quench of the spin conversion. Thus a sufficiently strong binding of the dihydrogen to the $S$ spin is necessary to render the quenching by the exchange interaction ineffective.']","['Comparing the possible conversion efficiency of the paramagnetic conversion to the nuclear spin conversion it is evident that the paramagnetic mechanism is about three orders of magnitude faster than the nuclear spin mechanism, due to the larger couplings by the higher gyromagnetic ratio of the electron. On the other hand, however, the concentration of nuclear spins in general is several orders of magnitude higher than the concentration of paramagnetic impurities.']","Based on the provided context:

1. **Speed comparison**:  
   The paramagnetic conversion mechanism is approximately **three orders of magnitude faster** than the nuclear spin conversion mechanism. This is attributed to the larger couplings resulting from the higher gyromagnetic ratio of electrons compared to nuclear spins.

2. **Concentration comparison**:  
   The concentration of nuclear spins (e.g., \(^{13}\mathrm{C}\) at ~1% natural abundance) is typically **several orders of magnitude higher** than the concentration of paramagnetic impurities in most systems.

3. **Overall efficiency**:  
   - The absolute conversion rate depends on the product of the number of conversion sites (\(n_{\mathrm{X}}\)) and the relative conversion rate.  
   - The higher speed of the paramagnetic mechanism is **partially compensated** by the significantly higher density of nuclear spins.  
   - Consequently, the nuclear spin mechanism remains an **efficient conversion channel** even in systems with paramagnetic impurities (e.g., charcoal).  

In summary:  
- **Paramagnetic mechanism**: Faster per site but lower concentration.  
- **Nuclear spin mechanism**: Slower per site but higher concentration.  
- **Net effect**: Both mechanisms can contribute comparably to spin conversion efficiency under typical conditions.","The paramagnetic mechanism is about three orders of magnitude faster than the nuclear spin mechanism due to larger couplings by the higher gyromagnetic ratio of the electron. However, the concentration of nuclear spins is several orders of magnitude higher than the concentration of paramagnetic impurities.",0.5344609502254942,0.9628034808941733,1.0,0.9999999999,1.0
20,What is the third step in the preparation and hyperpolarization of samples using parahydrogen?,"['The preparation of the hyperpolarized solution is carried out in the glovebox because the hydrogenation catalyst [Rh (dppb)(COD)]BF4 should be stored in a water- free and oxygen- free environment. Firstly, unsaturated substrates $(85\\mathrm{mmol})$ were weighed into a glass sample bottle. Subsequently, deuterated methanol $(650~\\mu \\mathrm{L})$ was added to the sample bottle using a pipette to dissolve the substrate. Next, the catalyst [Rh (dppb)(COD)]BF4 $(3.3\\mathrm{mg},7\\mathrm{mM})$ was added to the glass bottle and vigorously shaken until the catalyst was completely dissolved. Finally, the solution is transferred to a $5\\mathrm{mm}$ NMR tube and the airlock valve is closed to prevent air from entering the NMR sample tube. The parahydrogen used in the experiment is obtained by enriching high- purity hydrogen gas to $50\\%$ parahydrogen under liquid nitrogen $(77~\\mathrm{K})$ and the existence of catalyst. Before starting the experiment, the air in the gas cylinder outlet to the front- end gas path was purged, and all experiments were conducted at room temperature.', 'with the rate $k_{1}$ to form a transient complex. In the second step, the singlet spin order of the parahydrogen evolves in this transient complex and is - at least partially - converted into visible Zeeman magnetization. In the third step, the transient complex decays to the product (an alkene in the example) and the catalyst with the rate $k_{2}$ .', ""4.24. Hyperpolarisation and NMR experiments\n4.24. Hyperpolarisation and NMR experimentspara- hydrogen was produced by cooling $\\mathrm{H}_2$ gas over a spin- exchange catalyst $(\\mathrm{Fe}_2\\mathrm{O}_3)$ at $30\\mathrm{K}$ temperature. This method was able to provide para- hydrogen with more than $93\\%$ purity. Samples involved in the analysis were prepared with $\\sim 6\\mathrm{mg}$ of ligand $(\\sim 60\\mu \\mathrm{M})$ and $2\\mathrm{mg}$ of IMes precursor catalyst $(3\\mu \\mathrm{M})$ dissolved in $0.6\\mathrm{ml}$ deuterated methanol solvent in a $5\\mathrm{mm}$ NMR tube fitted with a J. Young's tap. The resulting solutions were then degassed by 3 cycles of freeze- pumpthaw method before filling the tube with $\\mathrm{pH}_2$ at a pressure of 3 bar. Once filled with $\\mathrm{pH}_2$ , the tubes were shaken vigorously for $\\sim 10\\mathrm{s}$ in a fringe field of $\\sim 65$ Gauss around a $9.4\\mathrm{T}$ Bruker spectrometer or Earth's magnetic field. Immediately after that, tubes were rapidly transported inside the spectrometer for subsequent NMR detections. Enhancement factor was calculated by taking the ratio of the integrals of peaks in the hyperpolarised spectra and thermal equilibrium spectra. Catalyst precursor was synthesised in our laboratory according to a literature procedure [IMes = 1,3- bis(2,4,6- trimethylphenyl) imidazole- 2- ylidene and COD = cis,cis- 1,5- cyclooctadiene]. $\\mathrm{T}_1$ measurement experiments were performed using $8\\mathrm{mg}$ of compound in the form of HCl salt (same amount used in the SABRE hyperpolarisation experiments) dissolved in $0.6\\mathrm{mL}$ of PBS buffer $\\mathrm{pH} = 7.4$ and $37^{\\circ}\\mathrm{C}$""]","['The text describes a detailed procedure for preparing and hyperpolarizing samples using parahydrogen, involving multiple steps from dissolving the catalyst to finalizing the process with the addition of Na2CO3 solution.']","Based on the provided context, the third step in the preparation and hyperpolarization process varies slightly between the two described methods, but both culminate in critical actions to initiate polarization transfer:

1. **For the glovebox method** (PHIP):  
   After dissolving the substrate in deuterated methanol and adding the catalyst, the **third step is transferring the solution to a 5 mm NMR tube and sealing it with an airlock valve** to prevent oxygen ingress. Hyperpolarization occurs when parahydrogen is introduced to this prepared sample.

2. **For the SABRE method**:  
   After degassing the sample via freeze-pump-thaw cycles and filling the tube with parahydrogen (pH₂) at 3 bar, the **third step involves vigorously shaking the tube for ~10 seconds in a magnetic field** (either Earth's field or a ~65 Gauss fringe field of a 9.4T NMR spectrometer). This shaking facilitates polarization transfer from pH₂ to the target molecule via the catalyst. Immediately afterward, the sample is transferred to the NMR spectrometer for detection.

**Key hyperpolarization mechanism step** (mentioned in the context):  
The third chemical step in the polarization pathway is the **decay of the transient parahydrogen-catalyst-substrate complex into the product and free catalyst** (rate constant \(k_2\)), which releases the hyperpolarized species for NMR detection.",Filling samples into a 7-inch 5mm NMR tube and bubbling with N2 for 10 seconds for degassification.,0.1474851611491974,0.7236992001717567,0.875,0.0,0.0
21,Under what condition does the RASER effect occur?,"['The RASER arises when the following condition is fulfilled:', 'DISCUSSION\nIn general, the RASER effect is generated when large population inversion of a spin system (i.e., $P< 0$ ) is created, and this spin state interacts with a resonant circuit in a regime where the radiation damping rate exceeds the transverse relaxation rate. The $^{13}\\mathrm{C}$ spin system enters the RASER condition when the spin density threshold, $n_{\\mathrm{th}}$ , is exceeded:', 'As described previously, the RASER effect is created,[27] when a spin system with a large population inversion (i.e., $P< 0$ ), is placed in a resonant circuit where the radiation damping rate exceeds the transverse relaxation rate. The polarization threshold, $P_{\\mathrm{th}}$ , for RASER is given by:']",['The RASER arises when the following condition is fulfilled: 1 / τ_RD > 1 / T_2^* +1 / τ_p. The nuclear spin ensemble must be negatively polarized (P<0) for RASER to occur since only in this case the radiation damping rate is positive.'],"The RASER effect occurs under the following two conditions:  
1. **Large population inversion** must be created in the spin system (i.e., polarization \(P < 0\)).  
2. The spin system must interact with a **resonant circuit** in a regime where the **radiation damping rate exceeds the transverse relaxation rate**.  

This combination enables the RASER mechanism, as described in the literature on spin systems and NMR spectroscopy.",The RASER effect occurs when the radiation damping rate (1/τ_RD) is greater than the sum of the transverse relaxation rate (1/T_2^*) and the polarization decay rate (1/τ_p).,0.3656884343032122,0.9663840880866297,1.0,0.9999999999666667,0.0
22,What is the second step in the preparation of the solution for SABRE hyperpolarization?,"['Sample preparation\nThe SABRE method of transferring latent polarisation from $p\\mathrm{- H_2}$ into a molecule of interest requires an intermediary binding of the two entities which is achieved by a catalystThe SABRE pre- catalysts used here have the general form $\\mathrm{[IrCl(COD)(NHC)]}$ where the N- heterocyclic carbene (NHC) is employed primarily to control the stability of the SABRE complex, as the binding needs to occur on a timescale which allows sufficient polarisation transfer, without being bound so long as to allow subsequent depolarisation through relaxationIn this work three different NHCs are used, which are 1,3- bis(2,4,6- trimethyl- phenyl)imidazole- 2- ylidene (1), 1,3- bis(4- tert- butyl- 2,6- dimethylphenyl)imidazole- 2- ylidine (2) and 1,3- bis(2,4,6- trimethylphenyl)- 4,5- dichloroimidazol- 2- ylidine (3)The structures of which can be found in Fig1 (for 1) and 3 (for 2 and 3)On addition of an appropriate substrate, one which will weakly bind to the catalyst to allow the reversible nature of SABRE to be exploited, the substrate will displace the chlorine to leave the catalyst in the general form $\\mathrm{[Ir(COD)(NHC)Sub]Cl}$ The solvent used here was methanol- $\\mathrm{d_4}$ unless stated otherwisePrior to the addition of $\\mathrm{H}_{2}$ the sample was degassed using a three step freeze- pump- thaw method using a bath of dry ice and acetone in order to remove any oxygen from the solutionUpon addition of $\\mathrm{H}_{2}$ to the sample the COD hydrogenates to form cyclooctane allowing two more substrate ligands to bind to the iridium centre which now has the general form $\\mathrm{[Ir(NHC)(Sub)_3(H)_2]Cl}$ This is the fully active SABRE catalyst where the $\\mathrm{H}_{2}$ and substrate molecules are in reversible exchange, allowing fresh $p\\mathrm{- H_2}$ to be added and the polarisation to be built- up in solution with timeAnother crucial element to SABRE hyperpolarisation is the use of a polarisation transfer field (PTF)', 'SABRE is typically performed in methanol- $d_{4}$ , dichloromethane- $d_{2}$ , or chloroform- $d$ solvents as they allow both the iridium SABRE catalyst and $p\\mathrm{H}_{2}$ to be solubilized. However, such solvents present a challenge to those seeking to create hyperpolarized boluses for biomedical applications, as they are toxic. Most solutions to this issue have sought to perform the hyperpolarization step in an organic solvent, prior to solvent evaporation/precipitation/redissolution or phase separation/extraction to create the necessary biocompatible aqueous solution (Figure 1b). While this can be successful, there are challenges associated with polarization losses during the preparation period where $T_{1}$ relaxation operates and $\\mathrm{H}_{2}$', 'Originally, the SABRE approach was developed for hyperpolarization of protons,[23] and here it can provide impressive polarization levels of up to $50\\%$ [33] However, as it was mentioned above, for prospective biomedical applications hyperpolarization of heteronuclei is needed. Transfer of SABRE polarization to heteronuclei is typically accomplished via one of the two approaches.[24,27] The first approach is based on the use of dedicated radiofrequency (RF) pulse sequences inside an NMR spectrometer at a high magnetic field, such as LIGHT- SABRE[37] or SLIC- SABRE[38] The second approach called SABRE- SHEATH (SABRE in Shield Enables Alignment Transfer to Heteronuclei)[39,40] exploits bringing the system to an ultralow magnetic field in the range from hundreds of nanotesla to several microtesla. In this regime, level anticrossing (LAC) conditions are fulfilled for the $\\mathsf{p - H_2}$ - derived protons and to- behyperpolarized heteronuclei leading to polarization transfer between them.[27] To obtain microtesla fields, efficient shielding from the ambient magnetic field is required. Typically, SABRE- SHEATH allows to achieve greater polarization levels compared to high- field RF- based approaches, e.g. $^{15}\\mathbb{N}$ polarization $(P_{15N})$ of up to $9.8\\%$ for $[^{15}\\mathbb{N}]$ pyridine using SABRE- SHEATH[39,40] vs. $P_{15N}$ $< 1\\%$ using SLIC- SABRE.[38,41] Another advantage of SABRE- SHEATH is its capability to hyperpolarize a wide range of substrates without the necessity to match experimental parameters for each compound individually.[42,43]']","['The preparation procedure for the solution corresponding to the spectrum shown in Figure 5c was different from those reported earlier by Zeng and co-workers,22 Mewis and coworkers,24 and Hovener and co-workers19 in that once the SABRE catalyst activation is achieved in ethanol, the activated complex solution is dried on a rotovap first, and the catalyst/nicotinamide mixture is then reconstituted in 100% D2O.']","Based on the provided context, the second step in the solution preparation for SABRE hyperpolarization is:  

**Degassing the sample using a three-step freeze-pump-thaw method** with a dry ice/acetone bath to remove oxygen. This occurs *before* the addition of H₂.  

### Key details from the context:  
1. **Purpose**: Removal of oxygen from the solution.  
2. **Method**: Three cycles of freeze-pump-thaw.  
3. **Coolant**: Dry ice and acetone bath.  
4. **Sequence**: This step directly follows solvent/substrate/catalyst preparation and precedes H₂ introduction.  

> **Excerpt from context**:  
> *""Prior to the addition of \(\mathrm{H}_{2}\) the sample was degassed using a three step freeze- pump- thaw method using a bath of dry ice and acetone in order to remove any oxygen from the solution.""*",The second step is drying the activated complex solution on a rotovap.,0.14696533270365772,0.9923969620675042,0.7777777777777778,0.0,0.0
23,Why does the thermal conductivity of solid hydrogen change with the concentration of parahydrogen?,"['According to J. E. Huebler et al. [11], the thermal conductivity of solid hydrogen also changes favourably with the concentration of parahydrogen as shown in Fig. 4. Below $15\\mathrm{K}$ the thermal conductivity of the different hydrogen isomers starts to grow differently. At $5\\mathrm{K}$ the conductivity of the $70\\%$ parahydrogen concentration is around five times larger than the $30\\%$ concentration type. The thermal conductivity is assumed to grow even higher at higher parahydrogen concentrations.', 'Introduction\nIt has been shown that under ordinary conditions hydrogen gas is a mixture of two kinds of molecules, known as ortho- and parahydrogen, that correspond to the triplet and the singlet state of the hydrogen molecule, respectively. The concentrations of the two species in equilibrium are determined by Boltzmann averaging and are accordingly temperature- dependent. At room temperature they are in a 3:1 ratio (due to the spin triplet/single ratio), but enrichment of the para isomer can be easily obtained.[1] Upon carrying out hydrogenation reactions with parahydrogen- enriched mixtures, the alteration of the spin- level populations yields dramatic changes in the ${}^{1}\\mathrm{H}$ NMR spectra of the hydrogenated products (parahydrogen- induced polarisation effect).[1- 2]', ""states of the two atoms are parallel (higher internal energy configuration), and for para- hydrogen, the nuclear spins are antiparallel (lower internal energy configuration). The thermophysical behaviour of each isomer can differ significantly at certain conditions, such as sound speed, heat capacity, and thermal conductivity [17- 20]. Furthermore, the equilibrium ortho- para isomer composition of hydrogen is temperature- dependent. At around room temperature, the equilibrium composition of hydrogen is approximately $75\\%$ ortho- hydrogen and $25\\%$ para- hydrogen (referred to as normal hydrogen). In contrast, at around $T = 20\\mathrm{K}$ , when hydrogen liquefies, the equilibrium hydrogen composition is approximately $99.8\\%$ para- hydrogen due to its lower internal energy state [20]. The transition from ortho- to para- hydrogen is an exothermic process releasing a significant amount of heat, with the enthalpy of conversion $(703\\mathrm{kJ / kg})$ exceeding the enthalpy of vaporization $(446\\mathrm{kJ / kg})$ at hydrogen's boiling point $(T = 20.3\\mathrm{K})$ [7,21,22]. Therefore, complete equilibration of the hydrogen isomer composition is required during liquefaction to ensure safe and economical long- term storage and transportation [2]. Achieving an equilibrium isomer composition during cooling is not straightforward, as the transition from the ortho to para state is forbidden for an isolated molecule (the change of state does not conserve angular momentum). So- called 'natural' conversion is exceedingly slow for gas and liquid phases, relying on intermolecular interactions, taking weeks to approach equilibrium at practical densities [17,20,23].""]","['According to J. E. Huebler et al. [11], the thermal conductivity of solid hydrogen also changes favourably with the concentration of parahydrogen as shown in Fig. 4. Below 15K the thermal conductivity of the different hydrogen isomers starts to grow differently. At 5K the conductivity of the 70% parahydrogen concentration is around five times larger than the 30% concentration type. The thermal conductivity is assumed to grow even higher at higher parahydrogen concentrations.']","Based on the provided information, the specific reason for the change in thermal conductivity with parahydrogen concentration is not explicitly stated. However, the context reveals the following relevant observations:

1. **Temperature-dependent divergence**: Below 15K, the thermal conductivity of hydrogen isomers begins to grow differently, with significant divergence observed at cryogenic temperatures (e.g., at 5K, 70% parahydrogen exhibits ~5× higher conductivity than 30% parahydrogen).

2. **Isomer-specific properties**: Orthohydrogen and parahydrogen exhibit distinct thermophysical behaviors due to their nuclear spin configurations (parallel spins for ortho vs. antiparallel for para). These isomers differ in their internal energy states, with parahydrogen having a lower energy configuration.

3. **Concentration dependence**: Thermal conductivity increases with higher parahydrogen concentrations, suggesting that the para isomer's molecular properties favor more efficient heat transfer in solid hydrogen at low temperatures.

While the exact physical mechanism is not detailed in the provided context, the data implies that the differences in molecular energy states and intermolecular interactions between spin isomers directly influence thermal transport properties in the solid phase. Further experimental details or theoretical models (e.g., phonon scattering mechanisms) would be required to explain the underlying cause, which are not included in the given text.","The thermal conductivity of solid hydrogen changes with the concentration of parahydrogen because, below 15K, the thermal conductivity of different hydrogen isomers starts to grow differently, with higher parahydrogen concentrations leading to significantly higher conductivity, as demonstrated by the fact that at 5K, the conductivity of 70% parahydrogen concentration is around five times larger than the 30% concentration type.",0.455120173992402,0.0,1.0,0.9999999999,1.0
24,Why are common MR pH sensors like 3-aminopropylphosphonate (3-APP) and 2-imidazole-1-yl-3-ethoxycarbonylpropionic acid limited in their effectiveness?,"[""Extracellular $\\mathfrak{pH}$ is a tissue characteristic, which is altered in multiple pathological states such as in cancer,1- 7 ischemia,8- 10 chronic obstructive pulmonary disease, and renal tubular acidosis.19,12 Here, acidification is not only a disease hallmark but also has a significant impact on the treatment outcome, e.g., of tumors.13 Modern treatments, such chemotherapeutics' or engineered T cells, are highly susceptible to the $\\mathfrak{pH}$ of the target tissue. It has been shown that treatment efficacy can be enhanced, when pH- conditioning adjuvant therapies are employed prior to the main therapy.16- 19 To timely adjust these treatment steps, noninvasive monitoring of the tissue $\\mathfrak{pH}$ is key. Magnetic resonance (MR) methods can provide accurate and precise noninvasive measurement of $\\mathfrak{pH}$ in vivo with reasonable spatial resolution.20- 24 A promising MR- based method takes advantage of changes in chemical shifts due to changes in the local electronic environment induced by pH- driven proton exchange. An ideal MR $\\mathfrak{pH}$ sensor should have the following properties: (1) large $\\mathfrak{pH}$ sensitivity, (2) a $\\mathfrak{p}K_{\\mathrm{a}}$ in the physiological range, (3) no toxicity at concentrations obtained in vivo after injection, (4) metabolic stability, and (5) high sensitivity (high signal- to- noise ratio).25 Common MR $\\mathfrak{pH}$ sensors such as 3- aminopropylphosphonate (3- APP)26 and 2- imidazole- 1- yl- 3 ethoxycarbonylpropionic acid27 satisfy most of these conditions but are limited due to low sensitivity and overlap with background signals.28- 31"", 'The challenge of background signals can be mitigated using carbon- 13- labeled MR pH sensors. Unfortunately, $^{13}\\mathrm{C}$ nuclei have low natural abundance $(1.1\\%)$ and low gyromagnetic ratio (four times lower than that of $^1\\mathrm{H}$ ). Additionally, MR methods are generally less sensitive compared to other techniques, such as optical and electrochemical methods. This low sensitivity is due to the intrinsically low net magnetization of the nuclear spins even at high magnetic field. The sensitivity issue can be tackled by using isotopically enriched $^{13}\\mathrm{C}$ pH sensors in combination with hyperpolarization, which increases the net magnetization of the spins by several orders of magnitude.', ""Alzheimer's disease and Amyotrophic lateral sclerosis' development.9- 11 Therefore, the development of safe and rapid $\\mathrm{pH}$ measurement may aid in the early diagnosis of acid- base imbalances and subsequent pathological disorders. Although different techniques such as magnetic resonance spectroscopy (MRS), magnetic resonance imaging (MRI), and positron emission tomography (PET) have been used to measure $\\mathrm{pH}$ in preclinical environments, none of them was successfully translated to routine clinical use.4,12- 22 Regarding MRS, $^{31}\\mathrm{P}$ and $^{19}\\mathrm{F}$ probes were used to measure pH in vivo. However, they present small pH dependent chemical shifts and lack of sensitivity.13,23- 27 Concerning MRI focused techniques, several methods were developed (e.g. CEST and the use of $\\mathrm{Gd}^{3 + }$ ).27,28 Overall, the main reasons why the noninvasive developed probes are challenging to be clinically translatable are centered on, (i) the potential toxicity of the existing probes which makes them unfeasible to be injected in routine imaging studies in patients,2- 4,29- 32 and (ii) the low signal sensitivity of the nuclear magnetic resonance techniques. For these reasons, the use of biocompatible probes combined with signal enhancement techniques offers great potential. MRS and MRI stands out as highly versatile and valuable tools for a wide array of applications including human imaging, in vitro and in vivo""]",['Common MR pH sensors such as 3-aminopropylphosphonate (3-APP) and 2-imidazole-1-yl-3-ethoxycarbonylpropionic acid satisfy most of these conditions but are limited due to low sensitivity and overlap with background signals.'],"Based on the provided context, common MR pH sensors like **3-aminopropylphosphonate (3-APP)** and **2-imidazole-1-yl-3-ethoxycarbonylpropionic acid** are limited in effectiveness due to two primary reasons:  

1. **Low Sensitivity**:  
   These sensors exhibit insufficient signal-to-noise ratios in NMR measurements, which reduces their ability to provide reliable pH measurements in biological systems.  

2. **Overlap with Background Signals**:  
   Their NMR signals overlap with endogenous background signals (e.g., from other metabolites or tissue components), complicating spectral interpretation and quantification.  

The context explicitly states:  
> *""Common MR pH sensors [...] satisfy most [...] conditions but are limited due to **low sensitivity** and **overlap with background signals**.""*  

These limitations hinder their clinical utility, especially for noninvasive tissue pH monitoring in pathologies like cancer or ischemia.","Common MR pH sensors are limited due to low sensitivity and overlap with background signals, which reduces their effectiveness in noninvasive pH monitoring.",0.9627232123122349,0.9665894148690013,0.9090909090909091,0.9999999999666667,1.0
25,What is the first step in the tube shaking-NMR experiment procedure?,"['For SABRE- polarized experiments, $51\\%$ - enriched $\\mathsf{p} - \\mathsf{H}_2$ was produced in less than 5 minutes according to the procedure and home- built setup previously described.[21] It was then transferred without shaking into the NMR tube. The $\\mathsf{H}_2$ final pressure was about 4 bar. As dissolution of hydrogen in methanol is slow on the minute time- scale, as checked in a separate experiment, the exact magnetic field where this transfer proceeds was considered unimportant. Then, the NMR tube was manually shaken during $15~\\mathrm{s}$ for catalyst activation, giving $[\\mathrm{lr}(\\mathrm{H})_2(\\mathrm{IMes})(\\mathrm{S}_1)(\\mathrm{S}_2)(\\mathrm{S}_3)]$ molecules, where $\\mathsf{S}_1$ , $\\mathsf{S}_2$ and $\\mathsf{S}_3$ were among the four substrates present in solution. As the total substrate concentration was well above three times that of the catalyst, binding of methanol solvent was negligible.[45] Shaking was performed at about $6.5\\mathrm{mT}$ , a field close to the optimum for signal enhancement of pyridine when $[\\mathrm{lr}(\\mathrm{COD})(\\mathrm{IMes})(\\mathrm{Py})]$ is the catalyst precursor.[48] The NMR tube was then introduced in the spectrometer. The total delay between the shaking and the start of the NMR acquisition was about $5\\mathrm{s}$ during which the deuterium lock was established and the solution tended to stabilize. NMR acquisitions either used SPEN- DOSY sequences such as that shown in Figure 2b, or slightly modified by putting diffusion encoding and decoding gradients along the $z$ - axis, or a series of $90^{\\circ}$ spectra acquired each $3s$ . This shaking- acquisition sequence was repeated up to 6 times. For further experiments, the gas phase of the NMR tube was expanded in a degassed volume in order to decrease the pressure by a factor of ca. $15$ , prior to the transfer of fresh $\\mathsf{p} - \\mathsf{H}_2$ . This procedure took less than 5 minutes.', 'In a first step, a degassed saturated standard solution of 1 in dry $\\mathrm{C_6D_6}$ was prepared by vacuum transfer into the NMR tube (Fig. 1) cooled at the bottom to $77~\\mathrm{K}$ . Then, 800 mbar $\\mathrm{H}_{2}$ was let into the NMR tube by opening the appropriate valves. After rapid thawing at $300~\\mathrm{K}$ using a water bath, with all valves closed and carefully shaking the sample to obtain equilibration of $\\mathrm{H}_{2}$ between the liquid and the gas phase within the tube, the spectra depicted in Fig. 2 were taken which indicate the slow addition of dihydrogen to 1 leading to the dihydride 2 according to Scheme 1.', 'Figure 2a depicts the experimental procedure used here for SABRE experiments, which relies on manual sample shaking. The NMR tube containing the liquid solution is degassed to remove oxygen that would otherwise catalyze para- ortho isomerization of dihydrogen.[34] Then enriched $\\mathsf{pH}_2$ is transferred in the NMR tube that is subsequently shaken in a field of $6.5\\mathrm{mT}$ and quickly introduced in the spectrometer for analysis.']","['The tube shaking-NMR experiment procedure may be repeated several times with the same batch of p-H2, albeit with progressively lower sensitivity due to the decreasing enrichment of dissolved dihydrogen in the para isomer. Each acquisition cycle induces a loss of signal intensity of about 30%, as obtained from independent experiments where a 1H 1D NMR spectrum was recorded after each shaking (Figure S2). This cycle takes less than one minute. After all the useable cycles, the NMR tube can then be filled with freshly prepared parahydrogen. This takes less than 5 minutes and restores the maximum sensitivity.']","The first step in the tube shaking-NMR experiment procedure for SABRE is **degassing the NMR tube** to remove oxygen. This is critical because oxygen catalyzes para-ortho isomerization of dihydrogen, which would otherwise reduce polarization efficiency. After degassing, enriched para-hydrogen (p-H₂) is transferred into the tube.",The first step is shaking the tube.,0.16375981256309194,0.8905840318739053,0.75,0.9999999999,0.0
26,Why does the liquid-state NMR approach assume that the conversion between p-H2 and o-H2 in solution is much slower than the timescale of the measurements?,"['The liquid- state NMR approach that we used to quantify the $o\\mathrm{- H_2}$ ${}^{1}\\mathrm{H}$ NMR response assumes that an equal concentration of $\\mathrm{H}_{2}$ is dissolved at each step of the experiment and that the conversion between $p\\mathrm{- H_2}$ and $o\\mathrm{- H_2}$ in solution is much slower than the timescale of our measurements. The validity of these assumptions is supported by the quality of the fits to the theoretical predictions in Fig. 3a and b. This also suggests that the generator is very efficient at cooling and has sufficient catalyst surface area to reach equilibrium before the gas has', 'As the reaction proceeds, the resonances corresponding to pyruvate and its hydrate decrease in intensity, while those of ethanoic acid increaseThese signal intensity changes are proportional to concentration and fit to a kinetic model (described in Experimental Section) in order to obtain the effective reaction rate constant, $k_{\\mathrm{H}_2\\mathrm{O}_2},$ of $0.050\\pm 0.003\\mathrm{dm}^3$ $\\mathrm{mol}^{- 1}\\mathrm{s}^{- 1}$ (see the Supporting Information.)$k_{\\mathrm{H}_2\\mathrm{O}_2}$ determined by UV measurements has been reported to vary between 0.1 and $1\\mathrm{dm}^3\\mathrm{mol}^{- 1}\\mathrm{s}^{- 1}$ , depending on the $\\mathrm{pH}$ of the buffered reaction mixtureHowever, these rates are from studies with more dilute reagent concentrations $1.5~\\mathrm{mM}$ pyruvate and $5-$ $30\\mathrm{mM}\\mathrm{H}_2\\mathrm{O}_2$ $k_{\\mathrm{H}_2\\mathrm{O}_2}$ has also been determined using ${}^{13}\\mathrm{C}$ NMR spectroscopy at much lower temperatures $(238 - 259\\mathrm{K})$ From these data $k_{\\mathrm{H}_2\\mathrm{O}_2}$ at $298~\\mathrm{K}$ is predicted to be $\\sim 0.16\\mathrm{dm}^3$ $\\mathrm{mol}^{- 1}\\mathrm{s}^{- 1}$ Therefore, $k_{\\mathrm{H}_2\\mathrm{O}_2}$ calculated from our ${}^{1}\\mathrm{H}$ NMR measurements is slower than that predicted by a factor of 3Inefficient sample mixing or differences in solvent composition may account for thisAnalogous measurements using ${}^{13}\\mathrm{C}$ NMR spectroscopy could not be recorded here as the signal strengths are not sufficient to detect a signal in the necessary time period, even with signal averaging.', 'para-Hydrogen enrichment calibration\nQuantification of $p\\mathrm{- H_2}$ enrichment has been demonstrated previously using a range of experimental methods including thermal conductance,47 Raman spectroscopy,48,49 and ${}^{1}\\mathrm{H}$ NMR spectroscopy, where the NMR response of $o\\mathrm{- H_2}$ is measured directly in the gas phase.40 Here we took a liquid- state NMR approach in which the para- enriched $\\mathrm{H}_{2}$ is dissolved in a fixed volume of toluene- $d_{8}$ and the ${}^{1}\\mathrm{H}$ NMR response for $o\\mathrm{- H_2}$ in solution is quantified. A similar approach has been employed previously to study the effect of $p\\mathrm{- H_2}$ conversion rates in diamagnetic solvents.41 The main advantage of liquid- state NMR is the increased sensitivity over the gas- phase approach, particularly when quantifying high levels of $p\\mathrm{- H_2}$ enrichment where the residual signals from $o\\mathrm{- H_2}$ are very weak.']",['The liquid-state NMR approach that we used to quantify the o-H2 1H NMR response assumes that an equal concentration of H2 is dissolved at each step of the experiment and that the conversion between p-H2 and o-H2 in solution is much slower than the timescale of our measurements. The validity of these assumptions is supported by the quality of the fits to the theoretical predictions in Fig. 3a and b.'],"Based on the provided context, the liquid-state NMR approach assumes that the conversion between *p*-H₂ and *o*-H₂ in solution is **much slower than the timescale of the measurements** to ensure accurate quantification of the *o*-H₂ NMR signal. This assumption is critical because:  

1. **Quantitative Reliability**: If interconversion occurred rapidly during measurements, the observed *o*-H₂ NMR signal intensity would not reflect the true enrichment level of *p*-H₂ at the time of dissolution. This would introduce errors in quantifying para-hydrogen enrichment.  

2. **Experimental Validation**: The validity of this assumption (alongside consistent H₂ dissolution) is supported by the quality of the fits to theoretical predictions in the study (Fig. 3a and 3b). The close agreement between experimental data and theory confirms that spin isomer interconversion did not significantly perturb measurements.  

3. **Sensitivity Advantage**: Liquid-state NMR relies on detecting the weak residual *o*-H₂ signal in highly enriched *p*-H₂ samples. Rapid interconversion would distort this signal, negating the sensitivity advantage over gas-phase NMR.  

The context explicitly notes that this approach has been used previously to study *p*-H₂ conversion rates in diamagnetic solvents, further underscoring that slow interconversion is a foundational requirement for accurate signal quantification.  

---  
*Answer derived from: (1) Assumption of slow spin isomer interconversion for reliable signal quantification, (2) Validation via theoretical fitting, (3) Sensitivity rationale for liquid-state NMR.*","The validity of these assumptions is supported by the quality of the fits to the theoretical predictions in Fig. 3a and b, indicating that the experimental data aligns with the assumed conditions.",0.34109826825445366,0.8282789771418994,1.0,0.9999999999,1.0
27,Why are N-heterocycles the most commonly exploited substrates in SABRE?,"['SABRE is typically observed for N- containing heterocycles, such as pyridine and nicotinamide (referred to below as the ""substrate"") when a metal complex (referred to below as the ""catalyst"") is used to briefly bring hydrogen and a substrate into contact with each other and to facilitate exchange with their free states in solution.', 'The most common substrate molecules used in SABRE have proven to feature N- donor sites that readily coordinate toiridium.N- Heterocycles such as pyridine,31,38- 41 nicotinamides,31,42,43 pyrazines,39,40 and pyrazoles41 reflect common examples although other $N\\cdot$ - functionalities found in nitriles44 and amines45 have been used. It has recently been reported that in the presence of a stabilising sulfoxide coligand, the reversible coordination and subsequent hyperpolarisation of oxygen ligating pyruvate can occur.46', 'Many researchers have optimized the polarization transfer catalysts that are essential for SABRE hyperpolarization.[9,12- 22] Nowadays, iridium catalysts based on N- heterocyclic carbenes (NHCs) are typically used in preference to the phosphine containing catalysts used in early developments.[23,24] Since then, the performance of NHC- based catalysts has been optimized by using the steric and electronic properties of the NHC to tune substrate exchange kinetics[12,22] and relaxation effects.[21] Structural modifications of the SABRE catalyst have been used as a route to facilitate ligation, exchange, and hyperpolarization of sterically bulky substrates[12,19] or even to facilitate hyperpolarization in aqueous solvents.[25] Most of these Iridium- NHC catalysts are of the form $[\\mathrm{Ir(H)}_2(\\mathrm{NHC})(\\mathrm{substrate})_3]\\mathrm{Cl}$ and while they are capable of delivering NMR signal gains for $^1\\mathrm{H}$ ,[9,21,22] $^{15}\\mathrm{N}$ ,[10,17,26] $^{13}\\mathrm{C}$ ,[27,28] $^{19}\\mathrm{F}$ ,[29,30] $^{31}\\mathrm{P}$ ,[31] and other nuclear sites[32] in a range of molecules including N- heterocycles,[10,14,17- 24,32] nitriles,[33] amines[34] and many others,[35,36] the substrate scope of SABRE is most commonly molecules with N- donor sites that readily ligate to iridium.']","['Hence substrates are required to weakly coordinate to the metal centre as it is their reversible binding which allows for polarisation build- up in solution. The extent of polarised substrate created in solution is therefore in part controlled by the strength of the ligation between iridium and the substrate. For this reason, the most commonly exploited SABRE substrates are N- heterocycles, although nitriles, phosphines  ${}^{45}$  and diazirines  ${}^{46}$  have also been hyperpolarised.']","N-heterocycles are the most commonly exploited substrates in SABRE due to their **nitrogen-donor sites** that exhibit strong and reversible coordination to iridium-based catalysts. This coordination facilitates efficient polarization transfer from parahydrogen during the reversible exchange process. Key reasons include:

1. **Effective Binding to Iridium Catalysts**:  
   N-heterocycles (e.g., pyridine, nicotinamide, pyrazines) readily form transient complexes with iridium centers (e.g., [Ir(H)₂(NHC)(substrate)₃]Cl), enabling rapid substrate exchange essential for SABRE hyperpolarization.

2. **Optimized Catalytic Performance**:  
   The steric and electronic properties of nitrogen-containing functional groups allow tuning of exchange kinetics and relaxation effects, maximizing signal enhancement for nuclei like ¹H, ¹⁵N, and ¹³C.

3. **Broad Substrate Scope**:  
   While SABRE has expanded to include other donors (e.g., oxygen in pyruvate), N-heterocycles remain dominant due to their reliable ligation strength, versatility, and proven hyperpolarization efficiency across diverse molecular structures.

This preference is underscored by extensive experimental optimization of iridium–N-heterocyclic carbene (NHC) catalysts, which consistently outperform alternatives for nitrogen-donor substrates.","N-heterocycles are the most commonly exploited substrates in SABRE because they weakly coordinate to the metal centre, allowing for reversible binding which is essential for polarisation build-up in solution. The extent of polarised substrate created is controlled by the strength of the ligation between iridium and the substrate, making N-heterocycles ideal due to their binding properties.",0.6233234794148009,1.0,1.0,0.8333333332916666,1.0
28,Why are imidazole nitrogen-15 sites excellent candidates for 15N HP pH sensing?,"['A key challenge for in vivo $\\mathrm{pH}$ sensing is a relatively narrow $\\mathrm{pH}$ range for the extracellular compartments for most conditions of interest, requiring that a given $\\mathrm{pH}$ probe provide a wide dynamic range of signal response over a relatively narrow range of $\\mathrm{pH}$ values (i.e., $\\sim 1.5$ $\\mathrm{pH}$ units). As a result, the $\\mathrm{pH}$ sensor must have a $\\mathrm{pK}_{\\mathrm{a}}$ close to physiological $\\mathrm{pH}$ of $\\sim 7$ . Initial studies of six- membered N- heterocycles (see Supporting Information Figure S1 and ref 42) identified only one somewhat suitable candidate: 2,6- lutidine,42 with $\\mathrm{pK}_{\\mathrm{a}}\\sim 6.6$ . However, 2,6- lutidine is not readily amenable to SABRE- SHEATH hyperpolarization.24 The $\\mathrm{pK}_{\\mathrm{a}}$ of imidazole is $\\sim 7.0$ a property that has already been exploited for in vivo tumor $\\mathrm{pH}$ imaging via proton detection without hyperpolarization.6,44 Therefore, imidazole nitrogen- 15 sites are excellent candidates for $\\mathrm{^{15}N}$ HP $\\mathrm{pH}$ sensing. Indeed, proton binding induces easily measured $\\mathrm{^{15}N}$ chemical shifts of $\\sim 30$ ppm (Figure 2).45- 47 Note that both $\\mathrm{^{15}N}$ sites have the same chemical shift in the deprotonated form because of fast proton hopping between these two sites in aqueous media.45- 47 In the protonated form, both $\\mathrm{^{15}N}$ sites are equivalent and have the same chemical shift. As a result, imidazole- $\\mathrm{^{15}N_2}$ is an excellent delivery vehicle, because its two $\\mathrm{^{15}N}$ sites carry twice the hyperpolarization payload of (single- site) pyridine derivatives.', 'Synthesis of $[^{15}\\mathrm{N}_2]$ imidazole\nImidazole itself is a basic compound with $\\mathsf{p}K_{\\mathsf{a}}\\sim 7.0$ . Therefore, $^{15}\\mathrm{N}$ isotopically enriched HP version of this compound can be potentially employed for in vivo applications of pH imaging of cancer[46,74] and other diseases. Indeed, $[^{15}\\mathrm{N}_2]$ imidazole has been successfully hyperpolarized via the SABRE- SHEATH method resulting in MR signal enhancement of up to 146000- fold.[46] The proton binding to a $^{15}\\mathrm{N}$ site of imidazole occurs at physiological pH $(\\mathsf{p}K_{\\mathsf{a}}\\sim 7.0)$ and changes the $^{15}\\mathrm{N}$ isotropic chemical shift by $\\sim 30$ ppm. These properties make this molecule suitable for in vivo pH sensing.[46]', 'Here, $\\mathrm{^{15}N}$ - SABRE- SHEATH hyperpolarization of imidazole- $\\mathrm{^{15}N_2}$ is demonstrated. Figure 2b shows the exchange process of imidazole- $\\mathrm{^{15}N_2}$ and para- $\\mathrm{H}_2$ gas on the activated Ir- IMes hexacoordinate complex of the most potent SABRE hyperpolarization catalyst to date.23 As shown in Figure 2, $\\mathrm{^{15}N}$ signal enhancement $\\epsilon_{15N}$ of $\\sim 2000$ - fold is detected on each of the two $\\mathrm{^{15}N}$ sites in a methanol:aqueous $(\\mathrm{pH}\\sim 12)$ buffer $(\\sim 1:1)$ solution of $\\sim 0.1$ M substrate utilizing only $50\\%$ para- $\\mathrm{H}_2$ gas and the hyperpolarization setup described previously.26 Note the broad appearance of the HP NMR line in pure methanol- $\\epsilon_{\\mathrm{d}}$ (Figure S3) owing to intermediate proton chemical exchange between the two $\\mathrm{^{15}N}$ sites described above; the $\\mathrm{^{15}N}$ NMR line is no longer broadened in aqueous solution (Figure 2d). The additional $\\mathrm{^{15}N}$ HP resonances (seen as narrow lines) are due to the presence of catalyst- bound $\\mathrm{^{15}N}$ imidazoles (Figure 2d inset and Figure S3a)—which have different $\\mathrm{pK}_{\\mathrm{a}}$ values, protonation states, and proton exchange rates. If $100\\%$ para- $\\mathrm{H}_2$ would have been utilized (vs $\\sim 50\\%$ para- $\\mathrm{H}_2$ utilized here), the enhancement would be effectively tripled to $\\epsilon_{15N}\\sim 6000$ - fold, corresponding to $P_{15N}\\sim 2\\%$ . Temperature and $B_{\\mathrm{T}}^{48}$ of the SABRE- SHEATH procedure were optimized to achieve the largest enhancements under our conditions. We note that unusually (for SABRE) high temperature $(>340\\mathrm{K}$ , Figure 2g)']","['The pKa of imidazole is ~7.0, a property that has already been exploited for in vivo tumor pH imaging via proton detection without hyperpolarization.6,44 Therefore, imidazole nitrogen-15 sites are excellent candidates for 15N HP pH sensing. Indeed, proton binding induces easily measured 15N chemical shifts of ~30 ppm (Figure 2).45-47 As a result, imidazole-15N2 is an excellent delivery vehicle, because its two 15N sites carry twice the hyperpolarization payload of (single-site) pyridine derivatives.']","Based on the provided context, imidazole nitrogen-15 sites are excellent candidates for \(^{15}\text{N}\) hyperpolarized (HP) pH sensing due to the following key properties:

1. **Optimal \(\mathbf{pK_a}\)**:  
   Imidazole has a \(\mathrm{pK_a} \sim 7.0\), closely matching physiological pH (\(\sim\)7). This allows sensitive detection of pH changes within the narrow extracellular range (\(\sim\)1.5 pH units), which is critical for *in vivo* applications like tumor imaging.

2. **Large Chemical Shift Change**:  
   Proton binding induces a \(\sim\)30 ppm change in \(^{15}\text{N}\) chemical shift (Figure 2). This significant shift provides a wide dynamic range for unambiguous pH quantification.

3. **Suitability for Hyperpolarization**:  
   - Imidazole-\(^{15}\text{N}_2\) can be hyperpolarized via **SABRE-SHEATH**, achieving signal enhancements of up to **146,000-fold** (or \(\sim\)2,000-fold per \(^{15}\text{N}\) site under initial conditions).  
   - Using 100% parahydrogen (vs. 50% tested) could triple this enhancement to \(\sim\)**6,000-fold per site** (\(P_{^{15}\text{N}} \sim 2\%\)).

4. **Enhanced Signal Payload**:  
   The two equivalent \(^{15}\text{N}\) sites double the hyperpolarization payload compared to single-site probes (e.g., pyridine derivatives), improving detection sensitivity.

5. **Behavior in Aqueous Media**:  
   Fast proton exchange between nitrogen sites eliminates broadening in aqueous solutions (Figure 2d), ensuring sharp NMR signals for accurate pH measurements.

These properties make \(^{15}\text{N}\)-labeled imidazole ideal for non-invasive *in vivo* pH sensing in diseases like cancer.","Imidazole nitrogen-15 sites are excellent candidates for 15N HP pH sensing because their pKa is approximately 7.0, which is close to physiological pH, and proton binding induces easily measured 15N chemical shifts of about 30 ppm. Additionally, imidazole-15N2 can carry twice the hyperpolarization payload compared to single-site pyridine derivatives, making it an effective delivery vehicle.",0.5476258657000417,0.9537645741149673,1.0,0.99999999995,1.0
29,How does the stability of Vaska's complex compare to that of the immobilized [Ir(COD)(phosphine)Cl] catalyst in hydrogen-rich gas mixtures?,"[""Similar problems were encountered in the PHIP studies that used immobilized Ir complexes [11]. At the same time, some of the Ir- based catalysts were markedly more stable compared to Rh- based systems. In particular, $\\mathrm{[Ir(CO)(PPh_3)_2Cl]}$ (Vaska's complex) immobilized on phosphine- modified silica was able to produce PHIP effects while demonstrating reasonable stability up to $140^{\\circ}\\mathrm{C}$ in $\\mathrm{H}_2$ - rich gas mixtures [12]. An example of the studies involving an immobilized $\\mathrm{[Ir(COD)(phosphine)Cl]}$ catalyst is shown in Fig. 3."", 'Conclusions\nThus, comparative testing of several immobilized rhodium and iridium complexes in the gas- phase hydrogenation of propyne and propene with parahydrogen demonstrated that Ir- based catalysts show greater thermal stability than Rh- based catalysts. These catalysts also give the highest enhancement of the NMR signals of the reaction products. Comparison of metal complexes immobilized on functionalized silica gel $p_{i}a\\mathrm{NH}_{2} - (\\mathrm{Ir}^{\\mathrm{N}},\\mathrm{Rh}^{\\mathrm{N}})$ or $\\mathrm{PPh}_{2} - (\\mathrm{Ir}^{\\mathrm{P}},\\mathrm{Rh}^{\\mathrm{P}})$ functional groups demonstrated that catalysts with phosphine- containing linkers employed to anchor metal complexes on the support provide higher rates of substrate conversion. This can be explained by the difference in the electronic properties of the $\\mathrm{NH}_{2} -$ and $\\mathrm{PPh}_{2} -$ groups, since ammonia and its derivatives are known as $\\sigma$ - donor ligands, while $\\mathrm{PPh}_{2} -$ is a $\\pi$ - acceptor ligand. Thus, the electronic state of Ir in $\\mathrm{Ir}^{\\mathrm{N}}$ will differ from that in $\\mathrm{Ir}^{\\mathrm{P}}$ , with the electron density of the Ir center in $\\mathrm{Ir}^{\\mathrm{N}}$ being higher in comparison with that in $\\mathrm{Ir}^{\\mathrm{P}}$ . Obviously, in the case of $\\mathrm{Ir}^{\\mathrm{P}}$ , the lower electron density on Ir is a favorable factor for hydrogenation. In addition, Ir- based catalysts demonstrated an impressive 800- fold enhancement of the NMR signal of propene produced in propyne hydrogenation with parahydrogen, along with a significant level of conversion under continuous flow conditions. In this regard, the selection of ligands that ensure a suitable electron density on the metal atom of the immobilized complex provides a promising route toward obtaining an active and stable immobilized catalyst able to generate reaction products in high yields and with a high degree of spin hyperpolarization in hydrogenation reactions with parahydrogen.', 'In this study, we explore the catalytic properties of immobilized metal complexes in alkyne and alkene hydrogenations. To this end, two immobilized complexes of rhodium and two iridium complexes were prepared by covalently anchoring the rhodium complex $\\mathrm{[Rh(COD)Cl]_2}$ or the iridium complex $\\mathrm{[Ir(COD)Cl]_2}$ (COD - 1,5- cyclooctadiene) on the silica gel surface by bonding a metal center with the $- \\mathrm{NH}_{2}$ or $- \\mathrm{PPh}_{2}$ groups of linker chains on the silica gel surface. The immobilized rhodium complexes will be referred to as $\\mathrm{Rh}^{\\mathrm{N}}$ and $\\mathrm{Rh}^{\\mathrm{P}}$ , and the iridium complexes as $\\mathrm{Ir}^{\\mathrm{N}}$ and $\\mathrm{Ir}^{\\mathrm{P}}$ , respectively. A detailed description of the synthetic procedures used to prepare these catalysts is provided in the ESI. These catalysts were studied in the context of gas- phase hydrogenation of small molecules containing unsaturated groups such as $\\mathrm{C} \\equiv \\mathrm{C}$ and $\\mathrm{C} = \\mathrm{C}$ (propyne, propene), which are useful model systems for testing catalysts in hydrogenation in general, and with the use of parahydrogen in particular. The immobilized complexes were characterized by XPS both before and after their use in the hydrogenation reactions. In addition, $\\mathrm{Ir}^{\\mathrm{P}}$ and $\\mathrm{Rh}^{\\mathrm{P}}$ catalysts were characterized by $^{31}\\mathrm{P}$ MAS NMR (ESI, Fig. S2); the results are in a general agreement with previously published data,42 which further confirms the successful immobilization of metal complexes on the phosphine- functionalized support.']","[""Some of the Ir-based catalysts were markedly more stable compared to Rh-based systems. In particular, [Ir(CO)(PPh_3)_2Cl] (Vaska's complex) immobilized on phosphine-modified silica was able to produce PHIP effects while demonstrating reasonable stability up to 140°C in H_2-rich gas mixtures [12]. An example of the studies involving an immobilized [Ir(COD)(phosphine)Cl] catalyst is shown in Fig. 3, where the experiments were conducted at 80°C.""]","Based on the provided context:

1.  **Vaska's complex** ([Ir(CO)(PPh₃)₂Cl]) immobilized on phosphine-modified silica demonstrated ""reasonable stability up to 140°C in H₂-rich gas mixtures"" while producing PHIP effects.

2.  The context discusses the stability of **immobilized [Ir(COD)(phosphine)Cl] catalysts** (specifically referred to as Irᴾ in the text) in comparison to Rh-based catalysts, stating that ""Ir-based catalysts show greater thermal stability than Rh-based catalysts"". These Irᴾ catalysts were used successfully in continuous flow hydrogenation experiments with parahydrogen, achieving significant conversion and an 800-fold NMR signal enhancement.

**Comparison:**

*   The context provides a specific **temperature stability benchmark (140°C)** for the immobilized Vaska's complex in H₂-rich mixtures.
*   For the immobilized [Ir(COD)(phosphine)Cl] catalyst (Irᴾ), the context states it demonstrated **greater thermal stability than Rh-based catalysts** and operated effectively under **continuous flow conditions** in H₂-rich gas mixtures (parahydrogen), implying good stability for the conditions tested.
*   However, the context **does not provide a specific maximum operating temperature** for the Irᴾ catalyst comparable to the 140°C given for Vaska's complex, nor does it directly compare the stability of Vaska's complex to the specific Irᴾ catalyst.","Vaska's complex is more stable, demonstrating reasonable stability up to 140°C, whereas the immobilized [Ir(COD)(phosphine)Cl] catalyst was studied at 80°C.",0.35795633217277845,0.9277029650399475,1.0,0.9999999999,0.5
30,Why does the Ir-H2 unit exhibit complex dynamics leading to both dihydrogen and dihydride complexes?,"['According to a previous study by Gelabert et al. on a similar iridium hydride complex, the $\\mathrm{Ir - H}_{2}$ unit exhibits complex dynamics complicated by the motions of the two hydrogen atoms bound to Ir, giving rise to both dihydrogen and dihydride complexes in extreme cases. Therefore, a two- dimensional surface scan was performed for complex [1] (Figure 2B), where the $\\mathrm{H - H}$ $\\left(R_{\\mathrm{HH}}\\right)$ and $\\mathrm{Ir - H}_{2}$ distances $\\left(R_{\\mathrm{Ir - H}_{2}}\\right)$ the distance between Ir and the midpoint between the two hydrogen atoms) distances were varied while the $\\mathrm{Ir - H}^{\\mathrm{a}}$ and $\\mathrm{Ir - H}^{\\mathrm{b}}$ were kept equal (Figure 2A).', ""Introduction\nMetal complexes that react with $\\mathrm{H}_{2}$ play a key role in numerous heavily- used catalytic processes such as hydrogenation, hydroformylation, hydrogen isotope exchange, and metal- catalyzed polarization transfer from parahydrogen $\\left[\\mathrm{Ir}_{2}\\right]_{1}^{[1 - 3]}$ Metal dihydride dihydrogen species appear in many of these pathways as crucial intermediates that drive reversible $\\mathrm{H}_{2}$ addition and hydride ligand site exchange. These species are often challenging to detect due to their short lifetimes and high reactivity, although many stable metal polyhydrides have been prepared and studied. In particular, there are several examples of iridium polyhydrides that exhibit a wide range of reactivity and can form from a variety of starting precursors. One commonly- used precursor is $\\left[\\mathrm{IrCl}(\\eta^{2} - \\eta^{2} - \\mathrm{COD})(\\mathrm{IMes})\\right]$ which is used in hydrogenation, deuterium isotope exchange, and catalytic magnetisation transfer from parahydrogen (termed SABRE). SABRE (signal amplification by reversible exchange) relies on iridium dihydride complexes to boost nuclear magnetic resonance (NMR) signal strength. This is achieved by unlocking latent magnetism within the para spin isomer of $\\mathrm{H}_{2}$ via reversible oxidative addition. The newly- created metal hydride ligands exhibit enhanced NMR signals due to their origin in $p\\mathrm{H}_{2}$ and this magnetization can spread to other ligands of the metal complex. Dissociation creates a 'hyperpolarized' species in solution in a process that has been suggested to feature undiscerned iridium dihydride dihydrogen intermediates like $\\left[\\mathrm{Ir}(\\mathrm{H})_{2}(\\eta^{2} - \\mathrm{H}_{2})(\\mathrm{IMes})(\\mathrm{py})_{2}\\right] \\mathrm{Cl}$ , where $\\mathrm{py}$ is pyridine."", 'according to DFT calculations, activates dihydrogen leading to one bridging and one terminal hydride ligand, in a similar fashion as mentioned above for the supported rhodium centers. This mode of the hydrogen activation dissymmetrizes the dirhodium complex while simultaneously forming a stabilizing Rh- Rh bond.28 Again, experimental evidence for such a dirhodium dihydride species is still lacking, although dissymmetric complexes with a dirhodium(1) core containing chloride ligands in place of the hydrides were reported.29 A symmetric dirhodium dihydride complex, which forms an intermetallic bond, was characterized by NMR and IR (Scheme 1c).30']","['According to a previous study by Gelabert et al. on a similar iridium hydride complex, the Ir-H2 unit exhibits complex dynamics complicated by the motions of the two hydrogen atoms bound to Ir, giving rise to both dihydrogen and dihydride complexes in extreme cases.']","Based on the provided context, the Ir-H₂ unit exhibits complex dynamics leading to both dihydrogen (η²-H₂) and dihydride configurations due to **the motions of the two hydrogen atoms bound to iridium**. This dynamic behavior arises because:  

1. **Atomic Motions**: The hydrogen atoms undergo positional fluctuations relative to the iridium center. These motions cause the system to oscillate between two extremes:  
   - A **dihydrogen complex** (where H₂ binds side-on to Ir, maintaining a short H-H bond).  
   - A **dihydride complex** (where H₂ fully cleaves into two distinct Ir-H bonds with a longer H-H distance).  

2. **Computational Evidence**: A two-dimensional surface scan (Figure 2B) explicitly probed this behavior by varying:  
   - The H-H distance (\(R_{\mathrm{HH}}\)).  
   - The Ir-to-H₂-midpoint distance (\(R_{\mathrm{Ir-H}_{2}}\)).  
   This scan revealed a continuum of configurations between the dihydrogen and dihydride states.  

3. **Relevance to Catalysis**: Such dynamics are critical in catalytic processes like SABRE, where reversible H₂ addition and hydride exchange rely on transient dihydride-dihydrogen intermediates (e.g., \(\mathrm{[Ir(H)_2(\eta^2-H_2)(IMes)(py)_2]Cl}\)). These intermediates facilitate polarization transfer from parahydrogen to ligands.  

This behavior is intrinsic to iridium polyhydrides and underpins their role in activating H₂ for NMR signal enhancement.  

---  
**Note**: The explanation is derived solely from the provided context, emphasizing atomic motions and computational validation.","The complex dynamics arise due to the motions of the two hydrogen atoms bound to Ir, which complicate the behavior of the Ir-H2 unit, resulting in the formation of both dihydrogen and dihydride complexes in extreme cases.",0.559778044747059,0.9488039733624888,1.0,0.99999999995,1.0
31,Why is the signal-to-noise ratio or resolution in vivo limited for hyperpolarized agents despite impressive in vitro signal enhancement?,"['However, the road to a meaningful in vivo application is steep. Despite the fact that impressive numbers of hyperpolarized agents have led to in vitro signal enhancement, the actual signal- to- noise ratio or resolution in vivo is limited.\\[105\\] The reason for this is manifold: first, the agent is significantly diluted in blood and tissues, thereby resulting in a label concentration that is much lower than that of water $(c(^{13}\\mathrm{C})< 10^{- 3}\\mathrm{M}$ versus $c(^{1}\\mathrm{H})\\approx 10^{2}\\mathrm{M})$ ; second, the agent needs time to distribute and reach the target; third, the agents may need additional time to cross cell membranes and other organelles before the desired function is probed. During the whole time, relaxation results in a loss of the hyperpolarization at a rate that is faster than that reported in vitro.', 'Despite the enormous signal enhancement provided by hyperpolarization, the SNR of hyperpolarized MRI is usually low, thereby resulting in limited spatial and chemical resolution.[14- 16] The reason for the low SNR is relaxation, substantial dilution of the hyperpolarized agent when applied in vivo, and the fact that you can only encode the magnetization once, as it is not replenished. To achieve the desired SNR, enough and sufficiently polarized agents must reach the area of interest. Thus, one of the key challenges is to highly polarize a concentrated sample (sometimes measured in molar polarization, the product of polarization and concentration).', 'These factors are the reason for a limited signal to noise ratio in vivo (Figures 8 and 9, see below) and allow some requirements to be derived for biomedical MRI contrast agents: 1) A highly concentrated $(>10^{- 1}\\mathrm{M})$ highly polarized $(>10\\%)$ and long- lived $(>10~\\mathrm{s})$ agent in aqueous medium is needed for the injectable solution; 2) Its injected solution needs to be safe when administrated as a bolus within seconds (contrast agent, solvent, temperature, $\\mathrm{pH}$ impurities, etc.); 3) to extract meaningful information, the effect of the bolus on the function investigated has to be taken into account (e.g. enzymatic conversion rates); 4) a sufficient payload, the product of concentration and polarization, needs to enter the target volume (e.g. pathology, imaging volume, voxel), fulfill its role, and survive the functional or metabolic step(s).']","['Despite the fact that impressive numbers of hyperpolarized agents have led to in vitro signal enhancement, the actual signal-to-noise ratio or resolution in vivo is limited. The reason for this is manifold: first, the agent is significantly diluted in blood and tissues, thereby resulting in a label concentration that is much lower than that of water; second, the agent needs time to distribute and reach the target; third, the agents may need additional time to cross cell membranes and other organelles before the desired function is probed. During the whole time, relaxation results in a loss of the hyperpolarization at a rate that is faster than that reported in vitro. Moreover, signal acquisition itself consumes hyperpolarization, because transverse magnetization is required which decays even faster.']","The limited signal-to-noise ratio (SNR) or resolution in vivo for hyperpolarized agents, despite strong in vitro enhancement, arises from the following interrelated factors:  

1. **Significant Dilution**:  
   Hyperpolarized agents are diluted in blood and tissues, reducing their concentration to <10⁻³ M. This contrasts sharply with the ~10² M concentration of endogenous water protons (¹H), drastically lowering detectable signal intensity.  

2. **Distribution and Targeting Delays**:  
   The agent requires time to:  
   - Circulate and reach target tissues  
   - Cross biological barriers (e.g., cell membranes)  
   During this transit, polarization decays before reaching the target site.  

3. **Accelerated Relaxation**:  
   T₁ relaxation occurs faster in vivo than in vitro, causing rapid polarization loss before data acquisition. This is exacerbated by:  
   - Interactions with complex biological matrices  
   - Longer required distribution/uptake times  

4. **Single-Use Magnetization**:  
   Hyperpolarized spins are irreversibly depleted after excitation, unlike thermally polarized spins that recover between scans.  

5. **Payload Limitations**:  
   Achieving sufficient SNR requires a high ""polarization payload"" (concentration × polarization) at the target site. In vivo barriers reduce the effective payload due to dilution, relaxation, and incomplete delivery.  

These constraints collectively limit achievable SNR and resolution despite high initial polarization.","The signal-to-noise ratio or resolution in vivo is limited because: 1) the agent is significantly diluted in blood and tissues, resulting in a much lower label concentration compared to water; 2) the agent needs time to distribute and reach the target; 3) the agents may need additional time to cross cell membranes and other organelles before the desired function is probed; and 4) relaxation results in a loss of hyperpolarization at a faster rate than reported in vitro. Additionally, signal acquisition itself consumes hyperpolarization because transverse magnetization is required, which decays even faster.",0.6745877398525287,0.9186589715078636,0.8636363636363636,0.9999999999666667,0.8
32,How do the hardware requirements of ESOTHERIC-Grad compare to those of ESOTHERIC-Ref?,"['Two modifications of ESOTHERIC were proposed to improve SOT performance in an inhomogeneous $B_0$ field: ESOTHERIC- Grad bipolar pulsed- field gradients (BPFG) and ESOTHERIC- Ref with multiple spin- refocusing blocks (Fig. 3a). As it was pointed out before, BPFG of ESOTHERIC- Grad requires advanced hardware, unlike ESOTHERIC- Ref. As both provide a comparable efficiency, we suggest using the second less demanding hardware variant. For ESOTHERIC- Ref one should apply constant gradients to worsen the magnetic field homogeneity such that radiation damping is reduced, preventing the RASER effect at high fields.', '[](images/cf57d1d0275043532610e223b046624f2709ce26fb51e20e2d7492a14b48dd68.jpg) \nFig. 3 (a) ESOTHERIC pulse sequence together with bipolar pulsed field gradients (ESOTHERIC-Grad). (b) ESOTHERIC pulse sequence together with several refocusing composite $180^{\\circ}$ pulses (ESOTHERIC-Ref). (c) $\\Delta \\Delta \\Delta \\Delta \\Delta \\Delta \\Delta \\Delta \\Delta \\Delta \\Delta \\Delta \\Delta \\Delta \\Delta \\Delta \\Delta \\Delta \\Delta \\Delta \\Delta \\Delta \\Delta \\Delta \\Delta \\Delta \\Delta \\Delta \\Delta \\Delta \\Delta \\Delta \\Delta \\Delta \\Delta \\Delta \\Delta \\Delta \\Delta \\Delta \\Delta \\Delta \\Delta \\Delta \\Delta \\Delta \\Delta \\Delta \\Delta \\Delta \\Delta$ polarization of EA carbonyl as a result of the ESOTHERIC pulse sequence after parahydrogenation of $50~\\mathrm{mM}$ of vinyl acetate- $\\cdot \\mathrm{d}_{6}$ in chloroform-d at $320\\mathrm{K}$ (1) ESOTHERIC without any gradient $P = 1\\%$ 2 ESOTHERIC-Ref under $5\\mathrm{mGcm}^{-1}P = 5\\%$ 3 ESOTHERIC-Grad $50\\mathrm{mGcm}^{-1}$ gradient during bubbling and $0.5\\text{Gcm}^{-1}$ during transfer $P = 22\\%$ 4 ESOTHERIC under $50\\mathrm{mGcm}^{-1}$ gradient $P = 36\\%$ 5 ESOTHERIC-Grad under $0.15\\mathrm{Gcm}^{-1}$ gradient during bubbling and $2.5\\mathrm{Gcm}^{-1}$ during transfer $P = 54\\%$ 6 ESOTHERIC-Ref under $50\\mathrm{mGcm}^{-1}$ gradient during bubbling and transfer $P = 56\\%$ . The inset shows a signal of the $\\Delta \\Delta \\Delta \\Delta \\Delta \\Delta \\Delta \\Delta \\Delta \\Delta \\Delta \\Delta \\Delta \\Delta \\Delta \\Delta \\Delta \\Delta \\Delta \\Delta \\Delta \\Delta \\Delta \\Delta \\Delta \\Delta \\Delta \\Delta \\Delta \\Delta \\Delta \\Delta \\Delta \\Delta \\Delta \\Delta \\Delta \\Delta \\Delta \\Delta \\Delta \\Delta \\Delta \\Delta \\Delta \\Delta \\Delta \\Delta \\Delta$ of hydrogenation (EA) with thermal polarization at $B_{0} = 7\\mathrm{T}$ $100~\\mathrm{mM}$ 1100 scans, 1H- and 2H-dec).', 'Table 1 Polarization achieved at different conditions. High field: $B_0 = 7T$ and low field: $B_0 = 1T$ spectrometer in $\\mathbb{C}\\mathbb{D}\\mathbb{C}\\mathbb{I}_3$ . The data with error margins are results of three measurements and report the standard deviation. Ref and BPFG correspond to ESOTHERIC-Ref and ESOTHERIC-Grad pulse sequences, respectively']","['BPFG of ESOTHERIC-Grad requires advanced hardware, unlike ESOTHERIC-Ref. As both provide a comparable efficiency, we suggest using the second less demanding hardware variant.']","Based on the provided context:  
- **ESOTHERIC-Grad** requires **advanced hardware** due to its use of bipolar pulsed-field gradients (BPFG).  
- **ESOTHERIC-Ref** is explicitly described as a **less demanding hardware variant** since it relies on multiple spin-refocusing blocks instead of complex gradients.  

Thus, ESOTHERIC-Ref has lower hardware requirements compared to ESOTHERIC-Grad.","ESOTHERIC-Grad requires advanced hardware, unlike ESOTHERIC-Ref, which is less demanding.",0.7657323772343512,0.9340685776854173,1.0,0.9999999999,1.0
33,Why is the energy difference between [TS2]‡ and 11-HH_ox very low?,"[""These two complexes are therefore expected to slowly interconvert and be observable in solution, which is indeed supported by NMR spectroscopyWe note that $\\Delta G$ values from DFT calculations and variable temperature NMR measurements obtained from a Van't Hoff plot (FigS16 $^{\\dagger}$ ) are in reasonable agreement $(\\Delta \\Delta G = 4.5$ and $1.1 \\mathrm{kcal} \\mathrm{mol}^{- 1}$ , respectively)It is of note that since the geometrical reorganization in going from $[\\mathrm{TS2}]^{\\ddagger}$ to $\\mathbf{11 - HH_{ox}}$ is only minimal, the barrier for this step is very low and we attribute the small positive energy difference between $\\mathbf{11 - HH_{ox}}$ and $[\\mathrm{TS2}]^{\\ddagger}$ to the numerical inaccuracy of the applied DFT methodIn addition, we note that the bimetallic hydrogen activation pathway involving a four- membered $\\mathrm{M}_2\\mathrm{H}_2$ transition state was not considered because this reaction is symmetry forbidden$^{57}$"", ""DFT calculations (wB97X- D/def2- SVP) support the proposed reversible hydrogen activation of the monomeric triflate complex 8 leading to the dihydride 11 (Scheme 3)From the computed 8- SM intermediate, two $\\mathrm{H_2}$ adducts can be formed: with the $\\mathrm{H}_2$ molecule coordinated cis $(8 - \\mathbf{H}_2)$ or trans $(8\\mathbf{a}\\mathbf{- }\\mathbf{H}_2)$ to Rh1 (Scheme 3)Both complexes can undergo oxidative addition steps via activated complexes which are located at energetically low lying transition states $([\\mathrm{TS1}]^{\\ddagger}; \\Delta G = 11.4 \\mathrm{kcal} \\mathrm{mol}^{- 1}; [\\mathrm{TS2}]^{\\ddagger}; \\Delta G = 7.1 \\mathrm{kcal} \\mathrm{mol}^{- 1})$ , leading to dihydrides $\\mathbf{8a - HH_{ox}}$ and $\\mathbf{11 - HH_{ox}}$ , respectivelyWith the exception of 11- MeCN, all intermediates are relatively close in energy and are expected to be accessible from 8- SM at room temperatureSince $\\mathbf{11 - HH_{ox}}$ has an open coordination site trans to Rh1, binding of one acetonitrile ligand occurs giving a more stable species 11- MeCN $(\\Delta G = - 19.8 \\mathrm{kcal} \\mathrm{mol}^{- 1})$ with a distorted octahedral coordination environment around Rh2, as expected for $\\mathrm{Rh(III)} \\mathrm{d}^6$ complexesThe energy of the coordinatively saturated 11- MeCN is only slightly higher than that of 8- MeCN $(\\Delta G = - 12.3$ and $- 16.8 \\mathrm{kcal} \\mathrm{mol}^{- 1}$ , respectively)These two complexes are therefore expected to slowly interconvert and be observable in solution, which is indeed supported by NMR spectroscopyWe note that $\\Delta G$ values from DFT calculations and variable temperature NMR measurements obtained from a Van't Hoff plot (FigS16 $^{\\dagger}$ ) are in reasonable agreement $(\\Delta \\Delta G = 4.5$ and $1.1 \\mathrm{kcal} \\mathrm{mol}^{- 1}$ , respectively)"", '[](images/51d4d2528940a33e71676f3fc50a8d8596afeed86efc8d9bb1f5b2cd418a145a.jpg) \nScheme 3 DFT calculations (Gaussian09, $\\omega$ B97X-D/def2-SVP) for the hydrogen activation pathways from 8-SM to $8a - HH_{ox}$ and $11 - HH_{ox}$ . L is one acetonitrile ligand. The transition states were confirmed to connect the two respective energy minima by IRC calculations (see ESI†).']","['It is of note that since the geometrical reorganization in going from [TS2]‡ to 11-HH_ox is only minimal, the barrier for this step is very low and we attribute the small positive energy difference between 11-HH_ox and [TS2]‡ to the numerical inaccuracy of the applied DFT method.']","The energy difference between the transition state \([TS2]^{\ddagger}\) and the dihydride species \(\mathbf{11\text{-}HH_{ox}}\) is very low due to **minimal geometrical reorganization** during the conversion. According to the DFT calculations:  

1. **Structural Similarity**: The transition state \([TS2]^{\ddagger}\) and \(\mathbf{11\text{-}HH_{ox}}\) exhibit nearly identical geometries. This minimal structural change results in a low energy barrier for the reaction step.  
2. **DFT Numerical Inaccuracy**: The small positive energy difference is partly attributed to the limitations of the DFT method (ωB97X-D/def2-SVP), which may introduce minor inaccuracies in energy calculations for such closely related structures.  

This conclusion is explicitly stated in the context:  
> *""It is of note that since the geometrical reorganization in going from \([TS2]^{\ddagger}\) to \(\mathbf{11\text{-}HH_{ox}}\) is only minimal, the barrier for this step is very low and we attribute the small positive energy difference [...] to the numerical inaccuracy of the applied DFT method.""*  

The computed \(\Delta G\) for this step is \(7.1 \, \text{kcal mol}^{-1}\), further supporting the low-energy pathway.","The energy difference is very low because the geometrical reorganization from [TS2]‡ to 11-HH_ox is minimal, and the small positive energy difference is attributed to the numerical inaccuracy of the applied DFT method.",0.9293682502986259,0.8301531084826138,1.0,0.99999999995,1.0
34,Why are the complexes 11-MeCN and 8-MeCN expected to slowly interconvert and be observable in solution?,"[""DFT calculations (wB97X- D/def2- SVP) support the proposed reversible hydrogen activation of the monomeric triflate complex 8 leading to the dihydride 11 (Scheme 3)From the computed 8- SM intermediate, two $\\mathrm{H_2}$ adducts can be formed: with the $\\mathrm{H}_2$ molecule coordinated cis $(8 - \\mathbf{H}_2)$ or trans $(8\\mathbf{a}\\mathbf{- }\\mathbf{H}_2)$ to Rh1 (Scheme 3)Both complexes can undergo oxidative addition steps via activated complexes which are located at energetically low lying transition states $([\\mathrm{TS1}]^{\\ddagger}; \\Delta G = 11.4 \\mathrm{kcal} \\mathrm{mol}^{- 1}; [\\mathrm{TS2}]^{\\ddagger}; \\Delta G = 7.1 \\mathrm{kcal} \\mathrm{mol}^{- 1})$ , leading to dihydrides $\\mathbf{8a - HH_{ox}}$ and $\\mathbf{11 - HH_{ox}}$ , respectivelyWith the exception of 11- MeCN, all intermediates are relatively close in energy and are expected to be accessible from 8- SM at room temperatureSince $\\mathbf{11 - HH_{ox}}$ has an open coordination site trans to Rh1, binding of one acetonitrile ligand occurs giving a more stable species 11- MeCN $(\\Delta G = - 19.8 \\mathrm{kcal} \\mathrm{mol}^{- 1})$ with a distorted octahedral coordination environment around Rh2, as expected for $\\mathrm{Rh(III)} \\mathrm{d}^6$ complexesThe energy of the coordinatively saturated 11- MeCN is only slightly higher than that of 8- MeCN $(\\Delta G = - 12.3$ and $- 16.8 \\mathrm{kcal} \\mathrm{mol}^{- 1}$ , respectively)These two complexes are therefore expected to slowly interconvert and be observable in solution, which is indeed supported by NMR spectroscopyWe note that $\\Delta G$ values from DFT calculations and variable temperature NMR measurements obtained from a Van't Hoff plot (FigS16 $^{\\dagger}$ ) are in reasonable agreement $(\\Delta \\Delta G = 4.5$ and $1.1 \\mathrm{kcal} \\mathrm{mol}^{- 1}$ , respectively)"", ""These two complexes are therefore expected to slowly interconvert and be observable in solution, which is indeed supported by NMR spectroscopyWe note that $\\Delta G$ values from DFT calculations and variable temperature NMR measurements obtained from a Van't Hoff plot (FigS16 $^{\\dagger}$ ) are in reasonable agreement $(\\Delta \\Delta G = 4.5$ and $1.1 \\mathrm{kcal} \\mathrm{mol}^{- 1}$ , respectively)It is of note that since the geometrical reorganization in going from $[\\mathrm{TS2}]^{\\ddagger}$ to $\\mathbf{11 - HH_{ox}}$ is only minimal, the barrier for this step is very low and we attribute the small positive energy difference between $\\mathbf{11 - HH_{ox}}$ and $[\\mathrm{TS2}]^{\\ddagger}$ to the numerical inaccuracy of the applied DFT methodIn addition, we note that the bimetallic hydrogen activation pathway involving a four- membered $\\mathrm{M}_2\\mathrm{H}_2$ transition state was not considered because this reaction is symmetry forbidden$^{57}$"", 'Complexes 5 and 6 are often not directly observable, owing to their short lifetime and, therefore, low concentration in solution. However, these complexes have been observed in some cases at very low temperatures or when mediating solvent polarization [76D78], or via the chemical exchange saturation transfer (CEST) technique [68]. While usually not directly observable, such complexes may play an important role in the hydrogen exchange process, leading to the formation of anti- phase spin order, an essential']","[""The energy of the coordinatively saturated 11-MeCN is only slightly higher than that of 8-MeCN (ΔG = -12.3 and -16.8 kcal mol⁻¹, respectively). These two complexes are therefore expected to slowly interconvert and be observable in solution, which is indeed supported by NMR spectroscopy. We note that ΔG values from DFT calculations and variable temperature NMR measurements obtained from a Van't Hoff plot (Fig. S16 †) are in reasonable agreement (ΔΔG = 4.5 and 1.1 kcal mol⁻¹, respectively).""]","Based on the provided context, complexes **11-MeCN** and **8-MeCN** are expected to slowly interconvert and be observable in solution due to their **close Gibbs free energy (ΔG) values**, as determined by DFT calculations and supported by NMR spectroscopy. The key points are:

1. **Energy Proximity**:  
   - The DFT-calculated ΔG values for **11-MeCN** and **8-MeCN** are **-12.3 kcal mol⁻¹** and **-16.8 kcal mol⁻¹**, respectively.  
   - The small energy difference (ΔΔG ≈ **4.5 kcal mol⁻¹**) means both complexes are thermodynamically accessible at room temperature, allowing equilibration between them.

2. **Kinetic Accessibility**:  
   - The oxidative addition steps leading to these dihydride complexes occur via low-energy transition states (e.g., [TS2]‡ at ΔG = 7.1 kcal mol⁻¹), enabling feasible interconversion pathways.  
   - The minimal geometric reorganization required for these steps further lowers kinetic barriers.

3. **Experimental Validation**:  
   - **NMR spectroscopy** confirms the coexistence and slow interconversion of these complexes in solution.  
   - Variable-temperature NMR data (via a Van't Hoff plot) agree with DFT-predicted ΔG values (experimental ΔΔG = 1.1 kcal mol⁻¹ vs. calculated 4.5 kcal mol⁻¹), reinforcing their mutual observability.  

In summary, the thermodynamic stability and low kinetic barriers facilitate reversible interconversion, while NMR detects both species due to their comparable energies and slow exchange rates.","The complexes 11-MeCN and 8-MeCN are expected to slowly interconvert and be observable in solution because their energies are relatively close (ΔG = -12.3 and -16.8 kcal mol⁻¹, respectively), and the coordinatively saturated 11-MeCN is only slightly higher in energy than 8-MeCN. This small energy difference allows for slow interconversion, which is further supported by NMR spectroscopy and reasonable agreement between DFT calculations and variable temperature NMR measurements.",0.8032125693381663,0.9740873914385034,1.0,0.99999999995,1.0
35,Why does the absence of LACs in the high detection field of a benchtop NMR spectrometer limit spontaneous polarisation transfer in SABRE experiments?,"['Polarisation transfer within the magnetic field of the benchtop NMR spectrometer eliminates the need for sample transport, further improving the reproducibility of $p\\mathrm{H}_2$ hyperpolarisation experiments. In hydrogenative PHIP experiments, in situ signal enhancement can be achieved via the PASADENA effect. Ellermann et al. demonstrate average ${}^{1}\\mathrm{H}$ polarisation levels of $16.2\\%$ for ethyl acetate- $d_6$ following hydrogenation of vinyl pyruvate- $d_6$ at $0.55\\mathrm{T}$ using this approach [206]. For SABRE experiments, the absence of LACs in the comparatively high detection field of a benchtop NMR spectrometer limits spontaneous polarisation transfer in situ. However, polarisation transfer can be achieved by using tailored RF irradiation to bring the spin system to an appropriate LAC condition in the rotating frame of reference [207,208]. A number of pulse schemes for in situ polarisation transfer to heteronuclei and ${}^{1}\\mathrm{H}$ have been developed for use at high field [161- 164,207,209- 211]. Of these, the spin- lock induced crossing (SLIC) method has been combined with benchtop NMR detection to achieve in situ ${}^{13}\\mathrm{C}$ and ${}^{15}\\mathrm{N}$ SABRE hyperpolarisation for a range of analytes at natural isotopic abundance, as demonstrated for ${}^{15}\\mathrm{N}$ in Fig. 19. A maximum of $12.1\\%$ and $0.4\\%$ ${}^{15}\\mathrm{N}$ and ${}^{13}\\mathrm{C}$ polarisation, respectively, was observed for $60~\\mathrm{mM}$ 4- aminopyridine [212].', 'The transfer of polarization through SABRE typically occurs at low magnetic field and is maximized when a level anti- crossing (LAC) condition is met.[19] This is associated with the spin system becoming strongly coupled as a consequence of the chemical shift difference between the interacting groups collapsing to values that match the shared spin- spin couplings, thus resulting in coherent polarization transfer. Consequently, the efficiency of polarization transfer is field dependent. However, methods exist to transfer such polarization at high magnetic field in the presence of radio frequency excitation,[20] such that hyperpolarized NMR spectra can be collected.[21] Polarization transfer through SABRE has, in fact, been shown to be successfully transferred to $^{1}\\mathrm{H},^{[13,22]}$ $^{13}\\mathrm{C},^{[22a,23]}$ $^{15}\\mathrm{N},^{[24]}$ $^{19}\\mathrm{F},^{[13,14,16]}$ $^{31}\\mathrm{P},^{[25]}$ $^{29}\\mathrm{Si},$ and $^{119}\\mathrm{Sn}$ .[26]', 'Recently, it was found by Barskiy et al. [24] that the high- field SABRE can be formed not only under RF excitation but also just by sample insertion into a high- field NMR spectrometer. Thus, at high fields there exists a mechanism of ""spontaneous"" spin order transfer, i.e., a mechanism that does not require RF excitation. The observed high- field SABRE effect has been explained in Refs. [24, 25] by cross- relaxation assisted polarization transfer. The achieved enhancement in the case of ""spontaneous"" transfer is considerably lower as compared to the conventional SABRE (polarization at low fields) and to RF- assisted SABRE at high fields; however, the ease of running the high- field SABRE experiment in the absence of RF excitation makes it attractive. The utility of such high- field SABRE experiments has already been demonstrated by Truong et al. [25].']","['For SABRE experiments, the absence of LACs in the comparatively high detection field of a benchtop NMR spectrometer limits spontaneous polarisation transfer in situ. However, polarisation transfer can be achieved by using tailored RF irradiation to bring the spin system to an appropriate LAC condition in the rotating frame of reference [207,208].']","Based on the provided context, the absence of Level Anti-Crossings (LACs) in the high detection field of a benchtop NMR spectrometer limits spontaneous polarization transfer in SABRE experiments due to the following reasons:  

1. **LAC Requirement for Polarization Transfer**:  
   SABRE relies on LAC conditions to enable efficient polarization transfer. At LAC points, the chemical shift differences between interacting spins collapse to values matching their shared spin-spin couplings (\(J\)-couplings). This collapse creates a strongly coupled spin system, facilitating coherent polarization transfer.  

2. **Field-Dependent LAC Formation**:  
   LACs occur optimally at low magnetic fields (typically μT to mT range) where chemical shift differences are small enough to be comparable to \(J\)-couplings. In the high field (e.g., 0.55 T or higher) of benchtop NMR spectrometers, chemical shifts scale linearly with field strength, while \(J\)-couplings remain field-independent. This mismatch prevents spontaneous LAC formation, disrupting polarization transfer.  

3. **Consequence of High Field**:  
   The context explicitly states: *""the absence of LACs in the comparatively high detection field... limits spontaneous polarisation transfer in situ""*. Without LACs, the spin system remains weakly coupled, and spontaneous polarization transfer cannot occur efficiently.  

4. **Mitigation via RF Methods**:  
   While spontaneous transfer is inhibited, tailored RF irradiation (e.g., SLIC) can artificially create LAC conditions in the rotating frame, enabling polarization transfer at high fields. The context notes that ""spontaneous"" high-field SABRE (without RF) does exist via cross-relaxation but yields significantly lower polarization than low-field SABRE or RF-assisted methods.  

In summary, the high-field environment disrupts the energy-matching conditions required for LAC-driven polarization transfer, necessitating RF intervention for efficient SABRE implementation in benchtop NMR.","The absence of level anti-crossings (LACs) in the high detection field of a benchtop NMR spectrometer limits spontaneous polarisation transfer in SABRE experiments because LACs are necessary for efficient polarisation transfer. However, this limitation can be overcome by using tailored RF irradiation to bring the spin system to an appropriate LAC condition in the rotating frame of reference.",0.44661703765970906,0.9656186804140044,0.9,0.99999999995,1.0
36,Why is the spectral intensity of the NMR-visible oH2 triplet state reduced following pH2 enrichment at ~40K?,"['The spectral intensity arising from the NMR- visible $\\mathrm{oH}_2$ triplet state (normalized to an integral value of 75.0 corresponding to the $75\\%$ population of $\\mathrm{H}_2$ nuclear spins in the $\\mathrm{oH}_2$ triplet state at thermal equilibrium) is reduced by more than a factor of 5 following $\\mathrm{pH}_2$ - enrichment at $\\sim 40\\mathrm{K}$ (sensor reading)The reduction in $\\mathrm{oH}_2$ NMR spectral intensity corresponds to an increase in population of the NMR- invisible $\\mathrm{pH}_2$ singlet stateThe normalized integral of 13.2 translates to an $\\mathrm{oH}_2$ triplet population of $\\sim 13\\pm 2\\%$ inversely indicating a $\\mathrm{pH}_2$ singlet fraction of $87\\pm 2\\%$ This ability to continuously produce $\\mathrm{pH}_2$ at this high level of enrichment has several practical benefitsFirst, it enables studies that continuously consume $\\mathrm{pH}_2$ at flow rates of $< 150$ sccmWe note that the flow rates of 100 sccm and below result in an $\\sim 40\\mathrm{K}$ equilibrium temperature, whereas a higher flow rate (e.g., 150 sccm corresponding to $42\\mathrm{K}$ in Figure 3c) leads to the an overall higher heat load (due to incoming $\\mathrm{H}_2$ gas) and a higher equilibrium temperature resulting in the overall slightly lower $\\mathrm{pH}_2$ fraction, Figure 3c; however, we find the device performance at 150 sccm and below very satisfactoryMoreover, the minor discrepancy between the observed $\\% \\mathrm{pH}_2$ and the theoretical value (Table S1) and the observed small oscillation in the flow rate dependence data (Figure 3c) are due to a series of compounding factors: (i) differential relaxation of $\\mathrm{pH}_2$ gas in NMR tubes (due to collision with wall residual atmospheric $\\mathrm{O}_2$ ) during the time between sample collection and NMR acquisition $(\\sim 10\\mathrm{min})$ (ii) small differences in the sample filling, and (iii) thermocouple temperature reading', 'Monitoring the exchange of $\\mathbf{H}_{2}$ with $\\mathrm{IrH_2(CO)Cl(PMe_3)_2}$ 2-Cl-Me], after UV irradiation of the precursor\nThe role of photochemistry in enhancing ligand exchange was also investigated for 2- [Cl- Me]A solution of $\\mathrm{Ir(CO)Cl(PMe_3)_2}$ in benzene- $\\cdot \\mathrm{d}_6$ was placed under 3 atm of $p - \\mathrm{H}_2$ in an NMR tube, left to react to form 2- [Cl- Me], and then exposed to UV light for 5 minutesThe resulting solution was then observed by NMR spectroscopyThe hydride resonances of 2- [Cl- Me] at $\\delta - 7.86$ and $- 18.98$ now showed enhancement in the corresponding ${}^{1}\\mathrm{H}$ NMR spectrum at $295~\\mathrm{K}$ in agreement with the observations made on 2- [Cl- Ph]Such an enhancement has not been seen previously at temperatures less than $333~\\mathrm{K}$ and demonstrates that photolysis causes the loss of $\\mathrm{H}_{2}$ from 2- [Cl- Me]In addition, pairs of enhanced resonances are also observed at $\\delta - 15.53$ $- 22.13$ and $\\delta - 23.32$ $- 23.54$ as shown in Fig.2d)The former pair appear as anti- phase doublet of doublet of triplets $(J_{\\mathrm{HH}} = - 6.4$ $J_{\\mathrm{PH}} = 8.5$ and $22\\mathrm{Hz}$ and anti- phase doublet of triplets $(J_{\\mathrm{HH}} = - 6.4$ and $J_{\\mathrm{PH}} = 14\\mathrm{Hz}$ respectively, while the latter pair both appear with anti- phase doublet of triplet multiplicities $(J_{\\mathrm{HH}} = - 4.5$ and $J_{\\mathrm{PH}} = 18.5$ and $17\\mathrm{Hz}$ respectively)The ${}^{1}\\mathrm{H}$ NMR chemical shifts of these products are consistent with those expected for a binuclear species containing bridging $(\\delta - 15)$ and terminal $(\\delta - 21)$ hydrides.29 These resonances are therefore assigned to the binuclear species $\\mathrm{H(Cl)Ir(PMe_3)_2(\\mu - H)(\\mu - Cl)Ir(PMe_3)(CO)}$ and $(\\mathrm{H}_2\\mathrm{Ir}(\\mathrm{PMe}_3)_2$ $(\\mu - \\mathrm{Cl})_2\\mathrm{Ir}(\\mathrm{PMe}_3)(\\mathrm{CO})$ respectively', 'Over prolonged reaction times, the hydride resonances for 3 disappeared as the $p\\text{- }\\mathrm{H}_{2}$ enhancement was depleted, and a stable resonance, assigned to species 4, built up slowly at $\\delta = - 13.38\\mathrm{ppm}$ . This signal was split into a triplet by a $12\\mathrm{Hz}$ coupling to two equivalent $^{31}\\mathrm{P}$ nuclei resonating at $\\delta = 38.4\\mathrm{ppm}$ in the corresponding $^{31}\\mathrm{P}$ NMR spectrum. Since $p\\text{- }\\mathrm{H}_{2}$ enhancement in these spectra would be quenched by a species with unpaired electrons, this resonance must correspond to two chemically equivalent hydrides, while its chemical shift is indicative of bridging hy']",['The spectral intensity arising from the NMR- visible  oH2  triplet state (normalized to an integral value of 75.0 corresponding to the  75%  population of  H2  nuclear spins in the  oH2  triplet state at thermal equilibrium) is reduced by more than a factor of 5 following  pH2 - enrichment at  ~40K  (sensor reading). The reduction in  oH2  NMR spectral intensity corresponds to an increase in population of the NMR- invisible  pH2  singlet state. The normalized integral of 13.2 translates to an  oH2  triplet population of  ~13±2%  inversely indicating a  pH2  singlet fraction of  87±2% .'],"The reduction in spectral intensity of the NMR-visible ortho-hydrogen (oH₂) triplet state following para-hydrogen (pH₂) enrichment at ~40 K occurs due to the following reasons:  

1. **Conversion to NMR-invisible pH₂**:  
   The enrichment process increases the population of the *singlet* para-hydrogen (pH₂) state, which is NMR-invisible because its total nuclear spin quantum number (\(I = 0\)) prevents detection by conventional NMR. As pH₂ enrichment rises, the oH₂ population decreases proportionally.  

2. **Quantitative population shift**:  
   At thermal equilibrium (without enrichment), oH₂ constitutes ~75% of H₂, giving a normalized NMR integral of 75.0. After pH₂ enrichment at ~40 K:  
   - The oH₂ NMR integral drops to **13.2** (a reduction by >5×).  
   - This corresponds to an oH₂ population of **~13 ± 2%** and a pH₂ population of **~87 ± 2%**.  

3. **Temperature and flow dynamics**:  
   The equilibrium temperature (~40 K) favors pH₂ formation, as the singlet state is thermodynamically stable at low temperatures. Higher flow rates (e.g., 150 sccm) slightly reduce pH₂ enrichment due to increased heat load (equilibrium temperature ~42 K), but the process remains efficient at ≤150 sccm.  

In summary, the intensity reduction directly reflects the depletion of NMR-visible oH₂ due to its conversion to NMR-invisible pH₂ during enrichment.","The reduction in oH2 NMR spectral intensity occurs because the pH2 enrichment increases the population of the NMR-invisible pH2 singlet state, which inversely reduces the oH2 triplet population.",0.6064149802748395,0.8954210733486123,0.8235294117647058,0.9999999999,1.0
37,How does the conversion rate of parahydrogen to normal hydrogen compare between Rh_2C and Rh^0 in the hydrogenation experiments?,"['In this work, we studied the catalytic properties of metallic and carbidic rhodium phases in the hydrogenation of propene and propyne. Conveniently, the known evolution of $\\mathrm{Rh}_2\\mathrm{C}$ to $\\mathrm{Rh^{0}}$ under hydrogenation conditions can facilitate a comparison of the catalytic functioning of the carbide and metallic phases, and mixtures thereof, in a single hydrogenation experiment. In addition to comparing the hydrogenation activities of the two phases, we also attempt to access and compare useful mechanistic information provided by the utilization of parahydrogen, namely their efficiency in the dissociative activation of molecular hydrogen as well as their ability to achieve pairwise $H_{2}$ addition to unsaturated hydrocarbons. The results of this study reveal that the hydrogenation of propyne and propene with $p - H_{2}$ using $\\mathrm{Rh}_2\\mathrm{C}$ shows no significant difference between carbidic and metallic phases in selectivity to the pairwise $H_{2}$ addition route. Yet substrate conversion is higher on $\\mathrm{Rh}_2\\mathrm{C}$ , explained by approximately a factor of eight higher surface area of the carbidic catalyst. In addition, changes were observed in the conversion rate of parahydrogen to normal hydrogen, with $\\mathrm{Rh}_2\\mathrm{C}$ converting $p - H_{2}$ to $o - H_{2}$ measurably faster than $\\mathrm{Rh^{0}}$ .', 'hydrogenation was observed for a catalyst having a more significant fraction of $\\mathrm{Rh_2C}$ . This result is consistent with a higher hydrogenation activity of $\\mathrm{Rh_2C}$ compared to $\\mathrm{Rh^0}$ , yet a surface area declines by a factor of ca. eight when $\\mathrm{Rh^0 / C}$ is formed in situ from $\\mathrm{Rh_2C}$ . The ability of $\\mathrm{Rh_2C}$ and $\\mathrm{Rh^0 / C}$ to incorporate both H atoms of an $\\mathrm{H_2}$ molecule into the same product molecule, i.e., their selectivity toward pairwise $\\mathrm{H_2}$ addition, was assessed in the hydrogenation of propyne with parahydrogen. The pairwise selectivity is comparable and less than $1\\%$ for both catalysts. Thus, the $\\mathrm{Rh_2C}$ phase (or surface layers) is not responsible for observing PHIP effects over Rh- based heterogeneous catalysts. At the same time, $\\mathrm{Rh_2C}$ is characterized by a higher relative rate of conversion of parahydrogen to normal $\\mathrm{H_2}$ , i.e., $\\mathrm{Rh_2C}$ dissociates $\\mathrm{H_2}$ more efficiently than $\\mathrm{Rh^0 / C}$ , consistent with the higher conversion observed in the hydrogenation of propyne over $\\mathrm{Rh_2C}$ .', ""cantly and thus could also affect the pairwise hydrogen addition route. Here, we explored carbon's role by studying the hydrogenation of propyne and propyne with parahydrogen on a $\\mathrm{Rh}_2\\mathrm{C}$ catalyst and comparing the results with those for a $\\mathrm{Rh}^0 /\\mathrm{C}$ catalyst obtained from $\\mathrm{Rh}_2\\mathrm{C}$ via $\\mathsf{H}_{2}$ pretreatment. While the catalysts $\\mathrm{Rh}_2\\mathrm{C}$ and $\\mathrm{Rh}^0 /\\mathrm{C}$ differ notably in the rate of conversion of parahydrogen to normal hydrogen as well as in terms of hydrogenation activity, our findings suggest that the carbide phase does not play a significant role in the pairwise $\\mathsf{H}_{2}$ addition route on rhodium catalysts.""]","['In addition, changes were observed in the conversion rate of parahydrogen to normal hydrogen, with Rh_2C converting p-H_2 to o-H_2 measurably faster than Rh^0.']","Based on the provided context:

- **Rh₂C** exhibits a **higher conversion rate** of parahydrogen (p-H₂) to normal hydrogen (o-H₂) compared to **Rh⁰**.  
- Specifically, Rh₂C converts p-H₂ to o-H₂ **measurably faster** than Rh⁰.  
- This difference is attributed to the **more efficient dissociative activation of H₂** by Rh₂C, which also correlates with its higher hydrogenation activity for substrates like propyne.  

In summary, the conversion rate of parahydrogen to normal hydrogen is **faster for Rh₂C than for Rh⁰**.",Rh_2C converts parahydrogen to normal hydrogen measurably faster than Rh^0.,0.6521412221845442,0.8733064663468185,1.0,0.9999999999666667,1.0
38,What is the first step in the SABRE method for spin-polarizing samples for zero-field NMR measurements?,"['Since no magnetic field is present during the zero- field NMR measurements, samples need to be spin- polarized prior to the measurements. This can be achieved by remote thermal prepolarization with a permanent magnet located outside of the zero- field (detection) region11. This is a universal approach, providing, however, low sensitivity of the measurements. Alternatively, polarization of the sample can be achieved by application of chemically discerning hyperpolarization methods12- 15 among which para- hydrogen- induced polarization (PHIP) is one of the most promising as it works well at $\\mathrm{ZULF_{16}^{16 - 19}}$ .The resulting PHIP- signal enhancement can be achieved using hydrogenative $\\mathrm{PHIP}^{20 - 22}$ or the so- called Signal Amplification by Reversible Exchange (SABRE)23- 26, which is the method used in this work. SABRE employs a reversible interaction between an active iridium- based catalyst (formed from a precatalyst), a substrate (e.g., pyridine), and para- hydrogen $(\\mathrm{pH_2})$ Fig.1).Due to this reversible interaction, a labile complex, containing protons from $\\mathrm{pH_2}$ and the substrate, is formed. In such a complex, high polarization of $\\mathrm{pH_2}$ protons is transferred to the molecule of interest through the $J.$ coupling network of the catalyst (see Fig. 1b and d). As the active complex splits up, releasing the molecule into the solution, the structure of the molecule is unchanged while its spin polarization is high.', 'Conclusions\nThis work, we investigated SABRE- polarization at zero- magnetic field for a range of molecules: pyridine derivatives at their natural isotopic abundance. Using zero- field NMR, we analyzed the molecular spectral patterns and demonstrated their uniqueness with respect to both the substituent and its position. Such identification was performed for the first time using hyperpolarized samples at natural isotopic abundance. Along with the measurements, the experimental setup was constructed, allowing long- term in- situ SABRE experiments performed under zero- field conditions. It enabled studies of the activation of the SABRE catalyst for optimal zero- field hyperpolarization protocol, as well as long- term (many averages) measurements, allowing for the study of compounds at natural isotopic abundance of $^{15}\\mathrm{N}$ . A particularly promising extension of the current study is the development of in- situ SABRE- RELAY hyperpolarization for ZULF $\\mathrm{NMR}^{45}$ . This would expand the range of molecules that could be investigated without the need for expensive labeling. With this we improved the applicability of zero- field NMR spectroscopy as a specific, sensitive, compact, and inexpensive method for chemical and biochemical analysis, paving the way for further applications of the technique in biochemical studies and fundamental- physics investigations (e.g., spin- gravity coupling searches).', 'of ZULF NMR will require both the ability to work with unaltered samples and to perform chemical identification3. This is the task that we undertake in this work by investigating a group of similar molecules - pyridine derivatives- in their natural isotopic abundance (containing $0.36\\%$ of $\\mathrm{^{15}N}$ with spin- 1/2) using ZULF NMR and SABRE hyperpolarization. We collect hyperpolarized zero- field spectra for natural abundant pyridine derivatives, not yet studied by ZULF NMR, and demonstrate that they can be distinguished by means of their zero- field spectra. This is done by studies of the pyridine derivatives containing the same substituent, at different ring positions, as well as various substituents at the same ring position. Among the different pyridine derivatives, we specifically target nicotinamide, which is the first biomolecule hyperpolarized with SABRE to be measured in zero field. To measure spectra with good signal- to- noise ratio, we develop an experimental system enabling reliable signal averaging. The system is based on a vapor condenser, which ensures a stable sample composition during long- term measurements. This experimental capability allowed for monitoring catalyst activation used in the SABRE process at zero magnetic field. Finally, our experimental results are supported with numerical simulations, which well reproduce all the spectra. This validates our theoretical approach and paves the way toward chemical identification of naturally abundant compounds using zero- field NMR.']","['The text describes the SABRE method for spin-polarizing samples for zero-field NMR measurements, detailing the steps involving the catalyst, substrate, and para-hydrogen interaction to achieve high spin polarization.']","Based on the provided context, the first step in the SABRE method for spin-polarizing samples for zero-field NMR measurements is:  
**The formation of a reversible complex between an active iridium-based catalyst, the substrate (e.g., pyridine), and para-hydrogen (pH₂).**  

This step enables the transfer of polarization from pH₂ protons to the substrate molecules via J-coupling within the catalyst complex. After polarization transfer, the substrate is released into the solution with enhanced spin polarization, ready for zero-field NMR detection.  

This approach replaces traditional thermal prepolarization methods, providing significantly higher sensitivity for zero-field NMR studies of compounds at natural isotopic abundance.",The first step is the formation of an active iridium-based catalyst from a precatalyst.,0.31561541978289487,1.0000000000000002,0.8571428571428571,0.9999999999,1.0
39,Why is the SABRE method advantageous in non-hydrogenative PHIP?,"['2.4. Breaking $pH_{2}$ Symmetry in Non-Hydrogenative PHIP 2.4.1. Chemical Exchange of $pH_{2}$ at a Catalyst\nIn 2009, a non- hydrogenative variant of PHIP was discovered and introduced as SABRE, which stands for signal amplification by reversible exchange.[38] This non- hydrogenative method has the advantages that it broadens the pool of agents beyond unsaturated precursors and that it does not need to change the molecular structure of the agents, thus allowing continuous and repeated hyperpolarization of one and the same molecule.[64] In SABRE, $\\mathsf{pH}_2$ reversibly binds to an inorganic polarization transfer complex (PTC). In these transient PTCs, hyperpolarization is transferred from $\\mathsf{pH}_2$ derived hydrides to a substrate, the agent. As illustrated in Figure 4, the substrate also undergoes reversible exchange and ends up as a free hyperpolarization agent in solution. In its simplest form, all that is required experimentally is bubbling or shaking a solution that contains the catalyst and substrate with $\\mathsf{pH}_2$ (most frequently between room temperature and $40^{\\circ}\\mathrm{C}$ ).', '1 Introduction\nSignal Amplification By Reversible Exchange (SABRE) [1, 2] is an important variant of para- hydrogen induced polarization (PHIP). PHIP is a well- established method [3, 4] for generating strong non- thermal polarization (also termed hyperpolarization) of nuclear spins by converting the high non- thermal spin order of parahydrogen (i.e., the $\\mathrm{H}_{2}$ molecule in its nuclear singlet spin state, hereafter, $p\\mathrm{H}_{2}$ ) into observable nuclear magnetic resonance (NMR) signals by exploiting suitable chemical reactions. A weakness of the standard PHIP as a method of generating hyperpolarization is that hydrogenation reactions (harnessed to attach $p\\mathrm{H}_{2}$ to a substrate) result in irreversible chemical modification of the substrate molecule. Consequently, when all substrate molecules are hydrogenated polarization cannot be formed anymore. This problem is circumvented in the SABRE method [1, 2] as the substrate is polarized in a transient organometallic complex due to spin order transfer from $p\\mathrm{H}_{2}$ , see Scheme 1. Therefore, chemical modification of the substrate is avoided and spin hyperpolarization can be continuously generated over extended periods of time under constant supply of $p\\mathrm{H}_{2}$ [5- 8]. For this reason, SABRE is a highly promising hyperpolarization technique, which has already found a number of applications in NMR spectroscopy and imaging [9- 17].', 'One likely explanation as to why rf- based methods are lagging behind in the context of SABRE is the reliance on conventional high- field NMR spectrometers with small coils that only encompass a small fraction of the liquid sample in a 5 mm NMR tube that is continuously bubbled with $p\\text{- }\\mathrm{H}_{2}$ gas. These factors result in major rf inhomogeneities. In contrast, a previous approach used in hydrogenative $p\\text{- }\\mathrm{H}_{2}$ - induced polarization $\\left(\\mathrm{PHIP}^{9,26,27}\\right)$ , employs low- field (ca. $5 - 50 \\mathrm{mT}$ ) magnets and rf excitation coils, which encompass the entire sample volume, sometimes in excess of $50 \\mathrm{mL}$ . Moreover, the hardware behind such low- field devices is significantly less complex and less costly compared to that of the high- field NMR spectrometers. Here it is demonstrated that these advantageous features can also be translated to SABRE.']","['In 2009, a non-hydrogenative variant of PHIP was discovered and introduced as SABRE, which stands for signal amplification by reversible exchange.[38] This non-hydrogenative method has the advantages that it broadens the pool of agents beyond unsaturated precursors and that it does not need to change the molecular structure of the agents, thus allowing continuous and repeated hyperpolarization of one and the same molecule.[64] In SABRE, $\\mathsf{pH}_2$ reversibly binds to an inorganic polarization transfer complex (PTC). In these transient PTCs, hyperpolarization is transferred from $\\mathsf{pH}_2$ derived hydrides to a substrate, the agent.']","Based on the provided context, the SABRE method offers the following key advantages in non-hydrogenative PHIP:  

1. **Broadened Substrate Pool**: SABRE extends hyperpolarization to agents beyond unsaturated precursors, overcoming a limitation of traditional hydrogenative PHIP.  
2. **Non-Destructive Process**: The substrate undergoes *reversible exchange* with a polarization transfer complex (PTC), meaning:  
   - The molecular structure of the substrate **remains unaltered**.  
   - This enables **continuous and repeated hyperpolarization** of the same molecule.  
3. **Continuous Polarization**: Unlike hydrogenative PHIP (where substrate consumption halts polarization), SABRE allows sustained hyperpolarization under constant supply of *para*-H₂.  

**Experimental Simplicity**: The method requires only bubbling/shaking a solution containing the catalyst and substrate with *para*-H₂ at near-ambient temperatures (typically room temperature to 40°C), avoiding complex reaction setups.  

> Key context excerpts:  
> - *""does not need to change the molecular structure of the agents, allowing continuous and repeated hyperpolarization""*.  
> - *""substrate is polarized in a transient organometallic complex... chemical modification of the substrate is avoided""*.  
> - *""hyperpolarization can be continuously generated over extended periods under constant supply of pH₂""*.","The SABRE method is advantageous because it broadens the pool of agents beyond unsaturated precursors, does not require changing the molecular structure of the agents, and allows continuous and repeated hyperpolarization of the same molecule through reversible exchange and hyperpolarization transfer in transient polarization transfer complexes.",0.6003406206968254,0.9735904562833655,1.0,0.99999999995,1.0
40,How does the pairwise selectivity of PY hydrogenation over ceria rods compare to that over ceria cubes at 300°C?,"['The pairwise selectivity of PY hydrogenation over each of the three ceria nanocrystal shapes was examined by continuous- flow ALTADENA- PHIP NMR spectroscopy.[32] In the hydrogenation of PY with $50\\%$ para- enriched hydrogen $(p - H_{2})$ at 300 and $350^{\\circ}C,$ all three shapes produced intense ALTADENA- enhanced PE NMR signals (signals a- d in Figures 4 and S2), in contrast to the weak thermally polarized PE NMR signals that required copious averaging to be detected. Signal enhancement is calculated as the ratio of the PE - CH signal in the ALTADENA NMR spectrum over that of the thermally polarized NMR spectrum, and pairwise selectivity is proportional to enhancement [see Eqs. (S5)- (S16) in Ref. [20]]. The pairwise selectivities reported in Figure 5c were corrected for spin relaxation and the effect of sharing of the hyperpolarization to ancillary protons of the PE molecule. For all three shapes, pairwise selectivity is found to be temperature dependent. It is almost negligible at $250^{\\circ}C,$ maximizes at $300^{\\circ}C,$ and then decreases at $350^{\\circ}C$ At $300^{\\circ}C,$ pairwise selectivities of $(8.1\\pm 0.5)\\%$ on rods, $(2.6\\pm 0.2)\\%$ on cubes, and $(1.6\\pm 0.5)\\%$ on octahedra (assuming $90\\%$ syn addition) were obtained.[20] Clearly, distinct surface chemistry on the various facets renders significantly different pairwise selectivities. The pairwise selectivity obtained with ceria rods is slightly higher than the highest previously reported value for hydrogenation over any supported metal or metal- oxide catalyst.[19]', 'In the hydrogenation of PY, intense PE ALTADENA signals were also observed for all catalyst shapes. However, no trace of PA formation is evident in the ALTADENA or thermally polarized NMR spectra (Figures 4 and S7). This finding is due to the well- known selectivity of the semihydrogenation of PY to PE over $\\mathrm{CeO_2}$ .[29,31] The spectrum of thermally polarized PE formed by the reaction of PY with normal hydrogen $(\\mathrm{n - H_2})$ over cube- shaped ceria nanocrystals at $300^{\\circ}\\mathrm{C}$ is shown in Figure 4a. At $300^{\\circ}\\mathrm{C}$ and $50\\%$ para enrichment, we obtained an enhancement factor of $150\\pm 7$ based on three independent measurements using the ceria cubes. The enhancement factors for the other two shapes were not determined owing to insufficient signal- to- noise ratios of the thermally polarized PE resonance (because of the smaller surface area of the ceria octahedra and the lower activity of the ceria rods compared with the ceria cubes).', 'with a calculated barrier of approximately $2.7 \\text{eV}$ , which is considerably higher than the concerted path of PY hydrogenation through the six- membered ring. This accounts for the high selectivity of semihydrogenation (i.e., PY hydrogenation to PE without PA formation). Formation of a four- or six- membered- ring transition state incorporating PE (instead of PY) is frustrated by the presence of two additional H atoms on the adsorbed alkene, which allows hydrogenation to occur only by stepwise addition. In the regime of the low pairwise selectivity observed in the hydrogenation of PE to PA, the pairwise selectivity is well approximated as the ratio of the pairwise and non- pairwise addition rates. Observation of the same pairwise selectivity for ceria rods, cubes, and octahedra implies that both pairwise and random addition share the same dependence on the surface oxygen density. It follows that all PA product molecules (pairwise + non- pairwise) are formed through the same stepwise addition path.[20] In contrast, hydrogenation of PY can also occur by either of two additional concerted reaction paths (Figure 3b,c): one involving surface oxygen that is intrinsically non- pairwise, and the other that is pairwise and oxygen independent. This suggests that unlike PE, the pairwise selectivity for hydrogenation of PY should be facet dependent.Figure 4 presents the thermally polarized 400 MHz ${}^{1}\\text{H}$ NMR spectra of the hydrogenation reactor effluent acquired for']","['At 300°C, pairwise selectivities of (8.1±0.5)% on rods, (2.6±0.2)% on cubes, and (1.6±0.5)% on octahedra (assuming 90% syn addition) were obtained.']","At 300°C, the pairwise selectivity of PY hydrogenation over **ceria rods** is **(8.1 ± 0.5)%**, while over **ceria cubes** it is **(2.6 ± 0.2)%**. This indicates that ceria rods exhibit significantly higher pairwise selectivity compared to ceria cubes. The difference arises from distinct surface chemistry on their respective facets, with rod-shaped nanocrystals showing the highest pairwise selectivity among the three tested shapes (rods, cubes, octahedra) and exceeding previously reported values for other catalysts.",The pairwise selectivity over ceria rods (8.1±0.5%) is higher than that over ceria cubes (2.6±0.2%) at 300°C.,0.7119292051557371,0.9787167508601263,1.0,0.8333333332916666,1.0
41,What is the first step in the flow system setup for polarizing samples using para-hydrogen?,"['The first logical step to establish para- hydrogen as a contrast agent is to react biochemically relevant, isotopically labeled compounds with para- hydrogen thereby polarizing the labeled species as highly as possible and subsequently making use of high polarization and long relaxation times in the experiment of choiceThis approach has already been realized [20] and we shall therefore discuss the PHIP and SABRE mechanisms as potential polarization methods for in vivo molecular disease targeting agents next.', '3.2. Experimental procedure employing Setup 1\nBefore the experiment a sufficient amount of parahydrogen has to be prepared and stored in the parahydrogen generator part. The first step in the operation of Setup 1 is the preparation of the $50\\%$ para- enriched hydrogen (in the following denoted as parahydrogen). Thermal hydrogen is taken from a supply line (15 bar). By a pressure regulator the hydrogen pressure is reduced to typically 2- 3 bars and the hydrogen is introduced into the U- tube. The production of parahydrogen is controlled with the help of a Low- Flow Metering valve which reduces the flow of the hydrogen through the cooled U- tube. The 3.5 liter storage bottle is first evacuated by a vacuum pump and then filled within about $90\\mathrm{min}$ with up to 3 bar of parahydrogen. The degree of enrichment was controlled by quantitative ${}^{1}\\mathrm{H}$ NMR spectroscopy using a $500\\mathrm{MHz}$ high resolution NMR spectrometer. The stored parahydrogen is usually used for one week.', 'The process is under computer control and all liquid and gas flows are controlled by solenoid valves. The process works as follows: A reactor chamber is filled with parahydrogen to a pressure of 10 bar. The temperature of the reactor is kept at $334\\mathrm{K}$ , which represents an empirically optimized temperature with respect to the final $^{13}\\mathrm{C}$ polarization. A mixture of the substrate and the catalyst is dispensed into the reactor as a narrow jet. After three seconds, the liquid is transferred into the low field chamber with the field initially set to $10^{- 4}\\mathrm{T}$ . After a delay of $0.5\\mathrm{s}$ the field is taken down to about $30\\mathrm{nT}$ in $1\\mathrm{ms}$ . The field is then ramped up exponentially to $10^{- 4}\\mathrm{T}$ according to the desired time constant, whereupon the sample is ejected and collected in a syringe for a subsequent injection into the object to be scanned.']","['The flow system is comprised of a p-H2 generator (same generator used for the shaking method described above) set to 7 bar (absolute) pressure, an automated polarisation unit (Bruker) and a specially designed probe which will allow transfer of the solution into a high-field Bruker 400MHz spectrometer after polarisation.']","Based on the provided context, the first step in the flow system setup (Setup 1) for polarizing samples using para-hydrogen is:  
**Preparation of 50% para-enriched hydrogen**, achieved by:  
1. Taking thermal hydrogen from a supply line (15 bar).  
2. Reducing the hydrogen pressure to 2–3 bars using a pressure regulator.  
3. Introducing the hydrogen into a U-tube for para-enrichment.  

This process is controlled via a Low-Flow Metering valve to regulate hydrogen flow through the cooled U-tube.",The first step is to set the p-H2 generator to 7 bar (absolute) pressure.,0.16454204218608254,0.9691019327274911,1.0,0.0,0.0
42,What is the third step in preparing a sample for NMR detection?,"['The experimental sequence for the SABRE hyperpolarization with CASR NV- NMR detection is illustrated in Fig. 1(d). Shortly after preparation of the sample, parahydrogen is dispersed into the sample solution for $20 \\mathrm{min}$ to activate the SABRE catalyst. This step is performed only once. Once the catalyst is activated, parahydrogen is bubbled into the sample for $30 \\mathrm{s}$ , before every CASR NV- NMR measurement, to hyperpolarize the proton nuclear spins in the sample. After a waiting time of $1 \\mathrm{s}$ for the bubbles and any inhomogeneities in the sample or vibrations in the setup to settle, NV- NMR detection of the hyperpolarized sample is performed with use of the CASR measurement protocol [9].', ""NMR sample preparation and bubble setup\nNMR sample preparation and bubble setupNMR samples were prepared by mixing weighed stock solutions of catalyst precursor, co- substrate ((S)- nicotine), amino acid(s) solution, piperidine/piperidinium buffer, methanol and water. The sample was transferred into a quick pressure valve NMR tube (Wilmad 528- QPV- 7) and connected to an in- house designed hydrogen 'bubble set- up' [7]. The mixture was flushed for a few minutes with nitrogen to reduce dissolved oxygen. Next, para- enriched $\\mathrm{H_2}$ was passed through the solution to activate the catalyst. Placing the tube in a warm water bath at $50^{\\circ}\\mathrm{C}$ for 7.5 minutes while maintaining a pressure of 5 bar $p\\mathrm{- H_2}$ accelerates the activation of the catalyst and the attainment of the PHIP- active binding mode for $\\alpha$ - amino acids [6]. After activation, the tube was cooled down to $5^{\\circ}\\mathrm{C}$ for 2 minutes before placing the sample in the NMR spectrometer at $5^{\\circ}\\mathrm{C}$"", 'NMR sample preparation\nNMR samples were prepared by mixing stocks of the corresponding forms of Hmd and methylene $\\mathrm{H}_4\\mathrm{MPT}$ with $\\mathrm{D}_2\\mathrm{O}$ - buffer inside $5\\mathrm{mm}$ NMR tubes under a stream of $\\mathrm{N}_2$ Argon. All stocks were handled in brown- glass vials under inert atmosphere, using microlitre syringes. All sample handling was performed in the dark. Used sample concentrations are stated in the figure and table captions. After mounting the samples to the systems for bubbling NMR samples inside the NMR spectrometers, all samples were bubbled with $\\mathrm{N}_2$ for at least 1 min to convert the methylene- $\\mathrm{H}_4\\mathrm{MPT}$ used for sample preparation to methenyl- $\\mathrm{H}_4\\mathrm{MPT}^+$ in situ.']","['The procedure involves evacuating the sample, charging it with p-H2, shaking it in a Halbach array, transferring it to the NMR spectrometer, noting the transfer time, and repeating the measurement.']","Based on the provided context, the third step in preparing a sample for NMR detection (specifically for SABRE hyperpolarization with CASR NV-NMR) is:  
**Flushing the mixture with nitrogen for a few minutes to reduce dissolved oxygen.**  

This step follows:  
1. Mixing weighed stock solutions (catalyst precursor, co-substrate, amino acid(s), buffer, methanol, and water).  
2. Transferring the sample to a pressure valve NMR tube and connecting it to the hydrogen bubble setup.  ",The sample is shaken for 10 seconds in a handheld Halbach array with a static field of 63G.,0.11829134267575062,0.8361747351971479,1.0,0.0,0.0
43,How do the viscosities of acetone and chloroform compare at their respective temperatures?,"['Further indication that the $^ { * } \\mathrm { { N } }$ route”is more favored with respect to the $^ \\omega { \\cal C }$ route”comes from the observation that, whereas in the $\\mathbf { d } _ { \\mathbf { C } }$ intermediates all the Rh coordination sites are occupied (with the unsaturated C and the O of the amido moiety on the equatorial plane and the $\\mathrm { o }$ of the ester moiety below the plane), in $\\mathbf { d } _ { \\mathbf { N } } ,$ after the rotation,an axial coordination site below the equatorial plane is available for coordination of a solvent molecule. The quite pronounced solvent effect on the reaction rate observed when going from acetone/methanol/ water to chloroform may therefore be taken as a further evidence of the predominancy of the $\\mathbf { \\omega } ^ { \\alpha } \\mathbf { N }$ -route"". Other solvents characteristics (such as solvent viscosity or hydrogen solubility) may in principle affect the reaction rate.Nevertheless，the employed solvents at the reaction temperatures used here have very similar viscosities (between O.3 and O.55 Pa s，with viscosity values for acetone at RT and chloroform at $3 3 3 \\mathrm { ~ K ~ }$ of 0.306 and $0 . 3 9 \\mathrm { P a } \\ s _ { \\ }$ ,respectively,acetone and chloroform being the best and the worst solvents,respectively,for what concerns the reaction rate),13 and the higher hydrogen pressure used for reactions in water should compensate for the lower solubility in this solvent with respect to the organic ones (the time for reaction completion is actually the same in water,acetone,and methanol).', 'Chloroform- d and acetone- $\\mathsf{d}_{6}$ were dried by pouring it through a $3cm$ column $(10 = 5mm)$ of basic aluminium oxide powder and magnesium sulfate respectively directly before preparation of the samples. Both powders were dried overnight at $120^{\\circ}$ .Note, that even after drying, the residual HDO concentration was determined to approx. $1\\mathrm{mM}$ .These samples were flushed by $pH_{2}$ to produce hyperpolarization in the following stage.', '[](images/7d3198ca9c60ea4901372db74fd531609b60ed0c4b40176223a1d5bfa6593f27.jpg) \nFIG.2. Enhancement factors of the ${}^{1}\\mathsf{H}$ Py signals in the presence of PTC 2 as a function of the polarization transfer field (PTF) for the different solvents [(a): chloroform- $\\cdot \\mathbb{d}_{\\uparrow}$ b):methanol- $\\cdot \\mathbb{d}_{\\downarrow}$ chloroform- $\\cdot \\mathbb{d}_{\\uparrow}$ (v/v 1:1), and (c) acetone- $\\cdot \\mathbb{d}_6]$ .The highest signal enhancement was achieved in the range between 6 and $8mT$']","['The employed solvents at the reaction temperatures used here have very similar viscosities (between 0.3 and 0.55 Pa·s, with viscosity values for acetone at RT and chloroform at 333 K of 0.306 and 0.39 Pa·s, respectively, acetone and chloroform being the best and the worst solvents, respectively, for what concerns the reaction rate).']","Based on the provided information:  
- Acetone at room temperature (RT) has a viscosity of **0.306 Pa·s**.  
- Chloroform at 333 K (60°C) has a viscosity of **0.39 Pa·s**.  

Thus, at their respective experimental temperatures:  
1. Acetone (RT) exhibits a lower viscosity (0.306 Pa·s).  
2. Chloroform (333 K) exhibits a higher viscosity (0.39 Pa·s).  

The viscosities of both solvents fall within a similar range (0.3–0.55 Pa·s), but acetone has a lower viscosity than chloroform under the specified conditions.",The viscosity of acetone at room temperature (0.306 Pa·s) is lower than that of chloroform at 333 K (0.39 Pa·s).,0.9032667299143887,0.8425844967215917,1.0,0.9999999999,1.0
44,What is the third step in the process of PHIP in solution using nanoparticles?,"['3.3.2 PHIP in solution using nanoparticles\n3.3.2 PHIP in solution using nanoparticlesPHIP in solutions using nanoparticles was also thoroughly investigated, promising quick filtration of the catalyst after hydrogenation. After having shown that nanoparticles can act as catalysts for hyperpolarization in solution (Koptyug et al., 2007), two approaches have been attempted to that extent. One approach was the attachment of the SABRE catalyst [IrCl(cod)(IMes)] (IMes = 1,3- bis(2,4,6- trimethylphenyl)imi- dazol- 2- ylidene; cod = cyclooctadiene) to polymer beads (Shi et al., 2014). Although the enhancement in this study was only minor (around 5- fold for protons) it showed that the concept of nanoparticle- based SABRE catalysts is worth pursuing. The possibility to easily filtrate the catalyst after hyperpolarization was shown by modifying $\\mathrm{TiO_2}$ nanoparticles by attaching [IrCl(cod)(IMes)] generating around 40- fold signal enhancements in the protons of pyridine (Shi et al., 2015). Finally, the usefulness of this concept has been shown with a $\\mathrm{SiO_2}$ - based SABRE catalyst by polarizing the ${}^{15}\\mathrm{N}$ of pyridine to up to 100- fold, making the step to polarization of heteronuclei with longer $T_{1}$ (Kovtunov et al., 2017).', 'The PHIP experiments corroborate the finding that the catalysts need an initial activation step. Whereas after the first hydrogenation (PHIP1) no PHIP activity of $[50_{2} - \\text{Py - Wilk} ]$ was visible, slight activity in the hydrogenation with parahydrogen was observed after the second hydrogenation step (PHIP2), and finally a much higher activity was observed in the third and the fourth step (PHIP3 and PHIP4).', ""[](images/ce694f613c20311f041746ba3b7250eccdd8f8a1122204cfcdbb9827dd930a69.jpg) \nScheme 1. Reaction scheme and assumed structure of the desired Wilkinson's-type catalyst. First, the silica nanoparticles (SiNPs) were activated. In the second step, the photoinferter (PI) was attached onto the surface of the SiNPs to form Si-PI. In the third step, the polymerization was initiated by the Si-PI to produce silica polymer brushes (Si-PB). Finally, rhodium as $\\mathsf{Rh}^{\\dagger}$ was embedded between the polymer molecules to obtain the polymer-based Wilkinson's catalyst (Si-PB-Rh).""]","['PHIP in solutions using nanoparticles was thoroughly investigated, with steps including attachment of the SABRE catalyst to polymer beads, modification of TiO2 nanoparticles, and use of a SiO2-based SABRE catalyst.']","Based on the provided context, the third step in the process of PHIP in solution using nanoparticles (specifically for preparing the polymer-based Wilkinson's catalyst) is:  

**Polymerization initiated by the Si-PI (silica nanoparticles with attached photoinferter) to produce silica polymer brushes (Si-PB).**  

This step follows:  
1. Activation of silica nanoparticles (SiNPs)  
2. Attachment of the photoinferter (PI) to form Si-PI  
and precedes the final step of embedding rhodium to form the catalyst (Si-PB-Rh).",The third step is the use of a SiO2-based SABRE catalyst to polarize the 15N of pyridine to up to 100-fold.,0.16640012580321617,0.8526660953239946,1.0,0.9999999999,0.0
45,What would be expected if $J_{\mathrm{PP}}< J_{\mathrm{PH}}$ in the given scenario?,[],['regardless of the individual  $J_{\\mathrm{PH}}$  values while if  $J_{\\mathrm{PP}}< J_{\\mathrm{PH}}$  then a doublet of doublets would be expected.'],"Based on the provided information, the question regarding the expected outcome when \( J_{\mathrm{PP}} < J_{\mathrm{PH}} \) in a parahydrogen-based NMR scenario cannot be answered. The RAG knowledge base does not contain specific literature or experimental data addressing this particular coupling constant relationship in the context of PHIP or SABRE techniques. 

For further clarification, please provide additional details about the scenario (e.g., molecular system, experimental conditions) or query related literature where this condition is explicitly discussed.",A doublet of doublets would be expected.,0.10532561553861297,0.0,0.0,0.0,0.0
46,Why does NaCl deliver the best separation times and enhancement levels in the SABRE efficiency tests compared to other salts?,"['As a result of recently published results that showed a high pH dependence to SABRE efficiency,[21] we also tested the effects of adding the salts, that is, $\\mathrm{NaCO}_2\\mathrm{Mn}$ , $\\mathrm{NH_4CO_2Me}$ , $\\mathrm{NH_4Cl}$ , $\\mathrm{NaOH}$ , $\\mathrm{NaH(CO_3)}$ and $\\mathrm{Na}_2\\mathrm{CO}_3$ . These results are described in the Supporting Information and reveal that under spectroscopic examination, separate signals for pz can be seen in the two distinct phases in the majority of cases. This point confirms a role for phase transfer without the need for imaging. $\\mathrm{NaCl}$ , however, proved to deliver the best separation times and enhancement levels.', 'As saline represents an ideal solvent for in vivo applications, we repeated these studies using $0.35~\\mathrm{mL}$ of $\\mathrm{D}_2\\mathrm{O}$ doped with $0.16\\%$ w/v of $\\mathrm{NaCl}$ and $0.25~\\mathrm{mL}$ of $\\mathrm{CDCl}_3$ . The effect of this change was dramatic with the resulting signal gain increasing to $790\\pm 20$ fold $2.5\\%$ polarization) per proton after 10 seconds when phase separation is achieved. These results are illustrated in Figure 3, with the hyperpolarized pz signal area in the organic and aqueous phases having a ratio of 48.8:51.2 after 10 seconds. The retained pz signal gain after 15 seconds is 400 fold $1.3\\%$ polarization), and when the fully relaxed image was recorded, the ratio of pz in the two phases is about 23:77 respectively, which shows that the salt is beneficial in improving the aqueous pz loading under these conditions. We used UV monitoring to compare the rate of transfer of pz from $\\mathrm{H}_2\\mathrm{O}$ into $\\mathrm{CHCl}_3$ in the presence $(0.16\\%$ w/v) and absence of $\\mathrm{NaCl}$ and observed an approximate 4- fold increase, which means the reverse process is also accelerated. Furthermore, the red colour associated with the catalyst is still selectively retained in the organic phase. This statement was supported by the fact that UV spectroscopy on the aqueous phase revealed that its concentration was less than $1.5\\times 10^{- 6}$ mol dm $^{- 3}$ after 10 seconds, in agreement with the failure to see a SABRE response when this layer was tested. Hence, we conclude that', 'of $3.7\\pm 0.4\\%$ $3.1\\pm 0.6\\%$ and $3.5\\pm 0.5\\%$ are observed for $^{15}\\mathrm{NO}_2$ $^{15}\\mathrm{N - 3}$ , and $^{15}\\mathrm{N - 1}$ sites, respectively. Addition of salts (such as $\\mathrm{NaCl}$ ) can be beneficial for the phase separation; however, we did not observe any positive effect of $\\mathrm{NaCl}$ (0.16 and 0.32 wt $\\%$ added to the $\\mathrm{CDCl}_3 / \\mathrm{D}_2\\mathrm{O}$ mixture on the observed $\\mathrm{P_{15N}}$ levels in the aqueous phase.']","['These results are described in the Supporting Information and reveal that under spectroscopic examination, separate signals for pz can be seen in the two distinct phases in the majority of cases. This point confirms a role for phase transfer without the need for imaging. NaCl, however, proved to deliver the best separation times and enhancement levels.']","Based on the provided information, the reason why NaCl delivers the best separation times and enhancement levels compared to other salts (e.g., $\mathrm{NaCO_2Mn}$, $\mathrm{NH_4CO_2Me}$, $\mathrm{NH_4Cl}$, $\mathrm{NaOH}$, $\mathrm{NaH(CO_3)}$, $\mathrm{Na_2CO_3}$) is **not explicitly stated**. The context only documents the experimental outcome without mechanistic details.  

However, the data show that NaCl:  
1. Achieves optimal phase separation in $\mathrm{CDCl_3/D_2O}$ systems, with hyperpolarized signal gains of **$790 \pm 20$-fold** ($2.5\%$ polarization per proton) after 10 seconds.  
2. Accelerates transfer of the substrate (pz) by **~4-fold** between phases (confirmed by UV monitoring).  
3. Retains the catalyst exclusively in the organic phase (aqueous concentration < $1.5 \times 10^{-6}$ mol dm$^{-3}$), preventing signal loss.  

No comparative data for other salts' performance or underlying chemical rationale (e.g., ionic strength, specific ion effects) is provided. The context only notes NaCl's empirical superiority in separation kinetics and signal enhancement.  

> ⚠️ Clarification: The text explicitly states NaCl's efficacy but does not explain *why* other salts underperform.","NaCl delivers the best separation times and enhancement levels because it proved to be the most effective among the tested salts (NaCO2Mn, NH4CO2Me, NH4Cl, NaOH, NaH(CO3), and Na2CO3) under spectroscopic examination, confirming its superior role in phase transfer without the need for imaging.",0.5902841504420103,0.0,0.9285714285714286,0.99999999995,1.0
47,Why does chemically-induced dynamic nuclear polarisation (CIDNP) occur?,"['1 Introduction\n1 IntroductionChemically induced dynamic nuclear polarization (CIDNP) [1- 7] is a spin chemistry technique, which is used to study elusive radical intermediates of chemical reactions and to enhance NMR signals of their diamagnetic reaction productsTypically, the origin of CIDNP is explained in the following way on the basis of the radical pair mechanismIn this mechanism, recombination of a radical pair (RP) is consideredRPs are often formed in a specific electron spin state, which is inherited from a precursor moleculeFor instance, RPs can be formed after bond cleavage in a photo- excited molecule or in the course of an electron transfer reaction involving an excited dye molecule in its electronic singlet or triplet stateRecombination of the RP is also a spin- selective process, occurring at a different rate for RPs in their singlet and triplet statesOwing to this spin- selectivity, singlet- triplet interconversion becomes important, as it has an impact on the rate of RP recombinationThe interconversion rate can be affected by external magnetic fields (static or oscillating) and also by local fields in the radicals, originating from hyperfine couplings to their magnetic nucleiAs a consequence, the RP reactivity does depend on the nuclear spin state: in some states, RPs react faster and in some states they react slowerThis gives rise to nuclear ""spin sorting"" [2, 8] by the chemical reaction, such that the reaction product is enriched or depleted in certain nuclear spin states, i.e., the reaction product is formed in a non- equilibrium spin stateThe resulting spin polarization is termed CIDNP and it gives rise to significant NMR signal enhancementsNMR measurements of CIDNP and analysis of the field dependence and time dependence of polarization allows one to determine magnetic parameters and reactivity of RP intermediates, which are often not accessible by other spectroscopic methods', '4.1. Background theory of CIDNP and photo-CIDNP\nChemically- induced dynamic nuclear polarisation (CIDNP) is a hyperpolarisation phenomenon that was first observed by Burgon, Fischer and Johnsen in 1967 [213], with independent observations made by Ward and Lawler [214] later that same year. The respective authors reported anomalous signal intensities for products of chemical reactions involving free radical intermediates, indicating that these molecules were formed with non- equilibrium nuclear spin polarisation. Ward and Lawler suggested that this was the result of an electron- nuclear cross- relaxation effect in free radicals, similar to the Overhauser effect [214]. However, this mechanism was found to be inconsistent with a range of additional experimental observations, such as the dependence of signal enhancement on the type of chemical reaction performed, or the observation of hyperpolarisation in the absence of an external magnetic field [215]. A radical pair mechanism (RPM) was subsequently proposed by Closs [216,217], and Kaptein and Oosterhoff [218], to comprehensively explain the form of the observed CIDNP spectra.', '4. Chemically-induced dynamic nuclear polarisation (CIDNP)']","['Chemically- induced dynamic nuclear polarisation (CIDNP) is a hyperpolarisation phenomenon that was first observed by Burgon, Fischer and Johnsen in 1967 [213], with independent observations made by Ward and Lawler [214] later that same year. The respective authors reported anomalous signal intensities for products of chemical reactions involving free radical intermediates, indicating that these molecules were formed with non- equilibrium nuclear spin polarisation. Ward and Lawler suggested that this was the result of an electron- nuclear cross- relaxation effect in free radicals, similar to the Overhauser effect [214]. However, this mechanism was found to be inconsistent with a range of additional experimental observations, such as the dependence of signal enhancement on the type of chemical reaction performed, or the observation of hyperpolarisation in the absence of an external magnetic field [215]. A radical pair mechanism (RPM) was subsequently proposed by Closs [216,217], and Kaptein and Oosterhoff [218], to comprehensively explain the form of the observed CIDNP spectra.']","Chemically-induced dynamic nuclear polarization (CIDNP) occurs due to the **radical pair mechanism (RPM)**, as established in the provided literature. The key steps are:

1. **Radical Pair Formation**  
   Radical pairs (RPs) are generated from precursor molecules (e.g., via bond cleavage in photoexcited states or electron transfer reactions). These RPs inherit specific electron spin states (singlet or triplet) from their precursors.

2. **Spin-Selective Recombination**  
   RP recombination is spin-dependent:  
   - Singlet-state RPs recombine efficiently to form diamagnetic products.  
   - Triplet-state RPs exhibit slower recombination or undergo side reactions.  

3. **Singlet-Triplet Interconversion**  
   Electron spin states interconvert due to:  
   - **Hyperfine couplings** (interactions between electron spins and magnetic nuclei).  
   - **External magnetic fields** (static or oscillating), which modulate interconversion rates.  

4. **Nuclear Spin Sorting**  
   The recombination rate becomes dependent on nuclear spin states:  
   - Certain nuclear spin states accelerate recombination, while others suppress it.  
   - This ""sorts"" nuclear spins, creating a non-equilibrium polarization in the reaction products.  

5. **CIDNP Manifestation**  
   The resulting polarization enhances or inverts NMR signals of diamagnetic products, detectable as anomalous intensities in NMR spectra.  

The RPM explains observations incompatible with earlier theories (e.g., electron-nuclear cross-relaxation), including CIDNP in zero magnetic fields and its reaction-dependent behavior.  

*Reference: Context sections 1 and 4.1.*","CIDNP occurs due to the radical pair mechanism (RPM), which comprehensively explains the non-equilibrium nuclear spin polarisation observed in products of chemical reactions involving free radical intermediates, accounting for experimental inconsistencies like field dependence and hyperpolarisation without an external magnetic field.",0.43587562994194756,0.9626984810843843,1.0,0.99999999995,1.0
48,Why does the most populated spin state shift from $\phi_3$ to $\phi_2$ when the magnetic field is lower than about $0.2\mu \mathrm{T}$?,[],"['Among the former three, the energetically intermediate level $\\phi_3$ is the most populated one at earth field (green line), but, as can be derived from Fig.4, when the magnetic field is lower than about $0.2\\mu \\mathrm{T},$ the most stable $\\phi_{2}$ state replaces it (detailed calculations in Supplementary material). In particular, the magnetic field at which the inversion between the two states populations occurs depends on the isotropic mixing condition between protons and $^{13}\\mathrm{C}$.']","Based on the provided information, the question cannot be answered.","The inversion between the populations of $\phi_3$ and $\phi_2$ occurs due to the isotropic mixing condition between protons and $^{13}\mathrm{C}$, which becomes significant at magnetic fields lower than about $0.2\mu \mathrm{T}$.",0.0825623359220108,0.0,1.0,0.0,0.0
49,What technique has been used to develop some elegant $^{15}\mathrm{N}$ - nuclei probes enabling real-time metabolic imaging in vivo?,[],"['Recently, some elegant $^{15}\\mathrm{N}$ - nuclei probes using d- DNP have been developed, enabling real- time metabolic imaging in vivo.[14,18]']","Based on the provided information, the question cannot be answered.",d- DNP,0.09307595385091635,0.0,1.0,0.0,0.0
50,What is the first step in the CASH-SABRE approach?,"['Our step- by- step approach can be described as follows: at first, we investigate the interaction between PyFALGEA and IMes. Afterwards, we focus on the SABRE complex formation and lability, which are crucial for the SABRE hyperpolarization.[12] Finally, SABRE hyperpolarization together with molecular structure factors that influence its efficiency are discussed.', 'The CASH- SABRE approach implies performing SABRE in a biphasic mixture, in which the substrate soluble in both phases is hyperpolarized in the organic phase $(\\mathrm{CDCl}_3$ or $\\mathrm{CD}_2\\mathrm{Cl}_2)$ and then extracted into the aqueous phase $(\\mathrm{D}_2\\mathrm{O})$ while the SABRE catalyst, which is practically insoluble in water, remains in the organic phase. The schematic diagram of the process in presented in Figure 1. The ${}^{1}\\mathrm{H}$ nuclei of various substrates were hyperpolarized using this approach, including pyrazine, 5- methylpyrimidine, methyl- 4,6- $d_{2}$ - nicotinate, 4,6- $d_{2}$ - nicotinamide, and pyridazine; the obtained proton polarization levels were 2.5, 1.1, 9.7, 0.8, and $1.2\\%$ (per proton), respectively, after complete phase separation between $\\mathrm{D}_2\\mathrm{O}$ and $\\mathrm{CDCl}_3$ . $^{60}$ Moreover, it was shown that HP pyrazine can be obtained in aqueous solution with $\\mathrm{P}_{13\\mathrm{C}}$ of $0.15\\%$ and $\\mathrm{P}_{15\\mathrm{N}}$ of $0.98\\%$ . $^{60}$ The same approach was utilized for polarizing ornidazole at natural isotopic abundance: $\\mathrm{P}_{15\\mathrm{N}}$ of $\\sim 23\\%$ was observed for the N- 3 site in the aqueous phase, while most of the SABRE catalyst was retained in $\\mathrm{CD}_2\\mathrm{Cl}_2$ . $^{61}$ However, hyperpolarization of $^{13}\\mathrm{C}$ - and $^{15}\\mathrm{N}$ - enriched compounds was not demonstrated by this approach to date.', 'Since the SABRE approach simultaneously hyperpolarizes both ${}^{13}\\mathrm{C}$ and ${}^{1}\\mathrm{H}$ nuclei, a new approach to data collection can be envisaged. First, it is possible to use the multiple- receive facility of a modern NMR spectrometer to collect sequential/ simultaneous SABRE- hyperpolarized ${}^{13}\\mathrm{C}$ and ${}^{1}\\mathrm{H}$ data. This enables the rapid observation of both types of nuclei after a single hyperpolarization transfer step. A refinement of this approach enables the collection of two hyperpolarized ${}^{13}\\mathrm{C}$ NMR traces from a single polarization transfer cycle. The first of these corresponds to the measurement of a fully proton- coupled ${}^{13}\\mathrm{C}$ acquisition, thereby utilizing the hyperpolarized ${}^{13}\\mathrm{C}$ magnetization. The second acquisition also records ${}^{13}\\mathrm{C}$ data, but here a refocused and decoupled INEPT transfer protocol is employed to record the ${}^{13}\\mathrm{C}\\{^{1}\\mathrm{H}\\}$ NMR spectrum. This second measurement uses unaffected ${}^{1}\\mathrm{H}$ hyperpolarization to sensitize the second ${}^{13}\\mathrm{C}$ NMR spectrum. Figure 4b presents a typical hyperpolarized ${}^{13}\\mathrm{C}$ INEPT (refocused) trace.']","['The CASH-SABRE approach involves performing SABRE in a biphasic mixture, where the substrate is hyperpolarized in the organic phase and then extracted into the aqueous phase while the SABRE catalyst remains in the organic phase.']","Based on the provided context, the first step in the CASH-SABRE approach is:  
**performing SABRE hyperpolarization in a biphasic mixture where the substrate is hyperpolarized in the organic phase** (specifically in $\mathrm{CDCl}_3$ or $\mathrm{CD}_2\mathrm{Cl}_2$).  

This step precedes the extraction of the hyperpolarized substrate into the aqueous phase ($\mathrm{D}_2\mathrm{O}$), while the catalyst remains in the organic phase.",The first step is to hyperpolarize the substrate in the organic phase (CDCl3 or CD2Cl2).,0.7001736341628078,1.0,1.0,0.49999999995,1.0
51,Why is the OPSY-d experiment half as sensitive as the OPSY-Z variant?,"['pulse produces no detectable signal but converts all the magnetization into $2I_{y}S_{y}$ where evolution under $\\omega_{I}$ and $\\omega_{S}$ proceeds. The second $\\pi /2$ r.f. pulse turns the newly formed mixture of zero and double quantum coherences into terms that evolve into observable magnetization. Selection of either the zero quantum or double quantum coherence pathways therefore means that optimally either a half or a quarter of the signal is retained respectively. The OPSY- $d$ experiment is half as sensitive as the OPSY- $\\mathcal{Z}$ variant because it selects only one of the two double quantum coherence pathways.', 'tively detect magnetization derived from para- hydrogen. Procedures based on quantum coherence selection have been evaluated for para- hydrogen addition products. The zero quantum variant, OPSY- z, exhibits inferior suppression compared to the other sequences which contain a second PFG. This additional PFG dephases any signals deriving from residual thermal magnetization which was unaffected by the first r.f. pulse. The zero quantum variant is however more sensitive since it converts $50\\%$ of the available magnetization into an observable form in contrast to the $25\\%$ level for OPSY- $d$ and since it only involves a single gradient pulse it is less susceptible to turbulence, convection and changes in the chemical composition during the sequence. Nonetheless, in spite of its lower inherent sensitivity, we consider the double quantum variant to be best suited for routine use due to its superior solvent suppression efficiency. Artifacts that survive the OPSY- $d$ and OPSY- z filters can be easily identified by recording control experiments either prior to the addition of para- hydrogen or after reaction.', 'using a PASADENA experiment OPSY- $\\cdot d$ is more efficient at thermal signal suppression while OPSY- $\\mathcal{Z}$ has twice the inherent sensitivity. In the present case we opt for a the OPSY- $\\mathcal{Z}$ because it is not susceptible to diffusion and unwanted background signal is further suppressed by the HMBC section as shown in Fig. 6. The OPSY- $\\cdot d$ is preferred when high performance background suppression is required while the OPSY- $\\cdot t$ should only be used in conjunction with experiments such as SABRE that generate higher order coherences.']",['Selection of either the zero quantum or double quantum coherence pathways therefore means that optimally either a half or a quarter of the signal is retained respectively. The OPSY-d experiment is half as sensitive as the OPSY-Z variant because it selects only one of the two double quantum coherence pathways.'],"Based on the provided context, the sensitivity difference between OPSY-*d* and OPSY-*Z* experiments arises from quantum coherence selection efficiency:

1. **OPSY-*Z* (zero quantum coherence pathway)**:  
   Converts **50%** of the available magnetization into observable signal. This is because it retains half of the magnetization through the zero quantum coherence pathway.

2. **OPSY-*d* (double quantum coherence pathway)**:  
   Converts only **25%** of the magnetization into observable signal. This occurs because it selects only *one* of the *two* possible double quantum coherence pathways, thereby retaining half as much signal as OPSY-*Z*.

The context explicitly states:  
> *""The OPSY- $d$ experiment is half as sensitive as the OPSY- $\mathcal{Z}$ variant because it selects only one of the two double quantum coherence pathways.""*  
and  
> *""The zero quantum variant [OPSY-*Z*] converts $50\%$ of the available magnetization into an observable form in contrast to the $25\%$ level for OPSY- $d$.""*  

Thus, OPSY-*d*'s inherent sensitivity is halved due to the loss of one coherence pathway.","The OPSY-d experiment is half as sensitive as the OPSY-Z variant because it selects only one of the two double quantum coherence pathways, whereas the OPSY-Z variant selects the zero quantum coherence pathway, retaining a quarter of the signal.",0.6358919480165923,0.8851774227079776,1.0,0.99999999995,1.0
52,Why are heteronuclear spins suitable for long-term storage of nuclear polarization?,"['I. INTRODUCTION\nNuclear spin hyperpolarization originates from the preparation of nuclear spin- order, which is far from thermal equilibrium at a given temperature, providing a solution to the problem of low nuclear magnetic resonance (NMR) and MRI sensitivity. $^{1 - 5}$ Parahydrogen- induced polarization (PHIP) $^{6,7}$ is a promising low- cost hyperpolarization technique, which rationally exploits the non- equilibrium nuclear singlet spin- order of parahydrogen $(\\mathrm{pH}_2)$ . Despite being NMR- silent, the spin order of parahydrogen can be converted into a non- equilibrium nuclear magnetization of a target molecule, which, in turn, gives rise to significant NMR signal enhancements. $^{8 - 10}$ This conversion requires a suitable chemical process that breaks the symmetry between the parahydrogen protons. In classical (hydrogenative) PHIP, this occurs through the catalytic hydrogenation of an unsaturated precursor with parahydrogen. $^{11}$ Meanwhile, in the signal amplification by reversible exchange (SABRE) method, instead of permanently incorporating parahydrogen into the target molecule, parahydrogen and to- be- polarized molecule form a transient complex at the Ir- based metalorganic complex, termed the SABRE complex. $^{12 - 14}$ Under favorable conditions, the substrate molecules in the complex acquire nuclear polarization from the spin order of parahydrogen and then dissociate. As a result of multiple acts of this reversible interaction, the substrate becomes continuously hyperpolarized without a chemical modification. SABRE has been demonstrated to be particularly effective for the hyperpolarization of heteronuclear spins, especially ${}^{13}\\mathrm{C}$ and ${}^{15}\\mathrm{N}$ . $^{15 - 19}$ Due to their long $\\mathrm{T}_1$ - relaxation times, $^{20 - 22}$ hyperpolarized heteronuclear spins are suitable for long- term storage of nuclear polarization and are of great interest in biomedical applications, such as studying metabolic processes in vivo. $^{23 - 25}$', 'The nature of the hyperpolarized substrates is also important. For example, because of the long spin- lattice relaxation times $(T_{1})$ of many heteronuclei, hyperpolarization of heteronuclear spins can significantly extend the lifetime of the resulting non- equilibrium polarization compared to that of polarized protons. Indeed, recent demonstrations of hyperpolarization of important nuclei (with reduced detection sensitivity compared to ${}^{1}\\mathrm{H}$ , but often greater spectral', 'Storage of nuclear spin hyperpolarization on protons has a significant drawback of relatively fast relaxation to thermal equilibrium, with characteristic times of several seconds under clinically relevant conditions.[25] Therefore, hyperpolarization of heteronuclei such as $^{13}\\mathbb{C}$ or $^{15}\\mathrm{N}$ which possess relaxation times on the order of minutes[26- 32] is an important step toward biomedical SABRE applications, similar to those of d- DNPWhile spontaneous transfer of polarization to heteronuclei occurs in a canonical SABRE experiment conducted in millitesla fields,[7,33- 35] or in high- field SABRE experiments,[36,37] the obtained polarization levels are relatively low']","['Heteronuclear spins are suitable for long-term storage of nuclear polarization and are of great interest in biomedical applications, such as studying metabolic processes in vivo.']","Based on the provided context, heteronuclear spins (such as \(^{13}\mathrm{C}\) and \(^{15}\mathrm{N}\)) are suitable for long-term storage of nuclear polarization due to their **long spin-lattice relaxation times (\(T_1\))**. Key reasons include:

1. **Extended Relaxation Times**:  
   Heteronuclei exhibit \(T_1\) relaxation times on the order of **minutes** (e.g., \(^{13}\mathrm{C}\) or \(^{15}\mathrm{N}\)), compared to protons (\(^{1}\mathrm{H}\)) which typically relax in **seconds** under clinically relevant conditions. This slower relaxation preserves hyperpolarization far longer.

2. **Comparison to Protons**:  
   Hyperpolarization storage on protons is limited by rapid relaxation to thermal equilibrium (within seconds), making heteronuclei preferable for applications requiring sustained polarization.

3. **Biomedical Utility**:  
   The prolonged \(T_1\) times enable practical applications like studying metabolic processes *in vivo*, where extended polarization lifetimes are essential for detection and imaging.

This property is particularly advantageous in techniques like SABRE, where transferring polarization to heteronuclei addresses the limitations of proton-based storage.","Heteronuclear spins are suitable for long-term storage of nuclear polarization because they are of great interest in biomedical applications, such as studying metabolic processes in vivo.",0.5149217592197115,0.8961612742859301,1.0,0.9999999999,1.0
53,How does the propyne conversion rate compare between Rh₂C and post-Rh₂C(150-H₂) at 100°C?,"['Next, we turned to the hydrogenation experiments with propyne. The experiments explored three flow rates (156, 240 and $348 \\text{mL} \\text{s} \\text{min}^{- 1}$ ) using a volume ratio of propyne: $\\text{p - H}_2$ of 1:4 and $5 \\text{mg}$ of $\\text{Rh}_2\\text{C}$ (premixed with $20 \\text{mg}$ of SiC) tested in the temperature range $50^{\\circ}\\text{C} - 100^{\\circ}\\text{C}$ . The propyne conversion in these experiments was significantly lower than that achieved for propene (see above), which is in accord with the stronger adsorption of alkynes, resulting in higher activation barriers for their hydrogenation relative to alkenes.[16] The highest propyne conversion was obtained with the catalyst bed externally heated to $100^{\\circ}\\text{C}$ (Table S2) and amounted to $16\\%$ . Consequently, much less heat was released in propyne hydrogenation compared to propene hydrogenation despite the larger exothermicity of the former reaction. As a result, it was possible to first test $\\text{Rh}_2\\text{C}$ in the propyne hydrogenation experiments at temperatures not exceeding $100^{\\circ}\\text{C}$ . Subsequently, $\\text{Rh}_2\\text{C}$ was pretreated in a flow of undiluted $\\text{H}_2$ at $150^{\\circ}\\text{C}$ for two hours to form $\\text{Rh}^0 /\\text{C}$ in situ (this material is denoted as post- $\\text{Rh}_2\\text{C}_{(150 - \\text{H}_2)}$ , where the prefix post indicates that the reduction was performed after the first catalytical testing). Subsequently, the temperature was lowered to $50^{\\circ}\\text{C}$ without termination of the $\\text{H}_2$ flow, and the catalytic testing was repeated. The results of these tests are shown in Figure 2.', 'Figure 3a presents the $^1\\mathsf{H}$ NMR spectra acquired during the hydrogenation of propyne with $\\mathsf{Rh}_2\\mathsf{C}$ and post- $\\mathsf{Rh}_2\\mathsf{C}_{(150\\mathsf{H}2)}$ while Figure 3b presents an enlarged region of these spectra containing the signal from $\\mathsf{o - H_2}$ . While a precise determination of the rate of $\\mathsf{p - H_2}$ conversion to $\\mathsf{o - H_2}$ in our experiments is challenging, the results demonstrate qualitatively that this conversion proceeds faster over $\\mathsf{Rh}_2\\mathsf{C}$ relative to post- $\\mathsf{Rh}_2\\mathsf{C}_{(150\\mathsf{H}2)}$ at all temperatures and gas flow rates tested, as exemplified in Figure 3b. This is in line with a higher conversion of propyne in hydrogenation with $\\mathsf{Rh}_2\\mathsf{C}$ than post- $\\mathsf{Rh}_2\\mathsf{C}_{(150\\mathsf{H}2)}$ . In addition to the larger surface area of the carbidic phase, this result could be in part due to a weaker adsorption of propyne on $\\mathsf{Rh}_2\\mathsf{C}$ than on $\\mathsf{Rh}^0$ In either case, a more significant fraction of surface sites may be available for the dissociative chemisorption of $\\mathsf{H}_{2}$ and diffusive scrambling of $\\mathsf{H}^*$ species, leading in turn to a higher rate of parahydrogen conversion to normal $\\mathsf{H}_{2}$', '\\text{Rh}_2\\text{C}$ shows a low conversion of propyne at 50 and $75^{\\circ}\\text{C}$ (Figure 2a, Table S2). As mentioned above, at $100^{\\circ}\\text{C}$ and using a flow rate of $240 \\text{mL} \\text{s} \\text{min}^{- 1}$ , a propyne conversion of $16\\%$ is obtained on $\\text{Rh}_2\\text{C}$ , with $68\\%$ and $32\\%$ selectivity to propene and propane, respectively (Table S2). Notably, post- $\\text{Rh}_2\\text{C}_{(150 - \\text{H}_2)}$ shows a conversion of propyne of only $4\\%$ in those conditions, with a propene selectivity of $58\\%$ . The selectivity to the pairwise addition of hydrogen to propyne was assessed by following the NMR signal enhancement for propene and propane (i.e., for both hydrogenation products). Under the conditions described above, similar SEs of 18 and 22 (8 and 6) are obtained for propene (propane) using $\\text{Rh}_2\\text{C}$ and post- $\\text{Rh}_2\\text{C}_{(150 - \\text{H}_2)}$ , respectively, which again indicates a notably low selectivity of both phases to the pairwise hydrogen addition route. This sharply contrasts the SE up to 149- fold reported for a $\\text{Mo}_2\\text{C}$ catalyst.[30]']","['At 100°C and using a flow rate of 240 mL min⁻¹, a propyne conversion of 16% is obtained on Rh₂C. Notably, post-Rh₂C(150-H₂) shows a conversion of propyne of only 4% in those conditions.']","Based on the provided context, the propyne conversion rates at 100°C are as follows:  
- **Rh₂C catalyst**: 16% conversion (at 240 mL·min⁻¹ flow rate)  
- **post-Rh₂C(150-H₂) catalyst**: 4% conversion (under identical conditions)  

Thus, **Rh₂C exhibits a 4-fold higher propyne conversion rate** compared to the post-reduction catalyst (Rh₂C: 16% vs. post-Rh₂C(150-H₂): 4%). This difference is attributed to:  
1. The stronger adsorption of propyne on Rh⁰ (formed after H₂ reduction) versus Rh₂C, reducing active site availability.  
2. The higher surface area of the carbidic phase (Rh₂C), facilitating H₂ dissociation and hydrogenation.  

*Note: Data extracted from Table S2 and Figure 2 in the context.*",Rh₂C shows a higher propyne conversion rate (16%) compared to post-Rh₂C(150-H₂) (4%) at 100°C.,0.6615474354814946,0.9059359711837652,0.9090909090909091,0.9999999999666667,1.0
54,Why is the T1 relaxation time of pyruvate shorter at acidic pH compared to basic pH?,"['Figure 2 illustrates that the $T_{1}$ of pyruvate is about twofold shorter at acidic pH $19s,$ pH 1.0) compared to basic pH $35s,$ $\\mathsf{pH8.9})$ and is reduced as well at $>\\mathsf{pH}12$ $26s,$ pH 13.0).The molecule bears an exchangeable proton with a $pK_{\\mathrm{a}} = 2.5$ and a C- H- acidic proton with a $pK_{\\mathrm{a}}$ at very alkaline pH. Its $T_{1}$ appears to be governed by the hydronium ion concentration, intermolecular hydrogen bonding, as well as acid and base mediated chemical reactions. Around its $pK_{\\mathrm{a}},$ pyruvate reacts with water and forms pyruvate hydrate (Figure S.3). This potentially increases the proton concentration close to the carbonyl carbons, which favours dipolar couplings and minimizes $T_{1}$ At very alkaline pH, pyruvate is subject to base- mediated ketoenol exchange. Hydroxyl ions subtract protons of the methyl group and the enol form of pyruvate reacts with its keto- form to parapyruvate. Again, these chemical reactions at low and high pH could also contribute to the $T_{1}$ shortening, as these reactions might happen with significant spectral density at the Larmor frequency.', 'The $T_{1}$ of HP pyruvate (Figure 3) shows a stronger increase with increasing pH up to slightly acidic pH $(pH7 - pH8)$ and a stronger decrease of $T_{1}$ at alkaline pH compared to the thermal $T_{1}$ titration curve (Figure 2). These differences are most likely caused by the different experimental conditions between the HP and thermal measurements, including concentration, temperature and external magnetic field strength. Furthermore, the trityl radical, which is present only in the hyperpolarized samples, might interact with pyruvate in a pH dependent manner explaining the drop of $T_{1}$ at pH values slightly above $\\text{pH} 10$ . A plot with all measured data points is given in the Supplement $(n = 82$ , Figure S.5). Figure 3 shows an almost threefold smaller $T_{1}$ at acidic $(24.5\\pm 7.6s,\\text{pH} 1.7\\pm 0.4)$ and basic $(24.10\\pm 17.6s,\\text{pH} 12.3\\pm 0.1)$ pH when compared to $\\text{pH} 7.3\\pm 0.3$ $(66.1\\pm 7.0s)$ . This indicates that extreme pH values are most detrimental for signal lifetime of HP pyruvate, which is the most extensively used probe for metabolic imaging.', '[](images/977d01b1446fd41949ee9d01b77cc66152b9ec63ea1b3571415717dfae75f8ef.jpg) \nFigure 2. NMR $T_{1}$ -titration curves of thermally polarized $[1 - ^{13}\\mathbb{C}]$ lactate and $[1 - ^{13}\\mathbb{C}]$ pyruvate. The $T_{1}$ of lactate decreases with increasing pH and has a local minimum around the $pK_{\\mathrm{a}} = 3.6$ . Further increase of the pH shortens the $T_{1}$ yielding a global minimum at neutral pH and a subsequent increase with pH showing a plateau at $pH > 10$ . The $T_{1}$ of pyruvate is mainly affected by high proton concentrations. At acidic pH, pyruvate reacts with water to form pyruvate hydrate and may form intermolecular hydrogen bonds. Increasing the pH reduces the amount of pyruvic acid hydrate and the proton concentration. The global $T_{1}$ -maximum of pyruvate is at slightly basic pH. Note that there is a fairly high error bar of $T_{1}$ of pyruvate at $pH6.32\\pm 0.43$ $(n = 2$ , $T_{1}$ -measurements). This is due to the fact that the pH varied stronger during the individual measurement (the pH was measured before and after the NMR experiment, given values are the means $\\pm$ stds.) for values around pH 6 compared to other pH values (the mean pH standard deviation of all pyruvate $T_{1}$ measurements was 0.20). Chemical structures and $pK_{\\mathrm{a}}$ are given next to the pH titration curve. The measured carbonyl carbon is marked in blue. The average lactate concentration was $244\\pm 4$ mM in water. The average pyruvate concentration ranged between $238\\mathrm{mM}$ to $250\\mathrm{mM}$ in water $(n = 20)$ and $100\\mathrm{mM}$ Tris $(n = 16)$ containing $10\\% D_{2}O$ , $B_{0} = 14.1T$ , $37^{\\circ}C$ . Pyruvate data are grouped according to distinct pH ranges given in the supplement Figure S.4. Note further that we did not detect a significant difference between the measurements in water and $100\\mathrm{mM}$ Tris. The $pK_{\\mathrm{a}}\\pm 0.5$ of each molecule is marked with a yellow box.']","['The molecule bears an exchangeable proton with a pKa = 2.5 and a C- H- acidic proton with a pKa at very alkaline pH. Its T1 appears to be governed by the hydronium ion concentration, intermolecular hydrogen bonding, as well as acid and base mediated chemical reactions. Around its pKa, pyruvate reacts with water and forms pyruvate hydrate (Figure S.3). This potentially increases the proton concentration close to the carbonyl carbons, which favours dipolar couplings and minimizes T1 At very alkaline pH, pyruvate is subject to base- mediated ketoenol exchange. Hydroxyl ions subtract protons of the methyl group and the enol form of pyruvate reacts with its keto- form to parapyruvate. Again, these chemical reactions at low and high pH could also contribute to the T1 shortening, as these reactions might happen with significant spectral density at the Larmor frequency.']","Based on the provided context:

1. **Hydronium Ion Concentration and Hydrogen Bonding**:  
   At acidic pH, high hydronium ion concentrations promote intermolecular hydrogen bonding. This enhances dipolar coupling interactions between protons and the carbonyl carbon of pyruvate, shortening $T_1$.

2. **Acid-Mediated Chemical Reaction**:  
   Near pyruvate's $pK_a$ (2.5), it reacts with water to form **pyruvate hydrate** (Figure S.3). This reaction concentrates protons near the carbonyl carbon, further increasing dipolar relaxation and minimizing $T_1$.  

3. **Contrast at Basic pH**:  
   At slightly basic pH (e.g., pH 8.9), $T_1$ is longer due to reduced proton concentration and absence of hydrate formation. $T_1$ shortens again only at very high pH (>12) via base-mediated reactions (keto-enol exchange forming parapyruvate).  

Thus, acidic conditions accelerate relaxation primarily through proton-driven hydrate formation and enhanced dipolar coupling.","The T1 relaxation time of pyruvate is shorter at acidic pH due to the influence of hydronium ion concentration, intermolecular hydrogen bonding, and acid-mediated chemical reactions. Around its pKa, pyruvate reacts with water to form pyruvate hydrate, which increases proton concentration near the carbonyl carbons, favoring dipolar couplings and minimizing T1. At very alkaline pH, base-mediated ketoenol exchange occurs, contributing to T1 shortening as these reactions may have significant spectral density at the Larmor frequency.",0.8068983242067164,0.8924945710070223,1.0,0.8333333332916666,1.0
55,Why do deuterated isotopologues yield higher SABRE-Relay enhancements than their protio counterparts?,"['The amine plays a prominent role in this process and determines the size of the resulting signal gains seen in the nuclear spin orientation enhancement of the alcohol after SABRE- Relay transfer. Of the 24 amines investigated, $\\mathrm{NH_3}$ performed best, yielding over 700- fold gains per proton in the $\\mathrm{OCH}_2$ resonance of propanol. We conclude that in this case, the rate of proton exchange between $\\mathrm{NH_3}$ and the alcohol most closely matches that needed for optimal NMR signal enhancement. The next best performing amine was $d_{7} - \\mathrm{BnNH}_2$ which, whilst exhibiting higher NH polarisation levels and longer relaxation times than $\\mathrm{NH_3}$ led to alcohol NMR signal gains that were ca. $10\\%$ lower. Based on these data a match between carrier amine and target agent will be needed to deliver optimal SABRE- Relay performance. However, a role for isotopic labelling in the amine was exemplified with deuterated isotopologues yielding SABRE- Relay enhancements that were ca. 3 times higher than those of their protio counterparts. We attribute this to a reduction in the effects of polarisation transfer into the amine which leads to higher NH polarisation levels, alongside an increase in the NH relaxation time.', 'for example the $\\mathrm{OCH}_2$ signal gain improves from 783- fold with 1 to 821- fold with 2 at $9.4~\\top$ . However, the $\\mathrm{OH}$ polarization level actually increases far more dramatically from 442 to 701- fold which reflects a ca. $70\\%$ increase. These signal gain increases are attributed to the resulting increase in rate of $\\mathrm{NH_3}$ dissociation from the active catalyst which is now $3.20~\\mathrm{s}^{- 1}$ at $298~\\mathrm{K}$ and approximately double that seen for 1. Further, small improvements in these signal enhancement levels were observed when using the deuterated isotopologue of 2, $d_{34} - 2$ . In this case, the signal gains per proton are now 721, 843, 820, 691- fold for the $\\mathrm{OH}$ , $\\mathrm{OCH}_2$ , $\\mathrm{CH}_2$ and $\\mathrm{CH}_3$ positions respectively. Intriguingly, these relayed changes are less significant than for substrates that undergo direct SABRE polarization, where increases of up to $150\\%$ have been seen when using a deuterated NHC instead of its protio counterpart. To investigate this behavior, we measured the $T_{1}$ relaxation times of the NH resonance in $\\mathrm{NH_3}$ whilst in the presence of the active catalysts formed from 2 and $d_{34} - 2$ under 3 bar $\\mathrm{H}_2$ . The $T_{1}$ relaxation time is slightly extended from 5.31 to $5.64~\\mathrm{s}$ when the deuterated isotopologue is used. This extension is just $6\\%$ and significantly smaller than that typically observed for substrates which participate in direct SABRE transfer and may account for the corresponding reduced polarization increases seen during SABRE- Relay.', 'Synthesis and evaluation of deuterated NHC isotopologues. Deuteration of the carbene ligand can cause an increase in observable SABRE polarization through relaxation time extension of the bound substrate protons whilst simultaneously reducing spin dilution effects ${ }^{24,26}$ . Therefore, we synthesized the fully deuterated isotopologues of a subset of the most efficient of these catalysts (Fig. 5). The synthetic procedures are provided in the Supplementary Methods. We measured the associated TEP and $\\%$ $V_{\\mathrm{bur}}$ of each of these and found that deuteration had no quantifiable effect on the electronic or steric properties when compared to their protio counterparts. Subsequently, each of the deuterated catalysts were examined and found to improve both the $T_{1}$ relaxation times and polarization transfer efficiency to A when compared to that shown by their protio analogues.']","['However, a role for isotopic labelling in the amine was exemplified with deuterated isotopologues yielding SABRE- Relay enhancements that were ca. 3 times higher than those of their protio counterparts. We attribute this to a reduction in the effects of polarisation transfer into the amine which leads to higher NH polarisation levels, alongside an increase in the NH relaxation time.']","Deuterated isotopologues yield higher SABRE-Relay enhancements than their protio counterparts due to two key mechanisms:

1. **Reduced polarization loss to the amine**:  
   Deuteration minimizes undesired polarization transfer into the amine's own spin system. This occurs because deuterons (²H) have a lower gyromagnetic ratio than protons (¹H), making them less efficient at accepting polarization. Consequently, more polarization is retained for transfer to the target substrate (e.g., the alcohol in SABRE-Relay), resulting in higher NH polarization levels.

2. **Extended relaxation times**:  
   Deuterated isotopologues exhibit longer \( T_1 \) relaxation times for NH groups. For example:
   - In catalysts, deuteration extends the NH \( T_1 \) from 5.31 s to 5.64 s (+6%), preserving polarization for longer periods.
   - This reduces spin-lattice relaxation losses, allowing more polarization to accumulate and transfer efficiently to the target molecule.

These effects are synergistic: reduced spin dilution and slower relaxation collectively enhance net polarization delivery. For instance, deuterated amines like \( d_7 \)-BnNH₂ improve alcohol signal gains by ∼3× over protio analogs, despite similar steric/electronic properties.","This is because deuterated isotopologues reduce the effects of polarisation transfer into the amine, which leads to higher NH polarisation levels and an increase in the NH relaxation time.",0.6553613768800866,1.0,0.7777777777777778,0.9999999999666667,1.0
56,What is the third step in the process of studying the conditions for optimizing the level and type of  ${}^{1}\mathsf{H}$  polarization created using the SABRE method?,[],"['The experiments employing this equipment serve to illustrate the efficiency of SABRE and provide results that dramatically improve our understanding of the physical basis of the SABRE method. This understanding has been achieved by studying the effects of the following: (i) the length of time that parahydrogen is bubbled through the solution present in the reaction cell (also called and henceforth referred to as the Mixing Chamber), which replaces the NMR tube described earlier in the shake/dissolve method, (ii) the pressure of parahydrogen gas placed over the solution and (iii) the strength of the magnetic field experienced by the sample during the polarization transfer step and the types and properties of the magnetic states that are created by SABRE.']","Based on the provided information, the process for optimizing \(^{1}\text{H}\) polarization in SABRE involves the following steps:  
1. **Pressurization**: The reaction mixture is pressurized with parahydrogen (typically to 3 bar) and transferred to the NMR spectrometer.  
2. **Setup**: The sample is shimmed, and the transmitter frequency is set on-resonance with the hydride signal of the metal complex (e.g., Ir-IMes).  
3. **RF Pulse Application**: A radiofrequency (RF) pulse is applied to transfer polarization from the parahydrogen-derived hydrides to the target substrate.  

Thus, the **third step** is the **application of a radiofrequency (RF) pulse** to facilitate polarization transfer.",The third step is assessing the strength of the magnetic field experienced by the sample during the polarization transfer step and the types and properties of the magnetic states that are created by SABRE.,0.1798063124983318,0.9337355987655486,0.0,0.0,0.0
57,Why do pH2-derived 1H nuclei in the product molecule(s) exhibit highly enhanced NMR signals after the symmetry of pH2 is broken in a chemical reaction?,"['3.1. Background theory of parahydrogen hyperpolarisation\nParahydrogen- induced polarisation (PHIP) was first predicted theoretically and demonstrated experimentally by Bowers and Weitekamp in 1986 and 1987 [90,91], with concurrent, independent observations of the same phenomenon by Eisenberg and co- workers [92,93]. PHIP uses the nuclear singlet isomer of molecular hydrogen, parahydrogen $(pH_{2})$ , as the source of hyperpolarisation. In itself, $pH_{2}$ has no net angular momentum $(I_{total} = 0)$ , and is therefore NMR silent. However, once the symmetry of $pH_{2}$ is broken in a chemical reaction, the singlet state can evolve into observable magnetisation such that the $pH_{2}$ - derived ${}^{1}\\mathrm{H}$ nuclei in the product molecule(s) exhibit highly enhanced NMR signals [94]. The PHIP methodology has been used for mechanistic studies of hydrogenation reactions [95], and has been explored for the production of hyperpolarised contrast agents for in vivo MRI [96- 102]. In 2009, Duckett and co- workers introduced a non- hydrogenative version of PHIP, signal amplification by reversible exchange (SABRE) [103], whereby a transition metal (typically iridium) complex is used to catalytically transfer nuclear spin order from $pH_{2}$ to a target analyte in free solution by means of a reversible exchange reaction. A key advantage of the SABRE approach compared to the original,', 'In conventional PHIP, hydrogenation reactions are used: $\\mathsf{pH}_2$ is added to a molecule with a double or triple carbon- carbon bond (other molecular motifs can be hydrogenated as well but are used much less commonly). When the two protons stemming from $\\mathsf{pH}_2$ occupy non- equivalent positions in the reaction product, symmetry breaking occurs and enhanced NMR signals of these two spins in the molecule become visible ( Fig. 1). Typically, substrates are chosen such that the two protons are chemically non- equivalent and have different chemical shifts [4]. However, symmetry breaking can also work even for chemically equivalent spins, if weak magnetic non- equivalence is present in the Pnal product [31,32] or even in the reaction intermediates. [33].', 'The para- $\\mathbf{\\cdot H}_2$ molecule is NMR silent (i.e. it does not give any NMR signal). However, breaking the symmetry of para- $\\mathbf{\\cdot H}_2$ in a chemical reaction can lead to a dramatic enhancement of NMR signals of the reaction products.14,15 This chemistry underpins the PHIP effect and can be hugely beneficial for the detection of low concentration $(\\ll 1\\mathrm{mM})$ or short- lived molecules $(< 1$ minute) that might be challenging to observe using conventional NMR with thermal polarisation. Herein, we discuss various types of chemical reactions that can break para- $\\mathbf{\\cdot H}_2$ symmetry and give rise to PHIP. These reactions are often catalysed by transition metal complexes, and we discuss the role these species play in achieving PHIP. In general, many researchers are working to increase the substrate scope, efficiency, conversion rates, lifetime of hyperpolarised states, solvent tolerability, and many other properties of these catalysts which are directly linked to the NMR signal enhancements that can be produced. Therefore, we focus on recent advances in homogeneous catalyst design which have allowed the hyperpolarisation of a wider range of molecules with greater efficiency using PHIP and related SABRE16,17 effects. We also give some key examples of the tremendous value these novel catalysts have in the areas of mixture analysis, mechanistic elucidation, reaction monitoring, and biomedical imaging. In addition to metal complexes, recent emerging metal- free catalysts are also discussed.']","['Parahydrogen- induced polarisation (PHIP) uses the nuclear singlet isomer of molecular hydrogen, parahydrogen (pH2), as the source of hyperpolarisation. In itself, pH2 has no net angular momentum (Itotal = 0), and is therefore NMR silent. However, once the symmetry of pH2 is broken in a chemical reaction, the singlet state can evolve into observable magnetisation such that the pH2- derived 1H nuclei in the product molecule(s) exhibit highly enhanced NMR signals.']","Based on the provided context, pH₂-derived ¹H nuclei in product molecules exhibit highly enhanced NMR signals after symmetry breaking for the following reasons:

1.  **Parahydrogen is NMR-silent**:  
    pH₂ exists in a nuclear singlet state with total nuclear spin \(I_{\text{total}} = 0\). This state has no net angular momentum and is undetectable by conventional NMR.

2.  **Symmetry breaking enables signal observation**:  
    When the symmetry of pH₂ is broken during a chemical reaction (e.g., hydrogenation of unsaturated bonds), the two protons from pH₂ become incorporated into non-equivalent positions in the product molecule. This chemical non-equivalence disrupts the singlet state.

3.  **Singlet-to-observable magnetization conversion**:  
    The broken symmetry allows the initial singlet spin order of pH₂ to evolve into observable magnetization. This converts the ""hidden"" polarization of pH₂ into detectable NMR signals.

4.  **Resulting signal enhancement**:  
    The transformed magnetization produces NMR signals that are orders of magnitude stronger than those from thermally polarized protons under equilibrium conditions. This enables the detection of low-concentration substrates (<1 mM) or short-lived species (<1 minute) that are otherwise challenging to observe.

In essence, the chemical reaction breaks the magnetic equivalence of the pH₂-derived protons, unlocking their latent polarization and transforming it into intense, observable NMR signals. This phenomenon underpins both conventional PHIP and techniques like SABRE.","The symmetry breaking of pH2 in a chemical reaction allows the singlet state to evolve into observable magnetisation, which results in highly enhanced NMR signals for the pH2-derived 1H nuclei in the product molecule(s).",0.5456099927025706,0.965470708610471,1.0,0.9999999999666667,1.0
58,Why was no 13C enhancement observed in magnetic field cycling experiments on PraH?,"[""Figure 3 shows hyperpolarized ${}^{1}\\mathrm{H}$ peaks from DL- allylglycine, yielding a polarization of $P_{\\mathrm{H}} = 0.9\\%$ . However, PraH's triple bond has the potential for two parahydrogenations, allowing further enhancement under higher conversion regimes, though only characteristic $\\mathrm{I}_{\\mathrm{z}} - \\mathrm{S}_{\\mathrm{z}}$ peaks for allylglycine are observed here. Both investigations of propyne in gas- phase heterogeneous $\\mathrm{PHIP}^{28}$ and O- propargyl- L- tyrosine in solution $\\mathrm{PHIP}^{27}$ report only single hydrogenation product enhancement. Magnetic field cycling experiments were attempted on PraH, though no ${}^{13}\\mathrm{C}$ enhancement was observed. This can be explained due to allylglycine's dense proton environment on adjacent carbons to the hydrogenation site, which likely interferes with the observed magnetization after transfer. The relatively large distance to the ester carbon often chosen in ${}^{13}\\mathrm{C}$ transfer requires zero field draw speeds longer than para- $\\mathrm{H}_{2}$ relaxation and is unlikely to be observed."", 'The HP $^{13}\\mathrm{C}$ spectrum in Figure 3 was selected from a series of experiments performed to gain insight into the mechanism of polarization enhancement, summarized in Figure 4 (and Figures S1- S4, SI). No $^{13}\\mathrm{C}$ magnetization was observed with $\\mathbb{p}$ $\\mathrm{H}_{2}$ bubbling in the milli- Tesla regime prior to high- field acquisition (Figure 4A; nor were $^{13}\\mathrm{C}$ signals observed in a separate experiment with bubbling at Earth\'s field, not shown). Moreover, bubbling at $5.2\\mathrm{mT}$ to achieve efficient hyperpolarization of $^1\\mathrm{H}$ spins followed by cessation of bubbling and exposure to the micro- Tesla regime in the shield yielded weaker $^{13}\\mathrm{C}$ signals than direct polarization of the $^{13}\\mathrm{C}$ by bubbling in a micro- Tesla field. This result suggests that $^{13}\\mathrm{C}$ magnetization (e.g. Figure 3) is not first developing on substrate $^1\\mathrm{H}$ spins. We also note that while no $^{13}\\mathrm{C}$ signal was detected that could be assigned to catalyst- bound acetate (under either HP or thermally- polarized conditions; see also the variable temperature experiment in Figure S7), a small shift in the ""free"" $^{13}\\mathrm{C}$ acetate signal is observed in the presence of the catalyst (Figure S1 in SI). Taken together with the presence of the new hydride $^1\\mathrm{H}$ resonances upon acetate addition (Figure 1C), these results are consistent with ""direct"" transfer of spin order from hydride $^1\\mathrm{H}$ spins to transiently bound $^{13}\\mathrm{C}$ acetate spins under SABRE- SHEATH conditions—as opposed to a SABRE- RELAY- type mechanism[27b] involving HP ligand $^1\\mathrm{H}$ spins, and/or a mechanism that does not involve direct acetate binding to the catalyst.', 'In the case of ${}^{13}\\mathrm{C}_{1}$ - allyl pyruvate, although coherent redistribution of PHIP is also operative, the observed oscillations are less distinct than in the case of maleic acid [Fig. 4(b)]. The likely reason is the presence of a multitude of coupled nuclei participating in the polarization transfer process, which leads to averaging of coherent oscillations of the detected ${}^{13}\\mathrm{C}$ polarization. Thus, instead of strong modulations, only a smooth buildup of the ${}^{13}\\mathrm{C}$ polarization is observed during the first $200~\\mathrm{ms}$ of evolution at ULF followed by some oscillations around the average polarization level. We measured $P(^{13}\\mathrm{C}) = 3.3\\%$ in an experiment with an evolution period of $\\tau_{ULF} = 0.2\\mathrm{s}$ , which is even lower than the maximal value of $3.5\\%$ for the fixed field experiment. No detectable ${}^{13}\\mathrm{C}$ signal enhancement was obtained for ${}^{13}\\mathrm{C}_{2}$ - allyl pyruvate during experiments with coherent polarization transfer.']","[""Magnetic field cycling experiments were attempted on PraH, though no 13C enhancement was observed. This can be explained due to allylglycine's dense proton environment on adjacent carbons to the hydrogenation site, which likely interferes with the observed magnetization after transfer. The relatively large distance to the ester carbon often chosen in 13C transfer requires zero field draw speeds longer than para-H2 relaxation and is unlikely to be observed.""]","Based on the provided context, no \(^{13}\mathrm{C}\) enhancement was observed in magnetic field cycling experiments on PraH (propargylglycine) for two key reasons:

1. **Dense Proton Environment**: Allylglycine (the hydrogenation product of PraH) has a dense proton environment on carbons adjacent to the hydrogenation site. This proton network interferes with magnetization transfer, disrupting the observation of enhanced \(^{13}\mathrm{C}\) signals after polarization transfer.

2. **Distance and Relaxation Constraints**: The ester carbon (a typical \(^{13}\mathrm{C}\) observation site) is relatively distant from the hydrogenation site. Efficient polarization transfer to this carbon would require zero-field draw speeds (field-cycling durations) longer than the relaxation time of the para-hydrogen (\(p\mathrm{H}_2\)) spin order. Since para-hydrogen relaxation is faster than the required transfer time, the enhancement could not be detected.","No 13C enhancement was observed because allylglycine's dense proton environment on adjacent carbons to the hydrogenation site likely interferes with the observed magnetization after transfer, and the relatively large distance to the ester carbon chosen for 13C transfer requires zero field draw speeds longer than para-H2 relaxation.",0.7418332086191655,0.9320699394544083,0.8181818181818182,0.9999999999,1.0
59,Why does the hydride resonance in these complexes shift according to the identity of the ligand that is trans to it?,"['The identity of 3 was further confirmed by repeating this experiment using $\\mathrm{[IrBr(COD)(IMes)]}$ as the corresponding reaction product $\\mathrm{[IrBr(H)_2(DMSO)_2(IMes)]}$ yields hydride signals at $\\delta - 15.67$ and $\\delta - 20.45$ in methanol- $d_{4}$ which are clearly different to those of 3. Furthermore, when $\\mathrm{[Ir(CH_3CN)(COD)(IMes)]PF_6}$ is used instead, $\\mathrm{[Ir(H)_2(CH_3CN)}$ $\\mathrm{(DMSO)_2(IMes)]PF_6}$ forms which yields signals at $\\delta - 15.76$ and $\\delta - 19.83$ at $255\\mathrm{K}$ we note there was no evidence for the displacement of $\\mathrm{CH}_3\\mathrm{CN}$ by DMSO in the associated NMR spectra. Hence, the hydride resonance in these complexes shift according to the identity of the ligand that is trans to it thereby confirming the indicated product identities. The identity of 3 was also studied by DFT as detailed in the results shown in Table 2. $\\mathrm{[IrCl(H)_2(DMSO)_2(IMes)]}$ was found to be lower in energy than the corresponding species where chloride is replaced by water, methanol or sulfoxide.', ""The second set of coupled hydride resonances $(J_{\\mathrm{HH}}$ of $3 \\mathrm{~Hz})$ due to complex 5 (Scheme 3), appear at unusual chemical shifts at $\\delta - 0.68$ $(\\mathrm{H}_{\\mathrm{a}})$ and $- 15.05$ $(\\mathrm{H}_{\\mathrm{b}})$ . The hydrides of 5 must exchange freely with free $\\mathrm{p} - \\mathrm{H}_{\\mathrm{a}}$ , in contrast to those of 4, since these signals remain visible for up to $2 \\mathrm{~h}$ at $323 \\mathrm{~K}$ . The resonance due to $\\mathrm{H}_{\\mathrm{b}}$ showed additional small couplings to $^{13} \\mathrm{C}$ nuclei when $\\mathbf{1} - ^{13} \\mathbf{C}, ^{15} \\mathbf{N}$ was used as the starting material, however, neither were large enough to be due to a trans arrangement of carbonyl and hydride. Surprisingly, $\\mathrm{H}_{\\mathrm{a}}$ also showed no resolvable couplings to labelled donor atoms. The chemical shift of $\\mathrm{H}_{\\mathrm{a}}$ $(\\delta - 0.68)$ indicates it is most probably bound to a metal- bound carbon, while $\\mathrm{H}_{\\mathrm{b}}$ is a metal- bound hydride in a geometry trans to a hard ligand. The mononuclear structure of 5 shown in Scheme 3 most readily tallies with our experimental observations. Compound 5 could be derived from either 1 or 3 by the oxidative insertion of an iridium(i) centre into a $\\mathrm{C} - \\mathrm{H}$ bond of the BPM ligand's methylene backbone with subsequent elimination/rearrangement. The extended period of enhancement of $\\mathrm{H}_{\\mathrm{a}}$ and $\\mathrm{H}_{\\mathrm{b}}$ NMR signals under $\\mathrm{p} - \\mathrm{H}_{2}$ can only come about by concerted exchange of these protons with free $\\mathrm{p} - \\mathrm{H}_{2}$ . This exchange could occur by elimination of $\\mathrm{H}_{\\mathrm{a}}$ from 5 to form an iridium carbene intermediate which then adds free $\\mathrm{p} - \\mathrm{H}_{2}$ in a concerted fashion. Such a process has its precedent in the exchange between a hydride and proton attached to a metal- bound carbon, via a carbene intermediate, in cyclometallated rhodium(III) complexes studied by Crocker et al.12"", 'After $30 \\mathrm{~min}$ at $323 \\mathrm{~K}$ , the $\\mathrm{p} - \\mathrm{H}_{2}$ enhanced signals for 2 and 3 were dramatically reduced in size and two new products, 4 and 5 were observed (Fig1(b), Scheme 3)Significantly, when this reaction was repeated with normal hydrogen the only detectable product was 4Complex 4 contains three hydride ligands with resonances at $\\delta - 17.40$ $(\\mathrm{H}_{\\mathrm{a}})$ $- 17.66$ $(\\mathrm{H}_{\\mathrm{c}})$ and $- 18.48$ $(\\mathrm{H}_{\\mathrm{b}})$ respectively$\\mathrm{H}_{\\mathrm{a}}$ and $\\mathrm{H}_{\\mathrm{b}}$ are coupled to each other $(J_{\\mathrm{HH}}$ of $7 \\mathrm{~Hz})$ and show $\\mathrm{p} - \\mathrm{H}_{2}$ enhancement for only a short time indicating limited exchange with free $\\mathrm{H}_{\\mathrm{c}}$ JOESY and COSY experiments confirm that $\\mathrm{H}_{\\mathrm{a}}$ and $\\mathrm{H}_{\\mathrm{b}}$ are bound to the same metal centre and their high field shift suggests that they are trans to hard ligandsWith normal hydrogen, the resonances due to $\\mathrm{H}_{\\mathrm{a}}$ and $\\mathrm{H}_{\\mathrm{b}}$ grow at the same rate as that of $\\mathrm{H}_{\\mathrm{c}}$ which indicates that all three hydrides arise from the same productWhen $\\mathbf{1} - ^{13} \\mathbf{C}, ^{15} \\mathbf{N}$ was employed, the resonances due to $\\mathrm{H}_{\\mathrm{a}}$ and $\\mathrm{H}_{\\mathrm{b}}$ both showed additional splittings due to one cis- carbonyl ligand $(J_{\\mathrm{CH}}$ of $8 \\mathrm{~Hz})$ The hydride resonances also showed scalar coupling to two trans- $^{15} \\mathrm{~N}$ donors $(J_{\\mathrm{NH}}$ of $25 \\mathrm{~Hz})$ This is consistent with the observation of two $^{15} \\mathrm{~N}$ resonances, coupled to $\\mathrm{H}_{\\mathrm{a}}$ and $\\mathrm{H}_{\\mathrm{b}}$ , at $\\delta$ 226.8 and $\\delta$ 236.8 (Fig2)']",['The hydride resonance in these complexes shift according to the identity of the ligand that is trans to it thereby confirming the indicated product identities.'],"The hydride resonance in these complexes shifts based on the identity of the ligand trans to it due to **electronic effects influencing the electron density around the hydride ligand**. This is experimentally demonstrated by:  

1. **Trans ligand dependence**:  
   - When bromide (Br⁻) is trans to hydride in [IrBr(H)₂(DMSO)₂(IMes)], hydride signals appear at δ −15.67 and −20.45.  
   - When acetonitrile (CH₃CN) replaces bromide in [Ir(H)₂(CH₃CN)(DMSO)₂(IMes)]PF₆, the hydride signals shift to δ −15.76 and −19.83.  

2. **Electronic modulation**:  
   The trans ligand's σ-donor/π-acceptor properties alter the metal-hydride bond's electron density, directly affecting the shielding/deshielding of the hydride proton in NMR. Stronger σ-donors or π-acceptors induce greater chemical shift changes.  

3. **Structural confirmation**:  
   These shifts serve as diagnostic markers for complex identification, as different trans ligands yield distinct hydride resonances, eliminating ambiguities (e.g., no signal overlap between bromide/acetonitrile trans complexes).  

This behavior aligns with established principles in transition-metal hydride NMR spectroscopy, where the trans ligand's electronic character directly dictates hydride chemical shifts.","The hydride resonance shifts because the identity of the ligand trans to it influences the electronic environment around the hydride, which is confirmed by the different chemical shifts observed in the NMR spectra when different ligands are used.",0.7724652762755011,0.9418291399795545,0.5714285714285714,0.9999999999666667,1.0
60,What is a potential future application for portable and disposable biomedical devices like the propane hyperpolarizer?,"['Future Studies and Biomedical Outlook. Although the produced HP state of propane gas lasts only for seconds, the possibility of a multiday time window for storage and transportation of this hand- held ultralow- cost device can be potentially transformative for potential application in the area of pulmonary imaging because it becomes possible to prepare the device in one location while utilization can be performed substantially later at the potentially distant imaging suite (elsewhere). Since the device is portable and disposable, virtually no infrastructure investment is required for production, supply storage, or utilization. Indeed, we envision that our propane hyperpolarizer can be potentially deployed as a disposable kit in the future, and further work in this field is currently ongoing in our laboratories. The future device can potentially benefit from a number of further improvements, including increasing the lifetime of storage as discussed above, improving the percentage polarization of produced propane gas,50 more integrated design of the kit, etc.', ""The device's robust performance enabled reproducible ventilation imaging of accessible air space in excised pig lungs, which was successfully demonstrated here for the first time for any proton- hyperpolarized sensing gasTaken together, our propane hyperpolarizer can produce HP propane sensing gas on demand, which has been extensively validated by high- resolution NMR spectroscopy studies, phantom imaging $3 \\mathrm{T}$ MRI studies, and $0.35 \\mathrm{T}$ imaging studies in excised pig lungsAlthough the hyperpolarizer tests in excised lungs cannot substitute for functional lung MRI scans in live animals (note that the pressure and dosing of the HP propane gas used here are expected to be similar to what would be used in such envisioned live- animal studies), the developments reported here bode well for a wide range of envisioned biomedical and clinical applications, including near- future studies in live animals."", 'Here, we report on the design and validation of an ultra- low- cost disposable hand- held propane gas hyperpolarizer. This device employs an aluminum can typically used for consumer spray applications. The can is filled with a pressurized mixture of $p - \\mathrm{H}_{2}$ and propylene gases via a built- in plastic high- flow valve. The output of the can is connected to a HET- PHIP reactor. Once the valve is manually actuated, the gas mixture flows through the reactor, where the gases are chemically converted to proton- hyperpolarized propane gas, which can be employed for the sensing of void spaces. The continuous flow of the gas provided by the device enables the production of a stream of HP propane gas free from the catalyst, which is retained in the heterogeneous catalyst bed of the reactor. We demonstrate the robustness of the hyperpolarizer operation to produce $^{1}\\mathrm{H}$ polarization ( $P_{\\mathrm{H}}$ ) of $1.2\\%$ with respect to a wide operational range of temperatures, pressures, and gas flow rates. Moreover, we also show that the compressed $p - \\mathrm{H}_{2}$ propylene gas mixture can be stored for days without a substantial loss of potency to produce HP propane gas. As a result, it becomes possible to transport this device over a long distance—here, we show the feasibility of transporting the hyperpolarizer over 100 miles to acquire HP propane gas MR images in a phantom at $3\\mathrm{~T}$ with high temporal and spatial resolution. Moreover, we also demonstrate the feasibility of employing this hyperpolarizer for the production of HP propane gas for ventilation imaging in excised pig lungs. The cost of all components and reagents to make this device is less than $35, with over \\(80\\%$ of the cost associated with connectors. We anticipate that a commercialized prototype can be made with less than\\)5 for the cost of all components, which bodes well for future clinical translation of proton- hyperpolarized gas contrast agents—including the propane sensor gas employed here.']",['The produced HP state of propane gas lasts only for seconds. The device is portable and disposable. Our propane hyperpolarizer can be potentially deployed as a disposable kit in the future.'],"Based on the provided context, the primary potential future application for portable and disposable biomedical devices like the propane hyperpolarizer is **pulmonary imaging**, specifically for **ventilation imaging of accessible air spaces in lungs**. The context explicitly states:

1.  **Pulmonary Imaging Application:** The device is envisioned for potential application in pulmonary imaging, enabling visualization of void spaces in the lungs.
2.  **Portability and Disposability:** Its portable and disposable nature allows for production in one location and utilization at a distant imaging suite (""elsewhere"") with virtually no infrastructure investment required for production, storage, or use.
3.  **Disposable Kit Deployment:** The authors envision the propane hyperpolarizer being deployed as a disposable kit in the future.
4.  **Validation:** The device's robust performance enabled reproducible ventilation imaging in excised pig lungs, demonstrating its feasibility for this application.
5.  **Clinical Translation Pathway:** The developments, including transportability and low cost (current prototype <$35, potential <$5), are stated to ""bode well for a wide range of envisioned biomedical and clinical applications,"" with near-future studies planned in live animals as a step towards this.

Therefore, the key potential future application highlighted in the context is **non-invasive ventilation imaging of the lungs using hyperpolarized propane gas produced on-demand by a portable, disposable device.**","Portable and disposable biomedical devices like the propane hyperpolarizer can be potentially deployed as disposable kits in the future, requiring minimal infrastructure investment.",0.3644922977322636,0.9823348542764633,0.8125,0.9999999999666667,1.0
61,How do the relaxation times of PHIP-generated ${}^{1}\mathrm{H}$ hyperpolarization compare to those of hyperpolarized noble gases?,[],"['While relaxation times of several hours are observed for hyperpolarized noble gases, PHIP-generated ${}^{1}\\mathrm{H}$ hyperpolarization typically decays within seconds or even less. These substantial differences in relaxation times are due to more effective relaxation mechanisms in hydrogenation products compared with noble gases.']","Based on the provided information, the question regarding the comparison of relaxation times between PHIP-generated $^{1}\mathrm{H}$ hyperpolarization and hyperpolarized noble gases cannot be answered. The RAG knowledge base does not contain specific data or literature addressing this comparison. 

If you have additional context or a specific literature reference related to this topic, please provide it for further assistance.","The relaxation times of PHIP-generated ${}^{1}\mathrm{H}$ hyperpolarization are much shorter, typically decaying within seconds or less, compared to hyperpolarized noble gases which have relaxation times of several hours.",0.20751613367805571,0.0,0.0,0.0,0.0
62,Why has the discovery of long-lived proton-hyperpolarized states rekindled interest in their utility for bioimaging sensing applications?,"['Proton- hyperpolarized gases have shown promise for MRI applications. Although the lifetime of their HP state is short (with $T_{1}$ on the order of $1 - 1.2\\mathrm{~s}$ ) at physiologically relevant conditions, the discovery of long- lived HP states has rekindled interest in the utility of proton- hyperpolarized gases for bioimaging sensing applications because the lifetime of the HP state was increased approximately by a factor of 3. We have previously demonstrated the feasibility of the production of proton- hyperpolarized propane gas on a clinical scale: $0.3\\mathrm{~L}$ bolus of HP gas was produced in $2\\mathrm{~s}$ . The production of HP propane was enabled by heterogeneous parahydrogen- induced polarization (HET- PHIP), where parahydrogen was reacted with propylene in a packed bed of heterogeneous catalyst ( $1\\%$ Rh/TiO). In PHIP, parahydrogen ( $p - \\mathrm{H}_{2}$ ) acts as a source of hyperpolarization. p- $\\mathrm{H}_{2}$ is produced using cryogenic equipment and dispensed into high- pressure aluminum cylinders, where it can be stored for weeks without significant loss of the $p - \\mathrm{H}_{2}$ fraction.', 'of the long- lived spin states (LLSS), sometimes also termed as long- lived states (LLS), recently explored by Levitt and others, allow for preparing HP states with the exponential decay constant $T_{\\mathrm{S}}$ , which can significantly exceed the $T_{1}$ constant. As a result of this fundamental breakthrough, the interest in the use of HP protons sites has been rekindled because the lifetime of the HP state can be sufficiently long, and such HP states can be readily imaged on conventional clinical MRI scanners.', 'Despite the initial PHIP phenomenon discovery in the 1980s,[4a] it was deemed to be relatively impractical to design molecular contrast agents with hyperpolarization pool stored on protons, because of their relatively short $T_{1}$ resulting in rapid (few seconds or less) depolarization. Indeed, much of the later biomedical efforts were focused on polarization transfer from nascent parahydrogen protons to significantly slower relaxing (a minute or more) $^{13}\\mathrm{C}$ sites for in vivo angiography[9] and molecular imaging[10] applications. However, the discovery of the long- lived spin states[11] (LLSS) provided a glimpse of hope that the lifetime of proton HP for contrast agents produced by PHIP could be extended. Indeed, LLSS of HP protons in gaseous propane were recently demonstrated with $T_{\\mathrm{LLSS}}$ reaching 5- 6 s,[12] which is sufficiently long for potential biomedical use as inhalable contrast agents for functional pulmonary imaging.']","['Although the lifetime of their HP state is short (with  $T_{1}$  on the order of  $1 - 1.2\\mathrm{~s}$ ) at physiologically relevant conditions, the discovery of long- lived HP states has rekindled interest in the utility of proton- hyperpolarized gases for bioimaging sensing applications because the lifetime of the HP state was increased approximately by a factor of 3.']","The discovery of long-lived proton-hyperpolarized states has rekindled interest in bioimaging applications for the following reasons, based on the provided context:  

1. **Lifetime Extension**:  
   - Proton-hyperpolarized gases initially exhibited short lifetimes (\(T_1 \approx 1-1.2\ \text{s}\)) under physiological conditions, limiting their utility.  
   - Long-lived spin states (LLSS) extend the hyperpolarization lifetime by approximately **threefold**, with \(T_{\text{LLSS}}\) reaching **5–6 seconds** in gaseous propane. This allows sufficient time for biomedical procedures.  

2. **Practicality for Clinical Use**:  
   - The extended lifetime (\(T_{\text{S}} \gg T_1\)) enables hyperpolarized protons to be imaged on **conventional clinical MRI scanners** without specialized hardware.  
   - For example, a \(0.3\ \text{L}\) bolus of hyperpolarized propane can be rapidly produced (\(2\ \text{s}\)) via heterogeneous parahydrogen-induced polarization (HET-PHIP), making inhalable contrast agents feasible.  

3. **Overcoming Historical Limitations**:  
   - Prior to LLSS, proton-based hyperpolarization was deemed impractical due to rapid depolarization. Research shifted to slower-relaxing \(^{13}\text{C}\) nuclei.  
   - LLSS now allows hyperpolarized protons to serve as viable contrast agents, particularly for **functional pulmonary imaging** via inhalation.  

In summary, LLSS transforms proton-hyperpolarized gases into practical, time-resistant tools for clinical bioimaging.  

---  
*Answer derived solely from the provided context.*","Because the lifetime of the hyperpolarized state was increased approximately by a factor of 3, making them more viable for practical applications.",0.3883487921861552,0.974068916381409,0.9411764705882353,0.9999999999666667,1.0
63,"What is the first step in testing the PHIP activity of the PEGylated, PHIP-labeled aptamer AS1411 in pure MeOD?","['Next, the PEGylated, PHIP- labeled aptamer AS1411 (12) was tested regarding PHIP activity in pure MeOD. For that, the catalyst was first activated under mild reaction conditions at room temperature enabling the hydrogenation of the cyclooctadiene ligand on the rhodium center, while preventing the unwanted start of the hydrogenation of the PHIP label, which requires slightly elevated temperatures. After refreshing $p\\mathrm{H}_{2}$ , the sample was shaken, heated for $10\\mathrm{s}$ in a water bath of $80^{\\circ}\\mathrm{C}$ and then quickly transferred into the detection field, where consecutive $45^{\\circ}$ degree pulses were applied. The corresponding hyperpolarization spectrum is shown in Figure 2c. The PHIP signals at $5.8\\mathrm{ppm}$ and $5.1\\mathrm{ppm}$ correlate with the signals of nucleoside 6 proving the successful hyperpolarization of the labelled DNA aptamer. The absence of an enhanced signal at $6.2\\mathrm{ppm}$ suggests that only the terminal triple bond in the DNA molecules was hydrogenated. The polarization is transferred to $\\mathrm{H}^{\\mathrm{c}}$ at $5.2\\mathrm{ppm}$ and $\\mathrm{H}^{\\mathrm{d}}$ at $4.0\\mathrm{ppm}$ due to ALTADENA conditions. A signal enhancement (determined as described for oligomers) of 187 in MeOD was observed (Table 1).', 'In this study, we show the unprecedented hyperpolarization of the cancer- targeting DNA aptamer AS1411 via a PHIP label employing a polarity- engineering method. With a molecular weight of $17.4\\mathrm{kDa}$ the biomacromolecule is more than 12 times heavier than any biomolecule hyperpolarized with $p\\mathrm{H}_2$ so far (Scheme 1). AS1411 is a guaninerich oligonucleotide consisting of 26 nucleotides and forms a G- quadruplex structure through dimerization. It shows excellent affinity to the phosphoprotein nucleolin, which is overexpressed on the surface of certain cancer cells and is thus an interesting agent for targeted imaging.[23] We tackled the challenge of hyperpolarization by first finding a suitable PHIP label through screening of various unsaturated molecular motifs attached to nucleosides and then identifying critical structural features for the hydrogenation in an oligomer. Finally, the cancer- targeting DNA aptamer AS1411 was PHIP- labeled and hyperpolarized under established experimental conditions by adapting the polarity of the DNA strand.', 'The aptamer AS1411 is highly polar and cannot be dissolved in $\\mathrm{MeOD} / \\mathrm{D}_2\\mathrm{O}$ mixtures, thus for the hydrogenation reaction, the polarity of AS1411 needs to be decreased to be soluble in organic solvents. The overall polarity of DNA can be reduced by complexing the charged phosphate backbone of DNA with counter ions possessing low polar tails. Recently, such technique has received great interest as the coordination of ionizable cationic lipids enables the safe embedding of polynucleic acids into lipid nanoparticles with a hydrophobic core and is applied for RNA vaccines.[27] The use of amino- terminated monotelechelic polyethylene glycol (PEG) for DNA complexation called PEGylation even enables processes such as DNA hybridization[28] or DNA- based catalysis in organic solvents.[29] For our system, we used PEG(350) as rather short ligand to keep the PHIP label accessible for the catalyst (Figure 3). Here, 350 refers to the molecular weight of the PEG chain. Initial PHIP experiments with the PEGylated 9mer (11) demonstrate the feasibility of this approach (Table 1 & Figure 2b).']","['The procedure involves testing the PHIP activity of a PEGylated, PHIP-labeled aptamer AS1411 in pure MeOD. The steps include activating the catalyst, refreshing p(H2), shaking the sample, heating it, transferring it to the detection field, and applying consecutive 45° degree pulses. The hyperpolarization spectrum is then analyzed for specific signals.']","The first step in testing the PHIP activity of the PEGylated, PHIP-labeled aptamer AS1411 in pure MeOD is **activating the catalyst under mild reaction conditions at room temperature**. This activation enables the hydrogenation of the cyclooctadiene ligand on the rhodium center while preventing premature hydrogenation of the PHIP label, which requires higher temperatures.",The first step is to activate the catalyst under mild reaction conditions at room temperature to enable the hydrogenation of the cyclooctadiene ligand on the rhodium center.,0.6943991683151423,1.0000000000000002,1.0,0.9999999999,1.0
64,Why is there a need to refresh the catalyst periodically in SABRE analysis to maintain activity?,"['The values of $\\Delta G_{(300)}^{\\ddagger}$ for $\\mathrm{H}_{2}$ loss in these complexes follow the order $2\\mathbf{a} > 3\\mathbf{a} > 2\\mathbf{b} > 3\\mathbf{b}$ and confirm that the remote silicon and tin centres of these pyrimidine substrates play a role in determining the ligand exchange rates even though they are isolated from the metal centre by four bonds. Furthermore, SABRE is a catalytic process, in which the product and starting materials chemical identity remains the same, but their magnetic properties are changed. Hence both catalyst deactivation and reaction selectivity reflect important points when analysing such processes, just like they would in a normal reaction. Here, the slow formation of a series of novel trimeric complexes with general formula $\\mathrm{[Ir(H)_2(Cl)(NHC)(\\mu - pyrimidine - \\kappa N:\\kappa N^{\\prime})]_3}$ that have been characterised by X- ray crystallography for $\\mathbf{B}_{\\mathrm{Si}}$ results in the need to employ fresh samples during the SABRE analysis. Hence while high levels of signal gain are readily achieved through SABRE, there is a need to refresh the catalyst periodically if activity is to be maintained over several hours.', '7.6 Inefficient Ir-NHC SABRE catalysts: multinuclear decomposition products\n7.6 Inefficient Ir- NHC SABRE catalysts: multinuclear decomposition productsThe SABRE- active catalysts discussed so far are all formed over differing activation time periods which can range from several minutes $^{146}$ to several days. $^{160}$ While SABRE can easily be repeated multiple times by adding fresh para- $\\mathrm{H}_{2}$ and repeating the polarisation step, this cannot occur indefinitely and, as with all catalytic processes, there is catalyst degradation over longer timescales. $^{131,157}$ Different systems will remain active for different time windows, which are usually sufficient to allow many repeated hyperpolarisation measurements to take place. For some catalysts, activity is observed for several hours after catalyst formation. For others, deactivation can be more rapid. $^{146}$ Formation of catalyst decomposition products, which are usually dimers or higher order oligomers, can be responsible for a drop in SABRE efficiency at longer reaction times. $^{146,177}$ The formation of a wide range of dimer or trimer products, which can be revealed using X- ray crystallography, have been reported (Fig. 15). $^{131,147,157,159,172,177}$ These often contain iridium- iridium single bonds $^{146,157,159,172}$ and may also contain bridging hydride, $^{157,159,172}$ chloride, $^{159}$ substrate, $^{131,147}$ or in the case of sulfoxide- containing catalysts, bridging $\\mathbf{S}^{2 - }$ or $\\mathrm{SR}^{- }$ ligands. $^{146,157,172}$ These species are typically no longer able to undergo the ligand exchange processes necessary for reversible polarisation transfer and therefore do not act as SABRE catalysts. $^{177}$ Hence, their formation should be minimised by modification of the substrate, auxiliary ligand or coligand (if applicable). $^{146}$', 'Unfortunately, when this sample was left at room temperature for $>2\\mathrm{h}$ , SABRE activity was lost because of catalyst decompositionHence, we sought to create alternative catalysts that would not only improve the $^{15}\\mathrm{N}$ signal enhancement level but also be suitable for repeated measurement over long periodsColigands have been used to achieve stability in conjunction with weakly binding substrate,40,41,73 to reduce spin dilution42,75,76 and to create hydride ligand chemical, rather than magnetic, inequivalence.77 Hence, we chose to follow this path as it offers a multitude of benefits to SABRE.']","['Here, the slow formation of a series of novel trimeric complexes with general formula $\\mathrm{[Ir(H)_2(Cl)(NHC)(\\mu - pyrimidine - \\kappa N:\\kappa N^{\\prime})]_3}$ that have been characterised by X- ray crystallography for $\\mathbf{B}_{\\mathrm{Si}}$ results in the need to employ fresh samples during the SABRE analysis. Hence while high levels of signal gain are readily achieved through SABRE, there is a need to refresh the catalyst periodically if activity is to be maintained over several hours.']","The need to periodically refresh the catalyst in SABRE analysis arises due to **catalyst decomposition over time**, which leads to irreversible loss of activity. This occurs through the formation of **inactive multinuclear complexes** (e.g., dimers or trimers), as supported by the following key reasons:

1. **Formation of Decomposition Products**:  
   Over time, the active iridium-based catalyst degrades into oligomeric species (e.g., trimeric complexes such as $\mathrm{[Ir(H)_2(Cl)(NHC)(\mu - pyrimidine - \kappa N:\kappa N^{\prime})]_3}$). These structures, characterized via X-ray crystallography, contain Ir–Ir bonds and bridging ligands (e.g., hydride, chloride, or substrate), rendering them catalytically inert.

2. **Loss of Reversible Exchange Capability**:  
   The decomposition products **cannot undergo ligand exchange**, which is essential for the reversible polarization transfer mechanism in SABRE. Consequently, they fail to hyperpolarize new substrates or sustain signal enhancement.

3. **Time-Dependent Deactivation**:  
   Catalyst activity diminishes over hours (e.g., >2 hours at room temperature in documented cases), necessitating periodic replacement to maintain high signal gains. This degradation is universal in SABRE catalysts but varies in rate across systems.

4. **Impact on Long-Term Experiments**:  
   Without refreshing, decomposition products accumulate, reducing polarization efficiency. This limits the ability to perform repeated hyperpolarization cycles, especially in prolonged studies.

To mitigate this, strategies include modifying substrates, ligands, or using stabilizing coligands to suppress oligomerization and extend catalyst lifetime.","The need to refresh the catalyst periodically in SABRE analysis arises because the slow formation of novel trimeric complexes with general formula $\mathrm{[Ir(H)_2(Cl)(NHC)(\mu - pyrimidine - \kappa N:\kappa N^{\prime})]_3}$ results in catalyst deactivation, requiring fresh samples to maintain high levels of signal gain over several hours.",0.41611127155424354,0.9666340032591417,1.0,0.99999999995,1.0
65,What is the first step in the preparation for PHIP RASER experiments?,"['The PHIP experiments corroborate the finding that the catalysts need an initial activation step. Whereas after the first hydrogenation (PHIP1) no PHIP activity of $[50_{2} - \\text{Py - Wilk} ]$ was visible, slight activity in the hydrogenation with parahydrogen was observed after the second hydrogenation step (PHIP2), and finally a much higher activity was observed in the third and the fourth step (PHIP3 and PHIP4).', 'EXPERIMENTAL SECTION\nHere, the typical procedure of the PHIP RASER experiments is described. In several experiments, we made some modifications to this typical procedure- these specific experimental details can be found in the Supporting Information (SI). Commercially available vinyl acetate (Sigma- Aldrich, $\\geq 99\\%$ ,bis(norbornadiene)rhodium(I) tetrafluoroborate $\\mathrm{([Rh(NBD)_2]}$ $\\mathrm{BF_4},$ $\\mathrm{NBD} =$ norbornadiene, Strem 45- 0230, $\\geq 96\\%$ ),1,4- bis(diphenylphosphino)butane (dppb, Sigma- Aldrich, $98\\%$ - methanol- $d_{4}$ CIL, $99.8\\%$ D), and ultrapure hydrogen $(>99.999\\%)$ were used as received. Hydrogen gas was enriched with $p\\mathrm{- H}_2$ to a $98 - 99\\%$ content using a parahydrogen generator based on a closed- cycle helium cryostat (CryoPribor, CFA- 200- H2CELL) and a cryocompressor (Sumitomo, Zephyr HC- 4A). Hydrated iron oxide $\\mathrm{FeO(OH)}$ (SigmaAldrich, 371254) was used in a cell as a spin conversion catalyst. For the sample preparation, vinyl acetate (VA) was dissolved in $\\mathrm{CD}_3\\mathrm{OD}_3$ and the obtained solution was added to the mixture of $[\\mathrm{Rh(NBD)}_2]\\mathrm{BF}_4$ and dppb. The amounts of reactants were calculated to get concentrations of VA and Rh complex of $0.8~\\mathrm{M}$ and $10~\\mathrm{mM}$ respectively; dppb was taken in $a\\sim 2\\%$ excess with respect to Rh. The solution was left for $\\sim 30$ min with periodic mixing to ensure formation of the $[\\mathrm{Rh(NBD)(dppb)}]\\mathrm{BF}_4$ $\\mathrm{[Rh]}$ complex. The resultant solution $(0.6~\\mathrm{mL})$ was placed in a standard $5\\mathrm{mm}$ Wilmad NMR tube tightly connected with a $1 / 4$ in. outer diameter PTFE tube. Optionally, the required amount of the target compound e.g.,benzene) was added to provide a $0.8~\\mathrm{M}$ concentration. The scheme of the experimental setup is presented in Figure 1b. The gas lines were purged with $p\\mathrm{- H}_2$ for $\\sim 1$ min. The', 'Author contributions\nPHIP RASER experiments: I.A.T., O.G.S., and A.P.Y. Data processing: I.A.T., O.G.S., and H.d.M. RASER simulations: I.A.T. and H.d.M. Supervision: O.G.S. and A.B.S. Funding: I.V.K. and O.G.S. Original draft preparation: I.A.T. and O.G.S. Data interpretation, discussion, paper proof- reading: all authors (including A.N.P., E.Y.C., and J.B.H.). This work was initiated in May 2022. I.A.T. performed experiments at International Tomography Center SB RAS (Novosibirsk, Russia) and wrote the manuscript, processed the data and performed simulations at University Medical Center Freiburg (Germany).']","['The text describes the typical procedure for PHIP RASER experiments, detailing the preparation steps including dissolving vinyl acetate, mixing with other compounds, forming a complex, and setting up the NMR tube.']","Based on the provided experimental procedure for PHIP RASER experiments:

The first step in sample preparation involves dissolving vinyl acetate (VA) in methanol-d₄ (CD₃OD). This solution is then added to a pre-mixed combination of bis(norbornadiene)rhodium(I) tetrafluoroborate ([Rh(NBD)₂]BF₄) and 1,4-bis(diphenylphosphino)butane (dppb) ligand. The mixture is subsequently allowed to react for approximately 30 minutes to form the active [Rh(NBD)(dppb)]BF₄ catalyst complex.

Key details of this initial step:  
- VA concentration: 0.8 M  
- Rh complex concentration: 10 mM  
- Ligand ratio: dppb in ~2% excess relative to Rh  
- Solvent: CD₃OD (deuterated methanol)  

This catalyst activation is essential for subsequent PHIP reactivity, as evidenced by the observation that PHIP signals only emerged after multiple hydrogenation cycles.",The first step is dissolving vinyl acetate (VA) in CD3OD3.,0.30747487258016226,0.9673683971638037,1.0,0.49999999995,1.0
66,Why are additional hydride signals observed in the spectra of PTC 2 and PTC 3 when only one signal was expected?,"['Indications of intermediates in the SABRE spectrum\nFigure 4 shows the SABRE enhanced spectra of the hydride region of the PTC 2, PTC 3, and PTC 4 in acetone- $\\mathrm{d}_6$ [(a), (b), and (c), respectively]. Interestingly, the spectra of PTC 2 [Fig. 4(a)] and PTC 3 [Fig. 4(b)] reveal several additional hydride signals as compared to the single signal expected from the main species. This is surprising, because if the equatorial plane of the PTC consists of two protons (originating from $\\mathrm{pH}_2$ ) and two pyridine ligands, as would be expected, only one single hydride signal should be observed. Here however, we observe two additional species for PTC 2 [Fig. 4(a)] and one for PTC 3 [Fig. 4(b)]. This observation is similar to what we and others have previously observed for PTC 1, where the additional signals were assigned to low concentrated intermediate complexes, coordinating either Cl or solvent molecules. Indeed, for PTC 2 a hyperpolarized signal of coordinated acetone can be observed [Fig. 4(d)]. As reported in the literature, these intermediates can play a role in the hydrogen exchange cycle. Apart from the solubility of $\\mathrm{pH}_2$ , these intermediates could explain increased performance when using a mixture of methanol- $\\mathrm{d}_4$ and chloroform- $\\mathrm{d}_1$ (v/v 1:1) as a solvent compared to pure chloroform- $\\mathrm{d}_1$ . In the case of PTC 2, it is also possible that the oxanorbornene group coordinates to the Ir center via one of its oxygen atoms. For PTC 4, only one hydride signal at $- 24\\mathrm{ppm}$ is observed [Fig. 4(c)].', '[](images/b1eaa8ebe77b16f98052a3db5d7518284adcc784bba45988a12507cd0ee5aeaf.jpg) \nFIG.4. ${}^{1}\\mathrm{H}$ SABRE spectra of the hydride region of PTC 2 (a), PTC 3 (b), and PTC 4 (c). In (a) and (b), additional hydride signals compared to a single signal expected from the main species are observed. This could indicate a coordination of Cl or solvent molecules at the Ir center. For PTC 4 (c) only one hydride signal is observed. In the case for PTC 2, the polarized signal of acetone can be observed at $\\sim 2.05$ ppm (d). This can be explained by coordination of acetone via the oxygen atom to the Ir center.', 'The identity of the previously unknown species $\\mathbf{4a - P P h}_{3}$ was deduced by changing the solvent. When the same experiment was repeated in THF- $\\mathrm{d}_8$ at $255~\\mathrm{K}$ a pair of analogous hydride signals were observed at $\\delta - 3.66$ and $- 5.26$ due to $\\mathbf{4b - P P h}_{3}$ Fig.1). It should be noted that no enhanced hydride resonances corresponding to $c c c - 2 - \\mathrm{P P h}_{3}$ were observed in spectra recorded in THF- $\\mathrm{d}_8$ although on longer photolysis hydride signals for mer- and fac- $\\mathbf{3 - P P h}_{3}$ were again detected. On moving to pyridine- $\\mathrm{d}_5$ a series of similar observations were made, with the related complex $\\mathbf{4c - P P h}_{3}$ now exhibiting enhanced hydride resonances at $\\delta - 3.52$ and $- 4.14$ Fig.1. However, in pyridine- $\\mathrm{d}_5$ the hydride signals for $c c t - 2 - \\mathrm{P P h}_{3}$ and $\\mathbf{4c - P P h}_{3}$ were equally intense at the onset of irradiation. Once again, the signals for $c c c - 2 - \\mathrm{P P h}_{3}$ could not be observed. It should be noted that enhanced hydride signals for $c c t - 2 - \\mathrm{P P h}_{3}$ were immediately apparent in all these experiments.']","['Interestingly, the spectra of PTC 2 [Fig. 4(a)] and PTC 3 [Fig. 4(b)] reveal several additional hydride signals as compared to the single signal expected from the main species. This is surprising, because if the equatorial plane of the PTC consists of two protons (originating from  $\\mathrm{pH}_2$ ) and two pyridine ligands, as would be expected, only one single hydride signal should be observed. Here however, we observe two additional species for PTC 2 [Fig. 4(a)] and one for PTC 3 [Fig. 4(b)]. This observation is similar to what we and others have previously observed for PTC 1, where the additional signals were assigned to low concentrated intermediate complexes, coordinating either Cl or solvent molecules.']","Based on the provided context, the additional hydride signals observed in the SABRE spectra of **PTC 2** and **PTC 3** (contrary to the single signal expected) are attributed to **low-concentration intermediate complexes**. The key reasons are:  

1. **Coordination of non-pyridine ligands**:  
   - The equatorial plane of the main PTC complex is expected to comprise two protons (from *p*-H₂) and two pyridine ligands, which should yield only one hydride signal.  
   - The additional signals arise because intermediates form where **chloride (Cl⁻)** or **solvent molecules** (e.g., acetone) coordinate to the iridium (Ir) center instead of pyridine ligands.  
   - For PTC 2, direct evidence exists: a hyperpolarized signal of coordinated acetone is observed at **~2.05 ppm** (Figure 4d), confirming acetone coordination via its oxygen atom.  

2. **Solvent-dependent behavior**:  
   - Experiments in different solvents (e.g., THF-d₈, pyridine-d₅) show shifts in hydride signals, further supporting solvent coordination.  
   - For instance, in THF-d₈, hydride signals for **4b–PPh₃** appear at **δ −3.66 and −5.26**, while in pyridine-d₅, **4c–PPh₃** signals shift to **δ −3.52 and −4.14**.  

3. **Role in hydrogen exchange**:  
   - These intermediates facilitate the hydrogen exchange cycle in SABRE and may explain enhanced performance in mixed solvents (e.g., methanol-d₄/chloroform-d₁).  

In contrast, **PTC 4** shows only one hydride signal (**−24 ppm**), indicating no detectable solvent/ligand exchange intermediates under these conditions.  

*(Source: Analysis of Figure 4 and solvent-dependent experiments in the provided text.)*","The additional hydride signals are observed because of the presence of low concentrated intermediate complexes that coordinate either Cl or solvent molecules, which can play a role in the hydrogen exchange cycle.",0.415813069016019,0.8684021767136487,1.0,0.9999999999666667,1.0
67,Why does the signal enhancement reduce over the next 5 minutes in the initial product [lr(H)2(IMes)(COE)(L8)2]Cl?,"['Hence, the initial product, $[\\mathsf{lr}(\\mathsf{H})_2(\\mathsf{IMes})(\\mathsf{COE})(\\mathsf{L}^8)_2]\\mathsf{Cl},$ exhibits significant SABRE activity. The signal enhancement reduces over the next 5 minutes, as this complex is converted into multiple species (see the Supporting Information for detailed information). Under these conditions, when the excess of $\\mathsf{L}^8$ is fourfold and 0.5- fold excess of $Cs_2CO_3$ is present, we see a signal at $\\delta 7.56\\mathrm{ppm}$ corresponding to the free resonance of H- 5. This signal possesses an initial enhancement of 53- fold and a second peak at $\\delta 5.97\\mathrm{ppm}$ corresponding to the H- 5 resonance of the ligand when bound to the R center, shows an initial 26- fold enhancement. A set of optimization experiments were undertaken to identify the best base and ligand concentrations, and ultimately a 100- fold ${}^{1}\\mathsf{H}$ NMR signal enhancement was obtained for the free H- 5 resonance of $\\mathsf{L}^8$ and approximately a 57- fold enhancement was observed for the peak corresponding to the bound ligand. Unfortunately, these values decrease rapidly with time, owing to a process of deactivation that quenches the activity of the catalyst. Attempts to block this cyclometalation process using a smaller carbene were unsuccessful under the conditions employed. We also note that rapid H/D exchange leads to the formation of $CD_3OH$ alongside the deuteration of the iridium hydride.', ""The SABRE effect may yield enhanced signals for which the intensity does not scale linearly with concentration. When $2\\mathrm{mM}$ Ir (IMes)(COD)Cl is used as a catalyst, with pyridine as a substrate, in methanol as a solvent, the enhancements decrease when the pyridine concentration decrease to $1\\mathrm{mM}$ or less.[38] This observation may be explained by the role of the solvent, which competes with the substrate as a ligand. The use of a suitably chosen 'co- substrate' restores the SABRE enhancement, for concentrations in the low micromolar range.[38]"", 'IrCI(NHC)(COD)-derived signal amplification by reversible exchange of indazole: formation of $[\\mathsf{lr}(\\mathsf{H})_2(\\mathsf{ind})_2(\\mathsf{NCCH}_3)(\\mathsf{NHC})]$ Cl (2) and $[\\mathsf{lr}(\\mathsf{H})_2(\\mathsf{ind})_3(\\mathsf{NHC})]\\mathsf{Cl}$ (3)\n[IrCI(COD)(IMes)] (1a) and [IrCI(COD)(SIMes) (1b) were found to react with indazole (4- 10- fold excess, relative to iridium) and acetonitrile (3- fold excess) to form equilibrium mixtures of $[\\mathsf{lr}(\\mathsf{H})_2(\\mathsf{ind})_2(\\mathsf{NCCH}_3)(\\mathsf{IMes})]\\mathsf{Cl}$ (2) and $[\\mathsf{lr}(\\mathsf{H})_2(\\mathsf{ind})_3(\\mathsf{IMes})]\\mathsf{Cl}$ (3)These four complexes have been characterised by multinuclear NMR spectroscopy, the details of which can be found in the Supporting InformationIn the case of 1a, when the initial ligand ratio of indazole- acetonitrile is 10:3, products 2a and 3a exist in a 1:34 ratio, and hence, 3a dominatesThese complexes are diagnostically identified by the chemical shifts of their hydride ligands, which appear at $\\delta_{\\mathrm{H}} - 20.91$ and $- 21.32$ in 2a and at $\\delta_{\\mathrm{H}} - 21.26$ in 3a respectively in MeOD at $298~\\mathrm{K}$ The associated product ratio indicates a weaker Ir- NCMe bond, when compared with Ir- Nindazole, and thus, 3a is thermodynamically more stable than 2aIn contrast, the analogous reaction with 1b yields 2b and 3b in the ratio 1:50 under the same initial conditionsThis indicates that the relative bond energies of the Ir- NC and Ir- Nindazole lie further apart when SIMes is the ancillary ligand as there is an even higher preference for 3bThe corresponding hydride chemical shifts for 2b are $\\delta_{\\mathrm{H}} - 20.95$ and $- 21.28$ , whilst that for 3b is $\\delta_{\\mathrm{H}} - 21.23$ The hydride chemical shifts in the related complexes 2a and 3a, and 2b and 3b, are therefore very similar to one another and hence not strongly dependent on the identity of the NHC']","['The signal enhancement reduces over the next 5 minutes, as this complex is converted into multiple species (see the Supporting Information for detailed information).']","Based on the provided context, the signal enhancement in the initial complex $[\mathsf{lr}(\mathsf{H})_2(\mathsf{IMes})(\mathsf{COE})(\mathsf{L}^8)_2]\mathsf{Cl}$ reduces over the next 5 minutes due to two interrelated processes:  

1. **Conversion to multiple species**: The complex undergoes chemical transformation into multiple species, as explicitly stated in the context. This conversion alters the active catalytic structure responsible for SABRE enhancement.  

2. **Catalyst deactivation**: The decrease is attributed to a quenching process that deactivates the catalyst. The context specifically links this deactivation to a **cyclometalation process**, which irreversibly modifies the iridium complex, thereby reducing its ability to generate hyperpolarization. Attempts to inhibit this cyclometalation by using a smaller carbene ligand were unsuccessful under the experimental conditions.  

Additionally, rapid H/D exchange occurs concurrently, leading to deuteration of the iridium hydride and formation of $\mathsf{CD_3OH}$, which may further contribute to signal decay.",The signal enhancement reduces because the initial complex is converted into multiple species over time.,0.39477104867745416,0.9113423749149172,0.75,0.8333333332916666,1.0
68,How does the FWHM of HP HCA in low-field (48.7 mT) compare to that in high-field studies?,"['3.3In vivo $^{13}\\mathbb{C}$ NMR spectroscopy at 4.7 T and 48.7 mT\nHP $^{13}\\mathbb{C}$ SUX was injected as a bolus dose in the tail vein of anesthetized tumor- bearing mouse, which was positioned inside a RF coil placed in the center of $48.7~\\mathrm{mT}$ magnet (Fig1)Nonlocalized $^{13}\\mathbb{C}$ NMR spectra were recorded via the NMR console commencing at the start of HCA production on the PHIP hyperpolarizer every $2s$ using a small angle pulse for every RF excitationThe time window for recording NMR spectra of HP $^{13}\\mathbb{C}$ SUX was $\\sim 80s$ (Fig2b)We note that the entire dynamic $^{13}\\mathbb{C}$ in vivo scan was effectively completed $\\sim 3\\min$ after the beginning of contrast agent production in the PHIP hyperpolarizerThe $^{13}\\mathbb{C}$ NMR signal increases at the very beginning due to HCA entering the body of the animal, and it decreases after reaching a maximum postinjection due to (i) $T_{1}$ decay, (ii) RF pulse- associated losses, and (iii) possible metabolismDespite the significant detection volume (whole mouse vsa small syringe), the $^{13}\\mathbb{C}$ NMR linewidth remained largely unchanged: $\\sim 3\\mathrm{Hz}$ in vivo, Fig2b) vs$\\sim 3\\mathrm{Hz}$ (in vitro, see above)While this result is not surprising because the susceptibility- induced gradients are negligible, the demonstration of such high- spectral- resolution HP $^{13}\\mathbb{C}$ low- field NMR spectroscopy in vivo has been performed for the first time to the best of our knowledgeMost in vivo preclinical experiments with $^{13}\\mathbb{C}$ HP contrast agents are performed at $3\\mathrm{T}$ and above, and $^{13}\\mathbb{C}$ FWHM is typically $\\geq 1$ ppm corresponding to $\\geq 30\\mathrm{Hz}$ [55,61- 65]The HP $^{13}\\mathbb{C}$ FWHM (in units of Hz) demonstrated here in vivo is at least an order of magnitude improvement compared to high- field in vivo studies of HP HCAMoreover, the FWHM of $\\sim 3\\mathrm{Hz}$ (corresponding to $\\sim 6\\mathrm{ppm}$ is only a factor of $\\leq 6$ worse than that observed in high- field studies (i.e', 'The HP $^{13}\\mathbb{C}$ FWHM (in units of Hz) demonstrated here in vivo is at least an order of magnitude improvement compared to high- field in vivo studies of HP HCAMoreover, the FWHM of $\\sim 3\\mathrm{Hz}$ (corresponding to $\\sim 6\\mathrm{ppm}$ is only a factor of $\\leq 6$ worse than that observed in high- field studies (i.e$\\geq 1\\mathrm{ppm}$ [55,61- 65]While the chemical shift resolution (in units of ppm) is certainly reduced at $48.7~\\mathrm{mT}$ this reduction is offset through the gain in sensitivity via $^{13}\\mathbb{C}$ line- narrowing, which represents an interesting trade- off between the detection sensitivity (i.eSNR) and resolution.', '4. Conclusion\nHigh- resolution (FWHM $\\sim 3\\mathrm{Hz}$ $^{13}\\mathbb{C}$ NMR spectroscopy of HP $^{13}\\mathbb{C}$ SUX has been successfully demonstrated at $0.521\\mathrm{MHz}$ resonance frequency in vitro and in vivo using a homogeneous (13 ppm over $40cm$ DSV) $80cm$ - gap $48.7~\\mathrm{mT}$ magnet. Resolution of $^{13}\\mathbb{C}$ line splittings of $\\sim 4\\mathrm{Hz}$ were successfully observed in vivo. The in vivo $^{13}\\mathbb{C}$ linewidth (FWHM) obtained at $48.7~\\mathrm{mT}$ was $\\sim 12$ times better than that achieved with a $4.71$ small- animal MRI scanner using the same HCA. A significant gain in spectral linewidth for $^{13}\\mathbb{C}$ low- field in vivo NMR spectroscopy is advantageous for improving the detection sensitivity of LF NMR. Potential biomedical applications can include monitoring HP $^{13}\\mathbb{C}$ agent uptake as well as detecting metabolism of biomolecules with sufficiently different chemical shifts at such low fields including MRSI of HP pyruvate- $1 - ^{13}\\mathbb{C}$ /lactate- $1 - ^{13}\\mathbb{C}$ HP bicarbonate- $^{13}\\mathbb{C} / ^{13}\\mathbb{CO}_2$ and others [78- 80].']","['Moreover, the FWHM of ∼3Hz (corresponding to ∼6ppm) is only a factor of ≤6 worse than that observed in high-field studies (i.e. ≥1ppm [55,61-65].']","Based on the provided context:

1. **FWHM at 48.7 mT (low-field):**  
   The in vivo $^{13}\text{C}$ NMR linewidth for hyperpolarized (HP) HCA is **~3 Hz** (Full Width at Half Maximum).

2. **FWHM in high-field studies (≥3 T):**  
   Typical in vivo $^{13}\text{C}$ NMR linewidths at high fields (≥3 T) are **≥30 Hz** (corresponding to ≥1 ppm chemical shift resolution).

### Key Comparison:
- **Absolute linewidth (Hz):**  
  The low-field FWHM (**3 Hz**) is **at least an order of magnitude narrower** (≥10× improvement) compared to high-field studies (**≥30 Hz**).  
- **Specific high-field benchmark (4.7 T):**  
  The low-field FWHM is **~12 times narrower** than measurements using the same HCA at 4.7 T.  

### Note on Resolution Trade-off:
- While spectral resolution in *ppm* worsens at low fields (3 Hz ≈ 6 ppm at 48.7 mT vs. ≥1 ppm at high fields), the reduced linewidth in *Hz* significantly enhances **detection sensitivity** (SNR), offsetting the lower chemical shift resolution.  

This improvement is attributed to reduced susceptibility-induced broadening at low fields, enabling unprecedented spectral resolution for in vivo HP $^{13}\text{C}$ NMR.",The FWHM of HP HCA in low-field (48.7 mT) is a factor of ≤6 worse than that observed in high-field studies.,0.17172226991570272,0.7706860255832585,1.0,0.99999999995,1.0
69,"Could the chemical shift changes of $^{13}\mathrm{C}$ in fluoro-$\left[^{15}\mathrm{N}_3ight]$-metronidazole be useful for hypoxia sensing and metabolite detection?",[],"['The computational studies reveal excellent $^{15}\\mathrm{N}$ chemical shift dispersion of all three HP $^{15}\\mathrm{N}$ sites of fluoro-$\\left[^{15}\\mathrm{N}_3\right]$-metronidazole for delineating the metabolites. Moreover, the $^{19}\\mathrm{F}$ chemical shift changes induced at the $^{19}\\mathrm{F}$ site due to hypoxia-induced reduction processes could also be potentially useful for hypoxia sensing and detection of its metabolites.']","Based on the provided information, the question regarding the utility of $^{13}\mathrm{C}$ chemical shift changes in fluoro-$\left[^{15}\mathrm{N}_3\right]$-metronidazole for hypoxia sensing and metabolite detection cannot be answered. The RAG knowledge base does not contain specific data or literature on this compound or its applications in the context of PHIP, SABRE, or NMR-based hypoxia sensing.","Yes, the chemical shift changes of $^{13}\mathrm{C}$ in fluoro-$\left[^{15}\mathrm{N}_3ight]$-metronidazole could potentially be useful for hypoxia sensing and metabolite detection, similar to the utility observed for $^{15}\mathrm{N}$ and $^{19}\mathrm{F}$ chemical shifts.",0.21635212203197995,0.0,0.0,0.0,0.0
70,Why are the polarization degrees for the aptamer only moderate?,"['The polarization degrees of up to $0.5\\%$ $(E_{300\\mathrm{MHz}} = 187)$ obtained for the aptamer are only moderate and can be explained by high $T_{1}$ losses prior to detection and by strong signal cancellation effects in the spectrum. However, for future in vivo applications, the polarization can be significantly increased by replacing the shake&drop method with an advanced, automated setup allowing for improvements by a factor of up to 60 as demonstrated by Buntkowsky et al.[31] Additionally, an intelligent PHIP label design (allowing the storage of the polarization in long- lived states during hydrogenation) will further increase polarization values due to reduced $T_{1}$ losses. Studies in this direction are currently ongoing.', '[](images/27f7de0820b0c40b81d51ee26216c6c03c2bba8adaa3a5618acd9c840bfd57cb.jpg) \nFigure 5. Strategy for hyperpolarization of aptamer AS1411.', 'Strongly polarized peaks were observed for the $0.6 - \\mathrm{nm}$ Pt particles, despite the fact that this catalyst was noticeably less active in the hydrogenation of propylene than the other three Pt catalysts with larger metal particles.[10] This catalyst showed parahydrogen- induced polarization even at low flow rates of the reactant mixture, and the magnitude of the enhanced NMR signals was constant over a wide range of flow rates. The two Pt catalysts with the largest Pt particles (3.5 and $8.5 \\mathrm{nm}$ produce only weak polarization of the product lines in the NMR spectrum. When hydrogenation is carried out in a low magnetic field outside the NMR magnet, all five supported metal catalysts exhibited ALTADENA polarized signals. Among the four $\\mathrm{Pt / Al_2O_3}$ catalysts, the $\\mathrm{Pt}(6)$ catalyst again exhibited the strongest polarization (Figure 2). The $\\mathrm{Pd / Al_2O_3}$ catalyst produces weak (but observable) ALTADENA polarization (Figure 3).']",['The polarization degrees of up to $0.5\\%$ $(E_{300\\mathrm{MHz}} = 187)$ obtained for the aptamer are only moderate and can be explained by high $T_{1}$ losses prior to detection and by strong signal cancellation effects in the spectrum.'],"Based on the provided information, the moderate polarization degrees (up to 0.5%) observed for the aptamer are attributed to two primary factors:  

1. **High \(T_1\) losses prior to detection**: Significant polarization is lost due to spin-lattice relaxation (\(T_1\)) during the experimental process before NMR detection.  

2. **Strong signal cancellation effects in the spectrum**: Destructive interference in the NMR spectrum reduces the observable polarization magnitude.  

These limitations are inherent to the current experimental methodology. The text notes that polarization can be significantly improved through advanced setups (e.g., replacing shake&drop with automated systems) and optimized PHIP label designs leveraging long-lived states.",The polarization degrees are only moderate due to high T1 losses prior to detection and strong signal cancellation effects in the spectrum.,0.5592936168021485,0.8526784880910969,1.0,0.9999999999,1.0
71,"What applications of HP $^{13}\mathrm{C}$ biomolecules have been demonstrated, as extensively reviewed elsewhere?",[],"['The utility of HP $^{13}\\mathrm{C}$ biomolecules for in vivo metabolism detection, decrease grading, and monitoring response to treatment has been demonstrated, as extensively reviewed elsewhere.']","Based on the provided information, the question cannot be answered. The RAG knowledge base contains no retrievable context regarding applications of hyperpolarized $^{13}\mathrm{C}$ biomolecules, whether in PHIP, SABRE, or other NMR hyperpolarization techniques. For details on demonstrated applications, consultation of specialized reviews on hyperpolarized $^{13}\mathrm{C}$ NMR in biomedicine or metabolic imaging would be required.","In vivo metabolism detection, decrease grading, and monitoring response to treatment.",0.11536605646065792,0.0,0.7142857142857143,0.0,0.0
72,How does the production volume of HP propane gas compare to that of HP 129Xe?,"['HP propane- $d_{6}$ gas was prepared within seconds via heterogeneous catalytic hydrogenation. While a relatively small production quantity (a few milliliters) of HP propane- $d_{6}$ was demonstrated, there are no fundamental barriers for scaling it up to a clinically relevant dose of $\\sim 1\\mathrm{L}$ . Despite a relatively low percentage polarization $(0.1 - 1\\%)$ achieved for propane to date,22 it should be pointed out that each HP propane molecule carries a payload of two hyperpolarized protons compared to monatomic hyperpolarized $^{129}\\mathrm{Xe}$ . Furthermore, protons have a $\\sim 3.6$ - fold greater gyromagnetic ratio and a $\\sim 4$ - fold greater natural abundance compared to those of $^{129}\\mathrm{Xe}$ . The combination (calculated as a product) of these factors makes HP propane $\\sim 40$ times more sensitive compared to $^{129}\\mathrm{Xe}$ at the same polarization level. Furthermore, the process of SEOP of noble gases is time- consuming, whereas HP propane- $d_{6}$ can be prepared on demand, which can additionally enable signal averaging to improve SNR through potentially multiple inhalations of HP propane- $d_{6}$ . Nevertheless, the recent technological44,66- 69 and fundamental14,37 advances70 in SEOP hyperpolarization of $^{129}\\mathrm{Xe}$ enabled $^{129}\\mathrm{Xe}$ polarization to approach order unity (i.e., $\\rightarrow 100\\%$ ). Therefore, despite nominally better detection sensitivity of propane vs $^{129}\\mathrm{Xe}$ , further improvements in hyperpolarization level of HP propane are required to truly enable better detection sensitivity of HP propane- $d_{6}$ vs HP $^{129}\\mathrm{Xe}$ in addition to the other two realized benefits of (i) direct proton detection enabling MRI imaging on widely available proton MRI scanners and (ii) the relative ease and cost (of hyperpolarization equipment) of HP propane- $d_{6}$ production.', 'HP propane is a non- toxic gas[13] and is a promising alternative to HP $^{129}\\mathrm{Xe}$ , because its PHIP production is relatively inexpensive, its NMR/MRI detection does not require specialized $^{129}\\mathrm{Xe}$ radiofrequency hardware and software, and it can enable 3D MRI with superb spatial ( $\\approx 0.5 \\times 0.5 \\times 0.5 \\mathrm{~mm}^3$ voxel size) resolution even at nuclear spin polarization ( $\\% P_{\\mathrm{H}}$ ) of $\\approx 1\\%$ .[12] Increasing the $\\% P_{\\mathrm{H}}$ of propane and other HP gases is cer', 'The quality (speed, SNR and spatial resolution) of GRE images presented in Figure 1D and 3E should not be compared directly, because the image presented in Figure 1D is enhanced by i) rf excitation pulses with a greater flip angle, ii) 192 times more encoding steps, iii) a more sensitive rf coil, and iv) flowing propane gas that constantly replenishes hyperpolarization during imagingNevertheless, the image with a $0.88\\times$ $0.88mm^2$ in- plane spatial resolution was demonstrated in $- 0.7s$ total acquisition time (Figure 3E), which was largely limited by electronics response time of the receiver3D MRI of HP propane on a time scale of seconds is feasible using $3.48ms$ repetition time (Figure 1D) and compressed sensing image encoding, which has been already shown to accelerate HP MRI by 3- 4 fold and can potentially achieve more than an order of magnitude increase in temporal resolution.[19] Furthermore, ultra- fast $(< 5s)$ 3D MRI of patient lungs on a single breathhold with $\\mathsf{HP}^{129}\\mathsf{Xe}$ has been demonstrated with $< 25\\%$ hyperpolarized $^{129}\\mathrm{Xe}$ without compressed sensing.[5] HP propane and potentially other gaseous $\\mathsf{HP}^1\\mathsf{H}$ contrast agents offer multiple significant advantages over HP noble gases and other HP heteronuclear contrast agents[20] even under conditions of nominally lower hyperpolarization levelsFirst, each HP propane molecule carries a double payload of hyperpolarization compared to monoatomic $\\mathsf{HP}^{129}\\mathsf{Xe}$ , ${}^{3}\\mathsf{He}$ , $^{83}\\mathsf{Kr}$ and other gasesSecond, protons have the highest nuclear gyromagnetic ratio $\\gamma_{\\mathrm{H}}$ For example, $\\gamma_{\\mathrm{H}}$ in 3.6 times greater than $\\gamma_{129\\mathrm{XE}}$ Third, proton spins have nearly $100\\%$ natural abundance, while $^{129}\\mathrm{Xe}$ natural abundance is $26\\%$ and is much lower for ${}^{3}\\mathsf{He}$ and $^{83}\\mathsf{Kr}$ These compounding factors make $^{129}\\mathrm{Xe}$ detection more than 27 times less sensitive than ${}^{1}\\mathsf{H}$ detection']","['The produced HP propane dose is similar to that of HP 129Xe produced by a spin exchange optical pumping (SEOP) technique, which has been employed for in- human MRI. For example, previous studies have employed 0.3 - 0.5 sL of HP 129Xe.']","Based on the provided context:

1.  **HP propane-d₆ production volume:** While initial demonstrations produced only ""a few milliliters"" of hyperpolarized propane-d₆ gas, the text explicitly states there are ""**no fundamental barriers for scaling it up to a clinically relevant dose of ~1 L**"". Production occurs within seconds via heterogeneous catalytic hydrogenation.

2.  **HP ¹²⁹Xe production volume:** The context does **not** provide specific information about the typical or scalable production volumes of hyperpolarized ¹²⁹Xe gas. It focuses on the time-consuming nature of its production via SEOP (Spin-Exchange Optical Pumping) and the high polarization levels achievable.

**Conclusion:** The context provides information about the scalability potential of HP propane-d₆ production (up to ~1 L) but does not provide comparable information about the production volume capabilities of HP ¹²⁹Xe. Therefore, a direct quantitative comparison of their production volumes cannot be made based solely on the provided information. The key difference highlighted is the speed (seconds for propane vs. time-consuming SEOP for xenon) and the on-demand nature of propane production.",The production volume of HP propane gas (0.3 sL) is similar to that of HP 129Xe (0.3-0.5 sL).,0.3696566356804726,0.0,1.0,0.0,0.0
73,Why are SABRE-derived signal enhancements the highest at certain magnetic fields?,"['The key question in SABRE is the mechanism of spin transfer from $p - \\mathrm{H}_{2}$ to the substrate, see Scheme 1. An important related question is at what magnetic fields the SABRE- derived signal enhancements are the highest. With the aim to determine the SABRE field dependence (which we will call Nuclear Spin Polarization Dispersion, NSPD, by analogy with well- established relaxation studies) we have combined a $p - \\mathrm{H}_{2}$ bubbling device [8] with a field- cycling spectrometer, where the whole NMR probe can be shuttled between low and high fields [9]. Using this setup and exploiting the quantum- mechanical density matrix formalism, the SABRE polarization dispersion of Crabtree\'s catalyst (the description of SABRE catalysts is given below) was recently explored from an experimental and theoretical standpoint [10]. It was shown that the main parameters, which determine the polarization transfer at low magnetic fields, are the chemical shifts and scalar couplings of the active SABRE complex. The transfer occurs when spin functions of the same total spin mix at fields that correspond to so- called ""Level Anti- Crossings (LACs)"".', 'With the aim to get additional evidence of the cross- relaxation mechanism we increased the viscosity of the solution up to about $10\\mathrm{mPa}$ s (i.e., by approximately a factor of 20) by adding glycerol- $d_{8}$ . Upon increase of the viscosity the SABRE effect first grows, which we attribute to higher NOE efficiency due to the increase of the lifetime of the SABRE complex (slower chemical exchange) and increase of $\\tau_{c}$ , see Fig. 6. However, at higher glycerol concentrations the SABRE effect decreases again, presumably, because of the lower efficiency of the SABRE complex formation at high viscosity or because of blocking the binding sites of the SABRE complex by glycerol. At the same time, at low fields (corresponding to level anti- crossing fields) increased glycerol concentration always results in lowering of the signal enhancements (not shown here). In general, optimization of the solvent viscosity enables an additional gain in the signal enhancement: the highest SABRE- derived NMR enhancement after adding glycerol was about $\\epsilon \\approx - 8$ , i.e., considerably higher than in pure methanol where $\\epsilon \\approx - 5$ . The dependence of the enhancement on the glycerol concentration is qualitatively similar for 9.4 and $16.4~\\mathrm{T}$ , but not exactly the same. Notably, addition of glycerol provides a higher increase in the enhancement at $9.4~\\mathrm{T}$ than at $16.4~\\mathrm{T}$ .', 'By using the SABRE- derived signal enhancements, we were able to measure the $^{15}\\mathrm{N}$ relaxation times and determine the field range, suitable for storing the polarization during an extending time. We expect a similar field dependence of $^{15}\\mathrm{N}$ relaxation times, which contains a plateau at intermediate fields, for other SABRE substrates for the reason that shortening of $T_{1}$ at ultralow fields (due to strong coupling to protons) and at high fields (due to the increasing chemical shift anisotropy). In protonated solvents, the relaxation times become considerably shorter and the plateau region is much less pronounced. Nonetheless, optimization of the magnetic field for carrying out SABRE experiments is an important concern, in particular, in possible in vivo studies.']","[""An important related question is at what magnetic fields the SABRE-derived signal enhancements are the highest. With the aim to determine the SABRE field dependence (which we will call Nuclear Spin Polarization Dispersion, NSPD, by analogy with well-established relaxation studies) we have combined a p-H2 bubbling device [8] with a field-cycling spectrometer, where the whole NMR probe can be shuttled between low and high fields [9]. Using this setup and exploiting the quantum-mechanical density matrix formalism, the SABRE polarization dispersion of Crabtree's catalyst (the description of SABRE catalysts is given below) was recently explored from an experimental and theoretical standpoint [10]. It was shown that the main parameters, which determine the polarization transfer at low magnetic fields, are the chemical shifts and scalar couplings of the active SABRE complex. The transfer occurs when spin functions of the same total spin mix at fields that correspond to so-called 'Level Anti-Crossings (LACs)'.""]","The SABRE-derived signal enhancements are highest at specific magnetic fields due to **Level Anti-Crossings (LACs)**, where efficient spin polarization transfer occurs from parahydrogen (\(p\text{-H}_2\)) to the substrate. This phenomenon is governed by the following principles:

1. **Mechanism of Polarization Transfer**:  
   At LAC fields, spin states of the same total spin mix, enabling efficient polarization transfer. This mixing is driven by the **chemical shifts and scalar couplings** within the active SABRE complex (e.g., Crabtree's catalyst). The transfer optimizes when the energy levels of the \(p\text{-H}_2\)-derived spins and substrate spins anti-cross, maximizing hyperpolarization.

2. **Field Dependence (Nuclear Spin Polarization Dispersion, NSPD)**:  
   - **Ultralow fields**: Strong proton-substrate coupling shortens relaxation times (\(T_1\)), reducing polarization.  
   - **High fields**: Chemical shift anisotropy dominates, also shortening \(T_1\) and diminishing enhancement.  
   - **Intermediate fields (LAC regions)**: A ""plateau"" in the field-dependence profile allows optimal polarization buildup and retention, yielding peak enhancements.

3. **Experimental Evidence**:  
   - Viscosity studies (e.g., glycerol-\(d_8\) addition) confirm that LAC-driven enhancements decrease with slower molecular tumbling, as altered exchange kinetics and rotational correlation times (\(\tau_c\)) disrupt the LAC conditions.  
   - Maximum enhancements (e.g., \(\epsilon \approx -8\) in glycerol-methanol vs. \(\epsilon \approx -5\) in pure methanol) occur at intermediate fields (e.g., \(9.4 \, \text{T}\) and \(16.4 \, \text{T}\)), where LAC effects are most pronounced.

### Key Parameters Influencing LAC Efficiency:
- **Chemical exchange rate**: Slower exchange (e.g., in viscous solvents) initially boosts enhancement by prolonging complex lifetime but eventually hinders complex formation.  
- **Relaxation times**: \(^{15}\text{N}\) \(T_1\) relaxation exhibits a field-dependent plateau, allowing sustained polarization storage at intermediate fields.  

In summary, the LAC-driven spin mixing at specific magnetic fields creates optimal conditions for polarization transfer, making these fields critical for maximizing SABRE signal enhancements.",The SABRE-derived signal enhancements are highest at certain magnetic fields because the polarization transfer at low magnetic fields is determined by the chemical shifts and scalar couplings of the active SABRE complex. The transfer occurs when spin functions of the same total spin mix at fields that correspond to Level Anti-Crossings (LACs).,0.3730393976156718,0.8699402765948018,1.0,0.9999999999,1.0
74,How does the cost of the described pH2 generator (ParaSun) compare to high-performance cryogenic pH2 generators?,"['these devices provide both faster flow rates, high operating pressures (up to 50 atm), and better $\\mathrm{pH}_2$ fraction, $^{15}$ these are substantially more sophisticated installations with high noise figures, high power and heat loads requiring water cooling, and dedicated 220 VAC power lines. The reported here device bridges the gap between inexpensive and portable (but often rudimentary) liquid- $\\mathrm{N}_2$ - based $\\mathrm{pH}_2$ generators, and high- performance (but significantly more expensive, bulky, and noisy) cryogenic generators. The described device is portable (with a small, low- noise footprint), is automated, and provides strong performance metrics quantified by the $\\mathrm{pH}_2$ fraction, operating pressure, and $\\mathrm{pH}_2$ throughput, all of which would likely be welcome by a variety of end users. Moreover, the estimated cost of the components is under \\(\\) 25,000$', 'PHIP Experiments\n$\\mathsf{p} - \\mathsf{H}_{2}$ enrichment was achieved using custom- built ParaSun $\\mathsf{p} - \\mathsf{H}_{2}$ generator based on cryocooler module (SunPower, P/N 100490, CryoTel GT; a detailed description of the generator was published elsewhere(75,83). The generator was operated at $40 - 68k,$ resulting in ca. $89 - 58\\%$ $\\mathsf{p} - \\mathsf{H}_{2}$ enrichment. For sample preparation, $20m g$ of Rh/ $\\mathsf{T i O_{2}}$ catalyst was placed at the bottom of a medium- wall $5\\mathrm{mm}$ NMR tube (Wilmad glass P/N 503- PS- 9) tightly connected with $1 / 4$ in. outer diameter PTFE tube.Next, $0.5\\mathrm{mL}$ of $80~\\mathrm{mM}$ substrate solution in deuterated solvent was added.', 'CONCLUSIONS\nThe ParaSun parahydrogen generator design presented here demonstrates the ability to produce highly enriched $\\mathrm{pH}_2$ at high outlet pressures of up to 490 PSI. The employed design achieves a catalyst chamber temperature of $\\sim 40\\mathrm{K}$ , resulting in apparent $\\sim 87\\% \\mathrm{pH}_2$ enrichment as confirmed by NMR spectroscopy approximately $10\\mathrm{min}$ after sample collection. The use of $87\\% \\mathrm{pH}_2$ improves PHIP NMR signals by $\\sim 2.4$ - fold compared to those obtained in liquid $\\mathrm{N}_2$ setups. Of note, the additional PHIP signal improvement of using $>99\\% \\mathrm{pH}_2$ generator over $87\\% \\mathrm{pH}_2$ enrichment is a factor of 1.2. A 150 sccm mass flow controller (MFC) is employed to ensure consistent throughput of $\\mathrm{H}_2$ gas from an inlet pressure of 500 PSI. This $\\mathrm{pH}_2$ production process can be utilized in both hydrogenative and non- hydrogenative PHIP techniques to efficiently hyperpolarize compounds relevant to a wide range of studies varying from catalysis, to chemical analysis, to biomedicine. Indeed, the information presented here has exciting potential for application in clinical- scale hyperpolarization of a number of liquid and gaseous contrast agents in biomedical imaging utilizing both PHIP and SABRE methodologies.']","['The reported here device bridges the gap between inexpensive and portable (but often rudimentary) liquid-N2-based pH2 generators, and high-performance (but significantly more expensive, bulky, and noisy) cryogenic generators. Moreover, the estimated cost of the components is under $25,000.']","Based on the provided context:  

1. **High-performance cryogenic pH₂ generators** are described as ""significantly more expensive"" than rudimentary liquid-N₂-based systems. They also require substantial infrastructure (water cooling, 220 VAC power) and have high noise/operational burdens.  
2. The **ParaSun pH₂ generator** is positioned as bridging the cost-performance gap, with an estimated component cost **under $25,000**.  

### Key Comparison:  
- **Cost Advantage**: ParaSun is substantially more affordable than high-performance cryogenic generators (exact pricing for the latter is unspecified, but implied to be well above $25,000).  
- **Value Proposition**: It offers portability, automation, and strong performance (87% pH₂ enrichment, 490 PSI pressure) at a fraction of the cost of high-end systems.  

Thus, ParaSun provides a cost-effective alternative to expensive cryogenic generators while maintaining competitive performance metrics.","The described pH2 generator (ParaSun) is less expensive than high-performance cryogenic pH2 generators, with its components estimated to cost under $25,000.",0.481774566902164,0.9693351391317679,1.0,0.9999999999,1.0
75,What is the fourth step in the PHIP-SAH process for hyperpolarizing metabolites?,"['1. Introduction\nHyperpolarization refers to nuclear polarization many orders of magnitude above Boltzmann polarization, and is associated with dramatic signal enhancement in magnetic resonance (MR), with applications in noble gas MR imaging of the lungs [1] and solution- state $^{13}\\mathrm{C}$ MR of pyruvate metabolism [2]. Parahydrogen- induced polarization (PHIP) [3- 6] presents a relatively cost- effective alternative to dynamic nuclear polarization (DNP) for hyperpolarization of $^{13}\\mathrm{C}$ compounds for solution- state metabolic MR applications. Conventional PHIP of $^{13}\\mathrm{C}$ requires two steps: (i) PH addition to an unsaturated C- C bond of a target compound, to break the symmetry of the PH molecule and generate $^{1}\\mathrm{H}$ hyperpolarization [3], (ii) polarization transfer from $^{1}\\mathrm{H}$ to a nuclei of interest (usually $^{13}\\mathrm{C}$ , $^{15}\\mathrm{N}$ ) on the same compound. For this PHIP approach, an unsaturated C- C bond is required for hydrogenation, and as such the choice of suitable compounds has been limited to date, restricting in vivo applications predominantly to angiography [7]. However, the recent development of side- arm PHIP (PHIP- SAH) [8,9], wherein the unsaturated alcohol (side- arm) of an ester is hydrogenated and polarization is transferred to the carboxylate group $^{13}\\mathrm{C}$ , enables the realization of hyperpolarized metabolites such as acetate or pyruvate after side- arm cleavage, and has recently been shown feasible for in vivo metabolic MRI applications [10]. We also note that an alternative approach, Signal Amplification by Reversible Exchange (SABRE), permits compounds to be polarized by PHIP by using an intermediate metal catalyst for PH- substrate polarization transfer such that the substrate is not chemically modified [11,12], however hyperpolarized $^{13}\\mathrm{C}$ - pyruvate has yet to be realized by this technique.', ""similar approach has been investigated for hyperpolarizing ethanol and has recently been shown to be applicable in gas- phase reactions.[31,32] Polarization transfer in PHIP- SAH has been achieved so far by a field- cycling procedure, in which a sample is shuttled into a magnetic field below the earth's field, followed by re- magnetization to transfer proton polarization to $^{13}\\mathrm{C}$ - labeled nuclei.[15- 17] It was theoretically predicted that about $40\\%$ of the initial two- spin singlet order of para- hydrogen could be transferred with this technique and about $5\\%$ polarization was achieved experimentally.[17] In this work, we extend the PHIP- SAH methodology for generating hyperpolarized metabolites by introducing 1) a prototypical molecular system that acts as a metabolite precursor, based on a $^{13}\\mathrm{C}$ and deuterium isotope labeling scheme at various positions; 2) a novel pulsed NMR experiment, which is operated at high field that can transfer $^{1}\\mathrm{H}$ polarization originating from para- hydrogen to the first $^{13}\\mathrm{C}$ nucleus in the designed sidearm and, in a subsequent step, to the $^{13}\\mathrm{C}$ nucleus in the metabolite. We show that the proposed pulse sequence can achieve a theoretical spin order transfer close to $95\\%$ in the designed system. Finally, we demonstrate the cleavage of the precursor to release the hyperpolarized metabolite. The procedure is summarized in Figure 1, starting from an unsaturated, double $^{13}\\mathrm{C}$ - la"", 'The PHIP experiments corroborate the finding that the catalysts need an initial activation step. Whereas after the first hydrogenation (PHIP1) no PHIP activity of $[50_{2} - \\text{Py - Wilk} ]$ was visible, slight activity in the hydrogenation with parahydrogen was observed after the second hydrogenation step (PHIP2), and finally a much higher activity was observed in the third and the fourth step (PHIP3 and PHIP4).']","['The text describes the PHIP-SAH (PHIP by means of the Side Arm Hydrogenation) process for hyperpolarizing metabolites, which involves functionalizing the target molecule, hydrogenating with parahydrogen, transferring spin order, removing the side chain, evaporating solvent, filtering, adjusting pH, and finally obtaining the HP13C compound.']","Based on the provided context, the fourth step in the catalyst activation process for PHIP-SAH is the **fourth hydrogenation step (PHIP4)**, where high PHIP activity is observed. This step is part of the catalyst activation required for efficient hydrogenation in the PHIP-SAH process. The context states:  
> *""finally a much higher activity was observed in the third and the fourth step (PHIP3 and PHIP4).""*  

However, the context does not explicitly define a fourth step in the **core PHIP-SAH process for hyperpolarizing metabolites** (i.e., hydrogenation, polarization transfer, and cleavage). The PHIP-SAH metabolite hyperpolarization process itself includes:  
1. Hydrogenation of the unsaturated sidearm using parahydrogen.  
2. Polarization transfer from \(^{1}\mathrm{H}\) to \(^{13}\mathrm{C}\) nuclei via pulsed NMR or field-cycling.  
3. Cleavage of the precursor to release the hyperpolarized metabolite.  

The fourth step mentioned (PHIP4) specifically relates to **catalyst activation**, not the metabolite hyperpolarization workflow. If your query refers to the metabolite-specific steps, the fourth step is not delineated in the provided context. For clarity, further details on the exact sequencing of the metabolite hyperpolarization process would be needed.",The fourth step is to remove the side chain by hydrolysis enabled by the addition of a base.,0.42953461721432384,0.8063490806032133,1.0,0.0,0.0
76,How do the bond lengths of entity 1 compare to those of entity 4?,"['The structure of 2 has been reported previously by Hermann18 and significant similarities exist between it and that of 4 determined here by X- ray crystallography (Fig. 1). For instance, the average Ir- P bond lengths in 2 and 4 are 2.314(4) A and 2.312(6) A respectively, and hence identical to within the measurements error. The corresponding P- Ir- P bond angles and Ir- N pincer bond lengths are also unchanged by replacement of $\\mathrm{CH}_3\\mathrm{CN}$ for pyridine. The $\\mathrm{Ir - NCCH}_3$ bond length of 2 is shorter than that of the Ir- py bond length of 4 which is 2.189(4) $\\mathring{\\mathrm{A}}$ by just $0.09(1)$ A. When the Ir- py bond length is compared to those of $[\\mathrm{Ir(H)_2(IMes)(py)_3]Cl}$ 2.180(3) A) and $[\\mathrm{Ir(H)_2(PCy_3)(py)_3]Cl}$ 2.1912)A) no significant difference is seen.20,24 It might therefore be expected that the pyridine ligand in 4 is labile, as is the case for these IMes and $\\mathrm{PCy}_3$ complexes.', 'ORTEP representations of the structures of 1 and 4 are shown in Fig. 1. The structures of these species are similar to that of the previously reported $\\mathrm{Co}(\\eta^{3} - \\mathrm{C}_{3}\\mathrm{H}_{5})(\\mathrm{CO})_{2}(\\mathrm{PPh}_{3})$ 5 analogue26 and can be described as piano stools with capping $\\eta^{3}$ - allyl ligands. The piano stool includes the $\\mathrm{Co(CO)_2(PR_2R)}$ moiety, where in the case of $\\mathrm{PPh}_2\\mathrm{Me}$ the $\\mathrm{Co - P}$ bond length is 2.1715(7) $\\mathring{\\mathrm{A}}$ and the two distinct $\\mathrm{Co - C(O)}$ bond lengths are 1.772(3) $\\mathring{\\mathrm{A}}$ and 1.7573 $\\mathring{\\mathrm{A}}$ The corresponding $\\mathrm{Co - P}$ bond length in 4 is 2.2190(4) $\\mathring{\\mathrm{A}}$ and the $\\mathrm{Co - C(O)}$ distances are almost identical at 1.7812(14) $\\mathring{\\mathrm{A}}$ and 1.7592(14) $\\mathring{\\mathrm{A}}$ The reported $\\mathrm{Co - PPh}_3$ distance in 5 is 2.185 $\\mathring{\\mathrm{A}}$ and again almost identical to the corresponding distance in 1.', 'The bisphosphine substituted species 7 also exhibits a piano stool geometry with a capping $\\mathfrak{n}^3$ - allyl ligand. The piano stool moiety is defined by the metal, the carbonyl ligand and the two phosphorus centres. The corresponding $\\mathrm{Co - C}$ and $\\mathrm{Co - P}$ bond lengths were found to be 1.700(3), 2.1640(7) and 2.1709(7) $\\mathring{\\mathrm{A}}$ respectively and are almost identical to those seen for 1. The $\\mathrm{Co - C_{allyl}}$ bond lengths of 7 are 1.987(3), 1.987(3) and 2.082(3) $\\mathring{\\mathrm{A}}$ and therefore slightly shorter than those seen for both 1 and 4. The $\\mathbb{C} - \\mathbb{C}$ bonds for the allyl ligand at 1.413(4) and 1.417(4) $\\mathring{\\mathrm{A}}$ are, however, still similar to those of 1 and 4. Key distances and bond angles for 7 are listed in Table 4.']","[""Text: '1 are 1.146(3) and 1.146(3) while those of 5 are 1.141(4) Å and 1.139(6) Å and those of 4, are 1.1513(18) Å and 1.1522(18) Å. These data suggest that neither the Co-CO nor the allyl CH2-CH distances change substantially with change in electron donating power of the phosphine.'""]","Based on the provided structural data:

### Co-P bond lengths
- **Entity 1**: 2.1715(7) Å  
- **Entity 4**: 2.2190(4) Å  
  → The Co-P bond is **longer in entity 4** by approximately 0.0475 Å.  

### Co-C(O) bond lengths
- **Entity 1**:  
  - 1.772(3) Å  
  - 1.7573 Å  
- **Entity 4**:  
  - 1.7812(14) Å  
  - 1.7592(14) Å  
  → The Co-C(O) bonds in entity 4 are **slightly longer** than in entity 1 (differences of +0.0092 Å and +0.0019 Å, respectively).  

### Summary
The bond lengths in entity 4 are generally longer than those in entity 1, particularly for the Co-P bond. The Co-C(O) bonds show minor elongation in entity 4 but remain comparable.",The bond lengths of entity 1 (1.146(3) Å and 1.146(3) Å) are similar to those of entity 4 (1.1513(18) Å and 1.1522(18) Å).,0.28524932966819416,0.9140898769691409,1.0,0.0,0.0
77,Why do nitroimidazole-based derivatives serve as potent radiosensitizers for hypoxic tumors?,"['The range of molecules amenable to SABRE hyperpolarization is expanding rapidly$^{26}$ While the leading sensing HP molecule is $\\left[\\mathrm{I}^{- 13}\\mathrm{C}\\right]$ pruvate due to its central location in energy metabolic fluxes, HP nitroimidazole- based drugs have garnered considerable attention for potential biomedical sensing applicationsNitroimidazoles (metronidazole, nimorazole, ornidazole, etc.) are important antibacterial drugs acting on anaerobic infectionsIt is also known that nitroimidazoles are preferentially accumulated in $\\mathrm{O}_2$ - starved tissues and thus are actively metabolized by anaerobic bacteria$^{27}$ Accumulation of a reduced form of metronidazole and other structurally similar nitroimidazoles ultimately leads to selective cell death$^{27}$ This property has been exploited widely in a number of biomedical applications beyond the antibiotic utilityFor example, nitroimidazole- based derivatives can potentially serve as potent radiosensitizers for hypoxic tumors$^{28}$ Similarly to anaerobic bacteria, cancerous tumors under hypoxic conditions selectively metabolize nitroimidazoles via irreversible reduction of the $\\mathrm{NO}_2$ - group with the formation of reactive hydroxylamines which, in turn, bind with cellular macromolecules, causing cellular damage and making these cancer cells more amenable to therapy$^{29}$ Moreover, pimonidazole (a representative member of the nitroimidazole family) staining is a marker of hypoxia and is routinely employed in immunohistochemistry$^{30}$ Building on this success, nitroimidazole- based PET tracers have been developed to noninvasively image hypoxia in tumors, which is associated with more aggressive tumor phenotype and resistance to chemo- and radiation therapy$^{31 - 33}$ These tracers (e.g., $^{18}\\mathrm{F}$ - labeled $^{18}\\mathrm{F}$ - fluoromisonidazole or $\\mathrm{FMISO}^{34}$ ) have been deployed in cancer imaging', 'From the broad list of substrates amenable to SABRE- SHEATH polarization, the derivatives of nitroimidazole such as metronidazole,[44] nimorazole,[45] and ornidazole[46] are of particular interestBecause of their ability to be reduced in hypoxic conditions, these compounds are successfully utilized as antibiotics[47] or radiotracers in positron emission tomography (PET) imaging,[48] and have prospects for clinical utilization as hypoxia radiosensitizer[49,50] especially nimorazole which was under Phase 3 clinical study for the treatment of head and neck cancer.[51,52] Thus, hyperpolarized nitroimidazoles potentially can serve as molecular MRI contrast agents for hypoxic tumor visualizationIndeed, $^{15}\\mathbb{N}$ chemical shift dispersion of $[^{15}\\mathbb{N}_3]$ nimorazole and $[^{15}\\mathbb{N}_3]$ metronidazole and their putative metabolic products in hypoxic tissues is sufficient for the in vivo differentiation of these analytes to enable sensing of their uptake and metabolic transformation.[45,53] Thus, HP $[^{15}\\mathbb{N}_3]$ nimorazole and $[^{15}\\mathbb{N}_3]$ metronidazole have the potential to emerge as non- radioactive HP contrast agents of hypoxia sensing in vivo, in a manner similar to that of PET tracers, but with the advantages of employing no ionizing radiation and fast examination time (minutes versus hours)', '4.3.3. Metabolic Contrast Agent (mCA). $^{15}$ N-Nitroimidazole for Potential Hypoxia Sensing\nHypoxia is an important adverse prognostic factor for tumor progression, tumor aggressiveness[146] and failure of radiation therapy.[147] A group of oxygen- sensitive compounds known as nitroimidazoles have been adapted as hypoxia imaging agents after radiolabeling by $^{18}\\mathrm{F}$ , $^{68}\\mathrm{Ga}$ , $^{64}\\mathrm{Cu}$ , $^{99\\mathrm{m}}\\mathrm{Tc}$ , or $^{124}\\mathrm{I}$ .[148] When a nitroimidazole analogue enters hypoxic cells, it eventually gets trapped within the hypoxic cell through formation of a covalent bond. Metronidazole with a natural $^{15}\\mathrm{N}$ abundance was hyperpolarized by SABRE- SHEATH, thereby resulting in a high $^{15}\\mathrm{N}$ polarization level of $>34\\%$ , which is unprecedented for SABRE, using only $80\\%$ $\\mathrm{pH}_{2}$ .[39,50b] Moreover, the future use of hyperpolarized $^{15}\\mathrm{N}$ - metronidazole may potentially allow the detection of hypoxia within the first few minutes after the injection. The changes in the $^{15}\\mathrm{N}$ chemical shifts as a result of the covalent bonding of this potential mCA within hypoxic cells enable the possibility to detect it by spectroscopic imaging techniques.']","['For example, nitroimidazole- based derivatives can potentially serve as potent radiosensitizers for hypoxic tumors. Similarly to anaerobic bacteria, cancerous tumors under hypoxic conditions selectively metabolize nitroimidazoles via irreversible reduction of the NO2 - group with the formation of reactive hydroxylamines which, in turn, bind with cellular macromolecules, causing cellular damage and making these cancer cells more amenable to therapy.']","Based on the provided literature, nitroimidazole-based derivatives serve as potent radiosensitizers for hypoxic tumors due to their selective accumulation and biochemical transformation in oxygen-deficient environments. The mechanism involves:

1. **Selective Accumulation**: Nitroimidazoles preferentially accumulate in hypoxic tissues (e.g., oxygen-starved tumors) and are metabolized by anaerobic processes.  

2. **Irreversible Reduction**: Under hypoxic conditions, the nitro group (\(\mathrm{NO}_2\)) undergoes irreversible reduction, forming reactive hydroxylamines.  

3. **Covalent Binding & Cellular Damage**: These reactive intermediates form covalent bonds with cellular macromolecules (e.g., DNA, proteins), causing cellular damage and sensitizing cancer cells to radiation therapy. This binding ""traps"" the compound within hypoxic cells, mimicking oxygen to enhance radiation-induced DNA damage.  

4. **Therapeutic Advantage**: The covalent modification makes hypoxic tumor cells more susceptible to radiation and chemotherapy, addressing the resistance typically observed in oxygen-deficient tumor regions.  

This mechanism is exploited clinically, with nitroimidazole derivatives like nimorazole having undergone Phase 3 trials for head and neck cancer.  

*Reference: Context sections on nitroimidazole radiosensitization (e.g., ""Similarly to anaerobic bacteria..."") and metabolic contrast agents.*","Nitroimidazole-based derivatives are metabolized by hypoxic tumors via irreversible reduction of the NO2 group, forming reactive hydroxylamines that bind with cellular macromolecules, causing cellular damage and making cancer cells more amenable to therapy.",0.7084010714223392,0.974292063685602,0.8947368421052632,0.9999999999666667,1.0
78,Why can hyperpolarisation be observed for the in-cage recombination products without destructive interference from the escape products?,"['Photo- CIDNP is often carried out using a reversible reaction, where following separation the radicals react to reform the initial molecules, P and Q. In this case, one might expect to see no net hyperpolarisation because of the destructive interference between the negative polarisation for the in- cage recombination products and the positive polarisation for the escape products. In practice, the lifetime of the escaped radicals is much longer than for the radicals that recombine inside the solvent cage. Therefore, the enhanced nuclear spin polarisation of the escape radicals relaxes significantly, due to paramagnetic effects, prior to recombination. As a result, hyperpolarisation can be observed for the in- cage recombination products without destructive interference from the escape products [222]. The benefit of this reversible photo- CIDNP experiment is that it allows for repeated hyperpolarisation experiments on a single sample, through repeat irradiation.', 'The CIDNP radical pair mechanism can be understood through consideration of the reaction scheme shown in Fig20 [222]A molecule (P) that has been excited into a triplet state accepts an electron from a donor (Q) to form a spin correlated radical pairThis radical pair exists in a triplet electronic state, $\\mathrm{^3P^+Q^+}$ , in order to satisfy the requirement that electron spin angular momentum is conservedOnce formed, the radical pair will either recombine, to form the original molecule (P) and donor (Q) as recombination products, or it will escape the solvent cage, diffuse apart, and eventually be scavenged to form escape products (P- X and Q- Y)In order to recombine, the radical pair must be in a singlet electronic state, meaning that it must first undergo triplet to singlet interconversionThe rate of triplet- singlet interconversion will depend on the spin states of any nuclei in $\\mathbb{P}^{\\star \\star}$ or $\\mathbb{Q}^{\\star \\star}$ that have a significant hyperfine coupling to the unpaired electronsIn the example in Fig20, the $|\\beta \\rangle$ state of a $\\mathrm{^1H}$ nucleus in $\\mathbb{Q}^{\\star \\star}$ is assumed to give rise to a much faster rate of singlet- triplet interconversion than the $|\\alpha \\rangle$ stateIn this case, radical pairs containing a $\\mathrm{^1H}$ spin in the $|\\beta \\rangle$ state will be much more likely to form the recombination products than those containing a $\\mathrm{^1H}$ in the $|\\alpha \\rangle$ stateTherefore, the radical pairs containing an $|\\alpha \\rangle$ state $\\mathrm{^1H}$ spin will have a greater probability of diffusing apart to eventually form the escape products (P- X and Q- Y)Due to this nuclear spin- selective reactivity, both the escape and recombination products will be formed with non- Boltzmann populations (i.e., with a bias towards either the $|\\beta \\rangle$ or $|\\alpha \\rangle$ nuclear spin state), leading to the creation of hyperpolarisation', '[](images/c6b1abda614963684adbe74e1658bf728621099965d181a97026e4f63eb8cf79.jpg) \nFig. 20. Photo-CIDNP reaction scheme. Molecule P is photo-excited into a triplet state, which accepts an electron from a donor, Q, to produce a radical pair, $\\mathrm{^3P^+Q^+}$ . The triplet radical pair can either undergo triplet-singlet conversion and react to give recombination products (P and Q), or escape from the solvent cage, diffuse apart and get scavenged to give escape products (P-X and Q-Y). Here, faster triplet-singlet interconversion for radical pairs containing a Q proton in the $|\\beta \\rangle$ state results in a sorting of the $|\\beta \\rangle$ and $|\\alpha \\rangle$ nuclear spin states in Q between the recombination products and the escape products. As a result of the spin selection, both the recombination and escape products are formed with non-Boltzmann spin populations, as denoted by an asterisk, giving rise to NMR signal enhancement, illustrated schematically below [222].']","['In practice, the lifetime of the escaped radicals is much longer than for the radicals that recombine inside the solvent cage. Therefore, the enhanced nuclear spin polarisation of the escape radicals relaxes significantly, due to paramagnetic effects, prior to recombination. As a result, hyperpolarisation can be observed for the in- cage recombination products without destructive interference from the escape products [222].']","Based on the provided information:

Hyperpolarisation is observable for in-cage recombination products without destructive interference from escape products due to **differential relaxation timescales**. The key reasons are:

1. **Radical lifetime disparity**  
   Escape radicals have significantly longer lifetimes compared to radicals undergoing immediate in-cage recombination. This extended timeframe allows for substantial relaxation of their nuclear spin polarisation.

2. **Paramagnetic relaxation**  
   During their prolonged diffusion period, escape radicals experience paramagnetic relaxation effects that dissipate their initial hyperpolarisation. This decay occurs before they eventually form escape products.

3. **Temporal separation of signals**  
   When escape radicals finally recombine to form products (P-X and Q-Y), their polarisation has already relaxed toward thermal equilibrium. Thus, their weak residual polarisation cannot destructively interfere with the strong, persistent hyperpolarisation of the in-cage recombination products (P and Q).

This mechanism enables clear observation of hyperpolarised NMR signals from in-cage products while avoiding cancellation from escaped radicals' diminished polarisation. The reversible nature of the reaction further permits repeated hyperpolarisation cycles on the same sample.","Because the lifetime of the escaped radicals is much longer than for the radicals that recombine inside the solvent cage, causing the enhanced nuclear spin polarisation of the escape radicals to relax significantly prior to recombination.",0.42532984130961,0.98768917424484,1.0,0.9999999999,1.0
79,Why does the optimal rate of ligand exchange differ for ${}^{1}\mathrm{H}$ and $^{15}\mathrm{N}$ transfer in SABRE catalysis?,[],"['The optimum rate of ligand exchange for ${}^{1}\\mathrm{H}$ transfer has been proposed by Barskiy to be $4.5\\mathrm{s}^{-1}$ in complexes of the type $[\\mathrm{Ir}(\\mathrm{H})_2(h_{22} -$ $\\mathbf{1})(\\mathrm{py})_2]\\mathrm{Cl}$. Consequently, the rate of pyridine substrate dissociation in $[\\mathrm{Ir}(\\mathrm{H})_2(h_{22} - \\mathbf{1})(\\mathrm{py})_2(d_9\text{- }\\mathrm{BnND}_2)]\\mathrm{Cl}$ in methanol- $d_{4}$ solution was determined using the EXSY method and found to be $0.06\\mathrm{s}^{-1}$ at $268~\\mathrm{K}$. This value increases to $1.04~\\mathrm{s}^{-1}$ upon warming at $298~\\mathrm{K},$ and $2.1~\\mathrm{s}^{-1}$ at $308~\\mathrm{K}$. Our associated SABRE measurements reveal that the corresponding ${}^{1}\\mathrm{H}$ NMR signal gains change from 600-fold, through 4530-fold to 3550-fold at the $308~\\mathrm{K}$ setting. Hence, it appears that a rate closer to $1.04~\\mathrm{s}^{-1}$ is optimal for ${}^{1}\\mathrm{H}$ transfer into pyridine using this catalyst. Our experiments also reveal that there is a $30\\%$ growth in efficiency of $^{15}\\mathrm{N}$ polarization for pyridine on moving from 268 to $298~\\mathrm{K},$ and a further $22\\%$ improvement on moving to 308 from $298~\\mathrm{K}$. Consequently, we can confirm that the two different nuclei are best served with different rates of ligand exchange.']","Based on the provided information, the question cannot be answered.","The optimal rate of ligand exchange differs because ${}^{1}\mathrm{H}$ transfer achieves maximum efficiency at a rate closer to $1.04~\mathrm{s}^{-1}$, as demonstrated by the SABRE measurements showing peak signal gains at this rate, while $^{15}\mathrm{N}$ polarization efficiency improves progressively with increasing temperature, indicating a different optimal rate requirement for each nucleus.",0.08552617328506366,0.0,1.0,0.0,0.0
80,"Why do the peaks at δ 3.92 and 3.73 show a dramatic increase in size on warming to 383 K, while the peaks at δ 4.17 and 3.99 decrease in intensity?","['The peaks at $\\delta 3.92$ (dd, $J_{\\mathrm{HH}} = 7$ and $6 \\mathrm{Hz}$ ) and $3.73$ (d, $J_{\\mathrm{HH}} = 6 \\mathrm{Hz}$ ) showed a similar dramatic increase in size on warming to $383 \\mathrm{K}$ , while the two peaks at $\\delta 4.17$ and $\\delta 3.99$ decreased in intensity by a similar amount. These peaks therefore appear to belong to four distinct propene complexes. Unfortunately, when samples containing ${}^{13}\\mathrm{CO}$ labelled materials were employed, none of these proton signals proved to connect to either a CoCOR resonance or a CoCO resonance in the corresponding ${}^{1}\\mathrm{H} - {}^{13}\\mathrm{C}$ HMQC experiment. Nonetheless, we suggest that the trapping of the 16- electron fragments $\\mathrm{Co(COCH_2CH_2CH_3)(CO)_2(PPh_2Me)}$ and $\\mathrm{Co(COCH(CH_3)_2)(CO)_2(PPh_2Me)}$ required to form 1a and 1b, by (PHIP enhanced) propene rather than CO accounts for the observation of these species. The signals therefore most likely arise from isomers of $\\mathrm{Co(COCH_2CH_2CH_3)(CO)_2(PPh_2Me)}$ (propene) and $\\mathrm{Co(COCH(CH_3)_2)(CO)_2(PPh_2Me)}$ (propene) such as those shown in Scheme 6 which might be differentiated by the relative orientation of the alkene.', 'When the ${}^{1}\\mathrm{H}$ NMR spectra on this sample were recorded at $373 \\mathrm{K}$ , additional weak para- hydrogen enhanced signals were seen at $\\delta 4.17$ (dd, $J_{\\mathrm{HH}} = 8$ and $4 \\mathrm{Hz}$ , $3.99$ (d, $J_{\\mathrm{HH}} = 6 \\mathrm{Hz}$ ), $3.92$ (dd, $J_{\\mathrm{HH}} = 7$ and $6 \\mathrm{Hz}$ ), and $3.73$ (d, $J_{\\mathrm{HH}} = 6 \\mathrm{Hz}$ ) (Fig. 4). These peaks all appear with antiphase character, and occur in a region that is characteristic of metal- alkene ${}^{1}\\mathrm{H}$ NMR signals. When a COSY spectrum was recorded, the strongest of these peaks, resonating at $\\delta 4.17$ , proved to be coupled to three other resonances at $\\delta 1.85$ , $1.65$ and $1.011$ . Examination of the multiplicity of these resonances confirmed that the unique proton yielding the peak at $\\delta 4.17$ is $\\alpha$ to the methyl of the bound propene which resonates at $\\delta 1.011$ , while the peaks at $\\delta 1.85$ and $1.65$ correspond to protons that are trans and cis to this group respectively. This information conclusively demonstrates that a coupled set of resonances corresponding to a bound propene ligand has been observed. Additional correlations were visible in such spectra between the ${}^{1}\\mathrm{H}$ resonance at $\\delta 3.92$ and a new peak at $\\delta 1.68$ , and between the ${}^{1}\\mathrm{H}$ resonance at $\\delta 3.99$ and a new peak at $\\delta 1.82$ . The signal to noise ratio for these signals, however, proved to be insufficient to locate the additional resonances necessary for the full characterization of the propene ligands.', 'When the temperature was raised to $308~\\mathrm{K}$ , the $^1\\mathsf{H}$ NMR signals for both 9b and 10 increased in intensity but additional signals for 3 appear. These signals were again most readily detected in the corresponding OPSY $^1\\mathsf{H}$ NMR spectrum as shown in Figure 3c. However, upon warming further to $318~\\mathrm{K}$ the signals for 10 and 9b become significantly weaker while those for 3 drastically increase in size with signals for $\\mathsf{Ru}(\\mathsf{H})_2(\\mathsf{CO})_2(\\mathsf{PPh}_3)_2$ , 5 and 7a also become visible. At $328~\\mathrm{K}$ , the signals for 3 and $\\mathsf{Ru}(\\mathsf{H})_2(\\mathsf{CO})_2(\\mathsf{PPh}_3)_2$ now dominate the hydride region of the resulting NMR spectra with cis- stilbene signals dominating the organic region. When the temperature reaches $338~\\mathrm{K}$ , signals for 8 appear at $\\delta 2.88$ and $2.64$ , with those of cis and trans- stilbene becoming clearly visible in the corresponding OPSY NMR experiment. At $368~\\mathrm{K}$ signals for metal complexes 8 and 9a are again seen but those for 3 still dominate. Hence, we conclude that warming changes the rate of hydrogen turnover, thereby providing insight into the mechanism of this process. Further justification for these deductions will be given below.']","['The peaks at δ 3.92 (dd, JHH = 7 and 6 Hz) and 3.73 (d, JHH = 6 Hz) showed a similar dramatic increase in size on warming to 383 K, while the two peaks at δ 4.17 and δ 3.99 decreased in intensity by a similar amount. These peaks therefore appear to belong to four distinct propene complexes. The signals therefore most likely arise from isomers of Co(COCH2CH2CH3)(CO)2(PPh2Me) (propene) and Co(COCH(CH3)2)(CO)2(PPh2Me) (propene) such as those shown in Scheme 6 which might be differentiated by the relative orientation of the alkene.']","Based on the provided context, the intensity changes at δ 3.92/3.73 (increase) and δ 4.17/3.99 (decrease) at 383 K occur due to **temperature-dependent equilibrium shifts between isomers of propene complexes** under parahydrogen-induced polarization (PHIP) conditions. The key reasons are:

1. **Isomeric Interconversion**:  
   The four peaks correspond to distinct isomers of propene complexes:  
   - \(\mathrm{Co(COCH_2CH_2CH_3)(CO)_2(PPh_2Me)(propene)}\)  
   - \(\mathrm{Co(COCH(CH_3)_2)(CO)_2(PPh_2Me)(propene)}\)  
   Warming alters the relative stability of these isomers, likely due to changes in alkene orientation (e.g., η²-coordination modes) or rotational barriers.

2. **PHIP Enhancement Dynamics**:  
   The antiphase character of these signals confirms they arise from PHIP-active species. At 383 K, increased thermal energy:  
   - Accelerates reversible binding/dissociation of propene and parahydrogen.  
   - Favors pathways where the 16-electron fragments \(\mathrm{Co(COCH_2CH_2CH_3)(CO)_2(PPh_2Me)}\) and \(\mathrm{Co(COCH(CH_3)_2)(CO)_2(PPh_2Me)}\) are trapped by propene instead of CO.  
   This selectively amplifies signals for isomers represented by δ 3.92/3.73 while suppressing those at δ 4.17/3.99.

3. **Kinetic vs. Thermodynamic Control**:  
   Lower temperatures favor certain isomers (e.g., δ 4.17/3.99), while higher temperatures shift equilibrium toward isomers with signals at δ 3.92/3.73. This is consistent with the general trend observed where warming changes hydrogen turnover rates and alters dominant species (e.g., signals for complex 3 dominate above 318 K).

The intensity changes reflect redistribution of PHIP-enhanced signal among interconverting isomers due to temperature-dependent kinetics and thermodynamics. No explicit energy barriers are provided, but the data confirm that temperature modulates both equilibrium populations and PHIP efficiency.","The signals most likely arise from isomers of Co(COCH2CH2CH3)(CO)2(PPh2Me) (propene) and Co(COCH(CH3)2)(CO)2(PPh2Me) (propene), which might be differentiated by the relative orientation of the alkene, accounting for the observed changes in peak intensity.",0.3968909062216506,0.7959746560380969,0.3181818181818182,0.9999999999,1.0
81,How does the performance of aqueous/organic biphasic systems compare to biphasic IL/organic solvent systems in the hydrogenation of arenes?,"['The use of ILs can also be superior to that of classical organic solvents in the hydrogenation of arenes. In present industrial applications, this reaction is performed in aqueous/organic biphasic systems [54], precluding the use of water- sensitive catalysts. The use of a biphasic IL/organic solvent system can overcome these problems [55]. Additionally, a new arene hydrogenation catalyst was found [56] that is highly active in ILs and with which hydrogenation of the arene ring of allylbenzene without hydrogenating the alkene bond is possible (Scheme 8).', 'Employing these ILs, it was first tested whether PHIP experiments can be successfully performed in an organic solvent- free homogeneous catalyst/substrate system initiated by small amounts of IL. Next, the hydrogenation efficacy in IL systems, where the IL acts as solvent for the catalyst and forms a biphasic liquid- liquid system with the substrate and product, was studied.', '8.1 Biphasic Catalysis\nWith the wide choice of ILs available, it is often possible to find a biphasic IL/organic system for which the catalyst dissolves exclusively in the ionic phase while the reactants and/or the reaction products form a second phase or dissolve predominantly in a second organic reaction phase [5], or can exclusively be extracted with an organic solvent without any leaching of the catalyst. In this way, the transition metal catalyst is heterogenised in the ionic phase and can easily be separated from the reaction mixture while all the advantages of a homogeneous process remain.']","['The use of ILs can also be superior to that of classical organic solvents in the hydrogenation of arenes. In present industrial applications, this reaction is performed in aqueous/organic biphasic systems [54], precluding the use of water- sensitive catalysts. The use of a biphasic IL/organic solvent system can overcome these problems [55].']","Based on the provided context:

1.  **Aqueous/Organic Biphasic Systems:**
    *   Are used in present industrial applications for arene hydrogenation.
    *   Have a significant limitation: they **preclude the use of water-sensitive catalysts**.

2.  **Biphasic IL/Organic Solvent Systems:**
    *   **Overcome the limitation** of aqueous/organic systems by allowing the use of catalysts that are sensitive to water.
    *   Enable **superior selectivity**. Specifically, they allow the hydrogenation of the arene ring of allylbenzene *without* hydrogenating the alkene bond, a feat demonstrated with a highly active catalyst found in ILs.
    *   Facilitate **catalyst immobilization and easy separation**. The catalyst dissolves exclusively in the IL phase, while reactants/products form a separate organic phase or can be extracted without catalyst leaching. This combines the advantages of homogeneous catalysis (e.g., high activity/selectivity) with easy catalyst recovery like heterogeneous systems.

In summary, biphasic IL/organic solvent systems outperform aqueous/organic biphasic systems by enabling the use of water-sensitive catalysts, achieving higher reaction selectivity (as demonstrated with allylbenzene), and providing a straightforward method for catalyst immobilization and separation while maintaining the benefits of homogeneous catalysis.","The biphasic IL/organic solvent system is superior to aqueous/organic biphasic systems in the hydrogenation of arenes, as it overcomes the problems associated with water-sensitive catalysts.",0.4730360947594556,0.8272352144914658,0.95,0.8333333332916666,1.0
82,What is the final step in the SABRE-SHEATH experiment process?,"['[](images/d892e7b9296cf82d51e7b7682bfd6b522dae834771d644039dcf3c3c2a811e7b.jpg) \nFigure 4. Scheme of the SABRE-SHEATH experiment. $\\mathsf{pH}_2$ is supplied to the sample at a low magnetic field of a few $\\mu \\mathrm{T}$ (polarization stage) and subsequently transferred to the high magnetic field of a few T of an NMR or MRI system (observation stage).', '[](images/abd3727beaed2b74d8a0380a851dd6478c7666b991aa237bd655045483ae2053.jpg) \nFigure 1. Setup for the SABRE-SHEATH experiment. (A) shows the sample in an NMR tube held inside the $\\mu$ -metal shield, where para- $\\mathbf{\\nabla}\\cdot \\mathbf{H}_{2}$ is bubbled through the solution. After hyperpolarization the sample is transferred into NMR spectrometer for detection. (B) para- $\\mathbf{\\nabla}\\cdot \\mathbf{H}_{2}$ and $^{15}\\mathrm{N}$ pyridine $\\left(^{15}\\mathrm{N - Py}\\right)$ in exchange with $\\left[\\mathrm{IrH}_{2}\\left(^{15}\\mathrm{N - Py}\\right)_{3}\\left(\\mathrm{IMes}\\right)\\right]^{+}$ . On the catalyst para- $\\mathbf{\\nabla}\\cdot \\mathbf{H}_{2}$ transfers its hyperpolarization to $^{15}\\mathrm{N - Py}$ through the $J_{\\cdot}$ coupling network. The equatorial $^{15}\\mathrm{N - Py}$ (blue) is in fast exchange and responsible for the hyperpolarization of the free $^{15}\\mathrm{N - Py}$ (green).', ""[](images/f711a2e022aacb43a14b117a45126734a7b2d78815829d9b1ea48377dbdef1fc.jpg) \nFigure 3. ${}^{1}\\mathrm{H}$ SABRE and ${}^{15}\\mathrm{N} / {}^{13}\\mathrm{C}$ SABRE-SHEATH setup (used for experiments at SIUC). Hydrogen gas $(\\mathrm{H}_2)$ from a cylinder (with initial $p\\mathrm{-H}_2$ fraction of $25\\%$ ) is passed over a catalyst bed of $\\mathrm{FeO(OH)}$ cooled in liquid nitrogen for $\\sim 50\\%$ conversion to $p\\mathrm{-H}_2$ . A mass flow controller (MFC) at $150\\mathrm{mL}\\mathrm{min}^{-1}$ allows for the precise regulation of $p\\mathrm{-H}_2$ bubbling rate within the NMR tube; pressure was typically maintained at 75 psi. ${}^{1}\\mathrm{H}$ SABRE and ${}^{15}\\mathrm{N} / {}^{13}\\mathrm{C}$ SABRE-SHEATH experiments were performed by bubbling $p\\mathrm{-H}_2$ through the sample while placed in either the NMR magnet's fringe field $(\\sim 5\\mathrm{mT})$ or a mu-metal magnetic shield $(\\sim 1\\mu \\mathrm{T})$ , respectively, prior to rapid manual transfer of the sample to the $9.4\\mathrm{T}$ magnet for high-field detection.""]","['Following the completion of sample activation, the NMR tube containing $0.6\\mathrm{mL}$ of the activated sample was placed in the center of the mu-metal shield for all SABRE-SHEATH experiments. The temperature of the sample was maintained using a water bath placed inside the mu-metal shield. The microtesla field inside the shield was created by a solenoid coil powered by 5 VDC power supplied in series with a current-attenuation resistor bank. For each SABRE-SHEATH experiment, the valve shown in Figure 1 was closed to direct the gas flow through the solution in the NMR tube. All experiments were performed using a $p\\mathrm{- H}_2$ flow rate of 70 sccm unless noted otherwise. Upon completion of the $p\\mathrm{- H}_2$ bubbling, the bypass valve is opened to stop the bubbling. Finally, the sample is quickly transferred into a $1.4\\mathrm{T}$ bench-top NMR spectrometer for NMR spectrum acquisition of the HP state.']","Based on the provided context, the final step in the SABRE-SHEATH experiment process is:  
**Transferring the hyperpolarized sample to a high magnetic field (e.g., 9.4 T NMR spectrometer) for NMR detection**.  

### Key details from the context:  
1. **Polarization stage**:  
   - Para-hydrogen (p-H₂) is bubbled through the sample at ultra-low magnetic fields (μT-range, achieved via μ-metal shields or fringe fields) to generate hyperpolarization on target nuclei (e.g., ¹⁵N or ¹³C).  
   - This occurs while the sample is held in a low-field environment (Figures 1A, 3, and 4).  

2. **Observation stage**:  
   - After hyperpolarization, the sample is **rapidly transferred manually** to a high-field NMR spectrometer (e.g., 9.4 T) for signal detection (explicitly stated in Figure 1A and Figure 3).  
   - The high-field environment (typically several Tesla) enables high-resolution NMR or MRI measurements.  

This two-stage process (low-field polarization → high-field detection) is the defining feature of SABRE-SHEATH, optimizing both polarization efficiency and spectral resolution.",The sample is quickly transferred into a 1.4T bench-top NMR spectrometer for NMR spectrum acquisition of the HP state.,0.3035859959463255,1.0000000000000002,1.0,0.49999999995,0.0
83,Why are the observed rate constants (k_exp) faster than the rate constants (k_2) obtained when monitoring each complex in isolation?,"[""The observed $k_{\\mathrm{exp}}$ rate constants appear faster than the $k_{2}$ rate constants obtained when monitoring each complex in isolation. We hypothesise that this deviation is present due to the complex interplay between two competing processes: the irreversible formation of hyperpolarised products and the rapid dynamic equilibrium between the different derivatives of Vaska's complex within the sample. Over the course of the reaction, there will be continual adjustments to the proportions of each of the starting complexes (1, 3 and 5) present in order to push the system back towards equilibrium."", 'To explore this hypothesis, we fit the experimental data to a differential model that contains the competing processes illustrated in Fig. 6 and 7. Within the model, we fix the rate of formation of $2^{*}$ and $6^{*}$ to the values measured for each complex in isolation, while the unknown rate of formation of $4^{*}$ and the rates associated with the dynamic equilibrium ( $K_{1}$ and $K_{2}$ in Fig. 6) are allowed to vary. The hyperpolarised integrals are scaled to the final distribution of the dihydride complexes in solution, as observed in a $400\\mathrm{MHz}^1\\mathrm{H}$ NMR spectrum of the sample following reaction completion. Full details of the model and the fitting parameters are provided in ESI. $\\dagger$ The model was found to produce a very good fit to the experimental data with an average $k_{2}$ of $(1.26\\pm 0.16)\\mathrm{dm}^3\\mathrm{mol}^{- 1}\\mathrm{s}^{- 1}$ for the formation of $4^{*}$ across three independent measurements. We note that this value has a much greater variability than the previously measured rate constants, likely due to the increased uncertainty within the measurements due to the starting material equilibrium. The $k_{2}$ rate constant for $4^{*}$ is significantly faster than those measured for the formation of $2^{*}$ and $6^{*}$ in isolation. This provides a potential explanation for the higher fit rates for these two complexes within the mixture. As 3 is consumed faster than 1 and 5, the equilibrium within the system will be shifted towards formation of more of 3. This will lead to additional consumption of 1 and 5, resulting in a visibly faster decline in PHIP signal for $2^{*}$ and $6^{*}$ . This is taken into account by the dynamic equilibrium in our model, such', 'The results here demonstrate that the reaction monitoring methodology is able to obtain kinetic information for multiple species formed simultaneously. While the apparent rate constants in this system were found to be faster than those measured for the complexes in isolation when a simple addition model was used, the inclusion of a competitive pathway equilibrating the starting complexes resulted in good experimental fits to the model. Importantly, as the rate of equilibration exceeds the rate of $\\mathrm{H}_2$ addition, these deviations would be observed regardless of the reaction monitoring method that is applied and were revealed here by the sensitivity boost provided by the $p\\mathrm{H}_2$ hyperpolarisation.']","[""The observed k_exp rate constants appear faster than the k_2 rate constants obtained when monitoring each complex in isolation. We hypothesise that this deviation is present due to the complex interplay between two competing processes: the irreversible formation of hyperpolarised products and the rapid dynamic equilibrium between the different derivatives of Vaska's complex within the sample. Over the course of the reaction, there will be continual adjustments to the proportions of each of the starting complexes (1, 3 and 5) present in order to push the system back towards equilibrium.""]","Based on the provided information, the observed $k_{\mathrm{exp}}$ rate constants appear faster than the isolated $k_{2}$ values due to **competitive dynamic equilibrium** between the Vaska's complex derivatives (1, 3, and 5) during the reaction. The key reasons are:

1.  **Faster consumption of complex 3**: The irreversible formation of hyperpolarized product $4^{*}$ (from complex 3) has a significantly higher $k_{2}$ rate constant ($1.26 \pm 0.16\ \mathrm{dm}^3\mathrm{mol}^{-1}\mathrm{s}^{-1}$) than those for complexes 1 and 5 ($2^{*}$ and $6^{*}$) measured in isolation.

2.  **Equilibrium-driven replenishment**: As complex 3 is consumed rapidly, the system shifts to replenish it from complexes 1 and 5 via rapid pre-equilibrium ($K_1$ and $K_2$ in Fig. 6). This continuous re-equilibration accelerates the apparent consumption rates of complexes 1 and 5 beyond their intrinsic hydrogenation rates.

3.  **Apparent rate enhancement**: The faster decline in PHIP signal for $2^{*}$ and $6^{*}$ arises because complexes 1 and 5 are consumed not only by direct $\mathrm{H}_2$ addition but also by conversion to complex 3 (which is then rapidly hydrogenated).  

This deviation is inherent to the system's kinetics (where equilibration >> hydrogenation rates) and was quantitatively resolved by a differential model incorporating both hydrogenation rates and dynamic equilibria.","The deviation is due to the complex interplay between two competing processes: the irreversible formation of hyperpolarised products and the rapid dynamic equilibrium between the different derivatives of Vaska's complex within the sample, which continually adjusts the proportions of each starting complex to push the system back towards equilibrium.",0.7492217278504639,0.8312783056118044,1.0,0.9999999999666667,1.0
84,"Why are water molecules bound much stronger than H2 in FLP structures, thus deactivating the catalysts?","['Sensitivity of FLPs to moisture is considered as one of the serious limiting factors in the widespread application of FLPs as hydrogenation catalysts [32]. The majority of FLP- based catalysts contain highly Lewis acidic organoboron compounds. Based on the bond dissociation energies, the reaction $\\mathrm{B - H + H - O\\rightarrow B - O + H - H}$ is exothermic by 111 kcal mol- 1 (standard state enthalpy at 298 K) [33]. It is not surprising then that water molecules are bound much stronger than $\\mathrm{H}_{2}$ in FLPs structures, thus deactivating the catalysts. To cope with this problem, organoaluminium and silicon compounds were successfully utilized as scavengers of water [32]. Alternatively, the high oxophilicity of boron centers can be suppressed by hindrance its atom with sterically bulky substituents [34]. Both front and back strain allow strong steric discrimination of an OH substituent over a compact H atom [35]. Apparently, this scenario is realized in the case of 6 that contains sterically bulky 2- (dicyclohexylphospino)phenyl and mesityl', '1 Introduction\nFrustrated Lewis pairs (FLPs) is a powerful yet simple concept to activate various chemical bonds through their heterolytic splitting. In order to achieve ""frustration"", i.e. prevent formation of classical Lewis adducts, Lewis acids and the Lewis bases with sterically bulky substituents are needed. Various parameters such as acid and base strengths, and steric hindrance of the reactive centers can be varied to affect reactivity, catalytic activity, and selectivity of FLPs. FLP chemistry emerged as a powerful tool for activation of a broad range of small molecules, but, primarily, of molecular hydrogen $(\\mathrm{H}_{2})$ . Particularly, many breakthroughs have been accomplished in the hydrogenation of organic molecules catalyzed by FLPs [1- 6]. Parahydrogen- induced polarization (PHIP) represents another application of FLPs to activate $\\mathrm{H}_{2}$ . PHIP is a phenomenon of achieving nuclear magnetic polarization states well above the thermal level through interaction with molecular hydrogen that is enriched with parahydrogen, one of its spin isomers [7- 9]. To achieve high PHIP levels, para- $\\mathrm{H}_{2}$ should lose symmetry upon addition to a substrate or a catalyst and the mechanism of parahydrogen addition should be pairwise. Hyperpolarization can be observed with intensities increased by orders of magnitude of para- $\\mathrm{H}_{2}$ - originated ${}^{1}\\mathrm{H}$ nuclei as well as other magnetically coupled nuclei, such as ${}^{13}\\mathrm{C}$ , ${}^{15}\\mathrm{N}$ , etc. In a typical protocol, parahydrogen is initially added to a heterogeneous or homogeneous metal center along with a substrate molecule. Then either parahydrogen is transferred to the substrate molecule, or magnetization can be transferred via reversible coordination of parahydrogen and a substrate molecule to the metal center (SABRE) [10].', '1. Introduction\nThe high reactivity of frustrated Lewis pairs (FLPs) was discovered only recently,1,2 inspiring numerous brilliant studies in this field over the last few years.3- 12 Many small molecules have been shown to be activated by $\\mathrm{FLPs},^{6,12}$ including dihydrogen $(\\mathrm{H}_{2})$ . In addition to the apparent applications in catalysis,13- 24 addition of $\\mathrm{H}_{2}$ to FLPs may be useful for hyperpolarizing nuclear spins when parahydrogen, one of the nuclear spin isomers of $\\mathrm{H}_{2}$ , is used as a reagent. Due to the symmetry of the $\\mathrm{H}_{2}$ molecule, the correlation of its nuclear spins survives for a long time and can be transformed into observable nuclear spin hyperpolarization upon a chemical transformation of $\\mathrm{H}_{2}$ molecules if this transformation causes the two hydrogens to be magnetically inequivalent. At the same time, the $\\mathrm{H}_{2}$ activation mechanism must be pairwise, meaning that both hydrogens should follow each other throughout all elementary reaction steps and end up in the same product molecule. Because of this prerequisite, only certain catalytic systems are applicable in this hyperpolarization technique, which is referred to in the literature as PASADENA,25 ALTADENA,26 or, generally, parahydrogen- induced polarization (PHIP).27 To date, PHIP mediated by FLPs was demonstrated only in a few examples as a proof- of- principle.28,29 In particular, it has been shown that the reversibility of the $\\mathrm{H}_{2}$ interaction with FLPs allows one to achieve reproducible nuclear spin hyperpolarization each time the parahydrogen flux is introduced to a QCAT ansa- aminoborane']","['The majority of FLP-based catalysts contain highly Lewis acidic organoboron compounds. Based on the bond dissociation energies, the reaction B-H + H-O → B-O + H-H is exothermic by 111 kcal mol-1 (standard state enthalpy at 298 K). It is not surprising then that water molecules are bound much stronger than H2 in FLPs structures, thus deactivating the catalysts.']","Based on the provided context:  

Water molecules bind much stronger than H₂ in frustrated Lewis pair (FLP) structures due to the **high oxophilicity of boron centers** and the **thermodynamic favorability** of the reaction:  

$$\mathrm{B - H + H - O \rightarrow B - O + H - H}$$  

This reaction is **exothermic by 111 kcal mol⁻¹** (standard state enthalpy at 298 K). The strong B–O bond formation energetically outcompetes B–H bond formation with H₂. Consequently:  
1. Water molecules are thermodynamically favored to bind to Lewis acidic boron sites in FLPs.  
2. This irreversible binding **blocks the active sites** required for H₂ activation, deactivating the catalyst.  

Steric factors also play a role: While bulky substituents can partially shield boron from water, the compact size of H₂ allows it to bypass steric hindrance more easily than the bulkier OH group in water.  

This moisture sensitivity remains a key limitation for FLP applications in hydrogenation and parahydrogen-induced polarization (PHIP) catalysis.","The reaction B-H + H-O → B-O + H-H is exothermic by 111 kcal mol-1, making water molecules bind much stronger than H2 in FLP structures, which deactivates the catalysts.",0.5756909298377995,0.8257309030349376,0.9166666666666666,0.9999999999,1.0
85,Why is 19F SABRE hyperpolarization advantageous for investigating protein-ligand interactions?,"['Conclusions\nIn summary, we demonstrated the use of ${}^{19}\\mathrm{F}$ SABRE hyperpolarization to observe protein- ligand interactions in a low- cost, low- field NMR spectrometer. This capability was illustrated with the measurement of the binding affinity of benzamidine for the trypsin protein through the observation of $R_{2}$ relaxation changes of a reporter ligand. Key aspects of the ligand design that enable this application include a binding motif for the SABRE polarization transfer catalyst, the ${}^{19}\\mathrm{F}$ spin probe, and a binding affinity resulting in fast exchange with the protein bound form. Here, the SABRE- hyperpolarized ligand was detected at a concentration below $70~\\mu \\mathrm{M}$ . This concentration can be further lowered to the level of several micromolar, with the discussed improvements in instrumentation and hyperpolarization, concomitant with a reduction in the residual concentration of organic solvent from the hyperpolarization. Once a suitable ligand for SABRE hyperpolarization is identified that interacts with a target protein, it can be used to screen for the binding of other ligands or to measure interactions involving macromolecular binding interfaces or cellular components. The method thus broadens the application range of SABRE hyperpolarization, facilitating the measurement of interactions in drug discovery and other biochemical and biophysical problems.', 'CONCLUSIONS\nIn summary, we demonstrated the screening of protein- ligand interactions, benefitting from substantial sensitivity enhancements provided by SABRE hyperpolarization. Only a single hyperpolarizable reporter ligand that binds weakly to the protein is required to measure the binding affinity of a wide range of ligands of interest. This capability significantly expands the applicability of SABRE for biomolecular applications. The combination of the protein and SABRE hyperpolarizable reporter can serve as a basis for high- throughput screening of protein- ligand interactions. Additionally, this method is amenable to other biophysical studies involving molecular or macromolecular interactions of the target protein.', 'In this work, protein- ligand interactions were probed through changes in the transverse relaxation rate of a protein- specific molecule optimised for $^{19}\\mathrm{F}$ SABRE hyperpolarisationThe hyperpolarised $^{19}\\mathrm{F}$ - containing molecule acts as a reporter for the binding of the target ligand, via competitionThe authors demonstrated that the dissociation constant for the target could be determined from changes in the $\\mathrm{R_2}$ relaxation rate of the $^{19}\\mathrm{F}$ molecule enhanced by SABRE [272].']","['The abundance of such structural motifs indicates the potential of using 19F SABRE hyperpolarization for investigating protein- ligand interactions. With 19F detection, NMR spectra are background- free and thus do not require solvent subtraction techniques such as described in Figure 1, which would further simplify the experiment.']","Based on the provided context, **19F SABRE hyperpolarization** is advantageous for investigating protein-ligand interactions for the following reasons:

1. **Enhanced Sensitivity**:  
   - Enables detection of ligands at **sub-μM concentrations** (demonstrated below 70 μM, with potential to reach several micromolar).  
   - Allows observation of weak interactions due to substantial signal amplification via SABRE.

2. **Reporter Ligand Design**:  
   - Ligands are engineered with:  
     (i) A binding motif for the SABRE catalyst,  
     (ii) A \(^{19}\mathrm{F}\) spin probe for detection,  
     (iii) Fast-exchange kinetics with the protein-bound form.  
   - A single hyperpolarizable reporter ligand can screen binding affinities for **multiple target ligands**.

3. **Probing Mechanism**:  
   - Binding events are detected via changes in the **transverse relaxation rate (\(R_2\))** of the \(^{19}\mathrm{F}\) reporter ligand.  
   - Competition with the target ligand alters \(R_2\), enabling quantification of dissociation constants.

4. **Practical Applications**:  
   - Compatible with **low-field, low-cost NMR spectrometers**, increasing accessibility.  
   - Facilitates high-throughput screening for drug discovery and macromolecular interactions.  
   - Reduces residual solvent interference after polarization transfer.

5. **Versatility**:  
   - Extends SABRE applications to biomolecular systems like protein-ligand interfaces and cellular components.  

This approach broadens SABRE's utility in biochemical studies by combining sensitivity, cost efficiency, and adaptability for diverse binding assays.","19F SABRE hyperpolarization is advantageous because 19F detection in NMR spectra is background-free and does not require solvent subtraction techniques, which simplifies the experiment.",0.24152178178102357,0.9807348167109328,0.9565217391304348,0.0,0.0
86,What is the third step in the cooling process of the system?,"['The third process is cross- relaxation (NOE) between the net polarization of dihydride spins, which have become polarized in the previous step, and the spins of the substrate molecule. NOE is a well- documented phenomenon in NMR [19] due to its great practical importance (NOE allows one to obtain information about molecular structure and dynamics, notably, in biomolecules [20]). Polarization transfer occurring via cross- relaxation is best understood for dipolar relaxation of two spins. In such a case, the two spins do not relax independently: there are also zero- quantum and double- quantum relaxation transitions, which lead to flips of both spins resulting in polarization transfer. Depending on which cross- relaxation pathway is dominant, the resulting NOE is positive or negative in sign. Since NOE is well understood, the third process is described only briefly: we focus on the first two processes, which have a more complex nature. Hence, we restrict ourselves to $\\mathrm{H}_{2}$ bound to the catalyst and discuss the spin dynamics in the resulting two- spin system.', '3. Tests of the system\nThe system has been tested to see how fast it can be cooled and how efficiently solid hydrogen can be grown. The cooldown process can be seen in Fig. 8. As the figure shows it takes almost four and a half hours to cool down the system. The slowest component to cool down is the heatshield, which needs 4:28 h to reach $80~\\mathrm{K}$ temperature.', 'Higher polarization levels can be achieved using the temperature cycling method, which involves ice water cooling or air cooling the sample to $0^\\circ \\mathrm{C}$ during the bubbling process $^{42}$ . However, the cooling also introduces practical challenges, such as condensation forming on the exterior of the NMR tube. This condensation requires manual intervention, such as wiping the tube with a tissue before insertion into the NMR for detection. This additional step conflicts with the goals of full automation and continuous operation, rendering such cooling techniques currently incompatible with fully automated systems. Addressing this limitation would require modifications to the system design, perhaps by integrating an automated mechanism to manage or prevent condensation without manual intervention.']","['The system has been tested to see how fast it can be cooled and how efficiently solid hydrogen can be grown. The cooldown process can be seen in Fig. 8. As the figure shows it takes almost four and a half hours to cool down the system. The slowest component to cool down is the heatshield, which needs 4:28 h to reach 80K temperature. The first stage of the cryocooler reached 43K and the heat exchanger that is connected directly to the first stage and the heat shield as well was on 45K when the entire system was cooled. The second stage of the cryocooler is connected to the desublimation surface. It is the upper surface of the cold chamber that is cooled to 5.5K while the rest of the chamber reaches only 35K. That temperature difference is designed intentionally to prevent the gas from desublimating on any other surface. The cold surface is insulated from the rest of the chamber with a deep groove to reduce the material cross-section and additionally, heaters are built in the cold chamber.']","Based on the provided context, the cooling process described does **not** specify a ""third step."" The text details two key aspects of cooling:  

1. **Initial Cooldown**:  
   - The system takes nearly 4.5 hours to cool, with the heatshield requiring 4 hours and 28 minutes to reach **80 K**.  

2. **Temperature Cycling for Enhanced Polarization**:  
   - Involves cooling the sample to **0°C** using ice water or air during bubbling to achieve higher polarization.  
   - This method introduces practical challenges (e.g., condensation on the NMR tube), conflicting with automation goals.  

**No third cooling step is mentioned**. The context only describes these two cooling processes and their limitations.  

If you are referring to the *three processes in polarization transfer* (cross-relaxation/NOE, etc.), that is unrelated to system cooling and concerns NMR spin dynamics. Clarify if your question pertains to polarization steps instead.",The second stage of the cryocooler is connected to the desublimation surface and cooled to 5.5K.,0.3045903561872152,0.9243816630869484,1.0,0.0,0.0
87,Why does PHIP transfer occur between parahydrogen nuclei and deuterium nuclei during the parahydrogenation reactions of acetylene-d2 to ethylene-d2 and ethylene-d4 to ethane-d4?,"['2.2 PHIP Transfer to ${}^{2}\\mathrm{H}$\nFurthermore, PHIP transfer could not just be detected or induced between protons but it has also recently been observed between the former parahydrogen nuclei and ${}^{2}\\mathrm{H}$ nuclei present in the hydrogenated product molecule during the parahydrogenation reactions of acetylene- $d_{2}$ to ethylene- $d_{2}$ and ethylene- $d_{4}$ to ethane- $d_{4}$ (Fig. 2) [19].', 'Introduction\nHomogeneous hydrogenation with parahydrogen yields strong ParaHydrogen Induced Polarization (PHIP) in the NMR spectra of the reaction products $^{1 - 4}$ originating from the breakdown of the initially high symmetry of parahydrogen as the consequence of a chemical reaction. The transfer of the two formerly equivalent parahydrogen protons into either chemically or magnetically inequivalent positions leads to a selective population only of those energy levels which possess some degree of singlet character. The associated deviation from the thermal equilibrium of the spin system, which is determined by the Boltzmann distribution, causes enhanced emission and absorption signals in the NMR spectra of the hydrogenation products, a phenomenon termed either PASADENA $^2$ (Parahydrogen And Synthesis Allow Dramatically Enhanced Nuclear Alignment) or PHIP. $^3$ The occurrence of this phenomenon requires, however, that the transfer of the two parahydrogen atoms occurs pairwise, i.e. simultaneously, whereby the transferred protons have to experience some sort of mutual interaction at any time. The associated signal enhancement is considerable and allows detection of reaction intermediates and products at lower concentrations than is feasible via conventional NMR. Therefore, this method has become a versatile tool to investigate the structure of many hydrogen- containing transition metal complexes, typically of dihydrides. $^6$', 'by naturally abundant $^{13}\\mathrm{C}$ - nuclei and that the active product operator transforms into an antiphase signal upon application of a read pulse to deuterium. This finding created a new understanding of the transfer of PHIP to heteronuclei since the paper published by Aime et al. provided the first experimental evidence and also a subsequent theoretical description of a PHIP transfer to heteronuclei which did not involve a direct participation of the two attached $^{1}\\mathrm{H}$ nuclei stemming from the parahydrogen molecule itself.']","['Furthermore, PHIP transfer could not just be detected or induced between protons but it has also recently been observed between the former parahydrogen nuclei and 2H nuclei present in the hydrogenated product molecule during the parahydrogenation reactions of acetylene-d2 to ethylene-d2 and ethylene-d4 to ethane-d4 (Fig. 2) [19]. The 2H-NMR spectra of these two parahydrogenated symmetrical molecules acquired using ALTADENA conditions showed enhanced antiphase signals and the splitting between the absorptive and the emissive peaks was equal to the direct coupling constant between the 2H-nucleus and the 13C-nucleus directly attached to it. The authors stated that this observation was an unambiguous indication that polarization transfer in this case is mediated.']","Based on the provided context, PHIP transfer occurs between parahydrogen nuclei and deuterium nuclei ($^{2}\mathrm{H}$) during the specified reactions due to the following key reasons:  

1. **Pairwise Transfer Requirement**: PHIP fundamentally requires the *pairwise transfer* of the two parahydrogen-derived protons into the product molecule. This maintains the initial spin correlation (singlet character) of parahydrogen.  

2. **Spin-System Interaction**: During hydrogenation of deuterated substrates (e.g., acetylene-$d_2$ or ethylene-$d_4$), the transferred protons and deuterium nuclei in the product molecule (ethylene-$d_2$ or ethane-$d_4$) exist in a coupled spin system. Mutual spin-spin interactions ($J$-couplings) between $^{1}\mathrm{H}$ and $^{2}\mathrm{H}$ nuclei enable polarization transfer.  

3. **Breakdown of Symmetry**: The chemical reaction breaks the symmetry of parahydrogen, populating energy levels with singlet character. This creates non-Boltzmann spin-state distributions that extend to nearby nuclei, including $^{2}\mathrm{H}$.  

4. **Operator Transformation**: The polarized spin state evolves into an **antiphase signal** when a read pulse is applied to deuterium. This confirms active polarization transfer to $^{2}\mathrm{H}$ without requiring direct participation of the parahydrogen-derived protons in the heteronuclear coupling network.  

5. **Experimental Evidence**: The phenomenon was first demonstrated by Aime et al. for reactions like acetylene-$d_2$ → ethylene-$d_2$, proving PHIP can transfer to heteronuclei (here, $^{2}\mathrm{H}$) via spin-spin interactions in the product molecule.  

In summary, PHIP transfer to $^{2}\mathrm{H}$ arises from spin-spin coupling between the parahydrogen-derived protons and deuterons in the hydrogenated product, facilitated by the pairwise addition of parahydrogen and the resulting non-equilibrium spin order.","The PHIP transfer occurs because the 2H-NMR spectra of these parahydrogenated symmetrical molecules showed enhanced antiphase signals, and the splitting between the absorptive and emissive peaks was equal to the direct coupling constant between the 2H-nucleus and the 13C-nucleus directly attached to it, indicating that polarization transfer is mediated by this coupling.",0.39742388322432676,0.9023289943513556,1.0,0.0,0.0
88,How can this approach successfully screen complex reactions using low field benchtop NMR?,"['the dynamic equilibrium included in our model, a good fit to the experimental data was obtained using rate constants for the formation of $2^{*}$ and $6^{*}$ fixed to those measured in studies on the isolated complexes. Hence, we illustrate that this approach can successfully screen complex reactions using low field benchtop NMR through single rather than multiple time course experiments. However, there is a need to adequately assess all the resulting chemical equilibria that are established in solution. Further investigations are required to develop a better understanding of the chemical systems explored herein and are a topic for future work using this reaction monitoring protocol.', 'CONCLUSION\nA para- hydrogen generator and benchtop NMR were successfully applied to monitor an organic reaction, amide coupling, using SABRE. This reaction, with a low concentration not detectable by normal benchtop NMR, was monitored after hyperpolarization. Interestingly, hyperpolarization on methylated glycine was exhibited by SABRE, which has not previously been reported. Even though the polarization transfer efficiency is not large, after the coupling, hyperpolarization is transferred into the glycine from the pyridine proton even at a long distance. This reported SABRE- based setup can be applied to Ir- based catalyst reactions. In particular, a special and optimized case for reaction monitoring using SABRE and benchtop NMR might be used for the more specific case where we need to monitor a special reaction in the future.', 'Reaction monitoring using process analytical technology reaction scale- up, and industrial quality control. Although NMR spectroscopy is a well- established method for reaction monitoring, standard high- field $(7 - 23\\mathrm{T})$ NMR spectrometers are large and costly to both purchase and operate, thereby making them poorly suited to PAT applications. Recently, lowcost benchtop NMR spectrometers, based on permanent magnets with field strengths around $1 - 2\\mathrm{T}_{\\cdot}$ have become available.2 These offer an opportunity to address the issue of cost while also providing a level of detector portability. However, these instruments suffer from relatively low sensitivity and reduced chemical shift dispersion due to the lower magnetic field strengths, which limits their viability for the study of low- concentration analytes and nuclei with low NMR receptivity such as $^{13}\\mathrm{C}$ One potential solution to this issue is to combine benchtop NMR with hyperpolarization.']","['Hence, we illustrate that this approach can successfully screen complex reactions using low field benchtop NMR through single rather than multiple time course experiments.']","The approach successfully screens complex reactions using low-field benchtop NMR through the following mechanisms:  

1. **Hyperpolarization via SABRE**:  
   - **Signal amplification** overcomes the inherent low sensitivity of benchtop NMR (1–2 T field strength) by transferring polarization from *para*-hydrogen to target molecules.  
   - Enables detection of low-concentration analytes (e.g., methylated glycine in amide coupling reactions), which are otherwise undetectable with standard benchtop NMR.  
   - Demonstrates **long-range polarization transfer**, as seen when hyperpolarization moves from pyridine protons to glycine despite spatial separation.  

2. **Simplified Experimental Workflow**:  
   - Relies on **single time-course experiments** instead of multiple runs, facilitated by fitting dynamic equilibrium models using pre-measured rate constants (e.g., for intermediates like 2* and 6*).  
   - Reduces experimental complexity while maintaining accuracy for kinetic and equilibrium analysis.  

3. **Cost and Accessibility Advantages**:  
   - **Benchtop NMR** systems offer portability and lower operational costs compared to high-field instruments (7–23 T).  
   - Combined with SABRE, this setup addresses limitations in chemical shift dispersion and sensitivity, making it viable for process analytical technology (PAT), reaction scale-up, and industrial quality control.  

**Limitations and Future Directions**:  
- Requires thorough assessment of all chemical equilibria in solution.  
- Further optimization needed for broader application, especially with Ir-based catalysts.  
- Potential for specialized monitoring of reactions where conventional NMR fails due to sensitivity constraints.  

This protocol demonstrates that SABRE-enhanced benchtop NMR can efficiently monitor complex reactions by amplifying weak signals and streamlining data acquisition.",Through single rather than multiple time course experiments.,0.21766807689486597,0.9773177034726098,0.967741935483871,0.9999999999,1.0
89,Why can hyperpolarized NMR signals be obtained from Parahydrogen despite it not being magnetically active?,"['Parahydrogen- induced polarisation utilises parahydrogen, a spin- isomer of hydrogen, as the source of polarisation.[3] As parahydrogen is a nuclear singlet, it is NMR silent, and to gain access to the polarised state, its symmetry must be broken.[4] To achieve this, parahydrogen- induced polarisation makes use of a metal centred catalyst, which catalyses the hydrogenation of a target ligand. Thus, polarisation is transferred to the target ligand resulting in dramatically increased signals in the NMR spectrum or magnetic resonance image. However, this process does necessitate the chemical transformation of the target ligand, and as such, they must be chemically synthesised to possess functional groups that can undergo hydrogenation.', 'The Parahydrogen operator commutes with rotational pulses $\\mathrm{(I_x}$ and $\\mathrm{I_y}$ pulses), therefore Parahydrogen is not magnetically active and does not give any NMR signal.', 'Singlet- state NMR (see ref. [39- 47]) offers an alternative possibility to overcome the drawbacks associated with hyperpolarized ${}^{1}\\mathrm{H}$ imaging. When parahydrogen is added to an unsaturated precursor molecule, the protons remain in a nonmagnetic singlet state, as long as they remain chemically and magnetically equivalent. This state is neither directly observable in MRI, nor can it be manipulated by radiofrequency (rf) pulses. Additionally, the proton singlet state is immune to certain relaxation mechanisms, and can have a much longer lifetime compared to proton magnetization. Thus, the hyperpolarization can be stored in the singlet state until the molecule undergoes a chemical reaction that renders the protons chemically or magnetically inequivalent. This breaks the proton singlet state, and observable hyperpolarized NMR signals are released.']","['The fact that hyperpolarized NMR signals can be obtained from Parahydrogen was predicted by Bowers and Weitekamp in 1986 and experimentally observed by the same authors and another group about one year later. Parahydrogen symmetry can be transformed into nuclear spin polarization by a chemical reaction, hereafter named parahydrogenation, during which the two protons are pairwise added to the substrate in non- equivalent positions, so that the spin correlation is maintained and the symmetry of the hydrogen molecule is broken. As a consequence, the para and the ortho states are mixed.']","Hyperpolarized NMR signals can be obtained from parahydrogen despite its inherent lack of magnetic activity due to the following principles derived from the context:

### 1. **Symmetry Breaking via Chemical Transformation**  
   Parahydrogen exists in a nuclear singlet state, making it NMR silent. However, when parahydrogen is catalytically added to an unsaturated ligand (e.g., via hydrogenation), the symmetry of the two parahydrogen-derived protons is broken. This occurs because the protons become chemically or magnetically inequivalent within the new molecular structure. This symmetry break converts the non-magnetic singlet state into an observable hyperpolarized state.

### 2. **Polarization Transfer to Target Ligands**  
   The hydrogenation reaction transfers the latent polarization from parahydrogen to the target ligand. Once symmetry is broken, the hyperpolarization manifests as dramatically enhanced NMR signals (e.g., in \(^{1}\text{H}\) spectra) or magnetic resonance images. This process does **not** require direct NMR detection of parahydrogen itself.

### 3. **Singlet-State Storage and Release**  
   In singlet-state NMR, the hyperpolarization can be stored in the non-magnetic singlet state (which is immune to certain relaxation mechanisms) for extended periods. The polarization only becomes detectable when a chemical reaction or environmental change renders the protons magnetically inequivalent, ""releasing"" the hyperpolarized signal.

### Key Limitation:  
The target ligand must be synthetically modified to include functional groups (e.g., unsaturated bonds) that allow hydrogenation, enabling symmetry breaking and polarization transfer.  

In summary, parahydrogen acts as a source of ""hidden"" polarization that is unmasked through chemical reactions, enabling hyperpolarized NMR signals without requiring parahydrogen itself to be magnetically active.","Hyperpolarized NMR signals can be obtained from Parahydrogen because its symmetry can be transformed into nuclear spin polarization through a chemical reaction called parahydrogenation. During this reaction, the two protons are added to the substrate in non-equivalent positions, maintaining spin correlation and breaking the symmetry of the hydrogen molecule. This mixing of para and ortho states allows the previously magnetically inactive Parahydrogen to produce observable NMR signals.",0.7562680084053669,0.9446120364364265,1.0,0.8333333332916666,1.0
90,What is the fourth step in the singlet state read-out process?,"['For singlet state read- out, we implemented the thiol addition reaction. This reaction could potentially be further developed into an enzyme- responsive system. Mercaptoethanol (3a) and its deuterated analog (3b) were used for base- catalyzed thiol addition experiments.[14] The reaction between 2a and 3a was facile and the half- life was estimated to be $12\\mathrm{s}$ from following the consumption rate of 2a by UV/Vis spectroscopy. In order to inject the thiol solution into the NMR sample tube in the spectrometer, we inserted a segment of a long tubing through a septum cap into the NMR sample solution. The tubing was connected to a syringe containing the thiol solution.[15] A typical experiment proceeded in the following manner (Figure 2): After hydrogenation of 1 with parahydrogen at earth field, we transported the NMR sample tube, along with the tubing, to the observation field and applied a spoiler pulse. After several minutes $(T_{\\mathrm{w}})$ , the thiol solution was injected simultaneously with the initiation of the OPSY pulse sequence.', '[](images/670e180ed0e3aae3562c74991708ce72396c1a84d078ffa7c29124792c674189.jpg) \nFIGURE 5 (A) $^{1}\\mathrm{H}$ NMR spectrum of $\\mathrm{T}[2,3 - d]\\mathrm{P}$ in methanol- $d_{4}$ showing the 4 proton resonances including the 2 doublets arising from the mutually coupled H2 and H3. (B) Characteristic antiphase peaks observed in the read-out stage of the LLS experiment of the pseudo-singlet created between H2 and H3. The highlighted locations indicate both the NMR peaks and the protons within the molecule where the pseudo-singlet state has been created. (C) Stacked array of NMR spectra resulting from the LLS experiment showing the decay of the long-lived singlet in the read-out stage. (D) Exponential decay of the singlet state created between H2 and H3 in $\\mathrm{T}[2,3 - d]\\mathrm{P}$ using the LLS pulse sequence in high field. The black squares indicate the intensity of the combined NMR signal from the pseudo-singlet state in the read-out stage of the LLS experiment', '6.1.1Polarization transfer to hydrogen nuclei within the hydrogenation product\nAs the name indicates, the ALTADENA experiment involves adiabatic transferThe term adiabatic is applied here in the quantum mechanical sense so the underlying process must be slow enough to allow the state of the system always to remain an eigenstate of the Hamiltonian as the magnetic field experienced by the spin system changesThat is to say, the populations of each eigenstate of the initial Hamiltonian remain with those states as they shift into the new eigenstates of the Hamiltonian at a later timeThe quantum mechanical aspects of the transfer may then be described in the following way for a system comprising two spinsStarting with the singlet state of molecular hydrogen, we assume it adds into the substrate of interest in a manner which fulfils the requirement of breaking the symmetry of its nuclear spin system, yet preserving the singlet state (see Section 2.1)In the original work, which focused on hydrogenation reactions [2,3,5] the singlet state symmetry was broken using asymmetric substratesHowever, in later work it has been shown that the singlet state symmetry may equally well be broken in symmetric substrates by the presence of $^{13}\\mathrm{C}$ [73]Regardless of how the symmetry may be broken, once these atoms are in their new product- derived environment, the initial singlet state starts to evolveAn important question is to what extent this singlet state has evolved by the time parahydrogen is firmly located in the substrate of interest since this point marks the commencement of the internuclear polarization transfer process used to enhance $^{1}\\mathrm{H}$ nuclei and heteronuclei signalsIt is important to realize, however, that such reactions can be broken down into at least two steps: (i) the catalytic step, where the former parahydrogen nuclei and substrate are located within the co- ordination sphere of a metal, and (ii) the organic product that is formed after elimination from the metal']","['A typical experiment proceeded in the following manner (Figure 2): After hydrogenation of 1 with parahydrogen at earth field, we transported the NMR sample tube, along with the tubing, to the observation field and applied a spoiler pulse. After several minutes (T_w), the thiol solution was injected simultaneously with the initiation of the OPSY pulse sequence.']","Based on the provided information in the context, the singlet state read-out process for the thiol addition reaction involves the following steps:

1. Hydrogenation of substrate **1** with parahydrogen at earth field.  
2. Transport of the NMR sample tube to the observation field and application of a spoiler pulse.  
3. After a waiting time (\(T_{\mathrm{w}}\)), injection of the thiol solution (e.g., mercaptoethanol **3a**) **simultaneously with the initiation of the OPSY pulse sequence**.  

The context explicitly describes **only these three steps** in the singlet state read-out workflow (as summarized in Figure 2 and the experimental description). No fourth step is mentioned or implied in the provided text.  

**Conclusion**:  
Based on the provided information, the fourth step in the singlet state read-out process cannot be determined. The described procedure concludes with step 3.",Injecting the thiol solution simultaneously with the initiation of the OPSY pulse sequence.,0.27940104449002945,0.0,1.0,0.9999999999,1.0
91,Why is imaging of hydrogen peroxide (H2O2) in vivo considered highly desirable for diagnostic and therapeutic purposes?,"['In this work, we sought to develop a responsive contrast agent that can be hyperpolarized with parahydrogen and undergoes chemical alteration in the presence of reactive oxygen species (ROS) such as hydrogen peroxide $(\\mathrm{H}_2\\mathrm{O}_2)$ . ROS has shown to be toxic in high concentrations but function as essential intracellular signaling molecules.[10] Compared to other ROS species, $\\mathrm{H}_2\\mathrm{O}_2$ is stable under physiological conditions and exists in relatively high concentrations in vivo.[11] Generally, the ROS signaling pathways control ROS intracellular homeostasis. Disturbance of the $\\mathrm{H}_2\\mathrm{O}_2$ level represents a hallmark for various diseases, such as inflammation, tissue injury, cancer, and neurodegenerative disorders.[12] It would be highly desirable to establish $\\mathrm{H}_2\\mathrm{O}_2$ imaging in vivo, which may play an important role for diagnostic and therapeutic utility. Therefore, development of $\\mathrm{H}_2\\mathrm{O}_2$ - sensing probes viable for preclinical models is of great significance.', 'high concentration of $\\mathrm{pH}_2$ in vivo is attainable in vivo, given that an efficient transfer mechanism is available. For this transfer mechanism, the catalyst will play a key role. Note that the consumption and renewal of $\\mathrm{pH}_2$ was not taken into account in this estimation, and neither was the effect of the resonance frequency, although this effect may be neglected under certain conditions.43 The required polarization per voxel was estimated for a standard, whole- body MRI system, and may be reduced significantly by using, e.g., a cryogenic coil or SQUID for signal reception.44', 'Answer: the use of deuterated substrates (glucose- d2, fumarated2) to image metabolic processes in vivo is an interesting approach that allows to avoid the issue of limited time window dictated by hyperpolarization decay.. The low sensitivity of the 2H signal is partially compensated by the short T1s of the 2H- resonances that allow the accumulation of a large number of transients in the time of the in vivo examination. Nevertheless the dose of administered fumarate is much higher than the dose used for the HP experiment and this may still be an issue for clinical traslactions. Furthermore, it has to be noticed that the 2H- detection requires scanners operating at high magnetic field strength to account for the small chemical shift differences between the deuterium resonances of fumarate, HDO and malate.']","['ROS has shown to be toxic in high concentrations but function as essential intracellular signaling molecules.[10] Compared to other ROS species, H2O2 is stable under physiological conditions and exists in relatively high concentrations in vivo.[11] Generally, the ROS signaling pathways control ROS intracellular homeostasis. Disturbance of the H2O2 level represents a hallmark for various diseases, such as inflammation, tissue injury, cancer, and neurodegenerative disorders.[12] It would be highly desirable to establish H2O2 imaging in vivo, which may play an important role for diagnostic and therapeutic utility.']","Based on the provided context, imaging of hydrogen peroxide ($\mathrm{H}_2\mathrm{O}_2$) in vivo is considered highly desirable for diagnostic and therapeutic purposes due to the following reasons:

1. **Role in Disease Pathology**: Disturbances in $\mathrm{H}_2\mathrm{O}_2$ levels serve as a hallmark for multiple diseases, including inflammation, tissue injury, cancer, and neurodegenerative disorders. Abnormal $\mathrm{H}_2\mathrm{O}_2$ concentrations directly reflect pathological states, making it a critical biomarker for disease diagnosis.

2. **Physiological Relevance**: While reactive oxygen species (ROS) like $\mathrm{H}_2\mathrm{O}_2$ are toxic at high concentrations, they function as essential intracellular signaling molecules under normal physiological conditions. $\mathrm{H}_2\mathrm{O}_2$ is uniquely stable in vivo and exists at relatively high concentrations compared to other ROS, allowing it to serve as a reliable indicator of redox homeostasis.

3. **Diagnostic and Therapeutic Utility**: Non-invasive imaging of $\mathrm{H}_2\mathrm{O}_2$ could enable early detection of disease states and real-time monitoring of therapeutic interventions. For instance, tracking $\mathrm{H}_2\mathrm{O}_2$ dynamics may help assess treatment efficacy in conditions like cancer or neurodegeneration, where ROS signaling pathways are disrupted.

The development of $\mathrm{H}_2\mathrm{O}_2$-sensing probes (e.g., parahydrogen-hyperpolarized contrast agents) is emphasized as significant for preclinical models, with potential translational impact in clinical diagnostics.","Imaging of hydrogen peroxide (H2O2) in vivo is highly desirable because disturbance in H2O2 levels is a hallmark for various diseases such as inflammation, tissue injury, cancer, and neurodegenerative disorders. Establishing H2O2 imaging could play an important role in diagnosing and treating these conditions, making the development of H2O2-sensing probes for preclinical models significant.",0.49521006114511107,1.0,0.7058823529411765,0.9999999999,1.0
92,Why does the $T_{1}$ of $[1 - ^{13}\mathbb{C}]$ lactate exhibit a global minimum at neutral pH?,[],"['However, at pH values greater than the $\\mathsf{p}K_{\\mathsf{a}}$ the $T_{1}$ of lactate drops further down and exhibits a global minimum at neutral pH. We assume that this effect is related to intra- and- / or intermolecular formation of a hydrogen bond between the alpha- hydroxyl group and the negatively charged oxygen that is formed after deprotonation of the carboxylic acid.[23] This would increase dipolar couplings between protons and the $^{13}\\mathrm{C}-$ labelled carboxyl carbon, which in effect would reduce $T_{1}$.']","Based on the provided information, the question about why the $T_1$ of $[1-^{13}\mathrm{C}]$lactate exhibits a global minimum at neutral pH cannot be answered. The RAG knowledge base does not contain specific details or experimental data addressing this phenomenon.","The global minimum in $T_{1}$ at neutral pH is likely due to the intra- and/or intermolecular formation of a hydrogen bond between the alpha-hydroxyl group and the negatively charged oxygen formed after deprotonation of the carboxylic acid. This hydrogen bond increases dipolar couplings between protons and the $^{13}\mathrm{C}-$ labelled carboxyl carbon, thereby reducing $T_{1}$.",0.15976247967834512,0.0,0.0,0.0,0.0
93,How does the relative malate signal intensity compare between PHIP and D-DNP experiments?,"['A similar experiment to what has been shown here was demonstrated with DNP- polarized fumarate, to show that long- lived spin states can be populated via D- DNP.[4] In this work we have used PHIP to hyperpolarize the proton singlet state, and show that this type of experiment can be used for imaging. A comparison of PHIP with D- DNP as polarization sources is relatively straightforward for experiments in which the $^{13}\\mathrm{C}$ spins in fumarate are hyperpolarized; the polarization levels can be compared by measuring the $^{13}\\mathrm{C}$ magnetization at the point of delivery. A similar comparison is more subtle for this proton- enhanced experiment. The fumarate protons support four states: a singlet state and three triplet states. The distribution of population amongst these four states determines the maximum malate signal intensity at the point of detection. In the PHIP experiment the aim is to fully populate the singlet state by starting from para- enriched hydrogen, which would lead to a relative malate signal intensity of 1. In the D- DNP experiment the polarization process depletes the singlet state, which would lead to a relative malate signal intensity of $- 1 / 3$ as discussed in the Supporting Information, as well as in ref. [4]. Beyond the highest achievable signal enhancement, PHIP stands out as being significantly less expensive than D- DNP, and is able to produce boluses of hyperpolarized material at a much higher turnover rate.', 'Since during a PHIP experiment the ${}^{1}\\mathrm{H}$ NMR spectra are recorded as single scans, the respective intensities were determined after deconvolution in order to increase the signal- to- noise ratio (see ESI). However, for each substrate studied via PHIP the observed absolute intensities of amplified signals depend on the peculiar reaction kinetics which are strongly influenced by pH- values and catalytic efficacy.13c For this reason, the signal enhancements determined in the present work may not be directly compared and will be qualitatively discussed.', 'chemical and biochemical studies, and unraveling molecular structuresDespite its remarkable capabilities, its effectiveness is hindered by its inherent low sensitivity.33 However, this limitation is effectively addressed through hyperpolarized (HP) magnetic resonanceHP enhances MRS signals by over four orders of magnitude34 relying on the generation of isotopically enriched, non- toxic contrast agents that enable in vitro and in vivo metabolic kinetics studies in real- time and that have been used among other for patient pH imaging.34- 36 To generate hyperpolarized $^{13}\\mathrm{C}$ metabolites, two approaches are largely employedBetween them, dissolution Dynamic Nuclear Polarization (dDNP) is a technique that has been used for producing HP pyruvate,37,38 and also to produce HP bicarbonate to perform in vitro and in vivo pH measurements.2,39- 44 However, clinical scale dDNP is expensive and it is a slow technique that requires times between ten minutes to hours to produce HP metabolites.45,46 Although several HP probes were successfully developed using dDNP, the needed of sophisticated and expensive equipment, as well as, the long polarization times are most likely the reasons why translation is challenging.2,3,40- 42,47- 54 An alternative approach to hyperpolarize metabolites is based on parahydrogen- induced polarization (PHIP)This technique converts the nuclear spin singlet of parahydrogen $(\\mathrm{pH}_2)$ into enhanced signals within secondsOne of the $\\mathrm{pH_2}$ - based hyperpolarization methods, known as Signal Amplification by Reversible Exchange (SABRE), operates through reversible exchange processes between a target molecule and a metal catalyst.55 For the classical PHIP method, an unsaturated precursor is required to which hydrogen is addedThe development of PHIP- SAH (PHIP by means of the Side Arm Hydrogenation) opened up new opportunities to hyperpolarize metabolites.46 Thereby, the target molecule is functio nalized with an unsaturated side arm, e.gvia esterification']","['In the PHIP experiment the aim is to fully populate the singlet state by starting from para- enriched hydrogen, which would lead to a relative malate signal intensity of 1. In the D- DNP experiment the polarization process depletes the singlet state, which would lead to a relative malate signal intensity of  $- 1 / 3$  as discussed in the Supporting Information, as well as in ref. [4].']","Based on the provided context, the relative malate signal intensity differs significantly between PHIP and D-DNP experiments due to distinct polarization mechanisms:

1. **PHIP experiment**  
   - Aims to fully populate the proton singlet state using para-enriched hydrogen.  
   - Achieves a **relative malate signal intensity of 1** (maximum theoretical signal).  

2. **D-DNP experiment**  
   - Depletes the singlet state during polarization.  
   - Results in a **relative malate signal intensity of -1/3**.  

### Key Comparison  
| Technique | Relative Malate Signal Intensity |  
|-----------|----------------------------------|  
| PHIP      | 1                                |  
| D-DNP     | -1/3                             |  

### Explanation  
- The fumarate protons exist in four states (one singlet + three triplet states).  
- PHIP optimizes singlet-state population for maximal signal, while D-DNP reduces it.  
- The negative value for D-DNP reflects signal depletion relative to the equilibrium state.  

For experimental details, see the referenced Supporting Information and ref. [4] in the context.","In the PHIP experiment, the relative malate signal intensity is 1, while in the D-DNP experiment, it is -1/3. Therefore, PHIP produces a higher relative malate signal intensity than D-DNP.",0.5745638856236729,0.9897901127078456,1.0,0.9999999999,1.0
94,Why do the protons located in the substrate trans to the NHC of the catalyst exhibit shorter T1 values than those of the related equatorial ligand?,"['The protons that are located in the substrate trans to the NHC of the catalyst exhibit shorter $T_{1}$ values than those of the related equatorial ligand. This is due to the strong iridium- nitrogen bond of the axial ligand, which consequently does not exchange on the timescale of these NMR. The $T_{1}$ values for the equatorial substrate are clearly raised relative to their axial counterparts due to the contribution of the larger free material $T_{1}$ .29,32,69 These data also show that as the $k_{\\mathrm{d}}$ increases, the $T_{1}$ values decrease due to longer', ""Ratio of catalyst to substrate\nThe SABRE catalyst's primary role is to act as a mediator during polarisation transfer. However, it also has a role to play in relaxation. Studies have shown that the presence of the polarisation transfer catalyst results in $T_{1}$ relaxation constants of $^{1}\\mathrm{H}$ nuclei in the substrate being shortened in $\\mathrm{CD}_3\\mathrm{OD}$ . In substrate molecules, which already have short $T_{1}$ 's, this can be entirely detrimental to the observation of a hyperpolarised signal. The effect on $T_{1}$ of all of the ortho, meta and para $^{1}\\mathrm{H}$ nuclei of pyridine in the presence of $[\\mathrm{lr}(\\mathrm{NHC})(\\mathrm{py})_3(\\mathrm{H})_2]^+$ , where NHC is SIMes, IPr, $\\mathrm{SiPr}$ , $\\mathrm{ImMe}_2\\mathrm{NPr}_2$ , IMes and IMe, has been demonstrated.[17] The $T_{1}$ data for the ortho $^{1}\\mathrm{H}$ spins are shown in Table 1. The data showed that for the majority, there is a substantial reduction in $T_{1}$ values $(50 - 70\\%)$ . However, for the NHCs ICy, $\\mathrm{ImMe}_2\\mathrm{NPr}_2^+$ and IMe, there was a small increase for the ortho $^{1}\\mathrm{H}$ resonance. However, it should be stated that upon inspection of the para and meta $^{1}\\mathrm{H}$ resonance $T_{1}$ values, a decrease of between $5\\%$ and $7\\%$ is observed for three three NHCs. The presence of the polarisation transfer catalyst, therefore, has a substantial effect on the longevity of the polarisation. Removal of the catalyst is thus important not only for biological application (See section on"", 'In order to reduce this effect, a number of approaches have been taken. First, by increasing the substrate concentration relative to that of the catalyst, the equilibrium contributions of the free and bound substrate change and, thus, the effective $T_{1}$ values increase.[18] However, this typically also leads to the observation of reduced enhancement values. Alternatively, deuterium labelling of the NHC ligand has been shown to increase the lifetime of substrate']","['The protons that are located in the substrate trans to the NHC of the catalyst exhibit shorter T1 values than those of the related equatorial ligand. This is due to the strong iridium- nitrogen bond of the axial ligand, which consequently does not exchange on the timescale of these NMR.']","The protons located in the substrate trans to the N-heterocyclic carbene (NHC) ligand of the catalyst exhibit shorter $T_1$ values than those in equatorial positions due to two key factors:  

1. **Strong Iridium-Nitrogen Bond**: The axial ligand (trans to NHC) forms a strong iridium-nitrogen bond that prevents exchange on the NMR timescale. This rigidity keeps the protons in a bound state where relaxation is dominated by interactions with the paramagnetic iridium center, resulting in faster relaxation (shorter $T_1$).  

2. **Exchange Dynamics**: Equatorial protons undergo reversible exchange between bound and free states. The $T_1$ values for equatorial positions are elevated due to contributions from the free substrate, which has a longer $T_1$. In contrast, axial protons remain bound without exchange, so their $T_1$ is solely governed by the relaxation mechanisms of the bound complex.  

Additionally, dissociation kinetics ($k_{\mathrm{d}}$) influence $T_1$: as $k_{\mathrm{d}}$ increases, $T_1$ decreases further due to prolonged interactions with the catalyst.  

This behavior is distinct from equatorial ligands, where exchange moderates relaxation.","This is due to the strong iridium-nitrogen bond of the axial ligand, which does not exchange on the timescale of these NMR measurements, leading to shorter T1 values for the axial protons compared to the equatorial ones.",0.821137199339575,0.9144613251338002,0.7692307692307693,0.9999999999,1.0
95,Why are the T1 relaxation rates faster in chloroform compared to those in methanol for the iridium complex?,"['The ultralow- field $\\mathrm{T}_1$ measurement was carried out by a series of manually controlled experiments where after polarizing the sample at the optimum transfer field $(0.7\\mu \\mathrm{T})$ , the $\\mathbb{p} - \\mathbb{H}_2$ flow was interrupted and the sample was kept at $0.7\\mu \\mathrm{T}$ for a variable time before inserting it in a benchtop NMR spectrometer. A monoexponential fitting of the integrated signals yields approximately the same $\\mathrm{T}_1$ times of $7 - 8\\mathrm{s}$ in the organic phase (Figure 3f) and $23 - 27\\mathrm{s}$ in the aqueous phase (Figure 3e) for all three ${}^{15}\\mathrm{N}$ sites. These $\\mathrm{T}_1$ times are close to $\\mathrm{T_b}$ values, indicating that polarization buildup is limited by relaxation at microtesla magnetic fields. The faster $\\mathrm{T}_1$ relaxation rates in chloroform compared to those in methanol reported elsewhere42 can be attributed to the presence of an additional quadrupolar nucleus $\\left(^{35}\\mathrm{Cl}\\right)$ or ${}^{37}\\mathrm{Cl}$ in the major iridium complex $\\left[\\mathrm{Ir}(\\mathrm{IMes})(\\mathrm{MNZ})_2(\\mathrm{H})_2\\mathrm{Cl}\\right]$ (it is known that coupling to quadrupolar nuclei significantly and negatively affects the attainable SABRE- SHEATH polarizations40).', ""The relaxation curves show a clear difference between the two solvents. The relaxation time for pyridine in deuterated methanol was $T_{1} = 10.3\\pm 0.3\\mathrm{s}$ , while the relaxation time in protio methanol was $T_{1} = 6.00\\pm 0.04\\mathrm{s}$ . This reduction in relaxation time was attributed to the increased dipole- dipole interactions between the ${}^{1}\\mathrm{H}$ nuclei on the substrate and in the solvent. These results indicate that in the Earth's magnetic field, any ${}^{1}\\mathrm{H}$ quadrupolar relaxation effects are much weaker than the effects of the ${}^{1}\\mathrm{H} - {}^{1}\\mathrm{H}$ dipole- dipole relaxation. This is in agreement with previous work by Duckett and co- workers, which showed that partial deuteration of both the substrate and the SABRE catalyst increased the efficiency of SABRE polarization transfer in a PTF of $6.5~\\mathrm{mT}$ [48]. We note that other groups have found that, in the sub- Earth's field regime, the presence of quadrupolar nuclei, such as ${}^{14}\\mathrm{N}$ , leads to a reduction in the efficiency of hyperpolarization transfer to ${}^{13}\\mathrm{C}$ , an effect that is attributed to strong quadrupolar relaxation effects in this field regime [49]."", ""Overall, the mixture of $\\mathrm{CD_3OD}$ and HFE solvents accelerates the relaxation dynamics of $[1 - ^{13}\\mathrm{C}]$ pyruvate as compared to a deuterated methanol solution only (Figure 1c).[30- 32] More specifically, as observed in Figures 1d, 1e, the $P_{\\mathrm{13C}}$ build- up time constant $(T_{\\mathrm{b}})$ for (bound $^+$ free) species in the shield was shorten to $\\mathrm{T_b} = 4.7\\pm 1.0\\mathrm{s}$ and the relaxation time in the shield was measured to be $\\mathrm{T_1} = 12.6\\pm$ $1.1~\\mathrm{s}$ faster than in methanol alone with either perfluorinated and unmodified SABRE catalysts. At $1.88~\\mathrm{T}$ the relaxation slowed significantly, giving a decay constant of $66.5\\pm 3.6\\mathrm{s}$ Remarkably, at Earth's field the relaxation dynamics were notably faster when using the perfluorinated SABRE catalyst in the $\\mathrm{CD_3OD / HFE}$ solvent mixture and $\\mathrm{T_1}$ value at Earth's field was measured to be $9.3\\pm 0.8\\mathrm{s}$ (Figure 1e). The precise origin of the accelerated relaxation at low magnetic fields remains unclear, but it may be attributed to a combination of more efficient cross- relaxation with nuclear spins (and possibly, residual electronic spins) under these low- field conditions.[33] Additionally, the increased effective molecular weight of the perfluorinated catalyst $(>$ $1400\\mathrm{g / mol})$ may play a role, potentially involving the formation of macromolecular assemblies with the fluorinated solvent. Indeed, slower molecular motion within low magnetic fields, e.g. those encountered in the Earth's magnetic field, could result in more efficient relaxation dynamics. Similar observations have been documented in peptides and proteins with molecular weights surpassing $1000\\mathrm{Da}$ [34,35] Although experimental evidence for macromolecular assembly formation is currently lacking, it is plausible that the existence of larger macromolecular assemblies involving the fluorinated solvent would enhance this phenomenon.""]",['The faster T1 relaxation rates in chloroform compared to those in methanol reported elsewhere42 can be attributed to the presence of an additional quadrupolar nucleus (35Cl) or 37Cl in the major iridium complex [Ir(IMes)(MNZ)2(H)2Cl] (it is known that coupling to quadrupolar nuclei significantly and negatively affects the attainable SABRE- SHEATH polarizations40).'],"Based on the provided context, the faster T₁ relaxation rates in chloroform compared to methanol for the iridium complex [Ir(IMes)(MNZ)₂(H)₂Cl] are attributed to **the presence of quadrupolar chlorine nuclei** (³⁵Cl or ³⁷Cl) in the complex. This is explicitly stated in the context:  

> *""The faster T₁ relaxation rates in chloroform compared to those in methanol... can be attributed to the presence of an additional quadrupolar nucleus (³⁵Cl or ³⁷Cl) in the major iridium complex... (it is known that coupling to quadrupolar nuclei significantly and negatively affects the attainable SABRE-SHEATH polarizations).""*  

### Key Mechanism:
- **Quadrupolar relaxation**: Chlorine nuclei (³⁵Cl, ³⁷Cl) have spin >½ and possess an electric quadrupole moment. This accelerates relaxation via interactions with local electric field gradients in the molecule, particularly at low magnetic fields (e.g., 0.7 μT used here).  
- **Contrast with methanol**: Methanol lacks such quadrupolar nuclei, resulting in slower relaxation dominated by dipole-dipole interactions (e.g., between substrate and solvent protons).  

This effect is consistent with prior observations that quadrupolar nuclei reduce hyperpolarization efficiency in low-field regimes.","The faster T1 relaxation rates in chloroform are due to the presence of an additional quadrupolar nucleus (35Cl or 37Cl) in the major iridium complex [Ir(IMes)(MNZ)2(H)2Cl], which significantly and negatively affects the attainable SABRE-SHEATH polarizations.",0.5973151809502586,0.9309870657738792,0.75,0.9999999999,1.0
96,Why does the residual concentration of H2O2 not pose a concern to humans or mice?,"['Even though this value demonstrate a rapid decarboxylation rate of pyruvate, and pyruvate conversion was approximately of $76\\%$ $9\\mathrm{mM}$ of uncarboxylated pyruvate $(24\\%)$ were present after $45\\mathrm{~s~}$ of $\\mathrm{H}_2\\mathrm{O}_2$ additionGiven the signal strengths shown in Fig2 we do not expect interferences due to the low concentrationHowever, if it is considered that uncarboxylated pyruvate could be transformed in vivo to lactate $(\\sim 182~\\mathrm{ppm})$ and alanine $(\\sim 176~\\mathrm{ppm})$ , there are no major concerns since the residual products will not interfere with the signal of the species used for the $\\mathrm{pH}$ measurements $\\mathrm{H}^{13}\\mathrm{CO}_3^{- }$ $(\\sim 160~\\mathrm{ppm})$ and $^{13}\\mathrm{CO}_2$ $(\\sim 128~\\mathrm{ppm})$ , and actually could provide valuable information about real- time metabolic kineticsConcerning $\\mathrm{H}_2\\mathrm{O}_2$ concentration, assuming a 1:1 relation between acetate formed and $\\mathrm{H}_2\\mathrm{O}_2$ consumed, it was observed that at $45\\mathrm{~s~}$ the remaining concentration of $\\mathrm{H}_2\\mathrm{O}_2$ is approximately $20~\\mathrm{mM}$ $(0.06\\%)$ in $325~\\mu \\mathrm{L}$ Human studies exist in which $\\mathrm{H}_2\\mathrm{O}_2$ in concentrations between $(0.06 - 0.48)\\%$ were injected via intra- arterial or intravenous (evaluating its therapeutic potential on head and neck cancer, arteriosclerosis, wound healing) did not show toxicity.75 On in vivo experiments, the reported intravenous (median lethal dose) $\\mathrm{LD}_{50}$ in mice was founded to be $50000~\\mathrm{mg}$ per $\\mathrm{kg}$ body weight.76 Therefore, given that facts, and the fact that that our solution would dilute by the blood volume $(\\sim 6\\mathrm{~L~}$ in humans, $77 - 80\\mu \\mathrm{L}\\mathrm{g}^{- 1}$ in mice), the residual concentration does not appear to pose a concern to humans or mice', 'Regarding $\\mathrm{CaCl}_2$ at the final solution, this is added during decarboxylation at $3\\mathrm{mM}$ concentration that is much lower than used safely in humans and mice for calcium replenishment in arrhythmias associated with hypocalcemia, hyperkale-', '2.2.4. Relaxation Properties and Stability of $H_{2}$\nThe $T_{1}$ relaxation constant of $\\mathrm{OH}_2$ in $\\mathrm{H}_2$ gas mixtures was previously found to be unaffected by the para- enrichment fraction: at $11.8\\mathrm{T}$ room temperature, and ambient pressure, $T_{1}(\\mathrm{OH}_{2}) = 3.7\\pm 0.9\\mathrm{ms}$ [17d] At lower temperatures (34- 40 K), higher pressures (40 bar), and high enrichment fractions (86- $99.4\\%$ ), $T_{1}(\\mathrm{OH}_{2})$ was found to range from $2.7\\mathrm{ms}$ to $14.5\\mathrm{ms}$ [24] The $T_{2}$ constant of $\\mathrm{OH}_2$ was measured to be approximately $0.5\\mathrm{ms}$ slightly shorter for $\\mathrm{pH}_2$ - enriched mixtures $(0.47\\pm$ $0.03\\mathrm{ms}$ ), and slightly longer for $\\mathrm{rtH}_2$ $(0.54\\pm 0.01\\mathrm{ms})$ [17d]']","['Human studies exist in which H2O2 in concentrations between (0.06 - 0.48)% were injected via intra-arterial or intravenous (evaluating its therapeutic potential on head and neck cancer, arteriosclerosis, wound healing) did not show toxicity.75 On in vivo experiments, the reported intravenous (median lethal dose) LD50 in mice was founded to be 50000 mg per kg body weight.76 Therefore, given that facts, and the fact that that our solution would dilute by the blood volume (~6L in humans, 77 - 80μLg−1 in mice), the residual concentration does not appear to pose a concern to humans or mice.']","Based on the provided context, the residual concentration of H₂O₂ does not pose a concern to humans or mice for the following reasons:  

1. **Safe concentration range in humans**:  
   Human studies involving intra-arterial or intravenous injections of H₂O₂ at concentrations between **0.06% and 0.48%** demonstrated no toxicity. The residual H₂O₂ concentration in the described experiment is **0.06%** (20 mM in 325 μL), which falls within this clinically tested safe range.  

2. **High LD₅₀ in mice**:  
   The intravenous median lethal dose (LD₅₀) for H₂O₂ in mice is **50,000 mg per kg body weight**, significantly higher than the residual concentration used.  

3. **Dilution in biological systems**:  
   The solution would undergo substantial dilution in blood volume:  
   - **~6 L** in humans.  
   - **77–80 μL g⁻¹** in mice.  
   This further reduces the effective concentration below levels of concern.  

The combination of prior safe human use data, high murine LD₅₀, and physiological dilution confirms the safety of the residual H₂O₂ concentration.","The residual H2O2 concentration does not pose a concern because human studies showed no toxicity at similar concentrations (0.06-0.48%), the median lethal dose in mice is very high (50000 mg/kg), and the solution would be further diluted by blood volume (~6L in humans, 77-80μL/g in mice).",0.8372613368613084,0.8757356553793355,1.0,0.9999999999,1.0
97,Why does L11 appear as a different case in the reaction mechanism?,"['L11 appears as a different case,as the electron-withdrawing properties of the $\\mathrm { C F } _ { 3 }$ group in $\\mathrm { R } _ { 3 }$ affect the overall reaction mechanism. The transition state ${ \\bf 1 1 a } ^ { \\bf T S }$ has a very low energy barrier (only $3 . 3 \\mathrm { \\ k J / m o l } ,$ ，with the last hydrogenation step being among the lowest energy barriers $\\left( 3 7 . 1 \\mathrm { \\ k J / m o l } \\right)$ . This allows the polarization to be preserved even in the presence of the strong dipolar interactions of the three proton resonances of the methyl group in the product.', 'When $\\dot { \\mathrm { R } } _ { 1 } = \\mathrm { H }$ (L10)，no enhanced signals are observed under these experimental conditions (figure S4， Supporting Information). This is not the case for ${ \\textsc { R } } _ { 1 } = { \\textsc { H } }$ $\\mathrm { R } _ { 3 } \\ = \\ \\mathrm { C F } _ { 3 }$ (compound L11),where $^ 1 \\mathrm { H }$ net PHIP signals are observed for $\\mathrm { H } _ { 1 }$ and the just formed methyl group (figure S5, Supporting Information).Also in this case, relaxation measurements show that this behavior cannot be accounted for by the $T _ { 1 }$ values of $\\mathrm { H } _ { 1 } , \\mathrm { H } _ { 2 } ,$ and $\\mathrm { H } _ { 3 }$ in Ll0e and L1le,as they are quite similar (10.5 and $1 2 . 4 \\ s$ for $\\mathrm { H } _ { 1 }$ and 3.4 and $3 . 0 ~ s$ for the just formed methyl group).We can surmise that the strongly electronattracting $\\mathrm { C F } _ { 3 }$ group on the amidic CO influences the reaction mechanism and/or the lifetime of the involved intermediates reducing the overall reaction time and thus limiting the polarization loss due to relaxation.Evidence will be given below.', 'Introduction\nReaction mechanisms implicating intermediates with two or more electronic states close in energy are increasingly common.1 They include reactions involving carbenes and nitrenes as well as their isolobal transition metal analoguesIn view of the differing rates of singlet- singlet and singlet- triplet combinations, the existence of the two spin states can affect product distributions significantlyIt is also possible that while both reagents and products have the same electronic spin state, spin crossover occurs during the transformation and a highly complex reaction pathway is followedAlthough breakthroughs have been made in the spectroscopic examination of reaction intermediates, their short lifetime makes detailed study experimentally challengingOne reaction that has been studied in great detail is the oxidative addition of $\\mathrm{H}_{2}$ to $\\mathrm{Fe(CO)_3}$ .5 Experimentally it has been shown that rate of $\\mathrm{H}_{2}$ addition to triplet $\\mathrm{Fe(CO)_3}$ is three orders of magnitude slower than that to related singlet states.5 This phenomenon has been attributed to the spin forbidden character of the singlet- triplet combinationThe chemistry of the group- 6- metallocenees $(\\mathfrak{n}^{5} - \\mathbb{C}_{5}\\mathrm{H}_{5})_{2}\\mathrm{W}$ and their ansa- bridged analogues that can be generated photolychemically from the corresponding dihydrides67 or methyl hydrides68 is also dominated by singlet/triplet effects.7 A further example is provided by $(\\mathfrak{n}^{5} - \\mathbb{C}_{5}\\mathrm{H}_{5})\\mathrm{Co}(\\mathrm{CO})$ formed by photolysis of $(\\mathfrak{n}^{5} - \\mathbb{C}_{5}\\mathrm{H}_{5})\\mathrm{Co}(\\mathrm{CO})_{2}$ .8 This species is a spin triplet whereas its rhodium and iridium analogues have singlet ground statesRemarkably, triplet $(\\mathfrak{n}^{5} - \\mathbb{C}_{5}\\mathrm{H}_{5})\\mathrm{Co}(\\mathrm{CO})_{2}$ proves to be the most reactive species towards $\\mathrm{Si - H}$ activation']","['L11 appears as a different case, as the electron-withdrawing properties of the CF3 group in R3 affect the overall reaction mechanism. The transition state 11a^TS has a very low energy barrier (only 3.3 kJ/mol), with the last hydrogenation step being among the lowest energy barriers (37.1 kJ/mol). This allows the polarization to be preserved even in the presence of the strong dipolar interactions of the three proton resonances of the methyl group in the product.']","L11 appears as a different case in the reaction mechanism due to the electron-withdrawing properties of the $\mathrm{CF_3}$ group in $\mathrm{R_3}$. This group significantly influences the reaction pathway in two key ways:  

1. **Lower Energy Barriers**:  
   - The transition state $\mathrm{11a^{TS}}$ exhibits an exceptionally low energy barrier of $\mathrm{3.3~kJ/mol}$.  
   - The final hydrogenation step has a barrier of $\mathrm{37.1~kJ/mol}$, one of the lowest observed.  
   These reduced barriers preserve polarization by minimizing energy dissipation during the reaction.  

2. **Accelerated Reaction Kinetics**:  
   - The $\mathrm{CF_3}$ group shortens the lifetime of reaction intermediates and reduces the overall reaction time.  
   - This limits polarization loss from relaxation, as evidenced by observed $^1\mathrm{H}$ net PHIP signals for $\mathrm{H_1}$ and the newly formed methyl group (unlike L10, which shows no enhanced signals under identical conditions).  

Relaxation measurements ($T_1$ values) confirm this mechanistic distinction: Similar relaxation times for L10e and L11e (e.g., $\mathrm{H_1}$: 10.5 s vs. 12.4 s; methyl group: 3.4 s vs. 3.0 s) rule out relaxation effects as the cause, implicating the $\mathrm{CF_3}$ group’s electronic influence on the mechanism.  

Thus, the electron-withdrawing nature of $\mathrm{CF_3}$ uniquely alters the reaction pathway, enabling efficient polarization retention in L11.","Because the electron-withdrawing properties of the CF3 group in R3 affect the overall reaction mechanism, resulting in a very low energy barrier for the transition state 11a^TS (only 3.3 kJ/mol) and preserving polarization despite strong dipolar interactions.",0.4165845695707145,0.9855129767806966,0.7647058823529411,0.99999999995,1.0
98,How does the speed of pulsed injections compare to that of continuous flow in the described equipment?,"['A discussion of equipment advantage is necessarily biased by variations in component availability and specialty expertise available to individual labs. Effective designs based on continuous flow have been reported [13,14] that achieve high enrichment and production rates of up to $0.4\\mathrm{SLM}$ [14]. When compared to restricted flow, pulsed- injections are inherently fast because flow rates and contact time are decoupled. Three high- pressure, explosion- proof solenoid valves $(\\mathrm{sv}_1 - \\mathrm{sv}_3)$ are combined with standard pressure regulators. Manual valves enable the apparatus to serve additionally as a general use filling station. The process of enrichment is distilled to a small number of events, amounting to the repetitive application of a sequence of two sets of solenoid valve states. We have found this useful in comparison to adjustment of flow, which can take a continuum of values and shift subtly from day to day [14] depending on extraneous factors such as ambient temperature. In addition, with continuous flow, contact times are limited to the minimal flow rate and charge density depends on resistance, or input pressure. Considered in terms of production velocity (e.g. SM), pulsed injection allows the volume to increase without', ""Performance\nA high- throughput, continuous- flow $\\mathsf{pH}_2$ converter was designed specifically for hyperpolarization in a clinical setting. Implications to safety were considered. As a result, we obtained a unit that exceeds the flow and pressure achieved by previously described systems (13,16,17) without sacrificing safety demands. Indeed, the flow rate of at least $4L_{5} / \\min$ enables the 'interval- at- risk' (during which $H_{2}$ flows through the set- up) to be kept short. Compared with lower pressure systems, the high pressure (routinely 35 bar; maximum 50 bar) allows the storage of an increased $\\mathsf{pH}_2$ amount per bottle, reducing the repetitions of the production cycle"", '2.1. Scope of the equivalence\nThe equivalence described in this work uses an effective 2- spin description for both DNP and PHIP. For DNP this limits the scope to systems for which the solid effect or pulsed- DNP schemes are viable (cf. [19]). Fig. 1d illustrates the corresponding Hamiltonian. Implementing well- controlled, high- power pulsed schemes is more challenging at the higher B1 frequencies used in DNP which favors simple or continuous- wave (CW) protocols. While the equivalence does hold in the regime of $\\Omega \\ll \\omega_{I}$ of the solid effect, we consider the regime of $\\Omega \\geq \\omega_{I}$ .']","['When compared to restricted flow, pulsed-injections are inherently fast because flow rates and contact time are decoupled.']","Based on the provided context, pulsed injections are **inherently faster** than continuous flow in the described equipment. This is due to two key reasons:  

1. **Decoupling of Parameters**:  
   Pulsed injections decouple flow rates and contact time, allowing for greater flexibility and speed. Continuous flow systems, in contrast, are constrained because contact times are limited to the minimal flow rate.  

2. **Avoidance of Continuous Adjustments**:  
   Continuous flow requires adjustment of flow rates, which can shift subtly due to extraneous factors (e.g., ambient temperature). Pulsed injections simplify the process to repetitive valve sequences, eliminating this variability and enabling faster operation.  

The context explicitly states:  
> *""pulsed-injections are inherently fast because flow rates and contact time are decoupled""*  
and contrasts this with continuous flow, where *""contact times are limited to the minimal flow rate""*.  

Thus, pulsed injections offer a speed advantage by design.",Pulsed injections are inherently faster than continuous flow because flow rates and contact time are decoupled in pulsed injections.,0.6688548667404628,0.9256203236106172,1.0,0.9999999999,1.0
99,Why does a given Sq2− molecule have to wait for about 1000 s before being protonated on average at pH = 10?,"['E. Physical interpretation\nThe kinetic term $R_{\\mathrm{S}}^{\\mathrm{kin}}$ given by Eq. (26) is mainly responsible for the surprising singlet relaxation behavior of $1,2^{- 13}\\mathrm{C}_2$ squarate. In order to attach more physical meaning to $R_{\\mathrm{S}}^{\\mathrm{kin}}$ ,consider an individual $\\mathrm{Sq}^{2^{- }}$ molecule in a high- pH solution. For high- pH solutions, protonation events are rare. For example, at $\\mathrm{pH} = 10$ the protonation rate constant is estimated through Eq. (28) to be $k_{\\mathrm{AB}}\\simeq 1\\times 10^{- 3}\\mathrm{s}^{- 1}$ . Hence, at $\\mathrm{pH} = 10$ a given $\\mathrm{Sq}^{2^{- }}$ molecule has to wait for about $1000~s$ before being protonated, on average.', 'at $\\mathrm{pH} = 10$ .Hence, once a $\\mathrm{Sq}^{2^{- }}$ anion is protonated, the species $\\mathrm{SqH}^-$ persists in solution for around $250\\mu \\mathrm{s}$ on average before the proton is abstracted by the solvent again.', '[](images/977d01b1446fd41949ee9d01b77cc66152b9ec63ea1b3571415717dfae75f8ef.jpg) \nFigure 2. NMR $T_{1}$ -titration curves of thermally polarized $[1 - ^{13}\\mathbb{C}]$ lactate and $[1 - ^{13}\\mathbb{C}]$ pyruvate. The $T_{1}$ of lactate decreases with increasing pH and has a local minimum around the $pK_{\\mathrm{a}} = 3.6$ . Further increase of the pH shortens the $T_{1}$ yielding a global minimum at neutral pH and a subsequent increase with pH showing a plateau at $pH > 10$ . The $T_{1}$ of pyruvate is mainly affected by high proton concentrations. At acidic pH, pyruvate reacts with water to form pyruvate hydrate and may form intermolecular hydrogen bonds. Increasing the pH reduces the amount of pyruvic acid hydrate and the proton concentration. The global $T_{1}$ -maximum of pyruvate is at slightly basic pH. Note that there is a fairly high error bar of $T_{1}$ of pyruvate at $pH6.32\\pm 0.43$ $(n = 2$ , $T_{1}$ -measurements). This is due to the fact that the pH varied stronger during the individual measurement (the pH was measured before and after the NMR experiment, given values are the means $\\pm$ stds.) for values around pH 6 compared to other pH values (the mean pH standard deviation of all pyruvate $T_{1}$ measurements was 0.20). Chemical structures and $pK_{\\mathrm{a}}$ are given next to the pH titration curve. The measured carbonyl carbon is marked in blue. The average lactate concentration was $244\\pm 4$ mM in water. The average pyruvate concentration ranged between $238\\mathrm{mM}$ to $250\\mathrm{mM}$ in water $(n = 20)$ and $100\\mathrm{mM}$ Tris $(n = 16)$ containing $10\\% D_{2}O$ , $B_{0} = 14.1T$ , $37^{\\circ}C$ . Pyruvate data are grouped according to distinct pH ranges given in the supplement Figure S.4. Note further that we did not detect a significant difference between the measurements in water and $100\\mathrm{mM}$ Tris. The $pK_{\\mathrm{a}}\\pm 0.5$ of each molecule is marked with a yellow box.']","['For high-pH solutions, protonation events are rare. For example, at pH = 10 the protonation rate constant is estimated through Eq. (28) to be k_AB ≈ 1×10^−3 s^−1. Hence, at pH = 10 a given Sq2− molecule has to wait for about 1000 s before being protonated, on average.']","The average waiting time of about 1000 seconds for a $\mathrm{Sq}^{2-}$ molecule to be protonated at $\mathrm{pH} = 10$ is determined by the protonation rate constant $k_{\mathrm{AB}}$. At this pH, $k_{\mathrm{AB}} \simeq 1 \times 10^{-3}  \mathrm{s}^{-1}$. The average waiting time ($\tau$) for a protonation event is the reciprocal of the rate constant:  

$$\tau = \frac{1}{k_{\mathrm{AB}}} = \frac{1}{1 \times 10^{-3}  \mathrm{s}^{-1}} = 1000  \mathrm{s}.$$  

This relationship arises because protonation at high pH is a rare stochastic event, and the rate constant $k_{\mathrm{AB}}$ quantifies the probability per unit time for protonation to occur. At $\mathrm{pH} = 10$, the low proton concentration results in a small $k_{\mathrm{AB}}$, leading to a long average waiting time.","Because at pH = 10, the protonation rate constant is very low (k_AB ≈ 1×10^−3 s^−1), making protonation events rare.",0.9405738253460836,0.8569753312423192,0.875,0.9999999999,1.0
100,Why do very broad PHIP signals appear at ∼δ -0.78 during the early stages of catalysis?,"['Surprisingly, during the early stages of catalysis, very broad PHIP signals appear at $\\sim \\delta - 0.78$ in the region associated with agostic $\\mathrm{Rh}\\dots \\mathrm{H} - \\mathrm{C}$ interactions, with an apparent antiphase peak separation of $\\sim 120\\mathrm{Hz}$ alongside, peaks at $\\delta 3.93$ and 3.52 in the region associated with bound alkene ligands.72 As the intensity of these signals increases dramatically if the sample is raised toward the detection coils, we conclude that they arise from species located within the solid- catalyst matrix. Given the chemical shifts observed, we tentatively suggest this to be a butene coordinated complex, such as complex 6,39 but note the potential for the existence of dihydrogen complexes that would also present broad high- field signals.3 Inspection of the sample, post- catalysis, reveals that a glassy- solid had formed. We suggest that mobility is thus created within the solid, which enables the detection of the resting state in solid/gas catalysis using PHIP without recourse to solid- state NMR methods.', 'The resulting PHIP enhanced signals, under PASADENA conditions at the early stages of catalysis, allow for all the signals of the hydrogenated products to be clearly observed and differentiated after a single scan, that is, 1- butene, 2- butenes (from isomerization15), and butane. Figure 4 contrasts the ${}^{1}\\mathrm{H}$ NMR spectra where gas- phase PHIP is observed using para- $\\mathbf{\\cdot}\\mathbf{H}_{2}$ with catalysis using normal cylinder $\\mathrm{H}_{2}$ at the same time point and demonstrates the levels of enhancement observed in the hydrogenated products using pre- catalyst 1 and para- $\\mathbf{\\cdot}\\mathbf{H}_{2}$ . The analogous OPSY data confirmed dominant cis- $\\mathbf{\\cdot}\\mathbf{H}_{2}$ transfer to form 1- butene, and butane, with a small amount of 2- butenes also observed. An induction period is observed before productive catalysis starts, and that is followed by a significant increase in signal intensity that lasts for $\\sim 60\\mathrm{~s~}$ We interpret this to indicate the rapid formation of butadiene complex 8 from isomerization of 1- butyne, as observed in the stoichiometric studies (Scheme 3) which then undergoes a relatively slower reaction with para- $\\mathbf{\\cdot}\\mathbf{H}_{2}$ to form active catalyst 4 (Scheme 7). After one hydrogenation cycle, complex 4 is observed as the only organometallic product. No cyclotrimerization product, 9, is formed consistent with its very slow formation under stoichiometric conditions from the butadiene complex 8. Further support for the initial formation of complex 8, and the resulting induction period, comes from that independently prepared 4 mediates the hydrogenation of 1- butyne without an induction period, and that no induction period is observed for the hydrogenation of propyne.', 'By comparing the data in Figure 7a to those in Figure 7b, it is evident that PHIP signals from SILP catalysts at the beginning of the reaction are more than 20 times stronger than those after the activation at all investigated temperatures. These results further substantiate the possibility that the active rhodium complex migrates from the near IL/gas surface region towards the near IL/support surface region during the activation period. Furthermore, according to the conversion data in Figure 6, the catalyst activity does not increase significantly above $55^{\\circ}C$ but in contrast to this the intensities of the PHIP signals (Figure 7) still show a substantial increase at the elevated temperatures. This increased PHIP enhancement can be attributed to a decrease in IL viscosity with increasing temperature, which enhances the diffusion of the polarized propane out of the IL layer in the SILP catalyst and reduces the residence time in the IL layer.[4]']","['Surprisingly, during the early stages of catalysis, very broad PHIP signals appear at ∼δ -0.78 in the region associated with agostic Rh…H - C interactions, with an apparent antiphase peak separation of ∼120Hz alongside, peaks at δ 3.93 and 3.52 in the region associated with bound alkene ligands.72 As the intensity of these signals increases dramatically if the sample is raised toward the detection coils, we conclude that they arise from species located within the solid- catalyst matrix. Given the chemical shifts observed, we tentatively suggest this to be a butene coordinated complex, such as complex 6,39 but note the potential for the existence of dihydrogen complexes that would also present broad high- field signals.3 Inspection of the sample, post- catalysis, reveals that a glassy- solid had formed. We suggest that mobility is thus created within the solid, which enables the detection of the resting state in solid/gas catalysis using PHIP without recourse to solid- state NMR methods.']","During the early stages of catalysis, very broad PHIP signals at ∼δ −0.78 arise due to the formation of species within the **solid-catalyst matrix**. The chemical shift and broadness are attributed to either:  
1. **Agostic interactions** (\(\mathrm{Rh}\dots\mathrm{H}-\mathrm{C}\)) in butene-coordinated complexes (e.g., complex **6**), or  
2. **Dihydrogen complexes**, which also exhibit broad high-field signals.  

These signals intensify when the sample is positioned closer to the detection coils, confirming their origin in the solid matrix. Post-catalysis, a glassy solid forms, creating mobility that enables detection of this resting state via PHIP without requiring solid-state NMR methods. The apparent antiphase peak separation of ∼120 Hz further supports the involvement of such interactions.  

The observation is distinct to the solid/gas interface and aligns with the detected species' restricted mobility and coordination environment.  

---  
*Answer derived from experimental NMR observations and proposed mechanistic assignments in the provided context.*","The broad PHIP signals arise from species located within the solid-catalyst matrix, likely due to a butene coordinated complex or dihydrogen complexes, as suggested by the chemical shifts observed. The formation of a glassy-solid post-catalysis creates mobility within the solid, enabling the detection of the resting state.",0.6353489585030694,0.9739827322181012,0.8333333333333334,0.9999999999,1.0
101,Why does the use of biocompatible solvents like ethanol or ethanol/water mixtures lead to a dramatic decrease in hyperpolarization in SABRE catalysts?,"[""4.1.2 SABRE Catalysts\nSABRE hyperpolarization was observed, in the first pioneering experiments,[42] using the Crabtree's complex $\\mathrm{[IrCOD(P - }$ $\\mathrm{Cy_3)MeCN]^+[BF_4]^- }$ (where COD is cyclooctadiene and $\\mathrm{Cy}$ is cyclohexyl) that, under the reaction with $\\mathrm{H}_{2}$ and an excess of substrate to be polarized (e.g. of pyridine), forms the unstable complex $\\mathrm{[IrH_2(PCy_3)Py_3][BF_4]}$ on which polarization transfer from Parahydrogen to the substrate occurs. As mentioned before, the signal amplification obtained is dependent on several factors, among which the identity of the phosphine ligand.[68] A new class of Ir complexes, containing a N- heterocyclic carbene ligand and having the general formula $\\mathrm{[IrCl(COD)IMes]}$ (where IMes is 1,3- bis(2,4,6- trimethylphenyl) imidazole- 2- ylidene] were recently introduced that are more efficient SABRE[69] catalysts than the Crabtree's complex. The highest SABRE efficiency is obtained in organic solvents, in particular methanol- $\\mathrm{d_4}$ while the use of more biocompatible solvents (ethanol) or an aqueous mixture ethanol/ water (1:9) lead to dramatic decrease of hyperpolarization on products.[70]"", 'In this work, we contribute to developing approaches towards biocompatible SABRE hyperpolarization, focusing on the first two aspects, namely, $^{15}\\mathrm{N}$ polarization of biologically important molecules dissolved in biocompatible solutions. We also focus on simultaneous polarization of several biomolecules present in the solution. As a biocompatible solvent, we use water- ethanol mixtures, with the volume fraction of ethanol varied from $30\\%$ to $50\\%$ Ethanol is much less toxic than methanol (a commonly used solvent in SABRE experiments): ethanol solutions administered intravenously $10\\%$ vol.) or orally $20\\%$ vol.) work as an antidote in case of methanol or ethylene glycol ingestion.[32- 34] Furthermore, to improve biocompatibility of the solvent, we tried to reduce the concentration of ethanol as much as possible. The proposed choice of the solvent allows one to use standard SABRE complexes, for example, $\\mathrm{[Ir(COD)(Imes)Cl]}$ [35] and thus does not require synthesis and optimization of a special watersoluble catalyst. From our experience, Ir- based precatalysts are hard to dissolve in mixtures with less than $30\\%$ of ethanol, which then behave like water rather than like an organic solvent. A negative side effect of using such mixtures is also strong foam production during bubbling. To enhance NMR signals of $^{15}\\mathrm{N}$ nuclei, we exploit spontaneous polarization transfer[6] at an ultralow field of about $400~\\mathrm{nT}$ in contrast to high- field polarization transfer experiments, this approach does not require precise optimization of NMR pulse sequences and provides similar polarization transfer efficiency for different substrates at the same external magnetic field. We demonstrate that simultaneous polarization of multiple analytes in such a solution is feasible and also optimize experimentally the relevant parameters, such as external magnetic field, sample temperature, $p\\mathrm{H}_2$ pressure, and $\\mathrm{pH}$ of the solvent.', 'Direct SABRE polarization in water would be ideal, however both the metal catalyst [IrCl(COD)(IMes)] and $p$ $\\mathrm{H}_2^{72}$ have poor solubility. To reduce toxicity, previous studies have used solvent mixtures of ethanol- $d_{6}$ and $\\mathrm{D}_2\\mathrm{O}$ 73 However, the level of signal gain is reduced49 and $\\mathrm{T}_1$ relaxation values were found to decrease relative to those in methanol.27 The lower enhancement values reflect the change in ligand exchange kinetics.49 Toxicity studies show a maximum of $30\\%$ ethanol can be tolerated before cell death occurs.55 Biphasic separation permits isolation of the hyperpolarized agent in an aqueous phase while the toxic iridium catalyst remains in the organic phase. The separation of the catalyst from the hyperpolarized substrate also means $\\mathrm{T}_1$ values will extend as they return to their original values. Preliminary experiments using the catalyst- separated CASH- SABRE74 method were carried out on $\\mathrm{T}[2,3 - d]\\mathrm{P}$ using a $\\mathrm{D}_2\\mathrm{O}$ saline bolus. A hyperpolarized signal was observed in the aqueous layer, albeit under acidic conditions $(\\mathrm{pH}1.5)$ with a $- 940$ fold signal enhancement $3\\%$ polarization for $\\mathrm{H7}$ compared to the corresponding methanol- $d_{4}$ value of make $- 3142$ fold $9.8\\%$ polarization). Hence, the biphasic route appears to be effective for delivering biocompatible SABRE, but alternatives using water- soluble catalysts,75- 78 phase extraction with scavenging agents79 or chelating ligands may need to be considered.55']","['The highest SABRE efficiency is obtained in organic solvents, in particular methanol-d4 while the use of more biocompatible solvents (ethanol) or an aqueous mixture ethanol/ water (1:9) lead to dramatic decrease of hyperpolarization on products.']","The use of biocompatible solvents like ethanol or ethanol/water mixtures leads to a dramatic decrease in hyperpolarization in SABRE catalysts due to the following reasons derived from the context:

1. **Altered Ligand Exchange Kinetics**:  
   Biocompatible solvents (e.g., ethanol/water mixtures) significantly alter the ligand exchange kinetics of the iridium catalyst. This change disrupts the efficient transfer of polarization from parahydrogen to the target substrate, directly reducing signal enhancement.  

2. **Poor Solubility of Catalyst and Parahydrogen**:  
   The standard SABRE catalyst [IrCl(COD)(IMes)] and parahydrogen (\(p\mathrm{H}_2\)) exhibit poor solubility in water-rich environments. Ethanol/water mixtures (especially with <30% ethanol) behave more like water than organic solvents, limiting catalyst dissolution and \(p\mathrm{H}_2\) availability for polarization transfer.  

3. **Reduced Catalyst Stability**:  
   In ethanol/water mixtures, the catalyst forms unstable complexes, further diminishing hyperpolarization efficiency. For example, mixtures with <30% ethanol cause catalyst precipitation and induce strong foam formation during \(p\mathrm{H}_2\) bubbling, hindering the reaction.  

4. **Lower Signal Enhancements**:  
   Experimental data confirm dramatic signal reduction in biocompatible solvents. For instance:  
   - Polarization of pyridine analogs in ethanol/water (1:9) showed severe attenuation.  
   - Biphasic experiments with \(\mathrm{D_2O}\) yielded only **-940-fold** enhancement (3% polarization) versus **-3142-fold** (9.8% polarization) in methanol-\(d_4\).  

5. **Trade-off with Biocompatibility**:  
   While ethanol/water mixtures reduce toxicity (e.g., enabling intravenous/oral administration), the solvent's physicochemical properties intrinsically compromise SABRE efficiency. Toxicity constraints cap ethanol content at ≤30%, exacerbating these limitations.  

In summary, the incompatibility of SABRE catalysts with aqueous environments—driven by altered kinetics, solubility issues, and instability—underpins the hyperpolarization decrease. Efforts to mitigate this include biphasic separation or water-soluble catalysts, but these remain less effective than organic solvents like methanol.","The dramatic decrease in hyperpolarization occurs because the efficiency of SABRE catalysts is highest in organic solvents like methanol-d4, and the use of more biocompatible solvents (ethanol) or an aqueous mixture (ethanol/water 1:9) is less favorable for the hyperpolarization process.",0.3044291376981103,1.0000000000000002,0.8148148148148148,0.8333333332916666,1.0
102,Why does the saturation of different EA ${}^{1}\mathrm{H}$ NMR resonances with frequency-selective RF pulses affect the PRINOE polarization of the target molecule?,[],"['When the resonance of the EA $\\mathrm{CH}_2$ group ( $\\mathrm{H}_{\\mathrm{A}}$ , positively polarized in ALTADENA) was saturated followed by the application of a hard $90^{\\circ}$ RF pulse and FID acquisition, SE $= - 0.9$ was obtained for the benzene target (Figure S7). The saturation of the EA $\\mathrm{CH}_3$ signal ( $\\mathrm{H}_{\\mathrm{B}}$ , negatively polarized in ALTADENA) yielded $\\mathrm{SE} = - 4.9$ , while in a control experiment, when no soft pulses were applied, $\\mathrm{SE} = - 3.9$ was obtained. These results proved that hyperpolarization was transferred from EA to the target compound via SPINOE since the magnitude of NOE polarization transfer should be proportional to the difference in polarization of $\\mathrm{H}_{\\mathrm{A}}$ and $\\mathrm{H}_{\\mathrm{B}}$ spins of EA.']","Based on the provided information, the question cannot be answered.","The saturation affects PRINOE polarization because hyperpolarization is transferred from EA to the target compound via SPINOE, and the magnitude of NOE polarization transfer is proportional to the difference in polarization of $\mathrm{H}_{\mathrm{A}}$ and $\mathrm{H}_{\mathrm{B}}$ spins of EA.",0.08771917560368994,0.0,1.0,0.0,0.0
103,Why does the solid effect (SE) produce negative NMR signal enhancement for double-quantum (DQ) irradiation and positive enhancement for zero-quantum (ZQ) irradiation?,"['The solid effect can be understood with reference to the energy level diagram in Fig. 7, which presents the same hyperfine- coupled electron- nuclear spin system as in Fig. 3. The grey circles represent the relative populations of each of the energy levels. For the purpose of this discussion, we assume that at thermal equilibrium within the DNP polariser the electron spin is fully polarised in its lower energy state, $|\\beta \\rangle$ , and the nuclear spins are roughly evenly populated across their two spin states (i.e., there is negligible nuclear polarisation). During polarisation transfer, the system is irradiated at a microwave frequency equal to either the sum $(\\omega_{HQ} = \\omega_S + \\omega_I)$ of or difference $(\\omega_{ZQ} = \\omega_S - \\omega_I)$ between the electron and nuclear Larmor frequencies, to excite either the double- quantum DQN (Fig. 7a, centre) or zero- quantum (ZQ) (Fig. 7b, centre) transition, respectively. By saturating one of these transitions, the populations of the connected states are equalised. Subsequent rapid relaxation to the lower energy $|\\beta \\rangle$ state for the electron spin gives rise to overpopulation of the $|\\beta \\rangle$ and $|\\omega \\rangle$ states of the nuclear spin, for the cases of DQ and ZQ irradiation, respectively. This produces negative NMR signal enhancement for DQ irradiation, and positive NMR signal enhancement for ZQ irradiation.', 'Introduction\nThe low sensitivity of nuclear magnetic resonance (NMR) spectroscopy and imaging (MRI) results from the small population difference of the nuclear spin states in an applied magnetic field under Boltzmann conditions. Perturbing this distribution results in enhanced signals beyond the thermal polarisation (or magnetisation) of the sample, known as hyperpolarisation. This effect can be produced in several ways, for instance the so- called brute force method, dynamic nuclear polarisation (DNP), or spin exchange optical pumping, and an extensive review of this field has recently been published.[1] Alternatively, dihydrogen that is disturbed from its thermal nuclear spin state distribution such that it is enriched in the singlet para- hydrogen $(p - H_{2}$ , Figure 1A)[2] can be chemically incorporated into another molecule, producing a transient hyperpolarised response in the product.[3] This type of $p - H_{2}$ induced polarisation (PHIP, Figure 1B) can give enhancements in signal strength of several orders of magnitude in certain cases, vastly increasing the limits of detection or reducing overall experiment time. Applications of this method range from increased insight into chemical reaction intermediates,[4] to the development of high- contrast metabolic tracers in- vivo.[5]', 'The SE involves the excitation of forbidden two- spin DQ or ZQ transitions. Narrow- line radicals, where the DQ and ZQ transitions are well separated, and strong microwave irradiation $(25 - 125 \\mathrm{mW})$ are therefore required for efficient polarisation transfer. An ability to modulate the frequency and bandwidth of the MW irradiation can further boost efficiency, reduce build- up times and reduce the required concentration of radical [69].']","['During polarisation transfer, the system is irradiated at a microwave frequency equal to either the sum (ωHQ = ωS + ωI) of or difference (ωZQ = ωS - ωI) between the electron and nuclear Larmor frequencies, to excite either the double-quantum DQN (Fig. 7a, centre) or zero-quantum (ZQ) (Fig. 7b, centre) transition, respectively. By saturating one of these transitions, the populations of the connected states are equalised. Subsequent rapid relaxation to the lower energy |β⟩ state for the electron spin gives rise to overpopulation of the |β⟩ and |ω⟩ states of the nuclear spin, for the cases of DQ and ZQ irradiation, respectively. This produces negative NMR signal enhancement for DQ irradiation, and positive NMR signal enhancement for ZQ irradiation.']","Based on the provided context, the difference in NMR signal enhancement arises from the distinct population redistribution mechanisms following saturation of double-quantum (DQ) versus zero-quantum (ZQ) transitions:

1. **DQ Irradiation (ω<sub>HQ</sub> = ω<sub>S</sub> + ω<sub>I</sub>)**:
   - Irradiation saturates the DQ transition, equalizing populations between the |β↑⟩ and |α↓⟩ states.
   - Subsequent electron spin relaxation preferentially populates the lower-energy |β⟩ state.
   - This **overpopulates |β↑⟩ relative to |β↓⟩** for the nuclear spin.
   - Since |β↑⟩ corresponds to the nuclear spin's *higher*-energy state (aligned against B<sub>0</sub>), this results in **negative NMR signal enhancement**.

2. **ZQ Irradiation (ω<sub>ZQ</sub> = ω<sub>S</sub> - ω<sub>I</sub>)**:
   - Irradiation saturates the ZQ transition, equalizing populations between the |β↓⟩ and |α↑⟩ states.
   - Subsequent electron spin relaxation preferentially populates the |β⟩ state.
   - This **overpopulates |β↓⟩ relative to |β↑⟩** for the nuclear spin.
   - Since |β↓⟩ corresponds to the nuclear spin's *lower*-energy state (aligned with B<sub>0</sub>), this results in **positive NMR signal enhancement**.

In both cases, the direction of enhancement depends on which nuclear spin state becomes overpopulated after electron relaxation, determined by the specific transition (DQ vs. ZQ) being saturated.","The solid effect produces negative NMR signal enhancement for DQ irradiation and positive enhancement for ZQ irradiation because saturating the DQ or ZQ transitions equalizes the populations of the connected states. Subsequent rapid relaxation of the electron spin to the lower energy state leads to overpopulation of the nuclear spin states: for DQ irradiation, the |β⟩ and |ω⟩ states are overpopulated, resulting in negative enhancement, while for ZQ irradiation, the same process leads to positive enhancement due to the specific state overpopulation.",0.8401547854376407,0.8249339976004889,0.8666666666666667,0.9999999999,1.0
104,Why does the efficiency of Ir catalyst separation depend on the substrate used in CASH-SABRE?,"['Moreover, prior to the in vivo/in vitro administration, the HP bolus is typically diluted with saline or cell media, so in the final bolus the Ir concentration is expected to be $33 - 50\\mu \\mathrm{M}$ depending on the dilution ratio. In the previous study of catalyst separated SABRE of pyrazine, the upper limit of $1.5\\mu \\mathrm{M}$ on the residual Ir concentration in the aqueous phase was reported.60 We associate such a difference with the fact that the efficiency of Ir catalyst separation depends on the substrate used in CASH- SABRE, since it affects the solubility of the activated Ir complex in water. However, it is important to note that $1.5\\mu \\mathrm{M}$ is a rough estimation derived from the analysis of UV- vis spectra for both phases. The absence of the absorbance line corresponding to the activated Ir complex in $\\mathrm{CDCl}_3$ in the UV- vis spectra from the aqueous phase was a sign of low Ir concentration; however, Ir can be present in $\\mathrm{CDCl}_3$ and $\\mathrm{D}_2\\mathrm{O}$ in different complexes with different absorbance properties.', '3.1. Optimization of catalyst\nPrevious studies have reported that the magnitude of SABRE enhancements depend upon the dissociation rate of the substrate from the Ir- complex [28,30,36]. In the case of N- heterocyclic- iridium (NHC- Ir) catalysts, these dissociation rates depend on the buried volume and electron donating ability of the NHC ligand and the substrate structure [30]. In light of these results, we anticipated that the optimum enhancements for the substrates and solvent would vary with the structure of the Ir- catalyst and for this reason we chose to compare the ability of Ir- IMes and Ir- SIMes to polarize 4 target substrates; pyridine, pyridazine, imidazole and pyrazole (Chart 1). Table 1 summarizes the SABRE enhancement results for substrate protons. For enhancements of pyridine protons, Ir- IMes was superior to Ir- SIMes by approximately a factor of 2, supporting previous results [30]. For other substrates, Ir- SIMes was equal to or better than Ir- IMes for signal enhancement of most protons, exceptions being H4/H5 of imidazole and H4/H5 of pyrazole. Pyrazole was 1.2- 1.7- fold better enhanced with Ir- SIMes while imidazole- H2 improved by $\\sim 5$ fold with Ir- SIMes compared to Ir- IMes. Given these observations, most SABRE data were collected for pyridine using the Ir- IMes catalyst and for the remaining substrates using the Ir- SIMes catalyst.', '[](images/62d700642382ec68dcefdd3e9676ceea18c10774733a96ebd39e0083093dd47e.jpg) \nFigure 1. Scheme illustrating the CASH-SABRE approach. The SABRE catalyst resides predominantly in the organic phase, while the substrate can migrate between the two phases.']","['We associate such a difference with the fact that the efficiency of Ir catalyst separation depends on the substrate used in CASH- SABRE, since it affects the solubility of the activated Ir complex in water.']","The efficiency of Ir catalyst separation in CASH-SABRE depends on the substrate because **the substrate influences the solubility of the activated Ir complex in the aqueous phase**. Specifically:  

1. **Substrate-dependent solubility**: The structure and properties of the substrate (e.g., pyridine, pyridazine, imidazole, pyrazole) affect the solubility behavior of the Ir complex in water. This results in variable residual Ir concentrations in the aqueous phase after separation.  
   - For instance, a prior study reported residual Ir concentrations as low as **1.5 μM** for pyrazine, while other substrates may allow higher residual concentrations (e.g., **33–50 μM** in diluted boluses).  

2. **Complex speciation**: The Ir catalyst may form different complexes in organic (CDCl₃) vs. aqueous (D₂O) phases, each with distinct absorbance properties. This complicates detection and quantification, as UV-vis spectra may not reliably identify all Ir species in the aqueous phase.  

Thus, substrate-induced changes in complex solubility and speciation directly impact separation efficiency.  

---  
*Source: Analysis of UV-vis data and catalyst-substrate interactions in CASH-SABRE experiments.*",The efficiency of Ir catalyst separation depends on the substrate used in CASH-SABRE because it affects the solubility of the activated Ir complex in water.,0.4206040502191717,0.9632202648410649,1.0,0.9999999999,1.0
105,Why does the increase in ionic strength with pH perturb the SqH^- ⇌ Sq^2- + H^+ equilibrium in favor of the SqH^- species?,"['In our experiments, the ionic strength of the solution increases from about $0.1\\mathrm{M}$ to about $0.3\\mathrm{M}$ as the $\\mathrm{pH}$ is increased by addition of sodium hydroxide. This change in ionic strength with an increase in $\\mathrm{pH}$ is likely to perturb the $\\mathrm{SqH}^- \\rightleftharpoons \\mathrm{Sq}^{2 - } + \\mathrm{H}^+$ equilibrium in favor of the $\\mathrm{SqH}^-$ species. However, at the time of writing, it is not clear whether this effect is large enough to account for the observed discrepancy between the experimental measurements and theoretical curves, shown prominently in Fig. 13. The possibility remains open that these experiments probe very slow protonation phenomena, which do not behave according to standard kinetic theories and which have so far escaped detailed scrutiny. Further work is needed to quantify the role of ionic strength and to test this speculative hypothesis.', 'These observations and analysis indicate that nuclear singlet relaxation may be highly sensitive to chemical exchange, even in cases where the equilibrium overwhelmingly favors one of the exchanging species. In the current case, the concentration of the $\\mathrm{Sq}^{2 - }$ anion exceeds that of the $\\mathrm{SqH}^-$ anion by a factor of more than $10^{6}$ at $\\mathrm{pH} = 10$ . Nevertheless, the rare and transient $\\mathrm{SqH}^-$ species has a very significant effect on $^{13}\\mathrm{C}_2$ singlet relaxation.', '[](images/a2af2e506f88f14169b814688872bc4bcfffd6da9ce1787a12666d76ec3ddeb5.jpg) \nFIG. 3. (a) The three protonation stages of $1,2 - ^{13}\\mathrm{C}_2$ squaric acid. The protonation stages are as follows: squaric acid $(\\mathrm{SqH}_2)$ , hydrogen-squarate $(\\mathrm{SqH}^{-})$ , and squarate $(\\mathrm{Sq}^{2 - })$ . The dynamical equilibria $\\mathrm{SqH}_2 \\rightleftharpoons \\mathrm{SqH}^{-}$ and $\\mathrm{SqH}^{-} \\rightleftharpoons \\mathrm{Sq}^{2 - }$ are characterized by $\\mathrm{pKa}$ values of $\\mathrm{pKa}_1 = 1.5$ and $\\mathrm{pKa}_2 = 3.4$ , respectively. (b) Equilibrium fractions of the different protonation stages as a function of $\\mathrm{pH}$ .']","['In our experiments, the ionic strength of the solution increases from about 0.1M to about 0.3M as the pH is increased by addition of sodium hydroxide. This change in ionic strength with an increase in pH is likely to perturb the SqH^- ⇌ Sq^2- + H^+ equilibrium in favor of the SqH^- species.']","The increase in ionic strength with pH perturbs the $\mathrm{SqH}^- \rightleftharpoons \mathrm{Sq}^{2-} + \mathrm{H}^+$ equilibrium in favor of $\mathrm{SqH}^-$ due to **electrostatic effects** on ionic activity coefficients. Here's the mechanistic explanation:

1. **Charge density effects**:  
   As ionic strength rises (from $0.1\mathrm{M}$ to $0.3\mathrm{M}$ via $\ce{NaOH}$ addition), the solution's ion concentration increases. The $\mathrm{Sq}^{2-}$ anion has higher charge density than $\mathrm{SqH}^-$ due to its double negative charge ($-2$ vs. $-1$).

2. **Debye-Hückel screening**:  
   Higher ionic strength enhances electrostatic screening between ions. This disproportionately stabilizes highly charged species ($\mathrm{Sq}^{2-}$) by reducing their activity coefficients ($\gamma$), making their dissociation *less favorable*. The equilibrium constant $K$ for $\mathrm{SqH}^- \rightleftharpoons \mathrm{Sq}^{2-} + \mathrm{H}^+$ decreases because:  
   $$K = \frac{a_{\mathrm{Sq}^{2-} \cdot a_{\mathrm{H}^+}}{a_{\mathrm{SqH}^-}} = \frac{[\mathrm{Sq}^{2-}] \gamma_{\mathrm{Sq}^{2-}} \cdot [\mathrm{H}^+] \gamma_{\mathrm{H}^+}}{[\mathrm{SqH}^-] \gamma_{\mathrm{SqH}^-}}$$  
   where $\gamma_{\mathrm{Sq}^{2-}}$ decreases more sharply than $\gamma_{\mathrm{SqH}^-}$ with rising ionic strength.

3. **Le Chatelier's principle manifestation**:  
   The system counteracts increased ionic strength by favoring the *lower-charged species* ($\mathrm{SqH}^-$), reducing overall charge density in solution.

This perturbation occurs despite the $\mathrm{pH}$ increase (which thermodynamically favors $\mathrm{Sq}^{2-}$), highlighting the competition between proton concentration and ionic strength effects. The context notes this may contribute to discrepancies in experimental observations but requires further quantification.","The increase in ionic strength with pH is likely to perturb the equilibrium in favor of the SqH^- species because kinetic rate constants for reactions between charged species depend on ionic strength, and the change in ionic strength affects the equilibrium dynamics.",0.35464804078430434,0.8682086189130303,0.25,0.9999999999,0.5
106,Why does the level of polarisation of the target molecules in solution reach a steady-state under a continuous supply of fresh para-hydrogen?,"['Polarisation of $\\mathbf{H}_2$ as a function of para-hydrogen enrichment level\nThe SABRE technique, illustrated schematically in Fig. 1, is a catalytic process for transferring the nuclear spin order of $p\\text{- }\\mathrm{H}_{2}$ to a target analyte.30 The polarisation transfer process is mediated by a transition metal complex that reversibly binds $p\\text{- }\\mathrm{H}_{2}$ and one or more molecules of the target analyte $(\\mathbb{R}_2$ in Fig. 1). The active SABRE complex establishes a $J$ - coupling network between the $p\\text{- }\\mathrm{H}_{2}$ - derived ${}^{1}\\mathrm{H}$ nuclei and the NMR- active nuclei in the bound target molecule. With appropriate coupling constants and polarisation transfer fields (PTF, typically $0 - 10\\mathrm{mT}$ ), there is a spontaneous transfer of spin order from $p\\text{- }\\mathrm{H}_{2}$ to the target molecule.30,31,33,42,43 As $p\\text{- }\\mathrm{H}_{2}$ and the target molecules undergo rapid chemical exchange between the bound and free forms, there is a build- up of hyperpolarised target molecules in free solution. Under a continuous supply of fresh $p\\text{- }\\mathrm{H}_{2}$ , the level of polarisation of the target molecules in solution will reach a steady- state that is dictated by the efficiency of the polarisation transfer process, the rate of ligand exchange, and NMR relaxation. This steady- state is typically reached on a timescale of tens of seconds.', 'Figure 1 presents a schematic illustration of the catalytic SABRE process. In the standard approach, the active SABRE catalyst is a transition metal dihydride complex that binds three molecules of the substrate- two that are oriented trans to the two hydride ligands and one that is oriented trans to a stabilising ligand, typically a $N\\cdot$ - heterocyclic carbene.[10] Importantly, the hydrides and the substrate molecules bound trans to the hydrides are in reversible exchange with $p\\mathrm{- H}_2$ and substrate molecules in free solution. When a molecule of $p\\mathrm{- H}_2$ oxidatively adds to the complex, it forms a $J$ coupling network with the NMR- active nuclei on the bound substrate molecules. Under the correct conditions of coupling constants and polarisation transfer field (PTF), this coupling network facilitates the flow of spin- order from the former $p\\mathrm{- H}_2$ nuclei to the NMR- active nuclei on the substrate over a period of a few tens to hundreds of milliseconds. Thus, the bound substrate molecules become hyperpolarised. Because the hydrides and bound substrate molecules are in reversible exchange with free $p\\mathrm{- H}_2$ and free substrate in solution, this process results in a net catalytic transfer of polarisation from the $p\\mathrm{- H}_2$ to the substrate in free solution over a period of seconds. As long as fresh $p\\mathrm{- H}_2$ is supplied, the hyperpolarisation level of the free substrate will build until a steady- state is reached where the loss of hyperpolarisation through NMR relaxation balances the build- up of fresh hyperpolarisation through transfer from $p\\mathrm{- H}_2$ . Once this steady- state is reached, the sample is transported into the NMR or MRI instrument for detection.', ""Usually, to ensure continuous hyperpolarisation, a dynamic equilibrium has to emerge between the uptake of fresh, highly enriched parahydrogen gas and the removal of hydrogen molecules that participated in SABRE and had lost their singlet character, converting back into ortho- hydrogen. In our case $T_{1}\\gg t_{\\mathrm{b}}$ , therefore this otherwise cumbersome requirement is greatly relaxed. Nonetheless, the presence of leftover 'exhausted' hydrogen molecules in the sample solution can negatively affect the net equilibrium polarisation.""]","['Under a continuous supply of fresh  $p\\text{- }\\mathrm{H}_{2}$ , the level of polarisation of the target molecules in solution will reach a steady- state that is dictated by the efficiency of the polarisation transfer process, the rate of ligand exchange, and NMR relaxation. This steady- state is typically reached on a timescale of tens of seconds.']","The level of polarization of target molecules in solution reaches a steady-state under continuous fresh para-hydrogen (\(p\text{-}\mathrm{H}_2\)) supply due to a **dynamic equilibrium** between two competing processes:

1. **Build-up of polarization**  
   Fresh \(p\text{-}\mathrm{H}_2\) continuously transfers spin order to target molecules via the SABRE catalyst. This occurs through reversible binding, \(J\)-coupling networks, and spontaneous spin-order transfer in the polarization transfer field (PTF, 0–10 mT). The process repeats as long as \(p\text{-}\mathrm{H}_2\) is supplied, amplifying polarization in the target molecules.

2. **Loss of polarization**  
   Hyperpolarization decays due to **NMR relaxation** (e.g., \(T_1\) processes) and the accumulation of ""exhausted"" ortho-hydrogen from spent \(p\text{-}\mathrm{H}_2\) molecules that lose their singlet character after participating in SABRE.

The steady-state is reached when:  
**Rate of polarization transfer from fresh \(p\text{-}\mathrm{H}_2\) = Rate of polarization loss (relaxation + exhausted \(\mathrm{H}_2\))**  

This balance typically occurs within **tens of seconds**, dictated by:  
- Efficiency of polarization transfer (coupling constants, PTF)  
- Ligand exchange rates  
- NMR relaxation times  

Thus, fresh \(p\text{-}\mathrm{H}_2\) sustains the cycle, but equilibrium emerges when gains and losses offset each other.","The steady-state level of polarisation is reached because it is dictated by the efficiency of the polarisation transfer process, the rate of ligand exchange, and NMR relaxation, with the system typically reaching this state on a timescale of tens of seconds.",0.5286022530422636,0.9949385821152174,1.0,0.9999999999666667,1.0
107,How does the signal enhancement (SE) of pentynoic acid (3-OH) compare to that of Fmoc-L-propargylglycine (Fmoc-1-OH)?,"['Hydrogenation of the triple bond of Fmoc- 2- OH yielding the alkene- bearing Fmoc- L- Tyr(allyl)- OH led to hyperpolarized proton signals at $3.2 - 5.5\\mathrm{ppm}$ with an SE of about 200. This enhancement is similar to that observed upon hydrogenation of Fmoc- L- propargylglycine (Fmoc- 1- OH).[9e] Interestingly, the hydrogenation of pentynoic acid (3- OH) toward the respective pentenoic acid showed a 4.5 times higher signal enhancement $\\mathrm{(SE = 900)}$ than that recorded for Fmoc- 1- OH and Fmoc- 2- OH. Signal enhancements for the second hydrogenation step resulting in the fully saturated products were usually very low or not observable (see SI, S9 T2). To', 'Subsequently, the $^{1}\\mathrm{H}$ hyperpolarization ability of individual building blocks Fmoc- L- Tyr(propargyl)- OH (Fmoc- 2- OH) and pentynoic acid (3- OH) along with the compounds 5- 12 were examined using $\\mathrm{Rh(dppb)(cod)BF_4}$ catalyzed hydrogenation $(\\mathrm{cod} = 1,5$ - cyclooctadien, $\\mathrm{dppb} = 1,4$ - bis(diphenylphosphino)butane). Reactions were performed with approximately $50\\%$ para- $\\cdot \\mathrm{H}_{2}$ enriched hydrogen at a pressure of 2 bar, which was generated using activated charcoal as catalyst at liquid nitrogen temperature.[18] After addition of $p$ $\\mathrm{H}_{2}$ the reaction mixture was shaken for $10\\mathrm{s}$ at terrestrial magnetic field and the sample was placed in the strong magnetic field of the spectrometer (7 Tesla). The hyperpolarized spectra were immediately detected using a single- scan experiment $45^{\\circ}$ excitation pulse). The signals of the product under thermal equilibrium, which are required for the calculation of the signal enhancement, were recorded employing multiple scans (typically 256 scans). The achieved signal enhancement (SE) was calculated as ratio of the integral of the hyperpolarized signal and the thermal equilibrium signal (see SI, S8). Additional hyperpolarized signals around 5.8, 2.2, and $1.5\\mathrm{ppm}$ were caused by the hydrogenation of the cyclooctadienyl moiety of the catalyst.[19]', 'On the basis of the preliminary findings, 4- pentynoic acid was used for further analysis using physiologically compatible solvents. Results are shown in Figures 3(a) and (b), with markedly hyperpolarized signals for $^1\\mathsf{H}$ and $^{13}C$ Here, an alcohol- water mixture was used to improve the biocompatibility of the solution. Figure 3(a) shows a $^1\\mathsf{H}$ NMR spectrum recorded directly after the first hydrogenation step in methanol- $\\cdot \\mathsf{d}_4 / \\mathsf{D}_2\\mathsf{O}$ $(1.2 / 0.8\\mathrm{ml})$ in the presence of catalyst 1. The PHIP signals from the transferred protons exhibited an enhancement factor of at least 68 $(P_{\\mathrm{abs}} = 0.16\\%)$ for the signal at $5.0\\mathrm{ppm}$ $\\mathbb{C}\\mathbb{H}_2$ group) and 44 $(P_{\\mathrm{abs}} = 0.11\\%)$ at $5.8ppm$ (CH group). The spectrum in thermal equilibrium (bottom) exhibited no detectable 4- pentenoic acid product signals, probably because the conversion rate was too low. Nevertheless, reasonable signal enhancement was achieved.']","['Interestingly, the hydrogenation of pentynoic acid (3- OH) toward the respective pentenoic acid showed a 4.5 times higher signal enhancement  $\\mathrm{(SE = 900)}$  than that recorded for Fmoc- 1- OH and Fmoc- 2- OH.']","Based on the provided context:  
- Pentynoic acid (**3-OH**) exhibited a **signal enhancement (SE) of 900** during hydrogenation.  
- Fmoc-L-propargylglycine (**Fmoc-1-OH**) showed an **SE of approximately 200**.  
- The SE for **3-OH** is **4.5 times higher** than that of **Fmoc-1-OH**.  

This difference is explicitly stated in the context:  
> *""the hydrogenation of pentynoic acid (3-OH) toward the respective pentenoic acid showed a 4.5 times higher signal enhancement (SE = 900) than that recorded for Fmoc-1-OH""*.",The signal enhancement (SE) of pentynoic acid (3-OH) is 4.5 times higher than that of Fmoc-L-propargylglycine (Fmoc-1-OH).,0.7193555113165567,0.9213653527623223,1.0,0.9999999999,1.0
108,Why is efficient spin order transfer from p-H2 to spin-1/2 heteronuclei a prerequisite for performing SABRE experiments on heteronuclei and recording multi-dimensional spectra?,"['Despite the fact that the SABRE method is relatively new, several promising applications of this technique in NMR spectroscopy and imaging have already been demonstrated. Notably, applicability of high- field SABRE for trace analysis in complex mixtures has been shown [9- 11]. At the same time, for many NMR applications it is of importance to record spectra not only for protons, but also for hetero- nuclei; furthermore, multi- dimensional hetero- nuclear NMR techniques [12] enable precise characterization of molecules and complexes. In order to perform SABRE experiments on heteronuclei and to record multi- dimensional spectra, efficient spin order transfer from $p\\mathrm{H}_2$ to spin- 1/2 hetero- nuclei is a prerequisite. The feasibility of such a transfer directly at the high magnetic field of an NMR spectrometer has been demonstrated [7,8,13], but so far not the feasibility of running two- dimensional (2D) heteronuclear SABRE- enhanced NMR experiments.', 'While SABRE was originally developed as an efficient ${}^{1}\\mathrm{H}$ hyperpolarization method,38,39 approaches to transfer spin order from $\\mathrm{p - H}_2$ - derived hydrides to heteronuclei such as $^{13}\\mathrm{C}$ or $^{15}\\mathrm{N}$ were promptly developed.40- 42 An additional benefit of heteronuclei in hyperpolarization studies is alonger $T_{1}$ relaxation time compared to those of ${}^{1}\\mathrm{H}$ nuclei. There are two main strategies for the spin order transfer from $\\mathrm{p - H}_2$ derived hydrides to the heteronucleus of choice: ""spontaneous"" polarization transfer by free solution at a given field and spin order transfer by radiofrequency (RF) pulse sequences. In the first case, the spins are exposed to ultralow magnetic fields, where spin order is spontaneously distributed among all coupled spins ( $\\mu$ metal magnetic shields are employed to create desired fields on the order of nano- or microteslas).43- 46 Then the sample is transferred from the magnetic shield to an NMR or MRI instrument for signal detection. In the second approach, sequences of RF pulses induce the desired spin order transfer, while the sample is residing within the probe of an NMR or MRI instrument. There are many demonstrated pulse sequences for achieving this polarization transfer, for example, LIGHT- SABRE,41 SABRE- INEPT,23 QUASR- SABRE,47,48 and SLIC- SABRE.49,50 These pulse sequences allow enhancement of $^{15}\\mathrm{N}$ polarization by several orders of magnitude.', 'Signal Amplification By Reversible Exchange (SABRE) is the hyperpolarization method which employs parahydrogen (para- $\\mathrm{H}_{2}$ ) as the source of spin order. SABRE relies on spontaneous polarization transfer from para- $\\mathrm{H}_{2}$ - derived hydrides to a substrate on polarization transfer catalysts. The SABRE polarization transfer is primarily accomplished via spin- spin interactions (i.e., $J$ - couplings). While other interactions may contribute, they are generally orders of magnitude less efficient. When polarization transfer is performed in millitesl a $(\\mathrm{mT})$ magnetic fields, the polarization from para- $\\mathrm{H}_{2}$ derived hydrides is spontaneously transferred to proton sites in substrates, enabling $^{1}\\mathrm{H}$ polarization values $(\\% P_{\\mathrm{H}})$ of up to $50\\%$ . In this case, proton- proton spin- spin couplings $(J_{\\mathrm{H - H}})$ enable SABRE polarization transfer. Another variant of this technique dubbed SABRE in SHield Enables Alignment Transfer to Heteronuclei (SABRE- SHEATH) is an efficient process for hyperpolarizing $^{15}\\mathrm{N}$ sites, in one example providing more than $20\\%$ polarization in $1\\mathrm{min}$ . $^{15}\\mathrm{N}$ - hyperpolarization is of particular interest, because it enables long hyperpolarization lifetimes and exponential decay constants. In some cases, the $^{15}\\mathrm{N}$ exponential decay constant can exceed $20\\mathrm{min}$ . SABRE- SHEATH is accomplished at microtesla $(\\mu \\mathrm{T})$ magnetic fields, enabling spontaneous polarization transfer from para- $\\mathrm{H}_{2}$ - derived hydrides to heteronuclei, as illustrated in Scheme 1a. In the case of $^{15}\\mathrm{N}$ SABRE- SHEATH proton- nitrogen- 15 spin- spin couplings $(J_{\\mathrm{H - 15N}})$ enable the sponta']","['At the same time, for many NMR applications it is of importance to record spectra not only for protons, but also for hetero- nuclei; furthermore, multi- dimensional hetero- nuclear NMR techniques [12] enable precise characterization of molecules and complexes. In order to perform SABRE experiments on heteronuclei and to record multi- dimensional spectra, efficient spin order transfer from  $p\\mathrm{H}_2$  to spin- 1/2 hetero- nuclei is a prerequisite.']","Based on the provided context, efficient spin order transfer from p-H₂ to spin-1/2 heteronuclei is a prerequisite for two key reasons:

1.  **Enabling Detection of Heteronuclei:** Heteronuclei (e.g., ¹⁵N, ¹³C) have significantly lower natural abundance and gyromagnetic ratios compared to ¹H. This makes their NMR signals inherently very weak. Efficient transfer of the hyperpolarization generated from p-H₂ to these nuclei is essential to boost their signal intensity to detectable levels using SABRE.

2.  **Facilitating Multi-Dimensional NMR:** Recording multi-dimensional heteronuclear NMR spectra (e.g., 2D experiments) requires sufficient signal-to-noise in the indirectly detected dimension (often the heteronucleus). The spontaneous polarization transfer mechanisms in SABRE (relying on J-couplings like J<sub>H-15N</sub> or J<sub>H-13C</sub>) at specific ultra-low fields (e.g., SABRE-SHEATH for ¹⁵N) or via RF pulse sequences (e.g., SABRE-INEPT) are necessary to generate the enhanced polarization on the heteronucleus. This enhanced polarization is then a prerequisite for performing the coherence transfer steps inherent in multi-dimensional NMR experiments.

**In essence:** Without efficient spin order transfer to the heteronucleus, there is insufficient hyperpolarized signal on that nucleus to detect directly or to use as a starting point for the complex coherence transfers required in multi-dimensional NMR. The context explicitly states that while high-field SABRE on heteronuclei has been demonstrated, efficient transfer is the prerequisite for performing the more advanced 2D heteronuclear SABRE-enhanced NMR experiments.","Efficient spin order transfer is necessary because it enables the precise characterization of molecules and complexes through multi-dimensional heteronuclear NMR techniques, which require the recording of spectra not only for protons but also for heteronuclei.",0.6286898756269991,0.8734940564675271,0.42857142857142855,0.99999999995,1.0
109,Why does varying contact time have little effect on propene selectivity for the single-atom Pd1/ND@G catalyst?,"['In order to examine the catalyst activity in the pairwise hydrogen addition, single- atom and cluster Pd catalysts were tested at an elevated flow rate of $220\\mathrm{mL}_{\\mathrm{n}} / \\mathrm{min}$ . For both catalysts, higher gas flow rates result in a lower total propyne conversion, which is directly related to shorter contact times with the catalyst. However, it should be stressed that for the single- atom $\\mathrm{Pd}_{1} / \\mathrm{ND}@\\mathrm{G}$ catalyst, varying contact time has little effect on propene selectivity, which remains at the $97-$ $100\\%$ level. By analogy with acetylene hydrogenation and performed DFT calculations, one may conclude that the energy barrier to further hydrogenation to propane is much higher than that for the desorption of adsorbed propene to the gas phase.', 'The $\\mathrm{Pd_{n} / ND@G}$ catalyst demonstrated a rather different catalytic behavior under the same experimental conditions—it reached $98\\%$ conversion of propyne already at $70^{\\circ}\\mathrm{C}$ (Table 2). At $25~\\mathrm{mL_n / min}$ flow rate, the selectivity toward propene decreased dramatically to $10\\%$ as a result of the undesired overhydrogenation to propane. At a higher flow rate (220 $\\mathrm{mL_n / min}$ ), this effect leveled off, and the selectivity was $85\\%$ indicating that the selectivity to propene directly depends on the contact time of both propyne and propene with the catalyst. A lower selectivity to propene for Pd clusters can be also caused by the formation of the $\\beta$ - hydride phase since subsurface hydrogen atoms are known to be more active and less selective than surface hydrogen atoms and cause overhydrogenation of alkynes to alkanes. This would also lead to overhydrogenation to propane at lower flow rates and longer contact times. The higher activity of the $\\mathrm{Pd_{n} / ND@G}$ catalyst in propyne hydrogenation compared to the $\\mathrm{Pd_{1} / ND@G}$ catalyst and lower temperatures needed for reaction to start', 'There are further remarkable similarities in the behavior of the two catalysts but also some important differences. The $\\mathrm{Pd}_1 / \\mathrm{ND}@\\mathrm{G}$ catalyst provides higher NMR signal enhancements compared to $\\mathrm{Pd}_n / \\mathrm{ND}@\\mathrm{G} - \\mathrm{SE} = 89$ for the former (see Figure 2 and Table 1) vs $\\mathrm{SE} = 15$ for the latter (see Figure 3 and Table 2). This is to be expected as the single- atom nature of $\\mathrm{Pd}_1 / \\mathrm{ND}@\\mathrm{G}$ likely prevents the facile separation of hydrogen atoms, in contrast to surfaces of metal nanoparticles and clusters, thereby increasing the probability of pairwise $\\mathrm{H}_2$ addition to a substrate. At the same time, the maximum enhancement for the $\\mathrm{Pd}_1 / \\mathrm{ND}@\\mathrm{G}$ catalyst is ca. 6- fold larger than that for $\\mathrm{Pd}_n / \\mathrm{ND}@\\mathrm{G}$ , which is significant but still at least two orders of magnitude lower than would be expected for a $100\\%$ pairwise selectivity and negligible relaxation losses. The lower selectivity of $\\mathrm{Pd}$ clusters to pairwise hydrogen addition is paralleled by a lower selectivity to propene in propyne hydrogenation over this catalyst. Yet another similarity demonstrated by two catalysts is that the signal enhancement for propene is higher than that observed for the overhydrogenation product- - propane. All these observations may indicate that hydrogenation mechanisms are similar for these two catalysts and that the observed differences in signal enhancements as well as in catalytic activity and selectivity may in fact be attributable to a difference in electronic effects rather than in the efficiency of diffusive separation of $\\mathrm{p - H}_2$ - derived H atoms on the active centers. Therefore, the electronic properties of the two catalysts were explored as well.']","['For both catalysts, higher gas flow rates result in a lower total propyne conversion, which is directly related to shorter contact times with the catalyst. However, it should be stressed that for the single-atom Pd1/ND@G catalyst, varying contact time has little effect on propene selectivity, which remains at the 97-100% level. By analogy with acetylene hydrogenation and performed DFT calculations, one may conclude that the energy barrier to further hydrogenation to propane is much higher than that for the desorption of adsorbed propene to the gas phase.']","Based on the provided context, varying contact time has little effect on propene selectivity for the single-atom **Pd<sub>1</sub>/ND@G** catalyst due to **fundamental differences in the hydrogenation mechanism** compared to Pd clusters:  

1. **High Energy Barrier for Overhydrogenation**:  
   - DFT calculations indicate the energy barrier for further hydrogenation of adsorbed propene to propane is **significantly higher** than the energy barrier for propene desorption into the gas phase.  
   - This ensures propene rapidly desorbs before overhydrogenation can occur, regardless of contact time.  

2. **Suppressed Hydrogen Dissociation**:  
   - The single-atom nature of Pd<sub>1</sub>/ND@G prevents facile dissociation of H<sub>2</sub> into highly reactive subsurface hydrogen atoms.  
   - In contrast, Pd clusters form a **β-hydride phase**, where subsurface hydrogen atoms drive overhydrogenation to propane at longer contact times.  

3. **Consistent Selectivity (97–100%)**:  
   - Even at high flow rates (shorter contact times), selectivity remains near 100% because the reaction pathway favors propene desorption over sequential hydrogenation.  

This contrasts sharply with **Pd<sub>n</sub>/ND@G** clusters, where selectivity drops to 10% at longer contact times due to subsurface hydride-driven overhydrogenation. The single-atom catalyst’s electronic structure inherently disfavors deep hydrogenation, aligning with its superior pairwise hydrogen addition efficiency in PHIP (SE = 89 vs. 15 for clusters).",Because the energy barrier to further hydrogenation to propane is much higher than that for the desorption of adsorbed propene to the gas phase.,0.5311064143643318,1.0,0.5555555555555556,0.9999999999,1.0
110,Why does the substitution of hydrogens lead to the appearance of several additional peaks of relatively high amplitude in the zero-field spectra around the main line?,"['Another result of the substitution of hydrogens is a violation of the chemical symmetry of the two ortho- protons, as in $^{15}\\mathrm{N}$ - nicotinamide, $^{15}\\mathrm{N}$ - 3- methoxypyridine, and $^{15}\\mathrm{N}$ - 3- methylpyridine. The change influences the bonding in these molecules, which leads to the dependence of the $J$ - coupling constant on the position in the molecule. This leads to the appearance of several additional peaks of relatively high amplitude observed in the zero- field spectra around the main line. It should be noted that the lower signal- to- noise ratio seen in the $^{15}\\mathrm{N}$ - nicotinamide spectrum compared to other spectra is a consequence of the use of a lower substrate concentration due to its low solubility in methanol. In our study, this issue was partially addressed by using dimethyl sulfoxide (DMSO) as a co- solvent. This particular result demonstrates the use of the SABRE technique to polarize and detect a spectrum of the biomolecule, $\\mathrm{B}_3$ vitamininer, under zero- field conditions for the first time ever. In a way, this result hints at the possibility of using hyperpolarized nicotinamide for ultralow- field imaging43.', 'In this part of the work, the effect of the proton exchange rate on $J$ - spectra is studied by varying $\\mathrm{pH}$ of the solution while maintaining the same concentration of urea (8 M)As shown in Figure 2, because of the increased proton exchange rate in urea solutions, the amplitudes of high- frequency peaks (120- 150 $\\mathrm{Hz}$ ) gradually decrease without considerable line broadening at both low and high $\\mathrm{pH}$ valuesIt is clear that, when the proton exchange rate is much higher than the $J$ - coupling ( $k_{\\mathrm{ex}} \\gg J_{\\mathrm{NH}}$ ), ${}^{1}\\mathrm{H}$ nuclei are effectively decoupled from the rest of the spin system and the $J_{\\mathrm{NH}}$ - coupling does not contribute to the observed zero- field spectraTherefore, high- frequency peaks vanish in the spectra of highly acidic ( $\\mathrm{pH} 1.4$ ) and highly basic ( $\\mathrm{pH} 14$ ) solutions, which is also supported by simulations of the urea spin system (Figure 2; see also Methods)The disappearance of the high- frequency peaks under highly acidic/basic conditions also bears a resemblance to the results shown in a recent study on zero- field NMR of ammonium in highly acidic conditionsThe authors of ref 10 reported that an increase in the proton exchange rate causes the zero- field NMR signals of ammonium to vanishThis is explained by the nature of the experiment: after prepolarization in a strong field, a sample spends a significant amount of time (1 s) in a low- field region (tens of $\\mu \\mathrm{T}$ ) before being detected in zero fieldIn our experiment, we are limited to a shuttling time (time between prepolarization and signal acquisition) of 1 s, because for the shorter transfer times, vibration noise, stemming from a NMR- tube transport, disrupts the structure of the spectraFor such a delay, water protons depolarize despite a guiding field of $10 \\mu \\mathrm{T}$ In the case of a faster proton exchange, unpolarized protons are more often involved in the exchange process', 'The observation of quadrupolar nuclei $(\\mathrm{spin} > 1 / 2)$ in zero- field NMR is challenging because of their additional electric influence on reorientation of nuclei that can cause fast relaxation. Previous studies show that even though the $J$ - couplings to deuterium, ${}^{14}\\mathrm{N}$ , and ${}^{35 / 37}\\mathrm{Cl}$ nuclei may not be directly visible as peaks in zero- field spectra, they may cause additional line- broadening. Conversely, in the study on zero- field NMR of quadrupolar nuclei, peaks originating from $J$ - coupling interactions of ${}^{1}\\mathrm{H} - \\mathrm{D}$ and ${}^{1}\\mathrm{H} - {}^{14}\\mathrm{N}$ are shown in $J$ - spectra of ammonium isotopologues. Because of a relatively small electric moment of deuterium and a high local symmetry of ${}^{14}\\mathrm{N}$ - ammonium resulting in small nuclear quadrupolar interactions, the detection of $J$ - coupling interactions of such nuclei in zero- field NMR is feasible.']","['Another result of the substitution of hydrogens is a violation of the chemical symmetry of the two ortho- protons, as in  $^{15}\\mathrm{N}$ - nicotinamide,  $^{15}\\mathrm{N}$ - 3- methoxypyridine, and  $^{15}\\mathrm{N}$ - 3- methylpyridine. The change influences the bonding in these molecules, which leads to the dependence of the  $J$ - coupling constant on the position in the molecule. This leads to the appearance of several additional peaks of relatively high amplitude observed in the zero- field spectra around the main line.']","The substitution of hydrogens (e.g., with $^{15}\mathrm{N}$) leads to the appearance of additional peaks in zero-field NMR spectra due to **violation of chemical symmetry** and subsequent changes in J-coupling constants. Specifically:  

1. **Symmetry Breaking**:  
   - Substitution disrupts the equivalence of ortho-protons in molecules like $^{15}\mathrm{N}$-nicotinamide, $^{15}\mathrm{N}$-3-methoxypyridine, and $^{15}\mathrm{N}$-3-methylpyridine.  
   - This alters molecular bonding, causing **position-dependent variations in J-coupling constants** ($J$).  

2. **Spectral Consequences**:  
   - The modified J-coupling interactions generate **additional high-amplitude peaks** near the main spectral line.  
   - These peaks arise from the altered spin-spin coupling network in zero-field conditions.  

3. **Experimental Confirmation**:  
   - The effect is observed directly in zero-field spectra, as seen in hyperpolarized $^{15}\mathrm{N}$-nicotinamide (a biomolecule polarized via SABRE).  

This phenomenon highlights how isotopic substitution modifies spin interactions, enabling zero-field NMR detection of otherwise symmetric molecules.  

---  
**Note**: The lower signal-to-noise in $^{15}\mathrm{N}$-nicotinamide spectra (due to solubility issues) was mitigated using DMSO as a co-solvent.","The substitution of hydrogens violates the chemical symmetry of the two ortho-protons, which influences the bonding in these molecules. This change leads to the dependence of the J-coupling constant on the position in the molecule, resulting in the appearance of several additional peaks of relatively high amplitude observed in the zero-field spectra around the main line.",0.6821186658119167,0.7061124767940933,1.0,0.9999999999,1.0
111,What is the first step in the hydrogenation reactions catalyzed by complexes of the type (diphosphine)(diene) Rh+?,"['Due to these requirements, cationic Rhodium complexes having the general formula $\\mathrm{[Rh(diene)diphos]}^{+}$ [64] where diene is a coordinate olefin (e.g. cyclooctadiene or norbornadiene) and diphos is a chelating dis- phosphine, are the most widely applied parahydrogenation catalysts. The hydrogenation pathway is particularly useful for the observation of PHIP effects because it is the so- called ""unsaturated route"".[64] In this case, the substrate is coordinated to the metal center first, then hydrogen is irreversibly added to the complex and transferred to the substrate through a low energy activation barrier, therefore the di- hydride intermediate is very short living.[65] It can also be said that parahydrogen is transferred in pure singlet state to the product. Other Rh(I) complexes, containing non chelating phosphines, having the general formula $\\mathrm{[Rh(diene)phos_2]}^+$ (where phos is a mono- dentate phosphine), allow reversible hydrogen coordination on the metal center before the substrate addition, therefore the para- ortho equilibrium tends to be restored during the exchange process and the expected polarization level on the products is lower.[66]', 'I. INTRODUCTION\nThe hydrogenation mechanism of unsaturated substrates using cationic Rh(I) complexes has been extensively investigated by means of kinetic studies, $^{1}$ density functional theory (DFT) calculations, $^{2 - 4}$ and, more recently, ParaHydrogen Induced Polarization (PHIP). $^{5 - 7}$ The interest in this class of catalysts, in particular with chelating phosphine, namely [(P- P)Rh(I)(diene)], for parahydrogenation reactions is due to the high polarization level that can be achieved on both ${}^{1}\\mathrm{H}$ and heteronuclear signals. In the presence of these Rh(I) complexes, the hydrogenation reaction follows the so- called unsaturated route (Figure 1), $^{1}$ in which the substrate is coordinated to the metal first and then hydrogen is irreversibly transferred to the unsaturated molecule. This behavior makes the Rh(I) complexes containing a chelating phosphine more suitable for the attainment of a high polarization level on the hydrogenated products than other Rh compounds such as Wilkinson catalyst. $^{9}$ It was also found that singlet- triplet mixing can occur on reaction intermediates and this can be exploited to gain mechanistic information about intermediate hydrogen complexes and an estimate of the dwell time of the hydrogen nuclei in magnetically inequivalent positions. $^{8}$', ""Among the number of suitable soluble organometallic catalysts (25), the highest hyperpolarization effects have been obtained using organometallic Rh(I) complexes having the general formula $[\\mathsf{Rh}(\\mathsf{diene})\\mathsf{L}_2]^+$ where $\\mathsf{L}_2$ is a chelating diphosphine. With this kind of complex the underlying hydrogenation mechanism, called the 'unsaturated route', allows maintenance of the singlet state until the two hydrogen atoms are added to the product. First, the unsaturated substrate is coordinated to the Rh(I) center, while the hydrogen molecule is activated and immediately transferred to the substrate. Therefore any para- ortho mixing is avoided during the hydrogenation process, and this is particularly important for the achievement of heteronuclear hyperpolarization. Similar complexes containing monodentate phosphines including the well- known Wilkinson catalyst are less efficient as far as PHIP is concerned because of the different operating hydrogenation mechanism (26).""]","[""Hydrogenation reactions catalyzed by complexes of the type (diphosphine)(diene) Rh+ are known to proceed via the so-called 'unsaturate route': first, the unsaturated substrate coordinates the metal center of the catalyst, then molecular H2 enters the coordination sphere and it is transferred to the substrate.""]","Based on the provided context, the first step in the hydrogenation reactions catalyzed by cationic Rh(I) complexes of the type **[(diphosphine)(diene)Rh]⁺** (e.g., [Rh(diene)diphos]⁺) is:  

**The coordination of the unsaturated substrate to the Rh(I) metal center.**  

This mechanism is explicitly described as the ""unsaturated route"":  
1. The substrate binds to the Rh(I) complex first.  
2. Parahydrogen is then activated and *irreversibly* transferred to the substrate.  

This sequence ensures the singlet state of parahydrogen is preserved, enabling high polarization levels in PHIP-NMR.  

### Key Supporting Details from the Context:  
- ""**the substrate is coordinated to the metal center first**"" (direct quote).  
- ""First, the unsaturated substrate is coordinated to the Rh(I) center"" (I. Introduction).  
- This contrasts with non-chelating Rh(I) catalysts (e.g., Wilkinson-type), where hydrogen coordinates *before* substrate addition, leading to para-ortho equilibration and reduced polarization.  

No external knowledge is used; this answer is derived solely from the provided literature.",The unsaturated substrate coordinates the metal center of the catalyst.,0.5375352781587953,0.9601180217956166,0.8571428571428571,0.9999999999666667,1.0
112,How does the sensitivity of benchtop NMR spectrometers compare to that of high-field NMR spectrometers in terms of signal-to-noise ratio?,"['ABSTRACT: Benchtop NMR spectrometers provide a promising alternative to high- field NMR for applications that are limited by instrument size and/or cost. $^{19}\\mathrm{F}$ benchtop NMR is attractive due to the larger chemical shift range of $^{19}\\mathrm{F}$ relative to $^{1}\\mathrm{H}$ and the lack of background signal in most applications. However, practical applications of benchtop $^{19}\\mathrm{F}$ NMR are limited by its low sensitivity due to the relatively weak field strengths of benchtop NMR spectrometers. Here we present a sensitivity- enhancement strategy that combines SABRE (Signal Amplification By Reversible Exchange) hyperpolarization with the multiplet refocusing method SHARPER (Sensitive, Homogeneous, And Resolved PEaks in Real time). When applied to a range of fluoropyridines, SABRE', 'The transition to a weaker magnetic field strength can lead to challenges both in terms of sensitivity and chemical shift dispersion. In terms of sensitivity, the signal- to- noise ratio (SNR) of an NMR spectrum scales approximately with $B_0^{3 / 2}$ and so there is an inherent reduction in sensitivity when using a weaker benchtop NMR magnet.39 Furthermore, the chemical shift dispersion in Hz increases linearly with $B_0$ and so the chemical shift axis is compressed at lower fields. This can lead to spectral congestion, peak overlap and an increased potential for second order peak patterns due to strong coupling effects.40 Overall, these two limitations can make the observation and resolution of low concentration chemical species challenging at weaker magnetic fields, limiting the potential reaction monitoring applications of benchtop NMR spectrometers.', 'The deviation of the low- field rate constant from both the high- field NMR and literature values does not originate from the presence of background signal. This is because, unlike the high- field NMR spectra, there is no observable NMR signal from the non- hyperpolarised product once the reaction has reached completion due to the lower inherent sensitivity of the benchtop NMR system. As a result, the use of the OPSY sequence on the benchtop NMR spectrometer reduces the observed SNR without bringing any improvements in accuracy (a more comprehensive analysis can be found within the $\\mathrm{ESI}\\dagger$ - Indeed the accuracy of the experiment decreases due to the reduction in the signal that passes through the OPSY filter. Therefore, in this case, the lower magnetic field of the benchtop NMR spectrometer is a benefit, because the absence of']","['In terms of sensitivity, the signal- to- noise ratio (SNR) of an NMR spectrum scales approximately with $B_0^{3 / 2}$ and so there is an inherent reduction in sensitivity when using a weaker benchtop NMR magnet.']","Based on the provided context, the sensitivity comparison between benchtop and high-field NMR spectrometers in terms of signal-to-noise ratio (SNR) is as follows:

1. **SNR Scaling Principle**: The signal-to-noise ratio of NMR spectra scales approximately with \( B_0^{3/2} \), where \( B_0 \) is the magnetic field strength.

2. **Sensitivity Reduction**:  
   Benchtop NMR spectrometers operate at significantly lower magnetic field strengths than high-field instruments. This results in an **inherent reduction in sensitivity** due to the \( B_0^{3/2} \) scaling relationship.  

3. **Practical Implications**:  
   - The lower SNR of benchtop NMR makes it challenging to observe low-concentration species.  
   - In the specific case of \( ^{19}\mathrm{F} \) benchtop NMR, the context notes that non-hyperpolarized signals become undetectable after reaction completion due to this sensitivity limitation.  

4. **Mitigation Strategies**:  
   The context discusses using sensitivity-enhancement techniques like SABRE (Signal Amplification By Reversible Exchange) combined with multiplet refocusing (SHARPER) to address this limitation for fluoropyridines.  

**Summary**: Benchtop NMR spectrometers exhibit **lower sensitivity** (reduced SNR) compared to high-field NMR instruments due to their weaker magnetic fields, governed by the \( B_0^{3/2} \) scaling law. This necessitates specialized signal-enhancement methods for practical applications.","The sensitivity of benchtop NMR spectrometers is lower than that of high-field NMR spectrometers because the signal-to-noise ratio scales approximately with B_0^(3/2), and benchtop NMR uses a weaker magnetic field.",0.7543899512020548,0.9669619034670175,1.0,0.9999999999666667,1.0
113,Why does the $T_{1}$ of HP pyruvate drop at pH values slightly above pH 10?,"['The $T_{1}$ of HP pyruvate (Figure 3) shows a stronger increase with increasing pH up to slightly acidic pH $(pH7 - pH8)$ and a stronger decrease of $T_{1}$ at alkaline pH compared to the thermal $T_{1}$ titration curve (Figure 2). These differences are most likely caused by the different experimental conditions between the HP and thermal measurements, including concentration, temperature and external magnetic field strength. Furthermore, the trityl radical, which is present only in the hyperpolarized samples, might interact with pyruvate in a pH dependent manner explaining the drop of $T_{1}$ at pH values slightly above $\\text{pH} 10$ . A plot with all measured data points is given in the Supplement $(n = 82$ , Figure S.5). Figure 3 shows an almost threefold smaller $T_{1}$ at acidic $(24.5\\pm 7.6s,\\text{pH} 1.7\\pm 0.4)$ and basic $(24.10\\pm 17.6s,\\text{pH} 12.3\\pm 0.1)$ pH when compared to $\\text{pH} 7.3\\pm 0.3$ $(66.1\\pm 7.0s)$ . This indicates that extreme pH values are most detrimental for signal lifetime of HP pyruvate, which is the most extensively used probe for metabolic imaging.', '[](images/977d01b1446fd41949ee9d01b77cc66152b9ec63ea1b3571415717dfae75f8ef.jpg) \nFigure 2. NMR $T_{1}$ -titration curves of thermally polarized $[1 - ^{13}\\mathbb{C}]$ lactate and $[1 - ^{13}\\mathbb{C}]$ pyruvate. The $T_{1}$ of lactate decreases with increasing pH and has a local minimum around the $pK_{\\mathrm{a}} = 3.6$ . Further increase of the pH shortens the $T_{1}$ yielding a global minimum at neutral pH and a subsequent increase with pH showing a plateau at $pH > 10$ . The $T_{1}$ of pyruvate is mainly affected by high proton concentrations. At acidic pH, pyruvate reacts with water to form pyruvate hydrate and may form intermolecular hydrogen bonds. Increasing the pH reduces the amount of pyruvic acid hydrate and the proton concentration. The global $T_{1}$ -maximum of pyruvate is at slightly basic pH. Note that there is a fairly high error bar of $T_{1}$ of pyruvate at $pH6.32\\pm 0.43$ $(n = 2$ , $T_{1}$ -measurements). This is due to the fact that the pH varied stronger during the individual measurement (the pH was measured before and after the NMR experiment, given values are the means $\\pm$ stds.) for values around pH 6 compared to other pH values (the mean pH standard deviation of all pyruvate $T_{1}$ measurements was 0.20). Chemical structures and $pK_{\\mathrm{a}}$ are given next to the pH titration curve. The measured carbonyl carbon is marked in blue. The average lactate concentration was $244\\pm 4$ mM in water. The average pyruvate concentration ranged between $238\\mathrm{mM}$ to $250\\mathrm{mM}$ in water $(n = 20)$ and $100\\mathrm{mM}$ Tris $(n = 16)$ containing $10\\% D_{2}O$ , $B_{0} = 14.1T$ , $37^{\\circ}C$ . Pyruvate data are grouped according to distinct pH ranges given in the supplement Figure S.4. Note further that we did not detect a significant difference between the measurements in water and $100\\mathrm{mM}$ Tris. The $pK_{\\mathrm{a}}\\pm 0.5$ of each molecule is marked with a yellow box.', '[](images/9a375da756170d6c004d2ec16f1f8ad153ad421b1803ab35e585d757e0bfa1e1.jpg) \nFigure 3. NMR $T_{1}$ titration curves of hyperpolarized $^{13}\\mathrm{C}$ urea, $[1 - ^{13}C]$ zymonic acid and $[1 - ^{13}C]$ pyruvate. The $T_{1}$ of urea slightly but significantly increases with pH. $C_1$ and $C_5$ of zymonic acid have rather short $T_{1}$ at acidic pH, which increase with increasing pH above $\\mathsf{p}K_{\\mathsf{a1}} = 2.4$ At $\\mathsf{p}K_{\\mathsf{a2}} = 6.9,$ both carbon atoms exhibit a $T_{1}$ minimum. At $\\mathsf{pH} > \\mathsf{pK}_{\\mathsf{a2}},$ both $T_{1}$ values increase, yielding a global maximum for $C_5$ at basic pH, whereas the $T_{1}$ of $C_1$ decreases at $>pH12$ . The $T_{1}$ of pyruvate is lowest at acidic and basic pH values. The respective chemical structures and $\\mathsf{p}K_{\\mathsf{a}}$ values are given next to the pH titration curve. The measured hyperpolarized carbonyl carbon is indicated in red. The concentration of urea, zymonic acid and pyruvate were $50~\\mathrm{mM}$ in water, $25~\\mathrm{mM}$ in $\\mathsf{D}_2\\mathsf{O}$ and $90~\\mathrm{mM}$ in water/80 mM Tris, respectively. Individual pyruvate data points are grouped according to distinct pH ranges given in the supplement Figure S.5. Measurements were performed at $B_{0} = 1$ T and $28^{\\circ}C$ Note, that the trityl radical necessary for polarization was not filtered out for these experiments. The $\\mathsf{p}K_{\\mathsf{a}}\\pm 0.5$ of each molecule is marked with a yellow box.']","['Furthermore, the trityl radical, which is present only in the hyperpolarized samples, might interact with pyruvate in a pH dependent manner explaining the drop of $T_{1}$ at pH values slightly above $\text{pH} 10$.']","Based on the provided context, the drop in $T_1$ of hyperpolarized pyruvate at pH values slightly above 10 is attributed to the presence of the **trityl radical** used in the hyperpolarization process. Specifically:  

1. **Trityl radical interaction**:  
   The trityl radical (essential for hyperpolarization but absent in thermal measurements) interacts with pyruvate in a **pH-dependent manner**. This interaction becomes pronounced at alkaline pH (> pH 10), leading to enhanced relaxation and a reduction in $T_1$.  

2. **Experimental evidence**:  
   - Hyperpolarized pyruvate exhibits a threefold shorter $T_1$ at alkaline pH ($24.10 \pm 17.6 \, \text{s}$ at pH $12.3 \pm 0.1$) compared to neutral pH ($66.1 \pm 7.0 \, \text{s}$ at pH $7.3 \pm 0.3$).  
   - This drop is distinct from the thermal $T_1$ behavior of pyruvate (Figure 2), which does not show a similar decrease at high pH.  

3. **Mechanistic insight**:  
   The pH-dependent interaction between the trityl radical and pyruvate likely accelerates relaxation pathways (e.g., paramagnetic relaxation enhancement) at alkaline conditions, reducing the hyperpolarized signal lifetime.  

**Key distinction**:  
This effect is unique to hyperpolarized samples due to the presence of the trityl radical and is not observed in thermally polarized pyruvate measurements.  

For reference, see Figure 3 and Supplement Figure S.5 in the context.","The drop in $T_{1}$ at pH values slightly above pH 10 is most likely caused by the interaction of the trityl radical, which is present only in the hyperpolarized samples, with pyruvate in a pH-dependent manner.",0.7948387846744295,0.9047011704129063,0.9375,0.8333333332916666,1.0
114,Why is the hyperpolarization of DNA aptamers like AS1411 efficiently facilitated by the PEGylation method under specific conditions?,"['Generally, the hyperpolarization of DNA and DNA aptamers illustrate an outstanding example of selective and demanding organic synthesis on highly polar bio- macromolecules efficiently facilitated by an earlier established PEGylation method. The strength of this multimodal method lies in its universality, which allows the same labeling method to be used for a wide range of aptamer- based diagnostic applications.', 'Conclusion\nIn summary, we demonstrated the unprecedented hyperpolarization of the cancer- targeting, biomedical relevant DNA aptamer AS1411 by introducing a suitable PHIP label. With a molecular weight of $17\\mathrm{kDa}$ , this is the largest biomacromolecule hyperpolarized with $p\\mathrm{H}_{2}$ so far. We showed that these DNA molecules do not deactivate the catalyst and that an unsaturated function attached to the nucleobase can be selectively hydrogenated without altering the structure of DNA. Furthermore, we were able to identify suitable molecular motifs for the PHIP label (dU derivatives with an acetylene function and a spacer) as well as suitable experimental conditions (elevated temperature). For the hyperpolarization of AS1411 in organic solvent, the polarity of DNA was adjusted by complexation with PEG chains and the catalyst $[\\mathrm{Rh}(\\mathrm{cod})(\\mathrm{dppb})]\\mathrm{BF}_4$ enabled selective addition of $p\\mathrm{H}_{2}$ . Our findings pave the way for the use of DNA aptamers as hyperpolarized, targeting contrast agents, which have the potential to significantly expand the scope of hyperpolarized MRI.', 'The aptamer AS1411 is highly polar and cannot be dissolved in $\\mathrm{MeOD} / \\mathrm{D}_2\\mathrm{O}$ mixtures, thus for the hydrogenation reaction, the polarity of AS1411 needs to be decreased to be soluble in organic solvents. The overall polarity of DNA can be reduced by complexing the charged phosphate backbone of DNA with counter ions possessing low polar tails. Recently, such technique has received great interest as the coordination of ionizable cationic lipids enables the safe embedding of polynucleic acids into lipid nanoparticles with a hydrophobic core and is applied for RNA vaccines.[27] The use of amino- terminated monotelechelic polyethylene glycol (PEG) for DNA complexation called PEGylation even enables processes such as DNA hybridization[28] or DNA- based catalysis in organic solvents.[29] For our system, we used PEG(350) as rather short ligand to keep the PHIP label accessible for the catalyst (Figure 3). Here, 350 refers to the molecular weight of the PEG chain. Initial PHIP experiments with the PEGylated 9mer (11) demonstrate the feasibility of this approach (Table 1 & Figure 2b).']","['Generally, the hyperpolarization of DNA and DNA aptamers illustrate an outstanding example of selective and demanding organic synthesis on highly polar bio- macromolecules efficiently facilitated by an earlier established PEGylation method. The strength of this multimodal method lies in its universality, which allows the same labeling method to be used for a wide range of aptamer- based diagnostic applications. For the hyperpolarization of AS1411 in organic solvent, the polarity of DNA was adjusted by complexation with PEG chains and the catalyst [Rh(cod)(dppb)]BF4 enabled selective addition of pH2.']","The hyperpolarization of DNA aptamers like AS1411 is efficiently facilitated by the PEGylation method under specific conditions due to the following reasons, derived from the provided context:

1. **Solubility Adjustment**:  
   AS1411 is inherently highly polar and insoluble in organic solvents (e.g., MeOD/D₂O mixtures), which are required for the parahydrogen-induced polarization (PHIP) reaction. PEGylation reduces the overall polarity of DNA by complexing its charged phosphate backbone with low-polarity counter ions (e.g., amino-terminated polyethylene glycol). This enables solubility in organic solvents, a prerequisite for the catalytic hydrogenation step.

2. **Catalyst Compatibility**:  
   PEGylation uses short-chain PEG ligands (e.g., PEG(350), MW = 350 g/mol) to ensure the PHIP label remains accessible to the catalyst ([Rh(cod)(dppb)]BF₄). This prevents catalyst deactivation and allows selective hydrogenation of unsaturated functions (e.g., acetylene groups on dU derivatives) without disrupting the DNA structure.

3. **Optimized Reaction Conditions**:  
   Elevated temperature and organic solvent compatibility (achieved via PEGylation) enable efficient parahydrogen (p-H₂) addition. These conditions are critical for the hydrogenation step, as confirmed by successful PHIP experiments with PEGylated DNA constructs.

4. **Universality and Accessibility**:  
   The PEGylation method preserves the functionality of DNA aptamers (e.g., hybridization or catalytic activity) in organic solvents, allowing the PHIP label to be introduced site-specifically. This universality supports diverse diagnostic applications while maintaining molecular targeting capabilities.

In summary, PEGylation addresses the polarity mismatch between DNA and organic reaction media, ensuring catalyst activity, label accessibility, and controlled hydrogenation—key factors enabling efficient hyperpolarization of large biomacromolecules like AS1411.","The hyperpolarization is efficient because the PEGylation method adjusts the polarity of DNA by complexation with PEG chains, and the catalyst [Rh(cod)(dppb)]BF4 enables selective addition of pH2. Suitable molecular motifs (dU derivatives with an acetylene function and a spacer) and elevated temperature further facilitate the process without altering the DNA structure.",0.4294424641727217,0.9477010042529971,1.0,0.5833333333041666,1.0
115,Why is SABRE-SHEATH versatile in polarizing multiple nuclei in one molecule simultaneously?,"['Here, we demonstrate the use of SABRE- SHEATH to hyperpolarize both the C- 1 and C- 5 resonances of the $\\mathfrak{pH}$ sensing molecule $[1,5 - ^{13}\\mathrm{C}_2]$ Z- OMPD. We find that multiple binding modes are responsible for polarization transfer (Figure 1B) detailed under Results and Discussion. The work highlights the versatility of SABRE- SHEATH in polarizing multiple nuclei in one molecule simultaneously (Figure 1C), showing enhancements of $>2000$ fold over thermal reference measurements at $1.1\\mathrm{T}$ $(P_{13\\mathrm{C}} > 0.25\\%)$ for C- 5, and almost 4000- fold enhancement for C- 1 $(P_{13\\mathrm{C}} > 0.4\\%)$ . Even though this polarization does not reach levels favorable for in vivo application $(>10\\%$ required), further optimization is likely to improve hyperpolarization levels in the future. One opportunity is the use of SLIC- SABRE, which in some cases outperforms SABRE- SHEATH. In addition, we also use ab initio density functional theory (DFT) calculations to examine the binding mechanisms of Z- OMPD to the catalyst, rationalizing experimental observations. Finally, we experimentally verify the $\\mathfrak{pH}$ sensing ability of HP Z- OMPD by measuring the chemical shifts of C- 1 and C- 5 as a function of $\\mathfrak{pH}$ across the physiological $\\mathfrak{pH}$ range.', 'We demonstrate the versatility of this method across a broad spectrum of SABRE- active molecules and their mixtures. In all instances, employing SLIC- SABRE significantly outperforms the SABRE- SHEATH approach, achieving $^{15}\\mathrm{N}$ polarizations up to $17\\%$ . This advancement represents a substantial leap forward in making hyperpolarization techniques more accessible and applicable in a wider range of scientific inquiries.', 'Direct hyperpolarization of heteronuclei with NMR Signal Amplification By Reversible Exchange (SABRE17) is possible via SABRE- SHEATH (SABRE in SField Enables Alignment Transfer to Heteronuclei).18,19 Unlike d- DNP, SABRESHEATH18,19 is scalable, provides efficient hyperpolarization in seconds, and uses very simple and inexpensive hardware.7,20 $^{15}\\mathrm{N}$ SABRE- SHEATH of several biomolecules has been demonstrated (including nicotinamide,11,18 imidazole,21 and diazirines), producing $P_{\\mathrm{isN}}$ of up to $10\\%$ in $\\leq 1\\mathrm{min}$ . It is our goal to expand the range of biomedically useful compounds amenable to SABRE- SHEATH, which may enable unprecedented molecular imaging and spectroscopy experiments that would provide direct visualization of biochemical processes.']","['We find that multiple binding modes are responsible for polarization transfer (Figure 1B) detailed under Results and Discussion. The work highlights the versatility of SABRE- SHEATH in polarizing multiple nuclei in one molecule simultaneously (Figure 1C), showing enhancements of >2000 fold over thermal reference measurements at 1.1T (P13C > 0.25%) for C- 5, and almost 4000- fold enhancement for C- 1 (P13C > 0.4%).']","Based on the provided context, SABRE-SHEATH is versatile in polarizing multiple nuclei simultaneously in one molecule due to the following key reasons:

1.  **Multiple Binding Modes:** The target molecule can bind to the SABRE catalyst in different configurations (Figure 1B). Each distinct binding mode facilitates efficient polarization transfer to a specific heteronucleus within the same molecule.

2.  **Simultaneous Transfer Mechanism:** The SABRE-SHEATH process (Signal Amplification By Reversible Exchange in SHield Enables Alignment Transfer to Heteronuclei) inherently allows the hyperpolarization derived from parahydrogen to be transferred efficiently to heteronuclei (like $^{13}\mathrm{C}$ or $^{15}\mathrm{N}$) under a specific magnetic field. When multiple suitable nuclei are present and accessible via different binding modes, this transfer can occur to several sites at once.

3.  **Experimental Demonstration:** This versatility was demonstrated with the molecule $[1,5 - ^{13}\mathrm{C}_2]$ Z-OMPD. SABRE-SHEATH simultaneously hyperpolarized both the C-1 and C-5 $^{13}\mathrm{C}$ sites, achieving substantial signal enhancements (>2000-fold for C-5 and nearly 4000-fold for C-1 at 1.1 T) over thermal equilibrium measurements.

In essence, the combination of reversible substrate-catalyst binding that enables multiple orientations and the core SABRE-SHEATH mechanism for heteronuclear polarization transfer allows for the simultaneous hyperpolarization of multiple nuclei within a single molecule.","SABRE-SHEATH is versatile because it can hyperpolarize both the C-1 and C-5 resonances of the pH sensing molecule [1,5-13C2] Z-OMPD, showing enhancements of >2000 fold for C-5 and almost 4000-fold for C-1 over thermal reference measurements at 1.1T, due to multiple binding modes responsible for polarization transfer.",0.6468589431394803,0.9994830282893686,0.9285714285714286,0.9999999999,1.0
116,How do the polarization signals upon hydrogenation compare between cyclic decapeptides 13 and 14?,"['respective chemistry and making such decapeptide potential post- synthetic labels to study PHIP in biomolecules. Both compounds showed polarized signals upon hydrogenation with para- enriched hydrogen (Table 1, see Fig. S44 and S47 in the $\\mathrm{ESI}\\dagger$ ). In contrast to the lack of polarization in the case of the tripeptides 10 and 11 with the thiol(thioether)/alkyne ratio being $2 / 1$ , moderate polarization was detected for cysteine- bearing decapeptide 13 with the respective ratio being $1 / 4$ . Nevertheless, due to the superposition of the polarized signals it was not possible to distinguish between the hydrogenated residues (see Fig. S44 and S47 in the $\\mathrm{ESI}\\dagger$ ). It will be interesting to study derivatives of 13 which contain two Pra residues adjacent to the Cys moiety, and the corresponding variant containing two Pra units that are not adjacent to the Cys residue. In accordance with the result observed for the lysine- bearing tripeptide 7, signal amplification was clearly detected for the respective decapeptide 14.', ""ABSTRACT: Parahydrogen- induced polarization (PHIP) is an efficient technique for mechanistic investigations of homogeneous and heterogeneous catalytic hydrogenations. Herein, heterogeneous gas phase hydrogenation of six- membered cyclic hydrocarbons (benzene, toluene, cyclohexene, 1,3- cyclohexadiene and 1,4- cyclohexadiene) over $\\mathrm{Rh / TiO_2}$ , $\\mathrm{Pd / TiO_2}$ , and $\\mathrm{Pt / TiO_2}$ catalysts was studied using PHIP. As expected, cyclohexene hydrogenation led to the formation of cyclohexane which because of its symmetry should not exhibit any PHIP effects. However, the presence of $^{13}\\mathrm{C}$ nuclei at natural abundance $(1.1\\%)$ breaks molecular symmetry, resulting in the observation of $^{13}\\mathrm{C}$ satellite signals exhibiting PHIP effects in the ${}^{1}\\mathrm{H}$ NMR spectra. In experiments with cyclohexene, the reactant's NMR signals were also polarized, demonstrating the possibility of cyclohexene dehydrogenation to 1,3- cyclohexadiene and subsequent hydrogenation to cyclohexene. In the hydrogenation of 1,3- cyclohexadiene and 1,4- cyclohexadiene, all NMR signals of cyclohexene exhibited PHIP effects, implying migration of $\\mathrm{C} = \\mathrm{C}$ bonds in 1,4- cyclohexadiene and cyclohexene. At the same time, upon hydrogenation of benzene and toluene the reaction products were those with saturated cycles exclusively (cyclohexane and methylcyclohexane, respectively), and their NMR signals were not polarized. The absence of PHIP effects for arene hydrogenation can be explained by a difference in the reaction mechanism compared to cyclohexane and cyclohexadienes hydrogenations, along with the larger extent to which hydrogen atoms undergo migration on the catalyst surface facilitated by lower catalyst coverage with an adsorbed substrate in case of arenes."", 'When the spectrum is recorded immediately after the parahydrogenation reaction (Figure 4a), polarization is observed only on the methyl signal $(14.47~\\mathrm{ppm})$ while the carbonyl $^{13}\\mathrm{C}$ nucleus, which is also scalarly coupled with para- hydrogen protons, does not show any enhancement. This is due to the fact that polarization on the $^{13}\\mathrm{C}$ methyl signal derives from the strongly polarized methyl protons rather than from the olefinic ones, as confirmed by using the analogous deuterated compound. A more detailed explanation is beyond the scope of this work.']","['Both compounds showed polarized signals upon hydrogenation with para- enriched hydrogen (Table 1, see Fig. S44 and S47 in the  $\\mathrm{ESI}\\dagger$ ). In contrast to the lack of polarization in the case of the tripeptides 10 and 11 with the thiol(thioether)/alkyne ratio being  $2 / 1$ , moderate polarization was detected for cysteine- bearing decapeptide 13 with the respective ratio being  $1 / 4$ . Nevertheless, due to the superposition of the polarized signals it was not possible to distinguish between the hydrogenated residues (see Fig. S44 and S47 in the  $\\mathrm{ESI}\\dagger$ ). It will be interesting to study derivatives of 13 which contain two Pra residues adjacent to the Cys moiety, and the corresponding variant containing two Pra units that are not adjacent to the Cys residue. In accordance with the result observed for the lysine- bearing tripeptide 7, signal amplification was clearly detected for the respective decapeptide 14.']","Based on the provided context, the comparison of polarization signals upon hydrogenation between cyclic decapeptides **13** and **14** is as follows:  

1. **Decapeptide 13 (cysteine-bearing)**  
   - Exhibited **moderate polarization** upon hydrogenation with para-enriched hydrogen.  
   - The thiol(thioether)/alkyne ratio was **1/4**.  
   - However, the polarized signals were **superimposed**, making it impossible to distinguish between hydrogenated residues.  

2. **Decapeptide 14 (lysine-bearing)**  
   - Showed **clear signal amplification** (polarization) upon hydrogenation.  
   - This result aligns with observations from the lysine-bearing tripeptide **7**, indicating robust polarization.  

**Key Difference**:  
While both compounds exhibited polarization, **decapeptide 14** demonstrated unambiguous and distinguishable signal amplification, whereas **decapeptide 13** suffered from signal overlap that obscured residue-specific analysis.  

For experimental details, refer to Fig. S44 and S47 in the ESI† (as cited in the context).","Cyclic decapeptide 14 showed clearly detected signal amplification upon hydrogenation, whereas decapeptide 13 showed only moderate polarization.",0.3702817163962398,0.9947333894639908,0.875,0.9999999999,1.0
117,Why is hyperpolarization lost during manual hydrolysis work-up?,"['It must also be highlighted that manual hydrolysis work- up takes approximately $40~s,$ during which time substantial hyperpolarization (about $50\\%$ ) is lost, caused by relaxation processes.', '{13}\\mathrm{C}$ - polarizations of $0.29\\%$ for 5a and $0.25\\%$ for 5b, which at 7 T and $80^{\\circ}\\mathrm{C}$ corresponds to $570\\times$ and $490\\times$ signal enhancement, respectively. We attribute the notable $^{13}\\mathrm{C}$ - hyperpolarization loss during hydrolysis to the $T_{1}$ loss expected during the $10 \\mathrm{~s}$ used for this step. We refrain from estimating the expected loss during this step, noting the strong pH dependence of the $^{13}\\mathrm{C} - T_{1}$ in $\\alpha$ - amino acid.[12] Since the ester hydrolysis step was performed by manual injection of the NaOD solution and because its overall length was determined by sample homogenization, we expect that losses can be reduced under optimal hydrolysis conditions.', 'It must be noticed that around half of the nascent polarization $(\\mathrm{P(t_0)})$ is lost during the time delay (40- 45 s) between the end of the hyperpolarization procedure (the end of the MFC) and the acquisition of the NMR spectrum. This suggests that a dedicated and automatic set- up might be able to reduce the time needed for the work- up passages, which are currently carried out manually, and lead to an increase in the observed polarization level. Furthermore, it has been shown that parahydrogen enrichment is considerably diminished, during the hydrogenation reaction, which is probably due to the formation of metal impurities in the hydrogenation mixture. Further studies into hydrogenation catalysis are therefore a necessity.']","['It must also be highlighted that manual hydrolysis work-up takes approximately 40 s, during which time substantial hyperpolarization (about 50%) is lost, caused by relaxation processes.']","Based on the provided context, hyperpolarization is lost during manual hydrolysis work-up due to the following reasons:

1. **Relaxation processes during time delays**:  
   The manual hydrolysis procedure takes approximately 40 seconds, during which about 50% of the hyperpolarization is lost due to \(T_1\) relaxation (spin-lattice relaxation). This relaxation occurs naturally as the polarized spins return to thermal equilibrium.

2. **Specific loss during hydrolysis**:  
   About 10 seconds of the 40-second work-up is dedicated to the hydrolysis step itself, where significant \(^{13}\text{C}\)-hyperpolarization loss occurs. This is attributed to the strong pH dependence of \(^{13}\text{C}\) \(T_1\) relaxation in α-amino acids, which accelerates polarization decay under the basic conditions of hydrolysis (using NaOD solution).

3. **Manual handling inefficiencies**:  
   The hydrolysis relies on manual injection of NaOD and sample homogenization, leading to non-optimized timing. The authors suggest that an automated setup could minimize these delays and reduce polarization loss.",Because relaxation processes occur during the approximately 40 s duration of the manual hydrolysis work-up.,0.41262627808104224,1.0000000000000002,0.8235294117647058,0.9999999999666667,1.0
118,Why does the LAC occur in the $+\frac{1}{2}$ manifold in the presence of a coupling of $J_{\mathrm{A'B}} = 1\mathrm{Hz}$?,[],"[""Of significant interest to the SABRE case is the additional LAC in a non-zero field that occurs in one of these manifolds. Which manifold contains the LAC depends on the relative signs of the scalar couplings. Here we will consider the case where this is the $+\\frac{1}{2}$ manifold. In the presence of a coupling of $J_{\\mathrm{A'B}} = 1\\mathrm{Hz}$ (Fig. 15b), the perturbation Hamiltonian, $\\hat{H}_{\\mathrm{H}}$ removes the degeneracy of the states, causing the crossing to be avoided. Importantly, in the region of the LAC, the states are mixed, allowing for efficient population transfer.""]","Based on the provided information, the question cannot be answered.","The LAC occurs because the perturbation Hamiltonian $\hat{H}_{\mathrm{H}}$ removes the degeneracy of the states, causing the crossing to be avoided and leading to state mixing, which allows for efficient population transfer.",0.07950815162049094,0.0,1.0,0.0,0.0
119,What is the third step in the process of preparing samples for NMR spectroscopy to study the kinetics of a hydrogenation reaction?,"['Conclusion\nIn conclusion, we have demonstrated zero- field NMR spectroscopy as a method for reaction monitoring with chemical specificity by detecting the hydrogenation of molecules with para- enriched hydrogen gas. We were able to extract $J$ - couplings and their relative signs from the zero- field spectra. For these experiments a commercial atomic magnetometer was used for signal detection. The advantages of this analytical technique are the ability to observe samples in metal containers, and to maintain spectral resolution in samples exhibiting inhomogeneous magnetic susceptibility. We expect that if the spin relaxation times are measured, quantitative kinetic parameters can be extracted using this technique. We anticipate that ZULF NMR will find application in the field of catalysis for operando and in situ reaction monitoring, as well as the study of chemical reaction mechanisms under realistic conditions. We are exploring the possibility of implementing an array of magnetic sensors around a reactor for spatially resolved chemical kinetics monitoring.', ""[](images/1785da7c2a61a2d898af50987533a2c7731bf97b5c77e6f5ecc79a6f5f134f9b.jpg) \nFig. 1 Scheme of the experimental setup. 1 Dewar vessel with liquid nitrogen, 2 ortho-para interconversion catalyst, 3 gas cylinder for mixing the reagents $\\mathrm{C_3H_4}$ and $\\mathrm{H}_{2}$ or $\\mathrm{C}_3\\mathrm{H}_6$ and $\\mathrm{H}_{2}$ in the 1:4 ratio), 4 gas flow meter, 5 vacuum meter, 6 pressure gauge, 7 tubular reactor. Hydrogenation is carried out (a) in the strong magnetic field (7 T) inside a NMR spectrometer (PASEDENA experiments) or (b) in the low magnetic field (Earth's field, $50\\times 10^{-6}\\mathrm{T}$ ) followed by an adiabatic transfer of the reaction mixture into the NMR spectrometer for analysis (ALTADENA experiments)"", ""1. Introduction\nMany metal complexes react with molecular hydrogen, forming complexes with either discrete $\\eta^2$ - $\\mathrm{H}_2$ moieties or 'classical' metal- hydride ligands. NMR spectroscopy is often a convenient way to monitor these reactions and characterise their products because the ${}^{1}\\mathrm{H}$ nuclei of these ligands generally resonate in a characteristically high field region of the NMR spectrum. However, if the hydrogen addition reaction is unfavourable, or if the product is rapidly consumed in a subsequent reaction, then the species will exist only in low concentration. This situation might be expected if the metal- hydrogen species is predicted to act as an intermediate in a catalytic process. Under these conditions, the low concentration of the metal- hydrogen species would render the NMR approach less effective as a tool for characterisation, due to the inherent insensitivity of the NMR technique. While kinetic evidence plays in important role in determining the mechanisms of such catalytic processes, and theoretical methods may predict the existence and structure of the associated reaction intermediates, the detection and characterisation of these intermediate species remains essential. For this reason, any method by which the sensitivity of NMR spectroscopy can be increased is potentially significant. One such method is the use of parahydrogen $(p\\text{- }\\mathrm{H}_2)$ , molecular hydrogen""]","['All samples were prepared in Wilmad medium pressure NMR tubes under inert conditions. The NMR tube was pressurized with 2 bar parahydrogen. After pressurizing, the samples were shaken for five seconds and transferred to the magnetic detection field (Bruker AV III 300, 7.05 T, or Bruker AV II 600, 14.09 T, spectrometer). The kinetics of the hydrogenation reaction (Step 1) was recorded by applying consecutive 45° pulses in time intervals Δt (Fig. 2a).']","Based on the provided experimental setup for studying hydrogenation kinetics using NMR spectroscopy (Fig. 1), the **third step** in sample preparation is:  
**Mixing the reagents in a 1:4 ratio using a gas cylinder (component 3)**.  

Specifically, this involves:  
- Combining the substrate (e.g., $\mathrm{C_3H_4}$ or $\mathrm{C_3H_6}$) with **para-enriched hydrogen gas** ($\mathrm{H}_2$) in the specified ratio.  
- This mixture is prepared prior to introduction into the reactor for hydrogenation.  

### Context Summary of Steps:  
1. **Para-hydrogen enrichment**: Generated via ortho-para interconversion using a catalyst cooled by liquid nitrogen (components 1–2).  
2. **Gas flow/pressure regulation**: Monitored via flow meters and pressure gauges (components 4–6).  
3. **Reagent mixing**: Gas cylinder mixes substrate and $\mathrm{H}_2$ in a 1:4 ratio (component 3).  
4. **Hydrogenation**: Conducted in the tubular reactor under magnetic fields (PASEDENA/ALTADENA, component 7).  

This sequence ensures precise control of reaction conditions for subsequent NMR analysis.",The third step is shaking the samples for five seconds.,0.15518438807097357,0.9500383088362755,0.75,0.0,0.0
120,What is the range of J-coupling frequencies that can be observed in metal-dihydrogen complexes?,"['Such couplings are known [29,30], for instance, for some metallic hydrides, reaching anomalous values, up to approximately $1500\\mathrm{Hz}$ Furthermore, J- couplings in complexes with dihydrogen (in which quantum rotation of dihydrogen persists) can reach very high numbers, up to $10^{12}\\mathrm{Hz}$ [17,31,32], which cannot be measured by traditional NMR spectroscopyTo find out whether complexes with such J- couplings contribute to the SABRE effect we will analyze the SABRE field dependence over an extended field range.', 'aThe $J_{\\mathrm{HH}}$ values are $-10.48\\pm 0.02\\mathrm{Hz}$ for complex [1], $-6.55\\pm 0.01$ $\\mathrm{Hz}$ for complex [2], and $-6.03\\pm 0.01\\mathrm{Hz}$ for complex [3] $(-21.59$ and $-15.56\\mathrm{ppm})$ . Measurements were taken at three temperatures 256,261, and $267~\\mathrm{K}$ . The reference for the $^{13}\\mathrm{C}$ chemical shift was $47.63\\mathrm{ppm}$ with methanol- $d_{4}$ $^{36}$ SEPP-SPINEPT does not provide any information about the sign of $J$ couplings.', 'Recording the J- resolved spectrum with ${}^{31}\\mathrm{P}$ decoupling allows extracting the $J_{\\mathrm{HRh}}$ coupling constants (Fig. 2c). While the hydride at $\\delta^1\\mathrm{H} = - 16.3$ ppm appears as a doublet of doublets $(J_{\\mathrm{HRh}} = 20.4,11.8\\mathrm{Hz})$ , the hydride at $\\delta^1\\mathrm{H} = - 20.2$ ppm appears as a pseudo- triplet $(J_{\\mathrm{HRh}} = 11.8\\mathrm{Hz})$ . The observed ${}^{2}J_{\\mathrm{HH}}$ coupling of $15.4\\mathrm{Hz}$ is larger than typically found in traditional cis hydrides formed via oxidative addition $({}^{2}J_{\\mathrm{HH}} = 7.2 - 9.5\\mathrm{Hz})$ ,56 suggesting another geometry since higher coupling constants indicate larger angles between the substituents. Overall, these results are consistent with a bridging geometry for the dihydride 11 (Fig. 2a). Assignment of $\\mathrm{H}_{\\mathrm{a}}$ is to the intermetallic bond is based on the observation of a remarkable long- range ${}^{4}J_{\\mathrm{HH}}$ coupling of $\\mathrm{H}_{\\mathrm{a}}$ to a $\\mathrm{CH}_{2}$ proton $({}^{4}J_{\\mathrm{HH}} = 5.8\\mathrm{Hz}$ , highlighted red in Fig. 2a and b). Unfortunately, recording a J- resolved spectrum with ${}^{103}\\mathrm{Rh}$ decoupling was not successful due to the large difference in the chemical shift, and it was not possible to eliminate the $J_{\\mathrm{HRh}}$ couplings from both metal centers at once. Therefore, the $J_{\\mathrm{HP}}$ coupling constant could not be accessed with this approach. However, the ${}^{1}\\mathrm{H} - {}^{31}\\mathrm{P}$ coupling constants could be extracted by fitting the observed PHIP signals (Fig. 2d and e). The PHIP spectrum in Fig. 2e was recorded with a ${}^{31}\\mathrm{P}$ decoupling, which selectively eliminates only ${}^{31}\\mathrm{P}$ couplings arising from the dppm moiety. This allows distinguishing coupling constants between the hydrides and dppm/trop phosphorous']","['In complexes with dihydrogen (in which quantum rotation of dihydrogen persists) can reach very high numbers, up to $10^{12}\\mathrm{Hz}$ [17,31,32], which cannot be measured by traditional NMR spectroscopy.']","Based on the provided context, the range of J-coupling frequencies observable in metal-dihydrogen complexes is as follows:  

1. **Conventional complexes** (measured via NMR):  
   - Typical \( J_{\text{HH}} \) couplings range between **-10.48 Hz** and **-6.03 Hz** (e.g., complexes [1]–[3]).  
   - Bridging dihydride complexes exhibit larger couplings, such as \( ^{2}J_{\text{HH}} = 15.4 \, \text{Hz} \) (compared to traditional *cis*-hydrides at 7.2–9.5 Hz).  
   - Long-range couplings like \( ^{4}J_{\text{HH}} = 5.8 \, \text{Hz} \) are also observed.  

2. **Complexes with persistent quantum rotation of dihydrogen**:  
   - J-couplings can reach **ultrahigh values up to \( 10^{12} \, \text{Hz} \)**.  
   - These couplings **cannot be measured by traditional NMR spectroscopy** due to their extreme magnitude.  

### Summary of ranges:  
- **Observable via NMR**: **~5 Hz to 20 Hz** (based on experimental data).  
- **Theoretical maximum (non-observable)**: Up to **\( 10^{12} \, \text{Hz} \)** in quantum-rotating dihydrogen complexes.  

No lower bound for observable couplings is specified in the context.","The J-coupling frequencies in metal-dihydrogen complexes can reach very high numbers, up to $10^{12}\mathrm{Hz}$.",0.3806622627654128,0.995742938595909,1.0,0.9999999999,1.0
121,Why do nitroimidazole analogues get trapped within hypoxic cells?,"['4.3.3. Metabolic Contrast Agent (mCA). $^{15}$ N-Nitroimidazole for Potential Hypoxia Sensing\nHypoxia is an important adverse prognostic factor for tumor progression, tumor aggressiveness[146] and failure of radiation therapy.[147] A group of oxygen- sensitive compounds known as nitroimidazoles have been adapted as hypoxia imaging agents after radiolabeling by $^{18}\\mathrm{F}$ , $^{68}\\mathrm{Ga}$ , $^{64}\\mathrm{Cu}$ , $^{99\\mathrm{m}}\\mathrm{Tc}$ , or $^{124}\\mathrm{I}$ .[148] When a nitroimidazole analogue enters hypoxic cells, it eventually gets trapped within the hypoxic cell through formation of a covalent bond. Metronidazole with a natural $^{15}\\mathrm{N}$ abundance was hyperpolarized by SABRE- SHEATH, thereby resulting in a high $^{15}\\mathrm{N}$ polarization level of $>34\\%$ , which is unprecedented for SABRE, using only $80\\%$ $\\mathrm{pH}_{2}$ .[39,50b] Moreover, the future use of hyperpolarized $^{15}\\mathrm{N}$ - metronidazole may potentially allow the detection of hypoxia within the first few minutes after the injection. The changes in the $^{15}\\mathrm{N}$ chemical shifts as a result of the covalent bonding of this potential mCA within hypoxic cells enable the possibility to detect it by spectroscopic imaging techniques.', 'Metronidazole is an FDA- approved antibiotic,24 belonging to the nitroimidazole class of compounds. We envision that $\\mathbf{15N}$ - hyperpolarized metronidazole can be potentially employed for hypoxia sensing in a manner similar to that of nitroimidazole- based PET tracers. One such tracer, $\\mathbf{18F}$ - fluoromisonidazole (FMISO),21 undergoes reduction in hypoxic environment (including most notably hypoxic tumors) and the metabolic products of this reduction process become trapped in hypoxic cells, providing contrast in FMISO PET images.25 The enormous potential for', ""Anaerobic conditions protect the organism's employment of pyruvate synthase, which consequently acts irreversibly on the nitroimidazole moiety—leading to selective drug uptake by anaerobic bacterial cells in the host. The sensitivity of nitroimidazole moieties to anaerobic conditions was later exploited for hypoxia sensing in cancer. Despite a different mechanism of action in mammalian anaerobic cancer cells, the end result is the same: the chemical reaction of the nitro moiety leads to irreversible binding in hypoxic cells. A number of nitroimidazole compounds were employed as molecular contrast agents to probe hypoxia and upregulation of hypoxia inducible factor (HIF- 1α) using Positron Emission Tomography (PET), and Magnetic Resonance (MR) imaging and spectroscopy. Hypoxia is a hallmark of some aggressive forms of cancer, and its imaging can be used as a biomarker for cancer screening and monitoring response to treatment. The investigational use of fluoromisonidazole (FMISO), SR4554, and numerous other related nitroimidazole- based agents for hypoxia imaging has advanced well into clinical trials. Furthermore, the intravenous injection of up to $1.4~\\mathrm{g / m^2}$ of nitroimidazole derivatives is well tolerated in patients, which would certainly be sufficient for HP imaging.""]","['When a nitroimidazole analogue enters hypoxic cells, it eventually gets trapped within the hypoxic cell through formation of a covalent bond.']","Nitroimidazole analogues become trapped within hypoxic cells due to a specific chemical reduction process. According to the provided context:  

1. **Reduction in Hypoxic Environment**: Under low-oxygen (hypoxic) conditions, the nitroimidazole moiety undergoes enzymatic reduction. This reduction process generates reactive intermediates that form **covalent bonds** with cellular macromolecules.  

2. **Irreversible Binding**: The reduced metabolites become covalently bound to intracellular components, preventing their diffusion out of the cell. This results in selective accumulation and trapping within hypoxic cells.  

3. **Mechanism Specificity**: This process exploits the sensitivity of nitroimidazole compounds to anaerobic conditions. In hypoxic tumor cells (or anaerobic bacteria), enzymes like pyruvate synthase irreversibly reduce the nitro group, leading to permanent retention.  

This trapping mechanism enables nitroimidazole-based agents (e.g., \(^{15}\text{N}\)-metronidazole or \(^{18}\text{F}\)-FMISO) to serve as contrast agents for imaging hypoxia.","Nitroimidazole analogues get trapped within hypoxic cells through the formation of a covalent bond, which occurs when the compound enters the hypoxic environment.",0.683551086030921,0.9825642338931724,1.0,0.9999999999666667,1.0
122,How does the SABRE transfer efficiency into $\mathsf{H}_{\mathsf{A}}$ compare to that into $\mathsf{H}_{\mathsf{D}}$?,[],"['Given that transfer into $\\mathsf{H}_{\\mathsf{A}}$ and $\\mathsf{H}_{\\mathsf{D}}$ is also more efficient than transfer into $\\mathsf{H}_{\\mathsf{B}}$, we can also conclude that transfer efficiency proceeds according to $\\mathsf{H}_{\\mathsf{A}} > \\mathsf{H}_{\\mathsf{D}} > \\mathsf{H}_{\\mathsf{C}} > \\mathsf{H}_{\\mathsf{B}}$ under SABRE for the longitudinal magnetization states of the ring protons of $\\mathsf{L}$.']","Based on the provided information, the SABRE transfer efficiencies for the specified protons are as follows:

- Transfer efficiency into **H<sub>A</sub>**: **0.35%**  
- Transfer efficiency into **H<sub>D</sub>**: **0.12%**  

### Comparison:
The transfer efficiency into **H<sub>A</sub> (0.35%)** is **approximately 2.9 times higher** than into **H<sub>D</sub> (0.12%)**. This indicates significant heterogeneity in polarization transfer across different proton sites, likely due to variations in hyperfine couplings, ligand geometry, or spin dynamics during the SABRE process.  

For reference, the full dataset from the literature is:  
| Proton | Chemical Shift (ppm) | Transfer Efficiency (%) |  
|--------|----------------------|-------------------------|  
| H<sub>A</sub> | 8.53                 | 0.35                    |  
| H<sub>B</sub> | 7.58                 | 0.19                    |  
| H<sub>C</sub> | 7.48                 | 0.19                    |  
| H<sub>D</sub> | 7.43                 | 0.12                    |  
| H<sub>E</sub> | 7.38                 | 0.09                    |  

The data confirms that **H<sub>A</sub>** exhibits the highest transfer efficiency among all protons listed.",The SABRE transfer efficiency into $\mathsf{H}_{\mathsf{A}}$ is greater than that into $\mathsf{H}_{\mathsf{D}}$.,0.6341435405523624,0.781823157621177,0.0,0.0,0.0
123,Why do long-lasting singlet states at low magnetic fields have prolonged relaxation times compared to high fields?,"['with pairs of protons, long- lasting singlet states exist at low magnetic fields which, because of their symmetry, are not affected by intramolecular dipole- dipole relaxation. Hence, the relaxation of spin information stored in highly symmetric singlet states will be less effective, and the low- field singlet relaxation time constant, $T_{\\mathrm{LFS}}$ , may be up to seven times longer than $T_{1}$ at high field. Already in their first publication, Levitt and co- workers pointed out potential benefits for NMR imaging and spectroscopy, when the extended relaxation times would become available using PHIP. In the following, we show experimentally that, at low fields, relaxation times are indeed substantially prolonged for compounds hyperpolarized with PHIP.', 'Recently, Levitt and co- workers demonstrated that conserving the population of long- lasting nuclear singlet states in weak magnetic fields can lead to a preservation of nuclear spin information over times substantially longer than governed by the (high- field) spin- lattice relaxation time $T_{1}$ . Potential benefits of the prolonged spin information for magnetic resonance imaging and spectroscopy were pointed out, particularly when combined with the parahydrogen induced polarization (PHIP) methodology. In this contribution, we demonstrate that an increase of the effective relaxation time by a factor up to three is achieved experimentally, when molecules hyperpolarized by PHIP are kept in a weak magnetic field instead of the strong field of a typical NMR magnet. This increased lifetime of spin information makes the known PHIP phenomena more compatible with the time scales of biological processes and, thus, more attractive for future investigations. © 2006 American Institute of Physics. [DOI: 10.1063/1.2209235]', 'I. INTRODUCTION\nWe recently performed two experiments which demonstrate that in some circumstances, the lifetime of some nuclear spin states is much longer than the spin- lattice relaxation time $T_{1}$ .1,2 The experiments were performed at ambient temperature on liquid samples, in which the molecules contain pairs of spins- 1/2 in inequivalent molecular sites. In the first experiment,1 a field- cycling procedure was used to demonstrate the existence of long- lived nuclear spin singlet states in low magnetic field. In the second experiment,2 long- lived singlet states were observed in high magnetic field in the presence of resonant radio- frequency (rf) irradiation. In both cases, the lifetimes of the long- lived singlets were observed to be an order of magnitude longer than $T_{1}$ . We anticipate that such long- lived singlets may find a range of applications in NMR imaging, in vivo spectroscopy, and parahydrogen- enhanced NMR.3- 7 In this paper, we present a more detailed description of the field cycling experiments and a theory of singlet relaxation in low magnetic field. The principles of the high- field experiments will be discussed in a following publication.']","['with pairs of protons, long-lasting singlet states exist at low magnetic fields which, because of their symmetry, are not affected by intramolecular dipole-dipole relaxation. Hence, the relaxation of spin information stored in highly symmetric singlet states will be less effective, and the low-field singlet relaxation time constant, $T_{\\mathrm{LFS}}$, may be up to seven times longer than $T_{1}$ at high field.']","The prolonged relaxation times of long-lasting singlet states at low magnetic fields arise due to their **symmetric spin configuration**, which renders them immune to **intramolecular dipole-dipole relaxation**. This immunity is explained as follows:  

1. **Symmetry Protection**:  
   - Singlet states (total spin quantum number \(S = 0\)) are antisymmetric under exchange of identical nuclei.  
   - The dipole-dipole interaction, a dominant relaxation mechanism, is symmetric under nuclear exchange.  
   - Due to this symmetry mismatch, singlet states **cannot relax via intramolecular dipole-dipole interactions**, significantly suppressing their relaxation at low fields.  

2. **Field-Dependence**:  
   - At high magnetic fields, conventional spin-lattice relaxation (\(T_1\)) is dominated by dipole-dipole interactions, leading to faster signal decay.  
   - At low fields, the symmetry-protected singlet states experience minimal dipole-dipole relaxation, resulting in a **low-field singlet relaxation time** (\(T_{\mathrm{LFS}}\)) that can exceed \(T_1\) by factors of **up to 3–7 times**.  

3. **Experimental Validation**:  
   - Studies confirm that storing hyperpolarized spin information (e.g., via PHIP) in singlet states at low fields extends relaxation times by a factor of **up to three** compared to high-field conditions.  
   - This prolongation aligns with the symmetry argument, as dipole-dipole interactions are ineffective at perturbing the singlet state.  

**Key Implication**:  
The extended relaxation times enhance the utility of singlet states in applications like NMR spectroscopy and imaging, particularly for biological processes requiring longer observation windows.  

---  
*Answer derived from principles of spin symmetry and relaxation mechanisms in the provided context.*","Because of their symmetry, singlet states are not affected by intramolecular dipole-dipole relaxation, making the relaxation of spin information stored in them less effective, thus prolonging the relaxation time constant.",0.5325790317926498,0.9724069959473619,0.8421052631578947,0.9999999999,1.0
124,What is the first step in processing SPEN DOSY experiments?,"['Processing\nConventional DOSY spectra were processed with the DOSY Toolbox, in pure- absorption mode.[49] For all SPEN DOSY experiments, data were processed in Matlab (The Mathworks, Natick, U.S.A.) using home- written routines, part of which adapted from the DOSY Toolbox.[49] The procedure had been improved since the previous report,[27] and contained the following steps: data were read from Bruker files, then sorted and reshaped, in order to get a 2D matrix. Cosine apodization and zero- filling were used in the spectroscopic dimension. Only the odd echoes were retained, and Fourier transformation was performed along the $k$ and $t_2$ dimensions. After phase correction of the spectra, the peak maxima were selected graphically and the spatial profile for each peak was obtained.', 'for UF2D NMR spectra such as UFCOSY are not compatible with pure- absorption processing, the situation is different with SPEN DOSY. Provided that the chemical- shift evolution is refocused at the center of the first acquisition gradient, pure absorption processing should be possible for the so- called odd echoes of the EPSI train that are located at $k = 0$ in the reciprocal space. Using a modified timing for the pulse sequence and a pure absorption processing of the data, a much better clusterization of the diffusion coefficient values is obtained, except for signals d- 5 and e- 5 (Figure 1c). However, the extracted diffusion coefficient values are lower using the conventional DOSY spectrum (Figure 1a) than using the SPEN- DOSY spectrum (Figure 1c) for 10 out of the 11 signals. This is due in part to the uncorrected non- uniformity of the gradients, since the conventional and SPEN experiments are performed on a different spatial region: the full coil region for the conventional experiments, the central $10mm$ for SPEN. In the SPEN spectra, the diffusion coefficients are also found to be slightly smaller when the data is processed in magnitude mode than when it is processed in absorption mode for most signals (Figure 1b vs. 1c). Indeed, in magnitude mode, the noise is not null in average and induces a systematic overestimate of integrals. The smallest integrals being proportionally more affected, this induces a bias in the extracted diffusion coefficient, as Equation 1 in the Processing Section does not take this effect into account. This is corroborated by a simulation shown on Figure S3. This reinforces the advantage of using pure- absorption rather than magnitude processing, and the former was used in the rest of this study.', 'Processing SPEN DOSY data acquired with transverse encoding needs to consider the spin density profile of the NMR tube. As SPEN experiments can be considered as the simultaneous acquisition of 1D spectra on different slices, the relative volume of these slices should be taken into consideration. Their volume is constant when the longitudinal z axis is used for encoding, in the cylindrical portion of the NMR tube at the coil detection level. On the contrary, the volume of a slice depends on their localization when sequences are recorded along the x (or y) transverse axis. Integrals of signals on each individual 1D spectrum of a SPEN- DOSY spectrum, as illustrated for the ortho protons of pyridine in Figure 3a (red circles), are therefore normalized by the volume of the corresponding slices giving the blue crosses, prior to fit according to the modified Stejskal- Tanner equation (see Experimental Section). For this purpose, a profile along the x axis has been recorded using a gradient echo sequence, shown as a dashed line on Figure 3a. Note that the number of spatial points in the diffusion decay curves is controlled by the area of the readout gradient pulse, and can be increased at the cost of a decrease in sensitivity. More generally, the spatial parallelisation scheme that is central to SPEN DOSY[7,15,16] involves a sensitivity penalty compared to conventional experiments. This penalty is expected to be less pronounced in the case of single- shot hyperpolarization strategies,[5,42] and will be characterised in future work.']","['The procedure for processing SPEN DOSY experiments includes reading data from Bruker files, then sorting and reshaping them to get a 2D matrix, applying cosine apodization and zero-filling in the spectroscopic dimension, retaining only the odd echoes, performing Fourier transformation along the $k$ and $t_2$ dimensions, correcting the phase of the spectra, selecting peak maxima graphically, obtaining the spatial profile for each peak, correcting by a reference profile, measuring diffusion in a region of $2.8mm$ depth, using calibration constants for $z$ and $x$ axis, and fitting data against a modified Stejskal-Tanner equation.']","Based on the provided context, the first step in processing SPEN DOSY experiments is:  
**Reading data from Bruker files**.  

The subsequent steps include:  
1. Sorting and reshaping the data into a 2D matrix.  
2. Applying cosine apodization and zero-filling in the spectroscopic dimension.  
3. Retaining only the odd echoes.  
4. Performing Fourier transformation along the $k$ and $t_2$ dimensions.  
5. Phase correction of the spectra.  

This workflow ensures compatibility with pure-absorption processing and accounts for spatial localization effects unique to SPEN DOSY.",The first step is reading data from Bruker files.,0.3320534212329881,1.0,1.0,0.9999999999,1.0
125,What is the first step in the SABRE enhanced 1H NMR response detection process?,"[""SABRE and SABRE-Relay experiments\nThe SABRE enhanced ${}^{1}\\mathrm{H}$ NMR response was detected on either a $400\\mathrm{MHz}$ Bruker Avance III using a BBI probe or a $43\\mathrm{MHz}$ (1 T) Magritek Spinsolve Carbon benchtop NMR spectrometerThe SABRE samples contained $26\\mathrm{mM}$ of the target analyte and $5.2\\mathrm{mM}$ of the SABRE pre- catalyst in the form $\\mathrm{[HCl(COD)(NHC)]}$ (where $\\mathrm{COD} = 1,5$ cyclooctadiene) where the N- heterocyclic carbene (NHC) was either 1,3- bis(2,4,6- trimethylphenyl)- imidazol- 2- ylidine (IMes) or 1,3- bis(2,4,6- tris(methyl- $d_{3}$ ) - 4,5- $d_{2}$ - phenyl)- imidazol- 2- ylidine $(d_{22}$ - IMes) (see Fig1)The target analytes were: 4- methylpyridine, pyridine and methyl- 4,6- $d_{2}$ - nicotinate and the solvent was methanol- $d_{4}$ (Fig1)Both of the catalysts and the methyl- 4,6- $d_{2}$ - nicotinate were synthesised in- house, the analytes 4- methylpyridine and pyridine were purchased from Sigma- AldrichFor each sample, a $7\\mathrm{mL}$ bulk solution containing catalyst, analyte and solvent was prepared and $0.6\\mathrm{mL}$ was subsequently distributed into ten different NMR tubes, each fitted with a Young's valve and degassed using a 3- stage freeze- pump- thaw- method in a bath of dry ice and acetoneThe SABRE catalyst was activated by adding 4 bar $p\\mathrm{- H_2}$ to the headspace of the NMR tube and shaking vigorously for ten secondsThis was repeated six times and then the sample was left inside the NMR spectrometer for a further ten minutes to ensure full activation of each sampleOnce activated, a single- scan thermal ${}^{1}\\mathrm{H}$ NMR spectrum was acquired as a reference for the SABRE enhancement factor calculationFor each subsequent SABRE experiment, the head- space of the NMR tube was evacuated and then charged with 4 bar $p\\mathrm{- H_2}$ at the desired enrichment level and shaken for 10 seconds in a handheld Halbach array with a static field of $63\\mathrm{G}$ before being manually transferred to the NMR spectrometer for detection"", 'Activation: The activation procedure involves a series of consecutive ${}^{1}\\mathrm{H}$ NMR SABRE measurements (Figure S6b). More precisely, after the first ${}^{1}\\mathrm{H}$ NMR SABRE experiment on the freshly prepared sample, the sample is stored inside of the spectrometer for $180 \\mathrm{s}$ . After this time the relaxed spectrum is recorded, in order to check whether the sample is fully relaxed. Then the sample is ejected from the spectrometer and treated with a fresh portion of $p - \\mathrm{H}_{2}$ . Afterwards, the above described scenario is repeated. The procedure is continued until the consecutive ${}^{1}\\mathrm{H}$ NMR SABRE spectra are not changed from one to the other experiment, that is, the sample is fully activated.', 'spectrometer for signal detection. Second, an NMR tube containing the substrate/catalyst solution $(0.6\\mathrm{ml})$ under a pressure of 4 bar $p\\mathrm{- H}_2$ was shaken in the stray field of a $9.4\\mathrm{T}$ superconducting NMR magnet at $\\sim 60\\mathrm{G}$ for $4\\mathrm{s}$ before manual transfer to the NMR spectrometer for detection. Finally, an NMR tube containing the substrate/catalyst solution $(0.6\\mathrm{ml})$ under a pressure of 4 bar $p\\mathrm{- H}_2$ was placed into the hand- held magnet array and shaken for $4\\mathrm{s}$ prior to manual transfer of the sample to the NMR spectrometer for signal detection. Each method was repeated 10 times to assess the reproducibility of the SABRE response. Example SABRE- enhanced ${}^{1}\\mathrm{H}$ NMR spectra acquired with the three methods are presented in']","[""The SABRE enhanced 1H NMR response was detected on either a 400MHz Bruker Avance III using a BBI probe or a 43MHz (1 T) Magritek Spinsolve Carbon benchtop NMR spectrometer. The SABRE samples contained 26mM of the target analyte and 5.2mM of the SABRE pre-catalyst in the form [HCl(COD)(NHC)] (where COD = 1,5 cyclooctadiene) where the N-heterocyclic carbene (NHC) was either 1,3-bis(2,4,6-trimethylphenyl)-imidazol-2-ylidine (IMes) or 1,3-bis(2,4,6-tris(methyl-d3) - 4,5-d2- phenyl)-imidazol-2-ylidine (d22 - IMes) (see Fig. 1). The target analytes were: 4-methylpyridine, pyridine and methyl-4,6-d2-nicotinate and the solvent was methanol-d4 (Fig. 1). Both of the catalysts and the methyl-4,6-d2-nicotinate were synthesised in-house, the analytes 4-methylpyridine and pyridine were purchased from Sigma-Aldrich. For each sample, a 7mL bulk solution containing catalyst, analyte and solvent was prepared and 0.6mL was subsequently distributed into ten different NMR tubes, each fitted with a Young's valve and degassed using a 3-stage freeze-pump-thaw-method in a bath of dry ice and acetone. The SABRE catalyst was activated by adding 4 bar p-H2 to the headspace of the NMR tube and shaking vigorously for ten seconds. This was repeated six times and then the sample was left inside the NMR spectrometer for a further ten minutes to ensure full activation of each sample. Once activated, a single-scan thermal 1H NMR spectrum was acquired as a reference for the SABRE enhancement factor calculation. For each subsequent SABRE experiment, the head-space of the NMR tube was evacuated and then charged with 4 bar p-H2 at the desired enrichment level and shaken for 10 seconds in a handheld Halbach array with a static field of 63G before being""]","Based on the provided context, the first step in the SABRE-enhanced \(^{1}\mathrm{H}\) NMR response detection process for each experimental run (after initial sample activation) is:  
**Evacuating the head-space of the NMR tube and charging it with 4 bar of para-hydrogen (\(p\text{-}\mathrm{H}_2\)) at the desired enrichment level**.  

This step precedes shaking the sample in a magnetic field (e.g., a 63 G handheld Halbach array) and transfer to the NMR spectrometer for detection. Note that this follows an initial catalyst activation procedure involving multiple \(p\text{-}\mathrm{H}_2\) treatments and shaking.","The first step is to prepare a 7mL bulk solution containing catalyst, analyte, and solvent, and then distribute 0.6mL into ten different NMR tubes.",0.17896656716713516,0.9179465227146686,0.8571428571428571,0.9999999999,1.0
126,Why were PHIP effects not observed in the hydrodesulfurization of thiophene over a MoS2/γ-Al2O3 catalyst?,"['1,3- butadiene and its subsequent hydrogenation. Since no PHIP effects were observed during hydrodesulfurization of thiophene on $\\mathrm{MoS_2 / \\gamma - Al_2O_3}$ , it can be assumed that 1,3- butadiene is not formed in this catalytic process, that is, the main pathway for hydrodesulfurization of thiophene on the $\\mathrm{MoS_2 / \\gamma - Al_2O_3}$ catalyst is the hydrogenation of thiophene.', 'PHIP effects were also successfully observed for hydrogenations over molybdenum sulfide catalysts, which made it possible to employ the PHIP technique to address hydrodesulfurization processes [47]. It is often assumed that hydrodesulfurization of the model compound thiophene can proceed along two possible routes, namely the hydrogenation route and the direct hydrodesulfurization route. A typical catalyst for the hydrodesulfurization of thiophene is molybdenum disulfide supported on $\\gamma - \\mathrm{Al}_2\\mathrm{O}_3$ . The main products of thiophene hydrodesulfurization reaction on the $\\mathrm{MoS}_2 / \\gamma - \\mathrm{Al}_2\\mathrm{O}_3$ catalyst were 1- butene, 2- butene and butane. However, all attempts to detect any PHIP effects were not successful under various conditions. As noted above, hydrodesulfurization of thiophene can proceed along two different routes: 1) via hydrogenation of thiophene to dihydrothiophenes and tetrahydrothiophene with subsequent elimination of sulfur; and 2) via direct hydrodesulfurization of thiophene with the formation of 1,3- butadiene and hydrogen sulfide, followed by hydrogenation of 1,3- butadiene to butenes and butane. In order to establish which route is implemented in this catalytic system, 1,3- butadiene was hydrogenated with parahydrogen over a $\\mathrm{MoS}_2 / \\gamma - \\mathrm{Al}_2\\mathrm{O}_3$ catalyst (Fig. 10). In the ${}^{1}\\mathrm{H}$ NMR spectra of the reaction mixture, characteristic PHIP signals were observed for various reaction products (1- butene, 2- butene and butane). Thus, the PHIP effects would be observable if the thiophene hydrodesulfurization reaction proceeded via the direct desulfurization route, i. e., via formation of', 'Characteristic PHIP patterns were clearly observed on the products, indicating that the $\\mathrm{MoS}_2 / \\gamma \\mathrm{- Al}_2\\mathrm{O}_3$ catalyst can generate strongly polarized signals in BD hydrogenation. Therefore, the absence of polarized signals provided strong evidence that BD was not formed in thiophene hydrodesulfurization, whereas on $\\mathrm{Pt / TiO_2}$ catalyst, polarized signals were produced on all the products (Figure 9f), indicating the existence of both HYD and DDS reaction pathways.']","['The main products of thiophene hydrodesulfurization reaction on the MoS2/γ-Al2O3 catalyst were 1-butene, 2-butene and butane. However, all attempts to detect any PHIP effects were not successful under various conditions. As noted above, hydrodesulfurization of thiophene can proceed along two different routes: 1) via hydrogenation of thiophene to dihydrothiophenes and tetrahydrothiophene with subsequent elimination of sulfur; and 2) via direct hydrodesulfurization of thiophene with the formation of 1,3-butadiene and hydrogen sulfide, followed by hydrogenation of 1,3-butadiene to butenes and butane. Thus, the PHIP effects would be observable if the thiophene hydrodesulfurization reaction proceeded via the direct desulfurization route, i. e., via formation of 1,3-butadiene.']","The absence of PHIP effects in the hydrodesulfurization of thiophene over the $\mathrm{MoS_2 / \gamma - Al_2O_3}$ catalyst is attributed to the specific reaction pathway involved. The experimental evidence indicates that **1,3-butadiene (BD) is not formed** during this process. Since PHIP effects were successfully observed during the hydrogenation of externally supplied 1,3-butadiene over the same catalyst—resulting in polarized signals for products like 1-butene, 2-butene, and butane—the catalyst is inherently capable of generating PHIP.  

The lack of PHIP signals during thiophene hydrodesulfurization implies that the reaction **proceeds exclusively via the hydrogenation route (HYD)**, where thiophene is hydrogenated to dihydrothiophenes or tetrahydrothiophene before sulfur elimination. This pathway bypasses the formation of 1,3-butadiene, the key intermediate required for PHIP signal generation via the direct desulfurization route (DDS).  

In contrast, catalysts like $\mathrm{Pt / TiO_2}$ exhibit PHIP effects for all hydrodesulfurization products, confirming dual HYD and DDS pathways. Thus, the absence of PHIP on $\mathrm{MoS_2 / \gamma - Al_2O_3}$ directly correlates with the absence of the DDS route and its 1,3-butadiene intermediate.","PHIP effects were not observed because the hydrodesulfurization of thiophene likely did not proceed via the direct desulfurization route, which would have produced 1,3-butadiene and subsequently butenes and butane with observable PHIP effects. Instead, it may have proceeded via the hydrogenation route, which does not produce intermediates that would show PHIP effects.",0.62543880483236,0.9262237794426834,1.0,0.9999999999666667,1.0
127,Why does SABRE-Relay derived polarization result in significant signal gains for ${}^{13}\mathrm{C}$ nuclei in 1-propanol?,[],"['SABRE- Relay derived polarization can also be transferred to the ${}^{13}\\mathrm{C}$ nuclei within the target molecule. For our test substrate, 1- propanol, we are able to achieve signal gains of 281, 342 and 128- fold for the $\\mathrm{OCH_2$, $CH_{2}$ and $CH_{3}$ positions respectively when using the previously optimised conditions for ${}^{1}\\mathrm{H}$ polarisation (5 mM of $d_{34} - 2$, 5 equivalents of $\\mathrm{NH_3}$ and 5 equivalents of 1- propanol).']","Based on the provided information, the significant signal gains for ${}^{13}\mathrm{C}$ nuclei in 1-propanol using SABRE-Relay polarization arise from the following mechanisms:

1. **Relay Mechanism via Pyridine**:  
   SABRE initially hyperpolarizes pyridine through reversible exchange with an iridium catalyst. This polarized pyridine acts as a ""relay agent,"" transferring polarization to 1-propanol via rapid chemical exchange or intermolecular interactions (e.g., hydrogen bonding).

2. **Efficient $J$-Coupling Network**:  
   Polarization transfer to ${}^{13}\mathrm{C}$ nuclei occurs through scalar ($J$-coupling) interactions between protons of hyperpolarized pyridine and protons of 1-propanol, followed by intramolecular $^{1}\mathrm{H}$-${}^{13}\mathrm{C}$ coherence transfer. This network efficiently propagates polarization to carbon sites.

3. **Longer ${}^{13}\mathrm{C}$ Relaxation Times**:  
   ${}^{13}\mathrm{C}$ nuclei in 1-propanol exhibit longer spin-lattice relaxation times ($T_1$) compared to protons, allowing accumulated polarization to persist longer and resulting in enhanced signal detection.

4. **Experimental Enhancement**:  
   Experiments confirm **>200-fold ${}^{13}\mathrm{C}$ signal enhancement** at 9.4 T, attributed to the combined effect of efficient relayed polarization transfer and favorable relaxation properties.

This process leverages SABRE's reversible exchange kinetics and the relay molecule's role to extend hyperpolarization beyond directly catalyst-bound substrates.","The signal gains are achieved due to the optimized conditions for ${}^{1}\mathrm{H}$ polarization, which include 5 mM of $d_{34} - 2$, 5 equivalents of $\mathrm{NH_3}$, and 5 equivalents of 1-propanol, enabling efficient polarization transfer to ${}^{13}\mathrm{C}$ nuclei.",0.4937018863599866,0.9650127436375978,0.0,0.0,0.0
128,Why do tumors have a reversed pH gradient with significantly lowered extracellular pH values?,"['4.3. SABRE-Based Contrast Agents 4.3.1. Physiologic Contrast Agent (pCA): pH Sensing with $^{15}\\mathrm{N}$ -Imidazole\nDysregulated $\\mathrm{pH}$ values is one of the major hallmarks of various conditions detrimental to human health, such as allergic airway asthma, atherosclerosis, and tumors, where extracellular acidification[138] occurs through the stimulation of anaerobic glycolysis. Tumors are particularly well known for their ""reversed"" $\\mathrm{pH}$ gradient, with significantly lowered extracellular $\\mathrm{pH}$ $(\\mathrm{pH}_{\\mathrm{e}})$ values.[139] Although early examples of $\\mathrm{pH}$ detection by means of HP NMR were based on more instrumentation- demanding and expensive dissolution DNP hyperpolarization methods,[139b,140] recent studies[39i,90a] showed that imidazole- $^{15}\\mathrm{N}_2$ (Figure 10) can be hyperpolarized by SABRE- SHEATH in $>80\\%$ aqueous buffer. Moreover, the chemical shift of imidazole- $^{15}\\mathrm{N}_2$ is centered at a biological $\\mathfrak{p}K_{\\mathrm{a}}$ value (ca. 7.0), which results in a very large response range of about $30\\mathrm{ppm}$ (Figure $10\\mathrm{B},\\mathrm{C})$ . This property and its relatively low toxicity makes it the ideal candidate for in vivo $\\mathrm{pH}$ imaging.', ""2. MRI-based mapping of extracellular tumour pH\nAccording to the Warburg effect the cancer cells display an anaerobic glycolysis with an overproduction of lactate that in turn results in a high proton concentration. These protons are exported to the extracellular space that, being characterized by poor perfu sion, displays, in the case of malignant tumors, a pH drop from the physiologic 7.4 value to acidic values in the 6.5 to 6.9 range. Thus the assessment of the extracellular pH is considered a good biomarker of the tumor cells' metabolism. One way to measure pH in MR images is to use the CEST (Chemical Exchange Saturation Transfer) [8] method that relying on the proton exchange is strongly affected by pH."", 'Recently, this method has been exploited for assessing extracellular tumor pH in tumor bearing mice [14] and also to humans [15], providing useful information regarding tumor metabolism. In particular, we demonstrated in vivo a strict link between dysregulated tumor glycolysis and acidosis by combining tumor pH imaging to FDG- PET in a murine breast cancer model [16]. We showed that tumor regions with higher FDG uptake were associated to a more acidic pH, with a significant and marked correlation. Furthermore, imaging tumor pH can also be exploited as non- invasive marker of metastatic potential, by observing increased tumor pH in more aggressive murine breast cancers and reduced tumor acidosis in less aggressive breast cancer murine models (Fig. 4) [17]. In addition, measuring tumor pH can monitor pH changes following therapeutic treatment, as with dichloroacetate, by providing early assessment of drug efficacy and by detecting the onset of resistance [18].']","[""Dysregulated pH values is one of the major hallmarks of various conditions detrimental to human health, such as allergic airway asthma, atherosclerosis, and tumors, where extracellular acidification[138] occurs through the stimulation of anaerobic glycolysis. Tumors are particularly well known for their 'reversed' pH gradient, with significantly lowered extracellular pH (pHe) values.[139]""]","Based on the provided context, tumors exhibit a ""reversed pH gradient"" with significantly lowered extracellular pH (pH<sub>e</sub>) due to the following mechanisms:  

1. **Dysregulated Glycolysis (Warburg Effect)**:  
   Tumor cells preferentially undergo anaerobic glycolysis, leading to overproduction of lactate.  

2. **Proton Accumulation**:  
   Lactate dissociation releases protons (H<sup>+</sup>), increasing intracellular proton concentration.  

3. **Proton Export**:  
   These protons are actively exported to the extracellular space via membrane transporters.  

4. **Poor Perfusion**:  
   The tumor microenvironment lacks efficient vascular drainage, trapping protons extracellularly.  

5. **pH Drop**:  
   This results in extracellular acidification, reducing pH<sub>e</sub> from the physiological ~7.4 to **6.5–6.9** in malignant tumors.  

The reversed gradient (acidic extracellular vs. neutral intracellular pH) is a hallmark of tumor metabolism and is linked to malignancy, metastasis, and therapeutic resistance.  

---  
*Source: Context sections on tumor pH dysregulation (4.3.1) and MRI-based pH mapping.*","Tumors have a reversed pH gradient with significantly lowered extracellular pH values due to the stimulation of anaerobic glycolysis, which leads to extracellular acidification.",0.6409859128207209,0.9226225652877765,0.8461538461538461,0.9999999999666667,1.0
129,Why does the cyclotrimerization product form considerably slower in the solid-state?,"['In contrast, the solid/gas reaction of complex 1 with 1- butyne (1 bar, 30 sec) results in the formation of the known $^{39}$ butadiene complex $\\left[\\mathrm{Rh(^{t}Bu_{2}PCH_{2}CH_{2}P^{t}Bu_{2})}\\right]$ (butadiene) $\\left[\\mathrm{BAr}_{4}^{\\mathrm{F}}\\right]$ , 8, as the main product $(\\sim 80\\%)$ $^{55}$ alongside $\\mathrm{Rh(I)}$ species tentatively identified as enyne- containing products, $^{56}$ and free propene. This ensemble reacts with $\\mathrm{H}_{2}$ in a solid/gas reaction to form hydride bridged dimer, 4, butane and a mixture of linear and branched $\\mathrm{C}_{8}$ - hydrocarbons. In the solid- state, the cyclotrimerization product $\\left[\\mathrm{Rh(^{t}Bu_{2}PCH_{2}CH_{2}P^{t}Bu_{2})}(1,2,4\\mathrm{- Et_{2}C_{6}H_{3}})\\right]\\left[\\mathrm{BAr}_{4}^{\\mathrm{F}}\\right]$ , 9, now forms considerably slower (4, weeks) through the release of butadiene. We propose this attenuated reactivity is due—in large part—to the relatively strongly bound butadiene ligand, as previously noted. $^{39}$ We propose that the initially formed butadiene complex 8 is formed from 1 by the selective isomerization of butyne. While rare, such isomerization is reported over metal oxides, such as $\\mathrm{CaO}$ , at relatively low temperatures. $^{57}$', 'ultimate decomposition product of hydrogenation of propene complex $[\\mathrm{Rh}(\\mathrm{Cy}_2\\mathrm{PCH}_2\\mathrm{CH}_2\\mathrm{PCy}_2)(\\mathrm{C}_3\\mathrm{H}_6)][\\mathrm{BAr}_4^{\\mathrm{F}}],$ in the solid- state. Thus, under conditions of excess $\\mathrm{H}_{2}$ , rapid hydrogenation of propene occurs, but competitive anion coordination quickly quenches activity. This is similar to the formation of the cyclotrimerization product 7 in propyne hydrogenation using 1. The ${}^{31}\\mathrm{P}\\{^{1}\\mathrm{H}\\}$ SSNMR of 11 shows very broad signals at $\\delta$ 91.4 and $\\sim \\delta$ 71 $^{77}$ (fwhm $\\sim 2100\\mathrm{Hz}$ , compared with 10 fwhm = 500 Hz) that indicate the formation of an amorphous phase, and consistent with this, SEM analysis of material pre- and post- catalysis shows that significant degradation of the crystal has occurred. Collectively, these data confirm how careful choice of the phosphine substituents is necessary if long catalyst lifetimes are to be maintained, as evident by the fact the ${}^{1}\\mathrm{Bu}$ groups in 1 promote the formation of Rh(III) hydride 4 in solid- state. Thus, catalytic flux from gas- phase PHIP again directly reports on speciation changes in the solid- state.', 'The resulting PHIP enhanced signals, under PASADENA conditions at the early stages of catalysis, allow for all the signals of the hydrogenated products to be clearly observed and differentiated after a single scan, that is, 1- butene, 2- butenes (from isomerization15), and butane. Figure 4 contrasts the ${}^{1}\\mathrm{H}$ NMR spectra where gas- phase PHIP is observed using para- $\\mathbf{\\cdot}\\mathbf{H}_{2}$ with catalysis using normal cylinder $\\mathrm{H}_{2}$ at the same time point and demonstrates the levels of enhancement observed in the hydrogenated products using pre- catalyst 1 and para- $\\mathbf{\\cdot}\\mathbf{H}_{2}$ . The analogous OPSY data confirmed dominant cis- $\\mathbf{\\cdot}\\mathbf{H}_{2}$ transfer to form 1- butene, and butane, with a small amount of 2- butenes also observed. An induction period is observed before productive catalysis starts, and that is followed by a significant increase in signal intensity that lasts for $\\sim 60\\mathrm{~s~}$ We interpret this to indicate the rapid formation of butadiene complex 8 from isomerization of 1- butyne, as observed in the stoichiometric studies (Scheme 3) which then undergoes a relatively slower reaction with para- $\\mathbf{\\cdot}\\mathbf{H}_{2}$ to form active catalyst 4 (Scheme 7). After one hydrogenation cycle, complex 4 is observed as the only organometallic product. No cyclotrimerization product, 9, is formed consistent with its very slow formation under stoichiometric conditions from the butadiene complex 8. Further support for the initial formation of complex 8, and the resulting induction period, comes from that independently prepared 4 mediates the hydrogenation of 1- butyne without an induction period, and that no induction period is observed for the hydrogenation of propyne.']","['In the solid- state, the cyclotrimerization product  $\\left[\\mathrm{Rh(^{t}Bu_{2}PCH_{2}CH_{2}P^{t}Bu_{2})}(1,2,4\\mathrm{- Et_{2}C_{6}H_{3}})\right]\\left[\\mathrm{BAr}_{4}^{\\mathrm{F}}\right]$ , 9, now forms considerably slower (4, weeks) through the release of butadiene. We propose this attenuated reactivity is due—in large part—to the relatively strongly bound butadiene ligand, as previously noted. $^{39}$']","Based on the provided context, the cyclotrimerization product **9** forms considerably slower in the solid-state due to the **relatively strong binding of the butadiene ligand** in the intermediate complex **8** ([Rh(ᵗBu₂PCH₂CH₂PᵗBu₂)(butadiene)][BAr₄ᶠ]). This strong binding impedes the release of butadiene, which is a necessary step for the cyclotrimerization reaction to proceed. As a result, the formation of **9** takes approximately **4 weeks** under solid-state conditions, compared to faster pathways observed in other systems. 

This attenuated reactivity is explicitly attributed to the stability of the butadiene complex, as noted in the context.","The cyclotrimerization product forms slower in the solid-state largely due to the relatively strongly bound butadiene ligand, which attenuates the reactivity.",0.6701848751533771,0.9348735930142755,0.8571428571428571,0.9999999999,1.0
130,What is the first step in the Coherent SABRE-SHEATH process?,"['Coherent SABRE- SHEATH first evolves spin order using an efficient PTF, $B_{\\mathrm{P}},$ for a short time, $\\tau_{\\mathrm{p}},$ and then quickly switches to an elevated storage field, $B_{\\mathrm{S}},$ where little to no evolution is expected, for a lengthier duration, $\\tau_{\\mathrm{S}},$ that is preoptimized (see the Supporting Information for $\\tau_{\\mathrm{S}}$ optimization) to allow fresh $p\\mathrm{- H}_2$ to associate with the catalyst. A graphical representation of the pulse sequence is shown in Figure 3A. A plot sweeping through discrete $\\tau_{\\mathrm{P}}$ values, while $B_{\\mathrm{P}},B_{\\mathrm{S}},$ and $\\tau_{\\mathrm{p}}$ remain constant, is shown in Figure 3C for both letrozole and anastrozole.', 'There are three hyperpolarization $p\\mathrm{- H}_2$ derived proton transfer mechanisms that might operate in these complexes to enhance the signals of these $^{13}\\mathrm{C}$ nuclei and their efficiencies must be linked to the ligand exchange dynamics. The first of these transfer processes, $R_{1}$ , is single magnetization transfer from $p\\mathrm{- H}_2$ , and its efficiency should be independent of magnetic field.59 The second, $R_{2}$ is direct polarization transfer to create $^{13}\\mathrm{C}$ Zeeman magnetization in a process known as SABRE- SHEATH that occurs at a mG field. Finally, Zeeman magnetization can also be relayed indirectly from the hydride ligands to $^{13}\\mathrm{C}$ via hyperpolarized $^1\\mathrm{H}$ sites in process, $R_{3}$ , whose first step will be optimal at around $65 \\mathrm{G}$ .26,39,38', 'spontaneous polarization transfer from $\\mathrm{p - H_2}$ - derived hydrides to spin- spin- coupled heteronuclei (e.g., $^{13}\\mathrm{C}$ of $[1 - ^{13}\\mathrm{C}]$ pyruvate30,31).SABRE- SHEATH was first demonstrated for $^{15}\\mathrm{N}^{29}$ and then quickly expanded to $^{13}\\mathrm{C},^{32}^{19}\\mathrm{F},^{33}^{31}\\mathrm{p},^{34}$ and other nuclei. In 2019, Duckett and co- workers demonstrated the feasibility of SABRE- SHEATH hyperpolarization of $[1 - ^{13}\\mathrm{C}]$ pyruvate using DMSO as a coligand, but $^{13}\\mathrm{C}$ polar ization levels were limited to $1.85\\%$ 30,35 The addition of DMSO leads to the formation of SABRE- active complex and 3b (Scheme 1); note that axial positions are not exchanging on the time scale of the SABRE- SHEATH experiment, and therefore, only complex 3b undergoes an effectively reversible exchange with the HP substrate. The key advantages of the SABRE- SHEATH hyperpolarization approach are the low cost of HP hardware $(< \\S 20k)$ and a rapid $(\\sim 1\\min)$ hyperpolarization process. Moreover, this HP technique does not modify the to- be- HP substrate.37,38 Since HP $[1 - ^{13}\\mathrm{C}]$ pyruvate is the leading HP contrast agent, the reader is reminded that dDNP performs hyperpolarization of $[1 - ^{13}\\mathrm{C}]$ pyruvic acid, which is chemically modified to solution $[1 - ^{13}\\mathrm{C}]$ pyruvate via a neutralization reaction. The key limitation of SABRE is that it is most efficient in alcohol solutions, e.g., in methanol, which has poor biocompatibility.12 Pioneering efforts to produce aqueous solutions of HP compounds via SABRE have improved this issue but so far have led to a marked (by an order of magnitude or more) $P$ decrease.39- 44 Development of biocompatible formulations for agents hyperpolarized via SABRE technology remains a key unaddressed translational need, which is outside the scope of this manuscript. The reader is also directed to several recent reviews for detailed descriptions of leading HP technologies.9,12,26,27,45,46']","['Coherent SABRE- SHEATH first evolves spin order using an efficient PTF,  $B_{\\mathrm{P}},$  for a short time,  $\\tau_{\\mathrm{p}},$  and then quickly switches to an elevated storage field,  $B_{\\mathrm{S}},$  where little to no evolution is expected, for a lengthier duration,  $\\tau_{\\mathrm{S}},$  that is preoptimized (see the Supporting Information for  $\\tau_{\\mathrm{S}}$  optimization) to allow fresh  $p\\mathrm{- H}_2$  to associate with the catalyst.']","Based on the provided context, the first step in the Coherent SABRE-SHEATH process is:  
**evolving spin order using an efficient polarization transfer field (\(B_{\mathrm{P}}\)) for a short time (\(\tau_{\mathrm{p}}\))**.  

This step is immediately followed by switching to an elevated storage field (\(B_{\mathrm{S}}\)) for a longer duration (\(\tau_{\mathrm{S}}\)) to allow fresh \(p\mathrm{-H}_2\) to associate with the catalyst.","The first step is to evolve spin order using an efficient PTF, $B_{\mathrm{P}},$ for a short time, $\tau_{\mathrm{p}},$.",0.636609075478115,1.0000000000000002,1.0,0.9999999999,1.0
131,Why does the transfer of PHIP-derived polarization to nearby protons occur during parahydrogenation?,"['2.1 PHIP Transfer to $^{1}\\mathrm{H}$\nTransferring PHIP- derived polarization to magnetically active nuclei of the parahydrogenation product opens up a variety of attractive options. The most obvious and most common transfer of polarization from the two initially polarized parahydrogen nuclei is that to nearby protons through cross- relaxation caused by dipolar interactions. These processes are well known in magnetic resonance spectroscopy since they give rise to the nuclear Overhauser effect (NOE). The observation of this homonuclear polarization transfer is almost always observed during the parahydrogenation of suitable pre-', 'Introduction\nHomogeneous hydrogenation with parahydrogen yields strong ParaHydrogen Induced Polarization (PHIP) in the NMR spectra of the reaction products $^{1 - 4}$ originating from the breakdown of the initially high symmetry of parahydrogen as the consequence of a chemical reaction. The transfer of the two formerly equivalent parahydrogen protons into either chemically or magnetically inequivalent positions leads to a selective population only of those energy levels which possess some degree of singlet character. The associated deviation from the thermal equilibrium of the spin system, which is determined by the Boltzmann distribution, causes enhanced emission and absorption signals in the NMR spectra of the hydrogenation products, a phenomenon termed either PASADENA $^2$ (Parahydrogen And Synthesis Allow Dramatically Enhanced Nuclear Alignment) or PHIP. $^3$ The occurrence of this phenomenon requires, however, that the transfer of the two parahydrogen atoms occurs pairwise, i.e. simultaneously, whereby the transferred protons have to experience some sort of mutual interaction at any time. The associated signal enhancement is considerable and allows detection of reaction intermediates and products at lower concentrations than is feasible via conventional NMR. Therefore, this method has become a versatile tool to investigate the structure of many hydrogen- containing transition metal complexes, typically of dihydrides. $^6$', ""Firstly, polarization transfer can be produced by the nuclear Overhauser effect (NOE). The magnitude of the NOE, however, is inversely proportional to the strength of the static magnetic field. Thus, at low magnetic fields outside the spectrometer's high- field region strong NOEs can occur and transfer of PHIP- derived polarization both to the protons and the heteronuclei of the parahydrogenation product is feasible. In order to sufficiently explain this mechanism the parahydrogenation reaction of phenylacetylene (phenylethyne) to styrene (phenylethene) can be considered (Fig. 12).""]",['The most obvious and most common transfer of polarization from the two initially polarized parahydrogen nuclei is that to nearby protons through cross- relaxation caused by dipolar interactions. These processes are well known in magnetic resonance spectroscopy since they give rise to the nuclear Overhauser effect (NOE). The observation of this homonuclear polarization transfer is almost always observed during the parahydrogenation of suitable pre- cursor molecules when  ${}^{1}\\mathrm{H}$  nuclei are present in the immediate vicinity of the hydrogenation site and can thus appreciably interact with the two attached protons stemming from the parahydrogen molecule.'],"The transfer of PHIP-derived polarization to nearby protons during parahydrogenation occurs due to **cross-relaxation driven by dipolar interactions**, which is the mechanism underlying the nuclear Overhauser effect (NOE). This process arises because the two initially polarized parahydrogen nuclei, after incorporation into the reaction product, interact magnetically with neighboring protons through their mutual dipole-dipole couplings. The NOE facilitates polarization transfer from the hyperpolarized parahydrogen-derived protons to other protons in close spatial proximity. 

Additionally, this transfer is particularly efficient at **low magnetic fields**, where the strength of the NOE is inversely proportional to the static magnetic field. Under low-field conditions, the NOE becomes significantly enhanced, enabling robust polarization propagation to both protons and heteronuclei within the molecule. This effect is commonly observed in parahydrogenation reactions, such as the hydrogenation of phenylacetylene to styrene, where dipolar interactions between protons drive the polarization transfer.","The transfer occurs due to cross-relaxation caused by dipolar interactions between the initially polarized parahydrogen nuclei and nearby protons, similar to the nuclear Overhauser effect (NOE), especially when these protons are in close proximity to the hydrogenation site.",0.6352694350578595,0.9705566369777577,1.0,0.8333333332916666,1.0
132,"Why is the $^{15}\mathrm{N}$ signal enhancement modulated by spin coupling constants with the optimal value of $	au$ approaching $rac{1}{\left|J_{AN}ight|}$ for all substrates?",[],"['The $^{15}\\mathrm{N}$ signal enhancement is modulated only by spin coupling constants, with the optimal value of $\tau$ approaching to $\x0crac{1}{\\left|J_{AN}\right|}$ for all substrates; see Table I. It is noteworthy that INEPT oscillations are truncated at the large values of $\tau$ ($>50\\mathrm{ms}$). This behavior is a consequence of the acquisition of the longitudinal polarization, which is efficient only if a substrate molecule does not dissociate throughout the entire INEPT polarization cycle.']","Based on the provided information, the question regarding why the $^{15}\mathrm{N}$ signal enhancement is modulated by spin coupling constants and why the optimal $\tau$ approaches $\frac{1}{|J_{AN}|}$ for all substrates cannot be answered. The RAG knowledge base does not contain specific literature or experimental data addressing this aspect of SABRE or PHIP techniques.","The $^{15}\mathrm{N}$ signal enhancement is modulated by spin coupling constants because the application of selective $^{15}\mathrm{N}$ RF pulses at the frequency of $250\mathrm{ppm}$ excites all the NMR signals of free 5-nitroimidazoles, and the optimal value of $	au$ is determined by the spin coupling constants, approaching $rac{1}{\left|J_{AN}ight|}$ for all substrates.",0.18943532448756834,0.0,1.0,0.0,0.0
133,How does the Rh-Rh distance measured by EXAFS compare to that measured by single-crystal X-ray diffraction?,"['To determine whether the hydride bridged dimer 4 is generated directly in the solid/state, or from quenching of a reactive $\\{\\mathrm{Rh}(\\mathrm{L}_2)\\mathrm{H}_2\\} ^+$ monomer on dissolving in $\\mathrm{CD}_2\\mathrm{Cl}_2,$ Rh K- edge EXAFS experiments were performed in samples of 1 that had mediated five cycles of propene hydrogenation, Figure 1BThese show the direct formation of a dimeric species in the solid- state, similar to that reported for the Ir- congener.46 The formation of similar hydride bridged dimers in the solid- state has been reported on hydrogenation of $[\\mathrm{Ir}(\\mathrm{triphos})\\mathrm{H}_2(\\mathrm{ethene})][\\mathrm{BPh}_4]$ at $70^{\\circ}\\mathrm{C},$ 47 while other solid- state monomer/dimer transformations are known in organometallic chemistry.48,49 The Rh- Rh distance of 2.64(2) A compares favorably with independently synthesized 4: EXAFS, 2.66(2) A and single- crystal X- ray diffraction, 2.6575(5) A.39 Inclusion of $\\mathrm{Rh - Br}$ bonding was essential to fit the obtained data, confirming the dimeric nature of the solid.50 The ${}^{31}\\mathrm{P}\\{^{1}\\mathrm{H}\\}$ SSNMR spectrum of complex 4 formed in this way after catalysis shows relatively sharp signals, suggesting the retention of short- range order, while SEM analysis shows intact, but significantly fractured, crystalline material, Figure 1C (Figure S39 shows SEM of the starting complex 1)No evidence for $[\\mathrm{BAr^F_4}]^-$ coordination at a $\\mathrm{Rh(I)}$ center is observed, which is different from $[\\mathrm{Rh}(\\mathrm{Cy}_2\\mathrm{PCH}_2\\mathrm{CH}_2\\mathrm{PCy}_2)][\\mathrm{BAr^F}_4]$ SMOM systems which form such zwitterions on decomposition (vide infra).40,44 This is likely a consequence of the increased steric profile of the ${}^{t}\\mathrm{Bu}$ groups, coupled with the relative accessibility of a $\\mathrm{Rh(III)}$ dihydride.51 Collectively these observations suggest that $\\sigma$ - alkane complex 5 is a more efficient propene hydrogenation catalyst than in situ formed dimeric 4.', 'We have shown that with EXAFS it is possible to investigate the catalytic system [Ir(IMes)(H)2(L)3], in which reliable structures were obtained when L was pyridine or mTz. Results should be handled with caution in the case of mixtures of both ligands and when coordination of the solvent is involved. We compared the distance determined with EXAFS with that obtained by using X- ray crystallography, and, when available, DFT- derived geometries. DFT predicts a distinct difference between cis and trans ligands, which is not so pronounced in known X- ray structures but is clearly observed with EXAFS. Distances determined by using EXAFS are generally slightly longer than those obtained by using X- ray, but shorter than those determined by using DFT; the difference is due to the phase (gas for DFT, frozen solution for EXAFS).', ""Extended X-ray absorption fine structure (EXAFS)\nAs discussed above, the results of the DFT study are in good agreement with the experimental NMR dataThe obtained calculated energies are derived from optimized geometries and thus provide structural information with regard to the distances of the different ligands to the iridium centerThis type of information would be very difficult to obtain from NMR experimentsX- ray crystallography, such as reported by Cowley et alfor complex $1^{+}$ ,[5] would be the preferred tool to obtain this structural information and validate our DFT study, but is not applicable to most of the other observed complexes because of the dynamic character of the obtained mixturesBecause EXAFS reveals the type and number of neighboring atoms and allows the determination of metal- ligand distances to an accuracy of $0.01 - 0.02 \\text{\\AA}$ by analysis of the X- ray induced electron diffraction,[21] and can be applied to solids, liquids, solutions, and even gases, it is an ideal complimentary technique for our present studyWe have previously reported on the application of a related X- ray absorption spectroscopic technique, X- ray absorption near- edge structure (XANES), for the validation of DFT- derived geometries.[22] Published examples of EXAFS studies of a true homogeneous hydrogenation catalyst are rare,[23] possibly because the backscattering by H ligands is so weak that it hardly contributes to EXAFS in organometallic complexes; there is, however, one example of a study on immobilized variants of Wilkinson catalyst, a rhodium analogue of Crabtree's catalyst, which is the predecessor of the catalyst used here.[24] Since EXAFS is a bulk technique, the average of all structures is obtained, and it can be expected that the analysis may be complicated, especially in our case in which we are dealing with a dynamic mixture of complexes""]","['The Rh- Rh distance of 2.64(2) A compares favorably with independently synthesized 4: EXAFS, 2.66(2) A and single- crystal X- ray diffraction, 2.6575(5) A.39']","Based on the provided context:

- The **Rh-Rh distance** measured by **EXAFS** for the independently synthesized hydride-bridged dimer (compound **4**) is **2.66(2) Å**.  
- The same distance measured by **single-crystal X-ray diffraction** is **2.6575(5) Å**.  

These values are in excellent agreement, with a negligible difference of **0.0025 Å**, confirming the consistency between EXAFS and crystallographic measurements for this dimeric structure. The context explicitly states this comparison ""compares favorably"" (section on Rh K-edge EXAFS experiments).",The Rh-Rh distance measured by EXAFS (2.66(2) Å is slightly larger than that measured by single-crystal X-ray diffraction (2.6575(5) Å).,0.8298891052965381,0.791277526419321,1.0,0.99999999995,1.0
134,Why does polarization first increase and then decrease upon increase of $W_{\mathrm{a}}$ and $k_{\mathrm{d}}$ at a constant ratio of rates?,[],"['Upon increase of $W_{\\mathrm{a}}$ and $k_{\\mathrm{d}}$ (at a constant ratio of rates, $W_{\\mathrm{a}} / k_{\\mathrm{d}}$), polarization first increases and then decreases (Fig. 3). The reason for such a dependency is the interference of the exchange processes with spin mixing at the LAC. At the center of the LAC, the mixing frequency is minimal (equal to $\\omega_{\\mathrm{LAC}}$) but the mixing amplitude is maximal. Consequently, the maximal polarization is always formed at $B_{\\mathrm{p}} = B_{\\mathrm{LAC}}$ but the mixing efficiency becomes suppressed when $\\omega_{\\mathrm{LAC}} \\ll k_{\\mathrm{d}}$.']","Based on the provided information, the question regarding why polarization first increases and then decreases with increasing \(W_{\mathrm{a}}\) and \(k_{\mathrm{d}}\) at a constant ratio cannot be answered. The context does not contain specific details, experimental data, or theoretical explanations addressing this particular behavior in the context of PHIP or SABRE. For a comprehensive analysis, additional literature focusing on the interplay between activation rates (\(W_{\mathrm{a}}\)), dissociation rates (\(k_{\mathrm{d}}\)), and polarization dynamics would be required.","The reason for this dependency is the interference of the exchange processes with spin mixing at the LAC. At the center of the LAC, the mixing frequency is minimal (equal to $\omega_{\mathrm{LAC}}$) but the mixing amplitude is maximal. Consequently, the maximal polarization is always formed at $B_{\mathrm{p}} = B_{\mathrm{LAC}}$ but the mixing efficiency becomes suppressed when $\omega_{\mathrm{LAC}} \ll k_{\mathrm{d}}$.",0.1491001924780339,0.0,1.0,0.0,0.0
135,Why does the addition of NaCl significantly increase the signal gain and improve aqueous pz loading in the described experiment?,"['As saline represents an ideal solvent for in vivo applications, we repeated these studies using $0.35~\\mathrm{mL}$ of $\\mathrm{D}_2\\mathrm{O}$ doped with $0.16\\%$ w/v of $\\mathrm{NaCl}$ and $0.25~\\mathrm{mL}$ of $\\mathrm{CDCl}_3$ . The effect of this change was dramatic with the resulting signal gain increasing to $790\\pm 20$ fold $2.5\\%$ polarization) per proton after 10 seconds when phase separation is achieved. These results are illustrated in Figure 3, with the hyperpolarized pz signal area in the organic and aqueous phases having a ratio of 48.8:51.2 after 10 seconds. The retained pz signal gain after 15 seconds is 400 fold $1.3\\%$ polarization), and when the fully relaxed image was recorded, the ratio of pz in the two phases is about 23:77 respectively, which shows that the salt is beneficial in improving the aqueous pz loading under these conditions. We used UV monitoring to compare the rate of transfer of pz from $\\mathrm{H}_2\\mathrm{O}$ into $\\mathrm{CHCl}_3$ in the presence $(0.16\\%$ w/v) and absence of $\\mathrm{NaCl}$ and observed an approximate 4- fold increase, which means the reverse process is also accelerated. Furthermore, the red colour associated with the catalyst is still selectively retained in the organic phase. This statement was supported by the fact that UV spectroscopy on the aqueous phase revealed that its concentration was less than $1.5\\times 10^{- 6}$ mol dm $^{- 3}$ after 10 seconds, in agreement with the failure to see a SABRE response when this layer was tested. Hence, we conclude that', 'As a result of recently published results that showed a high pH dependence to SABRE efficiency,[21] we also tested the effects of adding the salts, that is, $\\mathrm{NaCO}_2\\mathrm{Mn}$ , $\\mathrm{NH_4CO_2Me}$ , $\\mathrm{NH_4Cl}$ , $\\mathrm{NaOH}$ , $\\mathrm{NaH(CO_3)}$ and $\\mathrm{Na}_2\\mathrm{CO}_3$ . These results are described in the Supporting Information and reveal that under spectroscopic examination, separate signals for pz can be seen in the two distinct phases in the majority of cases. This point confirms a role for phase transfer without the need for imaging. $\\mathrm{NaCl}$ , however, proved to deliver the best separation times and enhancement levels.', 'In a further investigation, in which the enhancement of 4- PMP was monitored against increasing concentration of TEA, an expected decrease in signal was observed. When this data is normalised and contrasted with that of the analogous data for 4- PMP.3HCl, the slopes are in very good agreement. However, it should be noted that the level of signal enhancement after the addition of 7 equivalents of TEA (equivalent to 10 equivalents of TEA added to 4- PMP.3HCl) results in effectively negligible signal enhancement (approximately $\\leq - 1$ - fold). This difference is significant and may be due to the large difference in the concentration of chloride. Iali and co- workers have reported that for the hyperpolarisation of pyrazine by SABRE, large differences in the signal intensity can be obtained when not only varying the ratio of $\\mathrm{CDCl}_3{:}\\mathrm{D}_2\\mathrm{O}$ but also the identity of the salt additive used to increase phase transfer.[33] It is reported that for a sample consisting of pyrazine dissolved in $200\\mu \\mathrm{L}{:}400\\mu \\mathrm{L}\\mathrm{CDCl}_3{:}\\mathrm{D}_2\\mathrm{O}$ that, after polarisation transfer at $3\\mathrm{mT}$ an enhancement of 690- fold is obtained. The addition of $0.0170\\mathrm{mmol}$ NaCl leads to an increase in enhancement to 780- fold. It should be noted, however, that for other solution of differing ratios of $\\mathrm{CDCl}_3{:}\\mathrm{D}_2\\mathrm{O}$ but the same concentration of $\\mathrm{NaCl}$ the presence of $\\mathrm{NaCl}$ had either no effect or was detrimental in terms of the enhancement observed. Knecht and co- workers have identified chloride as being able to rebind to the main complex responsible for the polarisation of pyridine, [Ir (IMes)(pyridine) $(\\mathrm{H}_2)]^+$ through the implementation of chemical exchange saturation transfer.[32] This chloride complex, [Ir (IMes)(Cl)']","['The effect of this change was dramatic with the resulting signal gain increasing to $790\\pm 20$ fold $2.5\\%$ polarization) per proton after 10 seconds when phase separation is achieved. We used UV monitoring to compare the rate of transfer of pz from $\\mathrm{H}_2\\mathrm{O}$ into $\\mathrm{CHCl}_3$ in the presence $(0.16\\%$ w/v) and absence of $\\mathrm{NaCl}$ and observed an approximate 4- fold increase, which means the reverse process is also accelerated. In this case, phase-separation occurs significantly faster than the relaxation of the hyperpolarized pz response.']","The addition of NaCl significantly increases signal gain and improves aqueous pyrazine (pz) loading in the SABRE experiment due to the following mechanisms, as derived from the experimental observations:

### 1. **Enhanced Phase Transfer Kinetics**  
   - UV monitoring confirmed a **4-fold increase** in the rate of pz transfer from H₂O to CHCl₃ when NaCl (0.16% w/v) was added.  
   - This acceleration applies bidirectionally, improving reversible exchange between phases and allowing more efficient cycling of pz through the catalyst (located in the organic phase). Faster exchange increases polarization transfer efficiency, directly boosting signal gain.

### 2. **Altered Partitioning Equilibrium**  
   - Without NaCl, pz distribution favors the organic phase. With NaCl, the equilibrium shifts toward the aqueous phase:  
     - After 10 seconds (hyperpolarized state): **51.2% of pz resides in the aqueous phase** (vs. 48.8% in organic).  
     - In the fully relaxed state: **77% of pz partitions into the aqueous phase** (vs. 23% in organic).  
   - This shift concentrates hyperpolarized pz in the aqueous phase, improving detectable signal during NMR acquisition.

### 3. **Catalyst Retention and Chloride Effects**  
   - The iridium catalyst remains exclusively in the organic phase (confirmed by UV spectroscopy; aqueous concentration <1.5×10⁻⁶ mol dm⁻³), ensuring polarization occurs efficiently.  
   - Chloride ions (from NaCl) may rebind to the active iridium complex (e.g., forming [Ir(IMes)(Cl)]), as noted in prior studies. This interaction could optimize catalyst reactivity or stability during polarization transfer.

### 4. **Superior Performance of NaCl**  
   - Comparative tests with other salts (e.g., NaCO₂Mn, NH₄Cl, Na₂CO₃) confirmed NaCl delivers the **best signal enhancement (790±20-fold) and phase separation kinetics**.  
   - The ionic strength or specific chaotropic effect of Cl⁻ ions likely disrupts hydrogen bonding, facilitating pz solubility in water.

### Conclusion  
NaCl accelerates pz shuttling between phases, shifts partitioning toward the aqueous phase, and optimizes catalyst efficiency. These combined effects maximize hyperpolarized pz concentration in the aqueous phase, where NMR detection occurs, resulting in higher signal gains (up to **790-fold enhancement**). The catalyst’s retention in the organic phase ensures sustained polarization efficiency.","The addition of NaCl increases the signal gain and improves aqueous pz loading because it accelerates the transfer rate of pz from H2O into CHCl3 by approximately 4-fold, as observed through UV monitoring. This acceleration also means the reverse process is similarly enhanced. Additionally, NaCl facilitates faster phase-separation, which occurs significantly faster than the relaxation of the hyperpolarized pz response, thereby retaining more pz in the aqueous phase.",0.42807348941876167,0.8715632389188097,0.5526315789473685,0.8333333332916666,1.0
136,Why does deuterium not significantly affect the $^{13}\mathrm{C - 1}$ $T_{\mathrm{b}}$ and $T_{1}$ values in the context of exchangeable substrate deuteration?,[],"['Deuterium is a quadrupolar nucleus that may potentially act as a source of relaxation for the nearby spins due to enhanced scalar relaxation of the second kind. Therefore, potentially deleterious effects of deuterium on $^{13}\\mathrm{C - 1}$ $T_{1}$ (and by extension, on the maximum attainable $P_{13\\mathrm{C - 1}}$ due to the increased rate of spin destruction) may be expected in a manner similar to that observed for $^{15}\\mathrm{N}$ $T_{1}$ relaxation arising from $^{15}\\mathrm{N} - ^{14}\\mathrm{N}$ two- bond interactions (where $^{14}\\mathrm{N}$ spins act as quadrupolar relaxation sinks). We rationalize the above observation by the negligible strength of the relevant interactions over three ($^{13}\\mathrm{C - C - C - D}$) chemical bonds.']","Based on the provided information, the question cannot be answered.","The negligible strength of the relevant interactions over three chemical bonds ($^{13}\mathrm{C - C - C - D}$) means that deuterium does not act as a significant source of relaxation for nearby spins, thus not affecting the $^{13}\mathrm{C - 1}$ $T_{\mathrm{b}}$ and $T_{1}$ values.",0.10539448606856928,0.0,1.0,0.0,0.0
137,Why does the ${}^{119}\mathrm{Sn}$ signal receive its polarization indirectly via the ${}^{1}\mathrm{H}$ polarization of $\mathbf{A}_{\mathrm{Sn}}$ rather than through a direct route?,[],"['In this case, the ${}^{119}\\mathrm{Sn}$ response receives its polarisation indirectly via the ${}^{1}\\mathrm{H}$ polarisation of $\\mathbf{A}_{\\mathrm{Sn}}$ rather than through a direct route as exemplified recently by Theis et al. for ${}^{15}\\mathrm{N}^{22}$ and Koptyug for ${}^{31}\\mathrm{P}$.']","The \(^{119}\mathrm{Sn}\) signal receives polarization indirectly via the \(^{1}\mathrm{H}\) polarization of \(\mathbf{A}_{\mathrm{Sn}}\) (hydride ligands) in SABRE due to the following reasons:  

1. **Origin of Polarization**:  
   Hyperpolarization originates from *parahydrogen-derived hydride ligands* (\(\mathbf{A}_{\mathrm{Sn}}\)) bound to the metal center (e.g., Ir). These hydrides acquire initial polarization through reversible exchange with parahydrogen.  

2. **Mechanism of Transfer**:  
   - Polarization transfers to \(^{119}\mathrm{Sn}\) **indirectly** through strong scalar couplings (\(J\)-couplings) between the \(^{1}\mathrm{H}\) nuclei of the hyperpolarized hydrides (\(\mathbf{A}_{\mathrm{Sn}}\)) and the \(^{119}\mathrm{Sn}\) nucleus.  
   - This occurs via cross-relaxation or spin-diffusion processes, leveraging the \(^{1}\mathrm{H}\)-\(^{119}\mathrm{Sn}\) spin-spin interactions.  

3. **Efficiency of Indirect Route**:  
   - Direct polarization transfer from parahydrogen to \(^{119}\mathrm{Sn}\) is inefficient due to weak/absent direct couplings between parahydrogen and \(^{119}\mathrm{Sn}\).  
   - The hydride ligands (\(\mathbf{A}_{\mathrm{Sn}}\)) act as efficient polarization relays due to:  
     (i) Strong \(^{1}\mathrm{H}\)-\(^{119}\mathrm{Sn}\) scalar couplings (typically \(\sim 100-2000  \mathrm{Hz}\)).  
     (ii) Proximity of \(\mathbf{A}_{\mathrm{Sn}}\) to both parahydrogen (during exchange) and \(^{119}\mathrm{Sn}\) (via the metal center).  

4. **Experimental Evidence**:  
   SABRE experiments show \(^{119}\mathrm{Sn}\) signal enhancement only when \(^{119}\mathrm{Sn}\)-containing substrates coordinate to the metal complex via \(\mathbf{A}_{\mathrm{Sn}}\), confirming the hydride-mediated pathway.  

Thus, the indirect route via \(\mathbf{A}_{\mathrm{Sn}}\) optimizes polarization transfer efficiency by exploiting favorable spin dynamics at the metal-hydride interface.","The ${}^{119}\mathrm{Sn}$ signal receives its polarization indirectly via the ${}^{1}\mathrm{H}$ polarization of $\mathbf{A}_{\mathrm{Sn}}$ because this indirect route is more efficient or favorable under the given conditions, as exemplified by the signal enhancements and SNR values observed in the experiment.",0.44048416112590727,0.8513701320211137,0.0,0.0,0.0
138,Why was the signal enhancement factor for the carbonyl carbon nuclei of the methoxy group so substantial?,"['In 1995 Bargon and co- workers were able to observe the first transfer of PHIP to the $^{13}\\mathrm{C}$ - heteronuclei of a parahydrogenation product employing the hydrogenation of acetylenedicarboxylic dimethyl ester yielding maleic acid dimethyl ester (Fig. 4) [9]. In this case, the polarization stemming from $p\\mathrm{- H}_2$ was transferred to all $^{13}\\mathrm{C}$ - nuclei of the hydrogenation product and the amount of polarization was substantial. The signal enhancement (SE) factor for the carbonyl carbon nuclei of the methoxy group exceeded 2580 corresponding to a signal- to- noise ratio of 300. Obtaining an equivalent signal- to- noise ratio of the product resonances without using an enriched parahydrogen gas mixture would have required $6.7\\times 10^{6}$ transients and substantially more spectrometer time accordingly. An additional heterodecoupling of the methoxy protons yielded an increase of the signal- to- noise ratio of up to 800.', 'The enhancement factor attained for the carbon nucleus was very high and $^{13}\\mathrm{C}$ polarization of the carbonyl ligand could thus also be achieved when unlabeled samples were employed.', ""Finally, the even longer delay of $20\\mathrm{ms}$ resulted in a large signal enhancement of the $C_{10}$ of approximately 3400 and even more interestingly polarization is also transferred to the carbonyl group of the molecule which takes part in the biotransformation of the molecule. This provides an opportunity to store the polarization on this nucleus with its long $T_{1}$ time in order to investigate the substrate's metabolic pathway subsequently.""]","['In this case, the polarization stemming from $p\\mathrm{- H}_2$ was transferred to all $^{13}\\mathrm{C}$-nuclei of the hydrogenation product and the amount of polarization was substantial. The signal enhancement (SE) factor for the carbonyl carbon nuclei of the methoxy group exceeded 2580 corresponding to a signal-to-noise ratio of 300.']","The substantial signal enhancement factor (exceeding 2580) for the carbonyl carbon nuclei of the methoxy group in maleic acid dimethyl ester was achieved due to the following reasons:

1. **Efficient PHIP transfer to \(^{13}\mathrm{C}\) nuclei**: Polarization from parahydrogen (\(p\mathrm{-H}_2\)) was transferred to all \(^{13}\mathrm{C}\) nuclei in the hydrogenation product (maleic acid dimethyl ester), resulting in a large amount of polarization. This process generated significant signal amplification across all carbon sites.

2. **Heteronuclear decoupling**: Additional heterodecoupling of the methoxy protons further amplified the signal-to-noise ratio (up to 800). This technique collapsed signal splitting, concentrating polarization into a single peak and enhancing detectability.

3. **Intrinsic suitability of carbonyl groups**: The carbonyl carbon exhibited particularly high polarization retention, allowing substantial enhancement even in unlabeled samples. This efficiency is attributed to favorable spin dynamics during PHIP transfer to carbonyl moieties.

The combination of these factors—direct \(p\mathrm{-H}_2\)-derived polarization, optimized decoupling, and the carbonyl's responsiveness—enabled the observed high enhancement. This eliminated the need for extensive signal averaging (equivalent to \(6.7 \times 10^6\) transients without PHIP).",The substantial signal enhancement was due to the transfer of polarization from $p\mathrm{- H}_2$ to all $^{13}\mathrm{C}$-nuclei of the hydrogenation product.,0.4718763697482881,0.8188753662891405,0.7142857142857143,0.9999999999,1.0
139,What property makes nanostructures potentially suitable for MRI applications?,"['Overall, hyperpolarized nanomaterials show great potential in nearly all areas relevant for MRI. Not only can they be directly observed in ways that potentially allows for the specific detection of a multitude of targets but also are they able to help in the investigation of dynamic processes and in the generation of hyperpolarized metabolites for metabolic imaging in MRI.', 'Abstract\nNanomaterials play an important role in the development and application of hyperpolarized materials for magnetic resonance imaging (MRI). In this context they can not only act as hyperpolarized materials which are directly imaged but also play a role as carriers for hyperpolarized gases and catalysts for para- hydrogen induced polarization (PHIP) to generate hyperpolarized substrates for metabolic imaging. Those three application possibilities are discussed, focusing on carbon- based materials for the directly imaged particles. An overview over recent developments in all three fields is given, including the early developments in each field as well as important steps towards applications in MRI, such as making the initially developed methods more biocompatible and first imaging experiments with spatial resolution in either phantoms or in vivo studies. Focusing on the important features nanomaterials need to display to be applicable in the MRI context, a wide range of different approaches to that extent is covered, giving the reader a general idea of different possibilities as well as recent developments in those different fields of hyperpolarized magnetic resonance.', 'Nanostructures of various design have been used in hyperpolarized $^{129}\\mathrm{Xe}$ NMR (Table 2) and made unprecedented detection limits in the nano- to picomolar regime NMR- accessible with RF detection. These materials provide a wide parameter range to improve HyperCEST detection even further with the eventual goal to enable in vivo detection of a wide range of biosensors that complement metabolic $^{13}\\mathrm{C}$ and $^{15}\\mathrm{N}$ MRI.']","['In recent developments, a combination approach of SEOP and DNP has been used to achieve 13C hyperpolarization in NDs which then show long T1 sufficient for potential MRI applications. First images using NDs have already been recorded in postmortem mouse models thus illustrating that NDs are a promising candidate for MRI applications.']","Based on the provided context, nanostructures are potentially suitable for MRI applications due to their **role in enabling hyperpolarization techniques**, which significantly enhance signal detection. Specifically:

1. **Direct hyperpolarization capability**: Nanomaterials can act as intrinsically hyperpolarized agents that are directly imaged, allowing for specific target detection with high sensitivity.

2. **Carrier function**: They serve as effective carriers for hyperpolarized gases (e.g., <sup>129</sup>Xe), facilitating unprecedented NMR detection limits in the **nano- to picomolar regime** using RF detection.

3. **Catalytic properties**: Certain nanostructures act as catalysts for *parahydrogen-induced polarization (PHIP)*, enabling the generation of hyperpolarized metabolites for metabolic MRI.

These properties collectively allow nanomaterials to overcome traditional MRI sensitivity limitations, making them suitable for advanced applications like dynamic process monitoring, biosensor development, and metabolic imaging.",Nanostructures can exhibit long T1 relaxation times sufficient for potential MRI applications.,0.17291006428616224,0.9546790886719624,1.0,0.3333333333,0.0
140,Why was it long believed that PHIP effects cannot be observed with heterogeneous metal catalysts?,"['For a long time it was believed that heterogeneous supported metal catalysts should not provide PHIP effects because dissociative adsorption of hydrogen over this type of catalysts along with high mobility of H atoms[30] on metals should lead to extremely low probability of pairwise hydrogen additionHowever, in 2008 it was demonstrated that PHIP effects can be observed in heterogeneous hydrogenations catalyzed by supported metal catalysts.[29] The minimum contribution of pairwise hydrogen addition route to the overall hydrogenation process was estimated as $\\sim 3\\%$ .[29] Later studies allowed to find heterogeneous catalysts with higher contribution of pairwise $\\mathsf{H}_{2}$ addition route.[31- 37] PHIP technique showed its utility in mechanistic investigations of heterogeneous catalytic hydrogenations of various classes of', ""This pairwise hydrogen addition is a rather common hydrogenation route for transition metal complexes, so it was reasonable to expect that PHIP effects could be produced in a homogeneous hydrogenation.20 Indeed, the observation of PHIP effects was first demonstrated in the homogeneous hydrogenation of acrylonitrile over Wilkinson's catalyst.21 At the same time, it was long believed that the PHIP effects cannot be observed with heterogeneous metal catalysts22 since a rapid loss of spin correlation was expected upon dissociative chemisorption of a $\\mathrm{p - H_2}$ molecule on the catalyst surface. Despite that, PHIP in heterogeneous hydrogenation (HETPHIP) was successfully demonstrated, first using immobilized metal complexes,23 and soon after, it was unveiled in the gasphase propene hydrogenation over supported metal catalysts, such as $\\mathrm{Pt / Al_2O_3}$ and $\\mathrm{Pd / Al_2O_3}$ 24"", 'Heterogeneous catalysts have several advantages over their homogeneous counterparts as they are easier to remove from the reaction medium and can be used in subsequent catalytic cycles with little loss in their activity. For a long time, however, heterogeneous catalysts were not considered for PHIP applications. As common heterogeneous catalysts are dispersed metals, the two hydrogen atoms from a parahydrogen molecule were expected to rapidly loose each other upon chemisorption on a metal surface, leading to the loss of original correlation between the two nuclear spins of parahydrogen. Therefore, no polarization effects were expected for such catalysts. Recently, however, Kovtunov et al. [16] reported observation of PHIP in a hydrogenation reaction over supported platinum and palladium metal catalysts. They observed both PASADENA and ALTADENA effects in the ${}^{1}\\mathrm{H}$ NMR spectra of propane generated in the heterogeneous gas- phase hydrogenation of propylene. Later, the PHIP effects were also observed in the liquid phase hydrogenation reactions catalyzed by supported metal nanoparticles [17, 18]. These observations indicate that the pairwise transfer of hydrogen in heterogeneous hydrogenation over supported metal catalysts is possible, but estimated selectivities toward the pairwise addition did not exceed $3\\%$ .']","['At the same time, it was long believed that the PHIP effects cannot be observed with heterogeneous metal catalysts22 since a rapid loss of spin correlation was expected upon dissociative chemisorption of a  $\\mathrm{p - H_2}$  molecule on the catalyst surface.']","Based on the provided context, it was long believed that PHIP effects could not be observed with heterogeneous metal catalysts due to the following reasons:  

1. **Dissociative Adsorption**:  
   Heterogeneous metal catalysts facilitate *dissociative adsorption* of hydrogen molecules. When p-H₂ chemisorbs on the metal surface, the H–H bond breaks, separating the two hydrogen atoms.  

2. **High Mobility of H Atoms**:  
   The dissociated H atoms exhibit *high mobility* on the metal surface. This rapid diffusion drastically reduces the probability that the two original H atoms from the same p-H₂ molecule would recombine and transfer *pairwise* to a substrate.  

3. **Loss of Spin Correlation**:  
   Once separated, the nuclear spins of the two H atoms rapidly lose their initial spin correlation (from p-H₂). This decoherence destroys the singlet spin state required for PHIP, eliminating any potential NMR signal enhancement.  

As stated in the context, this belief persisted because heterogeneous catalysts were expected to exhibit ""extremely low probability of pairwise hydrogen addition"" (due to H-atom mobility) and ""rapid loss of spin correlation upon dissociative chemisorption."" These mechanistic assumptions were overturned only after experimental demonstrations of PHIP on supported Pt/Al₂O₃ and Pd/Al₂O₃ catalysts in 2008.",It was long believed that PHIP effects cannot be observed with heterogeneous metal catalysts because a rapid loss of spin correlation was expected upon dissociative chemisorption of a p-H2 molecule on the catalyst surface.,0.39036949648610436,0.996784732071862,1.0,0.9999999999666667,1.0
141,Why are there polarization losses for the H13CO3-/13CO2 sensor?,"['Lastly, we present a probe prepared by using highly polarized pyruvate $(36.65\\%)$ and a non- enzymatic decarboxylation reaction to achieve the $\\mathrm{H}^{13}\\mathrm{CO}_{3}^{- } / ^{13}\\mathrm{CO}_{2}$ pH sensor, with a polarization value of $12.46\\%$ . It is important to note that the polarization losses for the $\\mathrm{H}^{13}\\mathrm{CO}_{3}^{- } / ^{13}\\mathrm{CO}_{2}$ sensor can be attributed mainly to relaxation effects $(T_{1},54.3$ for $\\mathrm{H}^{13}\\mathrm{CO}_{3}^{- }$ and $49.0$ s for $\\mathrm{^{13}CO_2}$ ), which could be further improved in the future by optimized reactions in an automatized setup. We have validated our probe in vitro by measuring $\\mathrm{pH}$ on phantoms and pancreatic cancer cell media with highly accuracy. Previous $\\mathrm{H}^{13}\\mathrm{CO}_{3}^{- } / \\mathrm{CO}_{2}$ studies were conducted with dDNP achieving similar levels of polarization: Ghosh et al. (2014), reached $\\mathrm{H}^{13}\\mathrm{CO}_{3}^{- }$ with notable polarization $(\\sim 16\\%)$ by employing $\\alpha$ - keto carboxylic acid- derivatives decarboxylation with $\\mathrm{H}_2\\mathrm{O}_2$ and validated the probe on perfused rat lungs. Besides, Mu et al. (2023) applied chemical reactions as hydrolysis followed by neutralization on 1,2- glycerol carbonate (GLC) to obtain $\\mathrm{H}^{13}\\mathrm{CO}_{3}^{- }$ with a polarization of $\\sim 20\\%$ and its validation was carried out in several in vivo healthy and cancer mouse models. Other probes derived from synthetic compounds and amino acids were developed as HP chemical- shift based $\\mathrm{pH}$ sensors. As mentioned above, dDNP is facing challenges on the development to routine clinical use. With respect to $\\mathrm{pH}$ sensors for example, polarization times of $2\\mathrm{h}$ are needed (probe obtained by direct polarization on', 'Conclusions\nIn conclusion, we present an optimized methodology to obtain biocompatible hyperpolarized $\\mathrm{H}^{13}\\mathrm{CO}_{3}^{- } / ^{13}\\mathrm{CO}_{2}$ pH sensor within a minute using PHIP to perform $\\mathrm{pH}$ measurements at physiological conditions with high accuracy. To achieve the probe, purified $[1 - ^{13}\\mathrm{C}]$ pyruvate- $\\mathrm{d}_{3}$ with a notable $\\mathrm{^{13}C}$ polarization of $36.65\\pm 0.06\\%$ in aqueous solution and at physiological $\\mathrm{pH}$ is decarboxylated. For this, $\\mathrm{H}_2\\mathrm{O}_2$ with an addition of $\\mathrm{CaCl}_2$ yield signal- enhanced $\\mathrm{H}^{13}\\mathrm{CO}_{3}^{- }$ and $\\mathrm{^{13}CO_2}$ in $\\mathrm{D}_2\\mathrm{O}$ with an average $\\mathrm{^{13}C}$ - polarization of $12.46\\pm 0.01\\%$ . We attribute these remarkable polarization values to optimizations performed in our purification and $\\mathrm{pH}$ adjustment procedures. We envision that the presented procedures, which offer advantages in polarization efficiency, accuracy, and speed, can be rapidly adopted for preclinical investigations and future clinical parahydrogen procedures for patient imaging.', '3.1.Sources of Polarization Loss']","['It is important to note that the polarization losses for the H13CO3-/13CO2 sensor can be attributed mainly to relaxation effects (T1, 54.3 for H13CO3- and 49.0 s for 13CO2), which could be further improved in the future by optimized reactions in an automatized setup.']","Based on the provided context, polarization losses for the \(\mathrm{H}^{13}\mathrm{CO}_{3}^{-}/^{13}\mathrm{CO}_{2}\) sensor are **primarily attributed to relaxation effects**, specifically spin-lattice relaxation (\(T_1\)). The relaxation times are:  
- **\(T_1 = 54.3\) s** for \(\mathrm{H}^{13}\mathrm{CO}_{3}^{-}\)  
- **\(T_1 = 49.0\) s** for \(^{13}\mathrm{CO}_{2}\).  

These \(T_1\) values represent the timescales over which the hyperpolarized state decays back to thermal equilibrium, leading to signal loss before detection. The context explicitly states that these relaxation effects are the main source of polarization loss and suggests future improvements via **optimized reactions in an automated setup** to mitigate them.  

No other sources of polarization loss (e.g., chemical degradation or experimental handling) are mentioned in the provided information.","The polarization losses for the H13CO3-/13CO2 sensor can be attributed mainly to relaxation effects (T1, 54.3 for H13CO3- and 49.0 s for 13CO2).",0.6096877623150021,0.9012957547613812,0.8181818181818182,0.9999999999,1.0
142,How does the effect of deuteration on SABRE hyperpolarization transfer efficiency compare between methylnicotinate and pyridine?,"['The gradient of each linear correlation was related to a standard theoretical model of $p\\text{- }\\mathrm{H}_2$ to define an efficiency parameter, $E_{\\parallel}$ that quantifies the fraction of the available $p\\text{- }\\mathrm{H}_2$ polarisation that is transferred to the target analyte under the given experimental conditions. It was shown that the SABRE efficiency is independent of the NMR detection field, as expected, and is comparable for analytes with similar chemical properties such as pyridine and 4- methylpyridine. High SABRE efficiencies of up to $21.7\\%$ were observed for a selectively deuterated substrate, methyl- $4,6 - d_{2}$ - nicotinate, in conjunction with a highly efficient SABRE catalyst $[\\mathrm{Ir}(\\mathrm{H})_2(\\mathrm{methyl - }4,6 - d_2,$ nicotinate $\\mathrm{)}_3(d_{22}\\mathrm{- IMes})]$ 45 This result supports previous conclusions regarding the benefits of selective deuteration for improved ${}^{1}\\mathrm{H}$ SABRE hyperpolarisation through the combined effects of extending ${}^{1}\\mathrm{H}$ hyperpolarisation lifetimes and the concentration of the available hyperpolarisation across fewer ${}^{1}\\mathrm{H}$ resonances.45', ""Previous studies have established that using deuterated NHC ligands $(d_{22} - 1$ and $d_{22} - 2)$ improve SABRE hyperpolarization transfer efficiency into methylnicotinate. This improvement is based on an extension of the hydride ligand relaxation times. Studies here confirm that higher $P_{\\mathrm{H}}$ values result in all cases in support of this benefit. However, deuteration is not beneficial for the $^{15}\\mathrm{N}$ transfer in pyridine, pyrazine, and acetonitrile. Barskiy's observations that in microtesla transfer fields, scaler relaxation of the second kind associated with the quadrupolar $^{14}\\mathrm{N} - ^{13}\\mathrm{C}$ interaction limits the level of $^{13}\\mathrm{C}$ polarization under SABRE offer a route to explain this view. For metronidazole, however, an improved value of $54\\%$ on $\\mathrm{N}_1$ results with $d_{9}$ - benzylamine and $[\\mathrm{IrCl}(\\mathrm{COD})(d_{34} - 4)]$ , compared to that seen with precatalyst $[\\mathrm{IrCl}(\\mathrm{COD})(h_{34} - 4)]$ . Hence, $^{2}\\mathrm{H}$ labeling of the catalyst can also be of significant benefit to $P^{15}\\mathrm{N}$ ."", '3.2. Effect of Selective Deuteration on Substrate Polarization and Relaxation Rate\nA well- established route to improve the efficacy of hyperpolarization techniques is the selective deuteration of the substrate. $^{[42]}$ When applied to the SABRE technique, $3,4,5 - d_{3}$ - pyridine showed improved performance over its protio analogue. $^{[17,43]}$ A detailed study that probed the optimal deuteration pattern has been reported for nicotinamide and methyl nicotinate. $^{[33]}$ Placement of a proton ortho to the nitrogen binding site was shown to be optimal for efficient polarization transfer but coupling to a remote proton was optimal for a long magnetic state lifetime. These structures are shown in Figure 4 and have up to 5- fold greater $T_{1}$ values and deliver 4- fold improvement in polarization level. Similar improvements have now also been reported for the tuberculosis drug isoniazid and its derivatives. $^{[35]}$']","['Previous studies have established that using deuterated NHC ligands (d22-1 and d22-2) improve SABRE hyperpolarization transfer efficiency into methylnicotinate. However, deuteration is not beneficial for the 15N transfer in pyridine, pyrazine, and acetonitrile.']","Based on the provided context, the effect of deuteration on SABRE hyperpolarization transfer efficiency differs significantly between methylnicotinate and pyridine:

1. **Methylnicotinate**:  
   Selective deuteration (e.g., **methyl-4,6-d₂-nicotinate**) results in **high SABRE efficiencies (up to 21.7%)**. This improvement arises from:  
   - Extended \(^1\text{H}\) hyperpolarization lifetimes (\(T_1\)).  
   - Concentration of hyperpolarization across fewer \(^1\text{H}\) resonances.  
   Deuteration of the catalyst (e.g., \(d_{22}\)-IMes ligand) further enhances efficiency by extending hydride ligand relaxation times.  

2. **Pyridine**:  
   Deuteration **does not benefit** \(^{15}\text{N}\) hyperpolarization transfer. This contrasts with methylnicotinate, as scalar relaxation from quadrupolar \(^{14}\text{N}\)-\(^{13}\text{C}\) interactions limits polarization. However, earlier studies note that **3,4,5-d₃-pyridine** shows improved *proton* polarization over protio-pyridine, with up to 5-fold longer \(T_1\) and 4-fold higher polarization levels.  

### Key Difference:  
- Deuteration **enhances** \(^1\text{H}\) hyperpolarization in **methylnicotinate** and its derivatives (e.g., nicotinamide).  
- For **pyridine**, deuteration improves \(^1\text{H}\) polarization but offers **no benefit** for \(^{15}\text{N}\) polarization transfer.  

> *Note: The efficacy depends on the specific nucleus targeted (\(^1\text{H}\) vs. \(^{15}\text{N}\)) and the deuteration pattern (e.g., ortho-proton retention for transfer efficiency vs. remote deuteration for \(T_1\) extension).*",Deuteration improves SABRE hyperpolarization transfer efficiency for methylnicotinate but is not beneficial for pyridine.,0.4537496612088826,0.9607330657869925,1.0,0.49999999995,1.0
143,How does the polarization amplification achieved using the Ir-IMes catalyst compare to that achieved using the Crabtree catalyst for the 2-functionalized substrate?,"[""Upon activation of the Ir catalysts, SABRE experiments were performed under meticulously controlled temperature conditions by introducing para- hydrogen through the samples in a thermostat. This result was followed by transfer to the same temperature- controlled 7 T NMR magnet within a swift 6 s window. The results showing SABRE hyperpolarization with proton NMR signal enhancement were compared with the signal integrals from thermal polarization in the same $7\\mathrm{T}$ NMR environment. Surprisingly, the polarization amplification achieved using the Ir- IMes catalyst surpassed that achieved using the Crabtree catalyst, even for our 2- functionalized substrate. (For detailed data, please refer to Supporting Information, Figure S1). Specifically, Crabtree's catalyst primarily amplified the 3,4- protons, while the Ir- IMes catalyst exhibited marked amplification of both the aldehyde and 6- proton."", ""RESULTS AND DISCUSSION\nIn the context of previous SABRE conditions, polarization enhancement has not been observed for 2- functionalized pyridines, presumably due to the functional group at the ortho position interfering with metal coordination. However, our study successfully demonstrated the hyperpolarization of pyridine- 2- carbaldehyde, a 2- functionalized pyridine, using SABRE under mild conditions with Ir- IMes. Remarkably, the enhancement factor achieved with this compound surpassed those of most pyridine- based structures. To obtain a more detailed understanding of the hyperpolarization process, we compared the performance of two ligand- binding iridium catalysts: Crabtree's catalyst and Ir- IMes. While Ir- IMes catalyst generally outperforms Crabtree's catalyst in SABRE enhancement for most substrates, Crabtree's catalyst has been noted to perform better with substrates functionalized at the 2- position. Given this known trend, our results with pyridine- 2- carbaldehyde, a 2- functionalized pyridine derivative, are particularly noteworthy."", ""However, there was no significant difference in the extent of hyperpolarization across magnetic field strengths. Crabtree's catalyst had lower amplification than the IMes- Ir catalyst, which was similar to 3a.""]","['Surprisingly, the polarization amplification achieved using the Ir- IMes catalyst surpassed that achieved using the Crabtree catalyst, even for our 2- functionalized substrate.']","Based on the provided context:

1. **Comparison of polarization amplification**:  
   The Ir-IMes catalyst achieved **higher polarization amplification** than the Crabtree catalyst for the 2-functionalized substrate (pyridine-2-carbaldehyde). This result is notable because Crabtree's catalyst typically performs better with 2-functionalized substrates, yet Ir-IMes outperformed it in this case.

2. **Spectral differences**:  
   - **Crabtree catalyst**: Primarily amplified signals from the **3,4-protons** of the substrate.  
   - **Ir-IMes catalyst**: Showed marked amplification of **both the aldehyde proton and the 6-proton**, demonstrating broader signal enhancement.  

3. **Experimental confirmation**:  
   The higher amplification with Ir-IMes was consistent across experiments conducted under identical conditions (temperature-controlled 7 T NMR, rapid transfer protocol). No significant field-strength dependence was observed.  

For quantitative data, the context directs to Supporting Information (Figure S1).",The polarization amplification achieved using the Ir-IMes catalyst surpassed that achieved using the Crabtree catalyst for the 2-functionalized substrate.,0.5053144264869374,0.9779883139911498,0.9166666666666666,0.9999999999666667,1.0
144,Why are certain effects like heteronuclear dipole-dipole couplings and scalar couplings ignored in the model of squarate proton exchange?,"['D. Application to 1.2- $^{13}\\mathrm{C}$ -squarate\nThe proton exchange of squarate in solution is a complex problem since three chemical species, $\\mathrm{Sq}^{\\mathrm{2 - }}$ $\\mathrm{SqH}^{- }$ ,and $\\mathrm{SqH_2}$ are involved (see Fig. 3). Furthermore, each of the protonated $1,2 - ^{13}\\mathrm{C}_2$ species displays several isotopomers depending on the position of the $^{13}\\mathrm{C}_2$ pair with respect to the protonation sites. For the sake of simplicity, we consider only the high- $\\mathrm{pH}$ regime, ignoring the neutral $\\mathrm{SqH_2}$ species and neglecting the distinction between the multiple $1,2 - ^{13}\\mathrm{C}_2$ isotopomers of $\\mathrm{SqH}^-$ . Protonation (or deuteration) of squarate is taken into account solely through its influence on the $^{13}\\mathrm{C}$ chemical shifts. We ignore any direct effects of the proton or deuteron nuclear spins, through heteronuclear dipole- dipole couplings or scalar couplings, and also ignore the effect of protonation on other interactions such as the $^{13}\\mathrm{C} - ^{13}\\mathrm{C}$ J- coupling. We also ignore the effect of $^{18}\\mathrm{O}$ or $\\mathrm{^2H}$ on the chemical equilibria. Although this model is highly simplified, we show below that it reproduces the main features of the observed data.', 'The computational model used in this work is clearly based on a number of simplifications. In particular, only the Zeeman and scalar coupling terms were retained in the spin Hamiltonian, and spin relaxation effects were excluded. A more sophisticated model would include the time- dependent intra- pair dipole- dipole interaction (which, however, cannot induce ortho- para conversion) as well as all out- of- pair magnetic', 'the scalar coupling between them. Except in rare circumstances, the vicinal positioning of the para protons in the hydrogenated target molecule ensures that the condition of Equation [2] is met for fields below approximately 100G. For fields in the few to tens of Gauss range, the singlet proton state is therefore stable to all but short- duration relaxation processes, which are not amenable to decoupling, and differing interactions with the heteronucleus. Somewhat counterintuitively, it was shown in ref. (15) that the latter effect causes efficient singlet- triplet conversions in the paired protons, even though individual proton transitions caused by heteronuclear scalar interactions are greatly suppressed. Such transitions can, however, be eliminated by continuously decoupling at the proton frequency during hydrogenation as long as the decoupling modulation frequency greatly exceeds $J_{\\mathrm{HH}}$ .']","['For the sake of simplicity, we consider only the high-pH regime, ignoring the neutral SqH2 species and neglecting the distinction between the multiple 1,2-13C2 isotopomers of SqH-. Protonation (or deuteration) of squarate is taken into account solely through its influence on the 13C chemical shifts. We ignore any direct effects of the proton or deuteron nuclear spins, through heteronuclear dipole-dipole couplings or scalar couplings, and also ignore the effect of protonation on other interactions such as the 13C-13C J-coupling. We also ignore the effect of 18O or 2H on the chemical equilibria. Although this model is highly simplified, we show below that it reproduces the main features of the observed data.']","Based on the provided context, the model of squarate proton exchange ignores certain effects like heteronuclear dipole-dipole couplings and scalar couplings for the following reasons:  

1. **Simplification of the model**: The authors explicitly state that their computational model is ""highly simplified"" and retains only essential terms. They prioritize studying the influence of protonation/deuteration on $^{13}\mathrm{C}$ chemical shifts, deliberately excluding other interactions to focus on this primary effect.  

2. **Scope limitation**: The model specifically targets the high-pH regime, ignoring the neutral $\mathrm{SqH_2}$ species and distinctions between $1,2-^{13}\mathrm{C}_2$ isotopomers of $\mathrm{SqH}^{-}$. Consequently, interactions like $^{13}\mathrm{C}-^{13}\mathrm{C}$ J-coupling and heteronuclear couplings are omitted as they fall outside this simplified scope.  

3. **Practical feasibility**: The context notes that despite these omissions, the model ""reproduces the main features of the observed data,"" justifying the exclusion of complex effects like dipole-dipole couplings or scalar couplings involving protons/deuterons.  

4. **Irrelevance to core mechanisms**: Direct effects of proton/deuteron nuclear spins (via dipole-dipole or scalar couplings) are deemed non-essential for explaining the primary behavior under investigation, as the focus is on chemical shift changes induced by protonation.  

The authors acknowledge these simplifications but demonstrate that the model remains valid for interpreting key experimental observations in squarate systems.","These effects are ignored to simplify the model and focus on the main features of the observed data, specifically the influence of protonation on the 13C chemical shifts, while neglecting other interactions that are deemed less critical for reproducing the observed phenomena.",0.8342922260649623,0.9883551950838032,1.0,0.9999999999666667,1.0
145,What is the third step in the procedure to obtain hyperpolarized [1-13C] pyruvate-d3?,"['We would like to underline a few areas for improvement. First, the initial spin order created by the hydrogenation reaction is only a fraction of the full spin order stored in the paraenriched gases. The fine adjustments of optimal reaction conditions for rapid and selective hydrogenation could lead to a significantly higher $\\mathrm{^{13}C}$ polarization. Separate effort would be also required to yield higher concentration of the $(1 - ^{13}\\mathrm{C})$ pyruvate for future in vivo or in vitro studies. Second, the hydrolysis step could be automated to reduce the time for extraction and for the overall procedure to respect the relaxation of the hyperpolarized pyruvate. Third, new spin systems with a different set of scalar couplings could be designed to achieve even more effective proton- relay not only limited to pyruvate.', '[1 - ^{13}\\mathrm{C}]$ pyruvate Hyperpolarization\n$^{13}\\mathrm{C}$ - labeled HP pyruvate was obtained using the PHIP- SAH method (Figure 1). The hydrogenation catalyst ([1,4- bis(diphenylphosphino)butane](1,5- cyclooctadiene) rhodium(I) tetrafluoroborate, Sigma Aldrich, $1.38\\mu \\mathrm{mol}$ was dissolved in deuterated chloroform $(\\mathrm{CDCl}_3,100\\mu \\mathrm{l})$ . The propargylic ester of $[1 - ^{13}\\mathrm{C}]$ pyruvate $(3\\mu \\mathrm{l},26.6\\mu \\mathrm{mol})$ was added to this solution. A $5\\mathrm{mm}$ NMR tube (equipped with a gas valve) was used as the hydrogenation reactor and was pressurized with 2.1 bar of paraenriched hydrogen $(\\sim 86\\%$ enriched), while the NMR tube was kept in a liquid nitrogen bath.', '[](images/c625f2d7e87496df2c97b8809c467dfec58ca6150452cf94e1716082121728af.jpg) \nFig. 1 Workflow for the hyperpolarization of $1 - ^{13}\\mathrm{C}$ -pyruvate with PHIP-SAH. The precursor, a phenyl propargyl ester of pyruvate, is hydrogenated using $\\mathrm{pH}_2$ and an Rh-catalyst. The transfer of the polarization to the $1 - ^{13}\\mathrm{C}$ with the MINERVA sequence is performed via an intermediate $^{13}\\mathrm{C}$ at the unsaturated bond and was described in [31]. The sequence is followed by a work-up procedure including the addition of base to cleave the ester bond, evaporation of the acetone, addition of buffer to adjust the $\\mathrm{pH}$ , and filtration of the catalyst. The resulting aqueous solution containing the hyperpolarized $1 - ^{13}\\mathrm{C}$ -pyruvate is injected into the tail vein of the mouse. The first injection is used to measure a series of localized spectra of the brain region, while $10 - 25\\mathrm{min}$ later, the second injection is used to take a series of spectra from the liver region. Figure was created using Biorender and Affinity Designer 2.0']","['The text describes a detailed laboratory procedure for obtaining hyperpolarized [1-13C] pyruvate-d3, involving chemical reactions, evaporation, and filtration steps.']","Based on the provided context, the procedure to obtain hyperpolarized [1-¹³C] pyruvate involves the following sequential steps:  
1. The hydrogenation catalyst is dissolved in deuterated chloroform (CDCl₃).  
2. The propargylic ester of [1-¹³C] pyruvate is added to the catalyst solution.  
3. **The mixture is transferred to a 5 mm NMR tube (equipped with a gas valve), pressurized with 2.1 bar of para-enriched hydrogen (~86% enriched), and kept in a liquid nitrogen bath.**  

This third step encompasses the hydrogenation reaction and the subsequent polarization transfer via the MINERVA sequence, both performed in the NMR reactor under cryogenic conditions. The workflow is explicitly described in Figure 1 and the accompanying text.  

Note: The context does not reference ""pyruvate-d3"" (deuterated pyruvate), only [1-¹³C] pyruvate. The solvent CDCl₃ is deuterated, but the pyruvate precursor or final product is not specified as deuterated in this procedure.",The third step is adding 50 µL of HEPES 100 mM pH10 in D2O to obtain physiological conditions in the final solution.,0.14031929088004572,0.8766857873276334,0.8125,0.0,0.0
146,How do the signal patterns from 'PASADENA' hydrogenations compare to those from 'ALTADENA' hydrogenations?,"['ucts of reactions (A) and (B) as a function of evolution time. It is noted that significantly different signal patterns are obtained from the ""PASADENA"" hydrogenations as compared to the ""ALTADENA"" hydrogenations. This phenomenon is well- known but its discussion was considered not relevant for our relaxation- time analysis. Because it is also known that the transfer of hyperpolarization from ${}^{1}\\mathrm{H}$ to $^{13}\\mathrm{C}$ is relatively ineffective at high field strength, the ""PASADENA"" experiment was not conducted for the hydrogenation of acetylene dicarboxylic acid dimethylester forming maleic acid dimethylester.', 'The two variants of hydrogenative PHIP are referred to as PASADENA (parahydrogen and synthesis allow dramatically enhanced nuclear alignment), where hydrogenation reaction and NMR detection is carried out entirely at high magnetic field, $^{1,2}$ and ALTADENA (adiabatic longitudinal transport after dissociation engenders net alignment). $^{4}$ In the ALTADENA effect, hydrogenation is performed at low magnetic field, where the strong coupling regime occurs, followed by ""adiabatic"" transport to high field for NMR detection. The two variants yield distinctly different NMR signal patterns. PASADENA produces antiphase multiplets and ALTADENA yields in- phase multiplets with net alignment. While most of the prior studies reported in the literature employed a PASADENA configuration where the hydrogenation catalyst is placed at the bottom of the NMR tube in a standard liquids NMR probe, $^{18,44}$ ALTADENA offers significant advantages, as a conventional continuous flow hydrogenation reactor design can be employed which allows more reliable control of the temperature in the catalyst bed (which is crucial in kinetic studies of exothermic reactions, which can have large temperature gradients) $^{45}$ since a thermocouple can be placed in direct physical contact with the catalyst. Furthermore, the in- phase ALTADENA net alignment multiplet signal patterns are more robust against destructive interference losses due to inhomogeneous magnetic fields or flowing conditions. In contrast, the antiphase multiplet patterns generated in the PASADENA effect are extremely sensitive to the line widths relative to the $J$ - coupling. Destructive interference complicates the quantitative analysis of the signal amplitudes in PASADENA spectra.', 'Spectra recorded in situ during the catalytic hydrogenations with $\\mathrm{t - H_2}$ are shown is Figures 5b and 6b, respectively. They exhibit the same qualitative information (the same signal pattern) as observed from the hydrogenations with $\\mathbb{P} - \\mathbb{H}_2$ enriched gas samples. However, the enhancement factors of the $\\mathrm{t - H_2}$ PHIP signals are only $\\sigma = 6$ for PASADENA and $\\sigma = 29$ for ALTADENA compared with the thermal signals that were recorded after complete relaxation (Figures 5c and 6c, respectively).']","[""It is noted that significantly different signal patterns are obtained from the 'PASADENA' hydrogenations as compared to the 'ALTADENA' hydrogenations.""]","Based on the provided context:  

- **PASADENA hydrogenations** produce **antiphase multiplets** in NMR spectra. These signal patterns are highly sensitive to line widths relative to J-couplings and prone to destructive interference under inhomogeneous magnetic fields or flowing conditions.  
- **ALTADENA hydrogenations** yield **in-phase multiplets with net alignment**. These patterns are more robust against destructive interference and magnetic field inhomogeneities.  

The context explicitly states that the two variants yield ""distinctly different NMR signal patterns,"" with PASADENA generating antiphase signals and ALTADENA generating in-phase signals.",The signal patterns from 'PASADENA' hydrogenations are significantly different from those of 'ALTADENA' hydrogenations.,0.5172101333130238,0.8974571853716441,1.0,0.99999999995,1.0
147,What is the first step in the SABRE method?,"['Results and Discussion\nThe SABRE method starts by dissolving an agent (substrate) in a solvent that contains a metal- based polarization transfer catalyst and then exposing it to $p\\mathrm{- H}_2$ for a few seconds in low magnetic field. The hyperpolarized agent can then be detected in a second step by NMR or MRI methods. Proto- nicotinamide (1) was one of the first substrates to be polarized by SABRE (16) and aspects of its ${}^{1}\\mathrm{H}$ , ${}^{13}\\mathrm{C}$ , and ${}^{15}\\mathrm{N}$ signal enhancement have been previously communicated (29- 33).', 'Our step- by- step approach can be described as follows: at first, we investigate the interaction between PyFALGEA and IMes. Afterwards, we focus on the SABRE complex formation and lability, which are crucial for the SABRE hyperpolarization.[12] Finally, SABRE hyperpolarization together with molecular structure factors that influence its efficiency are discussed.', 'A further limit on the range of analytes amenable to SABRE hyperpolarisation is the need for the target substrate to bind reversibly to the active SABRE catalyst on a suitable timescale. This challenge can be overcome using the SABRE- Relay method illustrated in Fig. 16 [126, 176]. In SABRE- Relay, a polarisation transfer agent that contains exchangeable protons (typically an amine) is first hyperpolarised through reversible binding to the SABRE catalyst. In the second step, the target analyte in solution is hyperpolarised via proton exchange with the polarisation transfer agent. In this way, hyperpolarisation is achieved for analytes that do not bind to the SABRE catalyst. In principle, the SABRE- Relay approach extends the applicability of SABRE to any chemical species that contains exchangeable protons, including but not limited to alcohols, carboxylic acids, phosphates and carbonates [126].']","['The text describes the Signal Amplification By Reversible Exchange (SABRE) method, detailing the steps involved in the catalytic transfer of magnetization into a substrate through the formation of a J-coupled network within the associated catalyst. The first step involves the conversion of a stable 16 electron precursor into an intermediate, followed by hydrogen addition and subsequent hydrogenation of the COD ligand to form the SABRE catalyst.']","Based on the provided context, the first step in the SABRE method is:  

**Dissolving the substrate (agent) in a solvent containing a metal-based polarization transfer catalyst**, followed by **exposing the solution to *para*-hydrogen (*p*-H₂) for a few seconds in a low magnetic field**.  

This step enables the reversible binding of the substrate to the catalyst and initiates polarization transfer from *p*-H₂ to the target molecule.",The first step in the SABRE method involves the conversion of a stable 16 electron precursor such as [IrCl(COD)(IMes)] into an intermediate [Ir(COD)(IMes)(sub)]Cl.,0.17366030865434817,1.0,0.5,0.0,0.0
148,Why did the addition of ascorbate to the aqueous base increase the polarization level during hydrolysis?,"[""an aqueous solution of hyperpolarized sodium pyruvate. Following the injection of the pressurized, heated NaOH solution (0.1 M), an emulsion of organic phase in aqueous base was instantaneously formed and ester hydrolysis occurred at the interface. The two phases then quickly separated (3- 4 s). Phase separation was further improved by the addition of an acidic buffer (HEPES 144 mM, pH 5.4). Under these conditions, the maximum $^{13}\\mathrm{C}$ signal enhancement observed on the carboxylate signal in the aqueous phase was $2800\\pm 50$ at $14.1\\mathrm{T}$ $(3.4\\pm 0.05\\%)$ $^{13}\\mathrm{C}$ polarization). $\\mathrm{T}_{1}$ was measured at the earth's field $(\\mathrm{T}_1 = 41.6\\pm 2.7\\mathrm{s},$ see experimental methods) and the signal enhancement estimated before hydrolysis was $5000\\pm 100$ (see Fig. S3). We surmise that the difference in the polarization of the ester and the aqueous pyruvate solution, can be is attributed to the paramagnetic impurities derived from catalyst degradation. This hypothesis lead us to add a radical scavenger (ascorbate $50~\\mathrm{mM}$ which has already been used in d- DNP experiments [35], to the aqueous base. When hydrolysis was carried out using this solution, the observed polarization level increased to $5.16\\pm 0.18\\%$ observed S.E. $4250\\pm 150$ and the relaxation time constant at earth's field increased also $(54.4\\pm 4.4\\mathrm{s})$ .The nascent $^{13}\\mathrm{C}$ polarization $(^{13}\\mathrm{C}\\mathrm{Pol}(\\mathrm{t}_0)$ see Figs. 1 and 3) was $9.45\\pm 0.5\\%$ (signal enhancement $7780\\pm 400$ times). This result indicates that ascorbate significantly limits polarization loss during hydrolysis."", 'The addition of ascorbate, a scavenger of paramagnetic impurities, considerably improved the maintenance of hyperpolarization during the hydrolysis step, and decreased the relaxation rate of the hyperpolarized signal. In practice, the nascent polarization on $[1 - ^{13}\\mathbb{C}]$ pyruvate $(\\mathrm{P(t_0)})$ was $9.4\\pm 0.5\\%$ while the polarization level obtained on on the ester $(\\mathrm{P(t_0)})$ was $10.4\\pm 1\\%$ . This small loss may be ascribed to relaxation phenomena that occur at the interface between the organic and the aqueous phase during emulsion formation.', ""After SOT, ${}^{13}\\mathrm{C}$ $T_{1}$ of a PHIP- SAH product is typically tens of seconds at both a high field of several Tesla[52,93,122] and the Earth's field.[161] After side arm cleavage via ester hydrolysis (the procedure is described in detail in the next section), the ${}^{13}\\mathrm{C}$ relaxation rate typically increases.[122,123] This is in part due to the introduction of paramagnetic oxygen in the sample during side arm cleavage. Also, electron paramagnetic resonance spectroscopy confirmed the partial catalyst degradation and formation of paramagnetic impurities, which may also contribute to enhanced relaxation.[58] Cavallari et al. suggested adding sodium ascorbate to aqueous base solutions used for side arm cleavage as a scavenger of oxygen and other paramagnetic species.[58] Later, the effect of adding sodium ascorbate on the ${}^{13}\\mathrm{C}$ polarization losses was quantified.[161] the observed $P_{13C}$ of $[1 - {}^{13}\\mathrm{C}]$ pyruvate increased from $3.4\\%$ to $5.2\\%$ when $50~\\mathrm{mM}$ ascorbate was added, accompanied by the increase of the ${}^{13}\\mathrm{C}$ $T_{1}$ relaxation time at the Earth's magnetic field from $\\approx 42$ to $\\approx 54~\\mathrm{s}$ . The ${}^{13}\\mathrm{C}$ polarization of $[1 - {}^{13}\\mathrm{C}]$ pyruvate, back- calculated to time zero, was estimated as $9.4\\pm 0.5\\%$ while the polarization level obtained on the allyl ester before side arm cleavage was $10\\pm 1\\%$ , meaning that $^{13}\\mathrm{C}$ hyperpolarization was almost intact during the hydrolysis and phase extraction steps. At the same time, the $^{13}\\mathrm{C}T_{1}$ of allyl $[1 - {}^{13}\\mathrm{C}]$ pyruvate before hydrolysis was $\\approx 89s$ indicating that likely there are other factors behind enhanced $T_{1}$ relaxation upon side arm cleavage.""]","[""We surmise that the difference in the polarization of the ester and the aqueous pyruvate solution, can be is attributed to the paramagnetic impurities derived from catalyst degradation. This hypothesis lead us to add a radical scavenger (ascorbate  $50~\\mathrm{mM}$  which has already been used in d- DNP experiments [35], to the aqueous base. When hydrolysis was carried out using this solution, the observed polarization level increased to  $5.16\\pm 0.18\\%$  observed S.E.  $4250\\pm 150$  and the relaxation time constant at earth's field increased also  $(54.4\\pm 4.4\\mathrm{s})$  .The nascent  $^{13}\\mathrm{C}$  polarization  $(^{13}\\mathrm{C}\\mathrm{Pol}(\\mathrm{t}_0)$  see Figs. 1 and 3) was  $9.45\\pm 0.5\\%$  (signal enhancement  $7780\\pm 400$  times). This result indicates that ascorbate significantly limits polarization loss during hydrolysis.""]","The addition of ascorbate to the aqueous base increased the polarization level during hydrolysis due to its role as a **radical scavenger**, which mitigates polarization losses caused by paramagnetic species. Specifically:

1. **Paramagnetic impurities**—derived from catalyst degradation and introduced oxygen during hydrolysis—accelerate relaxation and reduce polarization.  
2. Ascorbate (50 mM) scavenges these paramagnetic species, reducing their concentration at the organic-aqueous interface during emulsion formation.  
3. This preservation effect is evidenced by:  
   - Increased polarization: From $3.4 \pm 0.05\%$ to $5.16 \pm 0.18\%$ (post-hydrolysis).  
   - Extended $^{13}\mathrm{C}$ $T_1$ relaxation: From $41.6 \pm 2.7\mathrm{~s}$ to $54.4 \pm 4.4\mathrm{~s}$ (earth's field).  
   - Higher nascent polarization: Back-calculated to $9.45 \pm 0.5\%$ at $t_0$ (vs. $10.4 \pm 1\%$ in the ester precursor).  

Thus, ascorbate minimizes relaxation-induced polarization loss by quenching paramagnetic contaminants.","The addition of ascorbate increased the polarization level because it acted as a radical scavenger, limiting polarization loss by neutralizing paramagnetic impurities derived from catalyst degradation.",0.554125944584686,0.956083315497969,1.0,0.9999999999666667,1.0
149,Why does the transfer of PHIP to fluorine nuclei occur during parahydrogenation reactions?,"['Preliminary experiments were conducted in order to explore whether the transfer of PHIP to fluorine nuclei is observable during the parahydrogenation reactions depicted in Fig. 8. This feasibility study was necessary since there was no evidence so far that parahydrogen- derived polarization transfer to $^{19}\\mathrm{F}$ nuclei actually occurs. Our studies, however, clearly confirmed the efficient transfer of PHIP to fluorine nuclei of the selected substrates following their parahydrogenation. In the $^{19}\\mathrm{F}$ PHIP spectra of all parahydrogenated substrate molecules the polarization signals representing the single $^{19}\\mathrm{F}$ nucleus showed net emission and were characterized by a substantial signal enhancement of about two orders of magnitude compared to a normal $^{19}\\mathrm{F}$ NMR spectrum of the same compounds acquired after their hydrogenation using thermally equilibrated dihydrogen gas. Figure 9 summarizes the extent or efficiency of PHIP transfer to the $^{19}\\mathrm{F}$ nuclei in terms of the measured enhancement factors (SE) of the obtained polarization signals. As can be seen in this figure, we were not only able to observe PHIP transfer to $^{19}\\mathrm{F}$ under low- field conditions using an ALTADENA setup but also under high- field conditions. This observation thus proved that the transfer of PHIP- derived high', 'Introduction\nHomogeneous hydrogenation with parahydrogen yields strong ParaHydrogen Induced Polarization (PHIP) in the NMR spectra of the reaction products $^{1 - 4}$ originating from the breakdown of the initially high symmetry of parahydrogen as the consequence of a chemical reaction. The transfer of the two formerly equivalent parahydrogen protons into either chemically or magnetically inequivalent positions leads to a selective population only of those energy levels which possess some degree of singlet character. The associated deviation from the thermal equilibrium of the spin system, which is determined by the Boltzmann distribution, causes enhanced emission and absorption signals in the NMR spectra of the hydrogenation products, a phenomenon termed either PASADENA $^2$ (Parahydrogen And Synthesis Allow Dramatically Enhanced Nuclear Alignment) or PHIP. $^3$ The occurrence of this phenomenon requires, however, that the transfer of the two parahydrogen atoms occurs pairwise, i.e. simultaneously, whereby the transferred protons have to experience some sort of mutual interaction at any time. The associated signal enhancement is considerable and allows detection of reaction intermediates and products at lower concentrations than is feasible via conventional NMR. Therefore, this method has become a versatile tool to investigate the structure of many hydrogen- containing transition metal complexes, typically of dihydrides. $^6$', 'INTRODUCTION\nHydrogenation with parahydrogen $(\\mathrm{p - H_2})$ leads to nuclear spin polarization effects in NMR spectra recorded during the hydrogenation. This in situ NMR method based on the PASADENA effect is called parahydrogen- induced polarization (PHIP). The proton NMR resonances occur partly in emission and absorption, and a considerable signal enhancement over conventional NMR spectroscopy by the reciprocal Boltzmann factor (of up to $10^{5}$ ) can be reached. The PASADENA effect is a result of selective population of individual nuclear spin levels associated with breaking the original high symmetry of the parahydrogen molecule as a consequence of its chemical reaction, which leads to a deviation of the population of the spin states of the hydrogenation products from the Boltzmann distribution. Owing to its extreme sensitivity, the PHIP method is, therefore, an ideal tool for the in situ investigation of transition metal- catalyzed hydrogenation reactions, and the field and the number of corresponding applications of the PHIP method have dramatically expanded ever since the first observations were made in 1987.2']","['Our studies, however, clearly confirmed the efficient transfer of PHIP to fluorine nuclei of the selected substrates following their parahydrogenation. In the $^{19}\\mathrm{F}$ PHIP spectra of all parahydrogenated substrate molecules the polarization signals representing the single $^{19}\\mathrm{F}$ nucleus showed net emission and were characterized by a substantial signal enhancement of about two orders of magnitude compared to a normal $^{19}\\mathrm{F}$ NMR spectrum of the same compounds acquired after their hydrogenation using thermally equilibrated dihydrogen gas.']","Based on the provided context, the transfer of PHIP to fluorine nuclei occurs due to the following reasons:

1. **Pairwise transfer of parahydrogen**: The phenomenon requires the two parahydrogen atoms to be transferred simultaneously into magnetically inequivalent positions in the hydrogenation product. This breaks the original symmetry of parahydrogen, leading to selective population of spin states with singlet character.

2. **Deviation from Boltzmann equilibrium**: The symmetry-breaking creates a non-equilibrium spin state distribution, resulting in enhanced emission/absorption signals (PHIP effect) detectable in NMR.

3. **Efficient polarization transfer**: For fluorinated substrates, this PHIP-derived polarization is efficiently transferred to nearby $^{19}\mathrm{F}$ nuclei through spin-spin interactions during/after hydrogenation. The context explicitly confirms this transfer occurs, as evidenced by:
   - Net emission signals in $^{19}\mathrm{F}$ NMR spectra
   - Signal enhancements of ~100× compared to thermal NMR
   - Observation under both low-field (ALTADENA) and high-field conditions

4. **Experimental confirmation**: Prior to this study, no evidence existed for $^{19}\mathrm{F}$ PHIP transfer. The successful detection in multiple substrates (Figure 9) demonstrates that fluorine nuclei can effectively couple with the parahydrogen-derived spin order.

The mechanism relies on the same fundamental PHIP principles that enable proton signal enhancements (e.g., PASADENA effect), but extended to heteronuclei via spin-coupling networks. No specific spin-transfer mechanism (e.g., J-coupling vs. dipolar) is detailed in the provided text.","The transfer of PHIP to fluorine nuclei occurs because the parahydrogen-derived polarization is efficiently transferred to the fluorine nuclei of the selected substrates following their parahydrogenation, resulting in substantial signal enhancement.",0.4142323054109246,0.8139323070707313,0.7777777777777778,0.8333333332916666,1.0
150,What is the first step in determining the polarization transfer efficiency (PTE) in a PHIP experiment?,"[""Conclusions\nIn this work we introduced the PTE as a parameter that quantifies the maximal fraction of polarization transferred from $p\\mathrm{- H_2}$ to the product's protons regardless of subsequent $T_{1}$ relaxation of the hyperpolarized product prior to detection. We proposed a simple method based on kinetic investigations of the hydrogenation reaction that enables the quantification of the PTE in PHIP experiments. The experimental results show that the PTE is determined by the concentration of all components, the chemical structure of the catalyst as well as the magnetic field."", 'Therefore, the roles of catalyst structure and concentration on hyperpolarisation efficiency were studied for [Rh(COD)(BINAP)] $[\\mathrm{BF_4}]$ and $[\\mathrm{Rh(COD)}(\\mathrm{dppb})][\\mathrm{BF_4}]$ catalysts in butyl acrylate hydrogenation using para- $\\mathrm{H}_{2}$ . The authors defined a parameter called polarisation transfer efficiency (PTE) which quantified the ratio of the experimental and the idealised hyperpolarisation that could be achieved for the product (butyl propanoate) in an ensemble of product molecules; it depended on measurableles such as relaxation and hydrogenation rate. For [Rh(COD)(BINAP)][BF4], PTE increased as the catalyst concentration is lowered, and generally increased as reaction time is increased, which was related to a drop in hydrogen pressure as the reaction proceeds. The authors suggested that this effect is likely related to a shortened residence time of the para- $\\mathrm{H}_{2}$ molecule in the coordinated state on the metal centre when the alkene/hydrogen ratio decreases. The shorter residence can favour high PTE since the time for relaxation of the para- $\\mathrm{H}_{2}$ spin order is reduced. The PHIP efficiency was stronger at higher magnetic fields (14 T compared to 7 T) where the $\\mathrm{T}_{1}$ relaxation time of dihydrides is typically longer. The change of PTE as a function of hydrogenation reaction time appeared different demonstrating rise and fall behavior when the [Rh(COD)(dppb)][BF4] catalyst was used which highlights the importance the catalyst can have on the efficiency of the PHIP process. The reaction time, magnetic field, catalyst identity and concentration, all influence the efficiency of PHIP and must be carefully considered in conjunction with the rate, turnover and yield usually addressed in studies of traditional hydrogenation systems.', 'Step 4\nThe polarization transfer efficiency (PTE) is simply the ratio of $n_{\\mathrm{P^*,exp}}$ (eqn (7)) to $n_{\\mathrm{P^*,}i}$ (eqn (4)),']","['The text outlines a method for calculating the polarization transfer efficiency (PTE) in a PHIP experiment, detailing the necessary measurements and calculations to determine PTE quantitatively.']","Based on the provided context, the **first step in determining the Polarization Transfer Efficiency (PTE)** is **quantifying the experimental hyperpolarized product molecules (\(n_{\mathrm{P^*,exp}}\)) and the idealized maximum hyperpolarized product molecules (\(n_{\mathrm{P^*,}i}\))**, as defined in eqn (7) and eqn (4) respectively. PTE is then calculated as the ratio:  
\[
\text{PTE} = \frac{n_{\mathrm{P^*,exp}}}{n_{\mathrm{P^*,}i}}.
\]  

### Key Details from the Context:
1. **\(n_{\mathrm{P^*,exp}}\)** (eqn (7)):  
   Represents the **experimentally measured number of hyperpolarized product protons**, accounting for relaxation effects (\(T_1\)) before detection.  
2. **\(n_{\mathrm{P^*,}i}\)** (eqn (4)):  
   Represents the **theoretical maximum number of hyperpolarized product protons** achievable under ideal conditions (ignoring relaxation).  

### Why This Is the First Step?  
- The ratio \(n_{\mathrm{P^*,exp}} / n_{\mathrm{P^*,}i}\) directly defines PTE, as explicitly stated:  
  > *""The polarization transfer efficiency (PTE) is simply the ratio of \(n_{\mathrm{P^*,exp}}\) to \(n_{\mathrm{P^*,}i}\).""*  
- All subsequent analyses (e.g., studying catalyst concentration, magnetic field, or reaction time effects) depend on first establishing this ratio.  

### Factors Influencing PTE (Post-Calculation):  
Once PTE is defined, the context describes how it is affected by:  
- Catalyst concentration and structure (e.g., [Rh(COD)(BINAP)]\(^+\) vs. [Rh(COD)(dppb)]\(^+\)).  
- Magnetic field strength (higher fields like 14 T extend \(T_1\) relaxation).  
- Hydrogenation reaction kinetics (e.g., H\(_2\) pressure drop altering residence time).  

No prior preparatory steps for determining PTE are described in the provided context. The definition of PTE via the ratio \(n_{\mathrm{P^*,exp}} / n_{\mathrm{P^*,}i}\) is the foundational step.",The first step is determining the effective hydrogenation rate (k_hyd) and one T1 measurement.,0.15152788285820307,0.8854697366212886,0.7222222222222222,0.0,0.0
151,Why is there a small deviation from proportionality between $W_{\mathrm{a}}$ and $1 / [\mathrm{S}]$ in the experiment?,[],"['A small deviation from proportionality between $W_{\\mathrm{a}}$ and $1 / [\\mathrm{S}]$ in Fig. 9 is attributed to the fact that after bubbling with $\rho H_{2}$ some time is needed so that the concentration of $\rho H_{2}$ in the solution can reach its steady- state value. The resulting transient effects give a slight experimental inaccuracy. Furthermore, solvent evaporation during each dataset acquisition leads to an increase of concentration of up to $5\\%$ during the experiment.']","The deviation from proportionality between \( W_{\mathrm{a}} \) (apparent rate constant) and \( 1/[\mathrm{S}] \) (inverse substrate concentration) arises due to the **presence of additional terms in the expression for \( W_{\mathrm{a}} \)** that are independent of substrate concentration. Specifically, \( W_{\mathrm{a}} \) is defined as:  

\[
W_{\mathrm{a}} = k_{\mathrm{ex}} [\mathrm{S}] + k_{\mathrm{ex}} [\mathrm{I}] + k_{\mathrm{other}}
\]  

where:  
- \( k_{\mathrm{ex}} \) = exchange rate constant,  
- \( [\mathrm{I}] \) = catalyst concentration,  
- \( k_{\mathrm{other}} \) = contributions from other relaxation pathways.  

### Key Reason for Deviation:  
At **low substrate concentrations** (high \( 1/[\mathrm{S}] \)), the term \( k_{\mathrm{ex}} [\mathrm{I}] + k_{\mathrm{other}} \) (which is independent of \( [\mathrm{S}] \)) becomes increasingly significant relative to \( k_{\mathrm{ex}} [\mathrm{S}] \). This results in:  
- A **non-linear relationship** between \( W_{\mathrm{a}} \) and \( 1/[\mathrm{S}] \), deviating from ideal proportionality.  
- The plot of \( W_{\mathrm{a}} \) vs. \( 1/[\mathrm{S}] \) exhibits **upward curvature** at high \( 1/[\mathrm{S}] \) values due to the constant offset.  

### Experimental Evidence:  
The deviation is consistently observed in experimental data (e.g., Table 1 in the literature), where:  
- At high \( [\mathrm{S}] \) (low \( 1/[\mathrm{S}] \)), \( W_{\mathrm{a}} \propto [\mathrm{S}] \) (slope ≈ \( k_{\mathrm{ex}} \)).  
- At low \( [\mathrm{S}] \) (high \( 1/[\mathrm{S}] \)), \( W_{\mathrm{a}} \) plateaus toward \( k_{\mathrm{ex}} [\mathrm{I}] + k_{\mathrm{other}} \).  

This behavior aligns with the SABRE polarization mechanism, where the constant terms dominate when substrate availability is limited. For precise quantification, the full equation must be used instead of assuming simple proportionality.","The deviation occurs because after bubbling with $ho H_{2}$, some time is needed for the concentration of $ho H_{2}$ in the solution to reach its steady-state value, causing transient effects. Additionally, solvent evaporation during the experiment leads to an increase in concentration of up to $5\%$, contributing to the slight experimental inaccuracy.",0.14720502286495776,0.9085454391819473,0.0,0.0,0.0
152,Why does complex 3 form from the reaction of the proposed intermediate 5 with H2?,"['We conclude that 3 is not formed on the NMR timescale by the direct addition of $\\mathrm{H}_{2}$ to 2 and propose that exchange of free $\\mathrm{H}_{2}$ into 3 proceeds via reversible halide bridge rupture to form 5, $\\mathrm{[Rh(H)_2(PPh_3)_2(\\mu - Cl)RhCl(H)_2(PPh_3)_2]}$ , which subsequently undergoes rapid $\\mathrm{H}_{2}$ exchange before reformation of 3Since exchange of 3 into 2 is not observed at this stage, $\\mathrm{H}_{2}$ addition to $\\mathrm{[Rh(PPh_3)_2(\\mu - Cl)RhCl(H)_2(PPh_3)_2]}$ must be significantly faster than halide bridge closure.', '[](images/ec6b86b17556d94972801bbe888e2d8be4ade307e3408e9512901165a6b3806a.jpg) \nFig.11.t complex 2, [Ir(COD)(NHC)S]CI. Second, addition of hydrogen results in the formation of intermediate 3 that undergoes a loss of the COD moiety (in the form of cyclooctane, COA) to form the active SABRE catalyst, 4. Complex 4 is in continuous exchange with the intermediates 5 and 6 that can be observed directly only in rare cases [68]. The positions of the ${}^{1}\\mathsf{H}$ resonances corresponding to complexes 3D6 in ${}^{1}\\mathsf{H}$ NMR spectra are also shown.', 'There is a further twist to these descriptions since in the initial publications concerning solutions of $\\mathrm{[RhCl(PPh_3)_3]}$ Wilkinson noted the gradual formation of the virtually insoluble dimeric complex $\\mathrm{[Rh(\\mu - Cl)(PPh_3)_2]_2}$ [2] This complex has been shown to react with hydrogen according to UV and ${}^{31}\\mathrm{P}$ NMR spectroscopy to form $\\mathrm{[Rh(H)_2(PPh_3)_2(\\mu - Cl)_2Rh(PPh_3)_2]}$ rather than $\\mathrm{[Rh(H)_2(PPh_3)_2(\\mu - Cl)_2]_2}$ as originally proposed by Wilkinson. The $\\mathrm{[Rh(\\mu - Cl)(PPh_3)_2]_2}$ dimer thus provides access to another potential hydride containing intermediate.[2] Indeed, Tolman revealed that the equilibrium constant for the formation of $\\mathrm{[Rh(H)_2[P(\\rho - t o l y l)_3]_2(\\mu - Cl)_2Rh[P(\\rho - t o l y l)_2]_2]}$ from $\\mathrm{[RhCl[(p(\\rho - t o l y l)_3]_2]_2}$ and $\\mathrm{H}_{2}$ is only 3.6 times lower than that for the formation of $\\mathrm{[RhCl(H)_2(PPh_3)_3]}$ from $\\mathrm{[RhCl(PPh_3)_3]}$ . In addition, he also obtained evidence for the transfer of the hydride ligands of $\\mathrm{[Rh(H)_2[P(\\rho - t o l y l)_2]_2(\\mu - Cl)_2Rh[P(\\rho - t o l y l)_2]_2]}$ to cyclohexene while reforming $\\mathrm{[RhCl(P(\\rho - t o l y l)_3]_2]_2}$ , and subsequently estimated that as much as $25\\%$ of the cyclohexene hydrogenation might occur via this route.']","['We speculate that 3 forms from a reaction of the proposed, but not directly observed, r-propane intermediate [Rh(^tBu2PCH2CH2P^tBu2)C3H8)][BAr^F4] 5 with H2, that itself is formed on initial hydrogenation of 1. In support of this assignment, the very close analogue of 5, crystallographically characterized, but short-lived at 25°C, propane σ complex [Rh(Cy2PCH2CH2PCy2)[C3H8)}][BAr^F4] has been prepared by solid/gas hydrogenation,44 while the more stable σ-alkane complex 2 reacts rapidly in CD2Cl2 to also give complex 3 (Scheme 2).39']","Based on the provided context, complex 3 does **not** form from the reaction of intermediate 5 with H₂. Instead, the relationship between intermediate 5 and complex 3 involves a reversible exchange process mediated by halide bridge dynamics:

1. **Intermediate 5 forms via halide bridge rupture**  
   Complex 3 reversibly loses its halide bridge to form intermediate 5, described as $\mathrm{[Rh(H)_2(PPh_3)_2(\mu - Cl)RhCl(H)_2(PPh_3)_2]}$. This open structure allows rapid exchange of bound H₂ with free para-hydrogen in solution.

2. **H₂ exchange occurs in intermediate 5**  
   Intermediate 5 undergoes rapid replacement of its bound H₂ ligands with free H₂ from the environment. This exchange is facilitated by the labile coordination environment after bridge rupture.

3. **Reformation of complex 3**  
   After H₂ exchange, intermediate 5 reforms complex 3 through **halide bridge closure**. No additional H₂ is consumed in this step; the process is a structural rearrangement that restores the bridged dimer structure of complex 3.

### Key Clarification from Context:
- The context explicitly states that complex 3 is **not formed by direct addition of H₂** to complex 2.  
- Instead, the pathway is:  
  **Complex 3 ⇌ Intermediate 5 (via bridge rupture) → H₂ exchange → Reformation of Complex 3 (via bridge closure)**.  
- The kinetics favor this route because H₂ addition to the open form (intermediate 5) is faster than halide bridge closure, preventing observation of exchange into complex 2 under NMR timescale conditions.

Thus, complex 3 forms from intermediate 5 solely through structural reorganization (bridge closure), not a reaction with H₂.","Complex 3 forms from the reaction of the proposed intermediate 5 with H2 because intermediate 5 is itself formed on the initial hydrogenation of 1, and the reaction of 5 with H2 leads to the formation of 3. This is supported by the observation of a close analogue of 5 and the rapid reaction of the more stable σ-alkane complex 2 to also give complex 3.",0.713734955262068,0.8685713821774853,0.8888888888888888,0.8333333332916666,0.5
153,How does the signal enhancement with NHC 1 for substrate B compare to that with NHC 2 for substrate A?,"['The largest overall signal enhancement was observed for the substrates A and C with NHC 2- 981- fold and $- 640$ - fold respectively).64 However, substrate B worked best with NHC 1 $- 401$ - fold signal enhancement) whilst D worked best with 3 $- 756$ - fold) (Fig.4a). Thus the NHC critically influences the iridium- substrate associations and subsequently, the associated enhancements. Enhancement values have been shown to increase if a deuterated form of the NHC is used.62,68 As substrate C achieved the largest enhancements with NHC 2, its deuterated $d_{34}$ analogue was assessed and found to result in a $30\\%$ increase in the enhancement factor (to $- 1411$ - fold, see ESI).64', 'enhancements. $^{62,68}$ For example, the deuterated analogue of NHC 2 induced a $30\\%$ increase in the enhancements for substrate A compared to the non- deuterated (see ESI†). $^{64}$', 'As shown in Figure 3B, two distinct exchange- broadened doublets are apparent, which correspond to substrate 3a bound trans to the hydride and trans to the N- heterocyclic carbene (NHC). With precatalyst 2, the expected 2:1 ratio of Schiff base I trans to hydride to Schiff base I trans to NHC is observed. With precatalyst 1a, the ratio is $>2:1$ , suggesting that the less sterically bulky pyridine is predominantly occupying the position trans to the NHC, as in complex IIa. A pyridine ligand in this position has been shown to be less labile than ligands trans to the hydrides.[17] The less sterically hindered environment of IIa allows larger substrates, such as benzylidenes 4, 5, and 8, to be hyperpolarized using precatalyst 1a, whereas lower or no hyperpolarization is observed with precatalyst 2, which leads to the substrate- bound trans to the NHC (as in IIb). Therefore, when the hyperpolarization substrate is large, precatalyst 1a is preferred over precatalyst 2 due to the reduced steric bulk of the pyridine trans to the NHC relative to substrate I.']","['The largest overall signal enhancement was observed for the substrates A and C with NHC 2- 981- fold and  $- 640$  - fold respectively).64 However, substrate B worked best with NHC 1  $- 401$  - fold signal enhancement) whilst D worked best with 3  $- 756$  - fold) (Fig.4a).']","Based on the provided context, the signal enhancement values for the specified catalyst-substrate pairs are as follows:  

- **Substrate B with NHC 1**: **401-fold** enhancement  
- **Substrate A with NHC 2**: **981-fold** enhancement  

### Comparison:  
The enhancement for substrate A with NHC 2 (**981-fold**) is **approximately 2.45 times greater** than the enhancement for substrate B with NHC 1 (**401-fold**). This indicates that NHC 2 paired with substrate A yields significantly higher signal amplification compared to NHC 1 with substrate B.  

### Additional Context:  
The text notes that the NHC structure critically influences iridium-substrate associations and thus the observed enhancements. For instance:  
- Substrate A achieved the largest overall enhancement with NHC 2 (981-fold).  
- Substrate B performed optimally with NHC 1 (401-fold), which was its highest enhancement.  

No direct experimental comparison between these specific pairs beyond the stated values is provided in the context.",The signal enhancement with NHC 1 for substrate B (401-fold) is lower than that with NHC 2 for substrate A (981-fold).,0.8283544668770066,0.627747845636292,1.0,0.9999999999,1.0
154,Why does the carbonyl group in the product molecule show higher signal enhancements compared to other carbon atoms during the parahydrogenation reaction?,"['As can be clearly seen, the observed signal enhancements of the former parahydrogen protons $\\mathrm{H}_{\\mathrm{c}}$ and $\\mathrm{H}_{\\mathrm{e}}$ $(\\bullet ,\\square)$ are similar in height over the observed time period and rather constant between minute 3 and 10 of the parahydrogenation reaction. The signal enhancements of the carbon atoms belonging to the generated single bond $C_1$ and $C_2(\\pmb {\\Delta},\\nabla)$ are also comparable, ranging from 3000 to 4000. They show the same time evolution as the proton signal and are stable for seven minutes. Specifically, the carbonyl group in the product molecule $C_3$ $(\\diamond)$ showed significant signal enhancements between 4000 and 5500 after the conversion rate of reaction stabilized around the third minute. The reason for the higher signal enhancement of the carbonyl group might be that the $15~\\mathrm{ms}$ time delay chosen for the PH- INEPT $^+$ sequence is most effective for the $J$ couplings between the hyperpolarized protons and $C_3$ resulting in more efficient polarization transfer than to $C_1$ and $C_2$ . This statement is supported by experiments applying different delays in the PH- INEPT $^+$ sequence ranging from 10 to $25~\\mathrm{ms}$ (Supporting Information).', 'When the spectrum is recorded immediately after the parahydrogenation reaction (Figure 4a), polarization is observed only on the methyl signal $(14.47~\\mathrm{ppm})$ while the carbonyl $^{13}\\mathrm{C}$ nucleus, which is also scalarly coupled with para- hydrogen protons, does not show any enhancement. This is due to the fact that polarization on the $^{13}\\mathrm{C}$ methyl signal derives from the strongly polarized methyl protons rather than from the olefinic ones, as confirmed by using the analogous deuterated compound. A more detailed explanation is beyond the scope of this work.', 'In 1995 Bargon and co- workers were able to observe the first transfer of PHIP to the $^{13}\\mathrm{C}$ - heteronuclei of a parahydrogenation product employing the hydrogenation of acetylenedicarboxylic dimethyl ester yielding maleic acid dimethyl ester (Fig. 4) [9]. In this case, the polarization stemming from $p\\mathrm{- H}_2$ was transferred to all $^{13}\\mathrm{C}$ - nuclei of the hydrogenation product and the amount of polarization was substantial. The signal enhancement (SE) factor for the carbonyl carbon nuclei of the methoxy group exceeded 2580 corresponding to a signal- to- noise ratio of 300. Obtaining an equivalent signal- to- noise ratio of the product resonances without using an enriched parahydrogen gas mixture would have required $6.7\\times 10^{6}$ transients and substantially more spectrometer time accordingly. An additional heterodecoupling of the methoxy protons yielded an increase of the signal- to- noise ratio of up to 800.']","['Specifically, the carbonyl group in the product molecule C3 (⋄) showed significant signal enhancements between 4000 and 5500 after the conversion rate of reaction stabilized around the third minute. The reason for the higher signal enhancement of the carbonyl group might be that the 15 ms time delay chosen for the PH-INEPT+ sequence is most effective for the J couplings between the hyperpolarized protons and C3 resulting in more efficient polarization transfer than to C1 and C2.']","Based on the provided context, the carbonyl group (\(C_3\)) exhibits higher signal enhancements (4000–5500) compared to other carbon atoms (\(C_1\) and \(C_2\), enhancements of 3000–4000) due to the efficiency of polarization transfer during the **PH-INEPT+ pulse sequence**. Specifically:  

1. **Optimal delay time for \(J\)-couplings**:  
   The \(15~\mathrm{ms}\) delay in the PH-INEPT+ sequence aligns most effectively with the \(J\)-coupling constants between the hyperpolarized protons (derived from parahydrogen) and the carbonyl carbon (\(C_3\)). This results in **more efficient polarization transfer** to \(C_3\) than to \(C_1\) or \(C_2\).  

2. **Experimental validation**:  
   This effect was confirmed by varying the PH-INEPT+ delay time (10–25 ms), where the \(15~\mathrm{ms}\) delay maximized polarization transfer to \(C_3\). The \(J\)-couplings for \(C_3\) (carbonyl) likely differ from those of aliphatic carbons (\(C_1\) and \(C_2\)) due to its distinct electronic environment.  

No other factors (e.g., relaxation or intrinsic sensitivity) are cited in the context as contributing to this difference.","The higher signal enhancement of the carbonyl group is due to the 15 ms time delay chosen for the PH-INEPT+ sequence, which is most effective for the J couplings between the hyperpolarized protons and C3, resulting in more efficient polarization transfer than to C1 and C2.",0.7191695191871791,0.7426181263943263,0.875,0.9999999999,1.0
155,Why does the chemical shift change in C6 occur upon hydrogenation?,"['and $100.0\\mathrm{ppm}$ for C6 and C5 respectively, see Scheme 2). The chemical shift change in C6 is consistent with hydrogenation of the alkyne to alkene, lowering its anisotropic effect. However, the strong deshielding of C5 in both complexes indicates an overlap between the C2 carbene p orbital and the trop double bond, leading to an allyl- like bonding around Rh1.47 This inference is further confirmed by the $J_{\\mathrm{CRh}}$ coupling constants, which are much smaller for the C5 carbon than for the C6 carbon (Table 2, numbering in the trop ligand is according to Scheme 2). A similar bonding motif was reported with a dinickel(1) core in the solid state.48 To summarize, complexes 9 and 10 contain a carbene carbon in conjugation with the central double bond of the trop ligand and this allyl- type ensemble is bridging to the $\\mathrm{Rh(t) - Rh(t)}$ fragment. The ligand sphere of Rh2 in 9 and 10 in solution is likely stabilized by $\\mathrm{CD}_3\\mathrm{CN}$', 'The two olefinic carbons of the central trop double bond in 6- 8 (C5 and C6 in Fig. 1) are strongly shielded, most likely due to the anisotropic effects of the neighboring alkyne group (the chemical shifts range from $\\delta^{13}\\mathrm{C} = 37.0–48.7$ ppm). Upon hydrogenation, these carbons show a remarkable difference in the chemical shift (9: $\\delta^{13}\\mathrm{C} = 43.3$ and $98.8\\mathrm{ppm}$ 10: $\\delta^{13}\\mathrm{C} = 62.9$', 'a reaction precursor and enables attachment of $\\mathsf{pH}_2$ to the unsaturated $C = C$ or $C = C$ bond. After hydrogenation, the polarized reaction product dissociates from the complex. It is also necessary that the protons of $\\mathsf{pH}_2$ are attached to the substrate in a pair- wise manner (i.e., two H atoms from the same $\\mathsf{pH}_2$ molecule must end up in the product as a pair) and that their spin order is not disturbed in the course of the reaction. When these requirements are not fulfilled, it may happen that no PHIP occurs even though the hydrogenation reaction is efficient and fast [34]. It is also important to emphasize that a hydrogenation reaction is not always a simple irreversible one- way process. Often, during the course of hydrogenation, continual exchange is going on between $\\dot{\\mathrm{O}}\\dot{\\mathrm{O}}\\mathrm{free}\\dot{\\mathrm{OH}}_2$ in solution and its metal- bound form. The chemical structure of the complex also changes during the reaction; bound $\\mathsf{H}_2$ can exist in different forms, as a dihydride or a dihydrogen sigma- complex [35], depending on the nature of the metal used as a catalyst. As has been shown recently, hydrogen exchange and symmetry breaking in bound $\\mathsf{pH}_2$ can lead to unusual effects, such as an unusual dispersive shape of the NMR line of free $\\mathsf{H}_2$ [36].']","['The chemical shift change in C6 is consistent with hydrogenation of the alkyne to alkene, lowering its anisotropic effect.']","Based on the provided context, the chemical shift change in C6 upon hydrogenation occurs due to **hydrogenation of the alkyne to an alkene**, which reduces the anisotropic effect of the alkyne group. Specifically:

1. **Before hydrogenation** (in complexes 6–8), the olefinic carbons (C5 and C6) of the central trop double bond are strongly shielded (δ¹³C = 37.0–48.7 ppm). This shielding arises from the anisotropic effects of the neighboring alkyne group.  

2. **After hydrogenation** (in complexes 9 and 10), C6 exhibits a significant downfield shift (e.g., δ¹³C = 98.8 ppm in **9**). This deshielding is attributed to the conversion of the alkyne to an alkene, which weakens the anisotropic shielding effect previously exerted by the triple bond.  

This change aligns with the typical NMR behavior where reducing bond order (alkyne → alkene) alters magnetic environments and anisotropic contributions.",The chemical shift change in C6 occurs because the hydrogenation of the alkyne to alkene lowers its anisotropic effect.,0.4626358307183781,0.9957338674637529,1.0,0.99999999995,1.0
156,Why is the final reaction product solvent-dependent?,"['Complex 6 is zwitterionic, and its cationic $\\operatorname {Ir}(\\mathrm{m})$ centre is balanced by phenoxide ion formation. Hence the final reaction product formed from 1 with pyridine and $\\mathrm{H}_{2}$ is solvent dependent. The two pyridine ligands of 6 that lie trans to hydride are shown to dissociate with an experimental rate constant of $1.35\\pm 0.03\\mathrm{s}^{- 1}$ at $294~\\mathrm{K}$ , although no exchange of the pyridine trans to the carbene is observed. In $\\mathrm{CD_3OD}$ , rapid $\\mathrm{H} / \\mathrm{D}$ exchange, accompanied by HD formation, is observed which prevents the quantification of the $\\mathrm{H}_{2}$ loss rate in this solvent. At $294~\\mathrm{K}$ , the ligand exchange rates of species 3 in $\\mathrm{C_6D_6}$ are therefore much faster than those in $\\mathrm{CD_2Cl_2}$ , but both are faster than those of 6 in $\\mathrm{CD_3OD}$ as shown in the ESI. $\\dagger$', ""A recent study has revealed differences in the hydrogenation reactions performed using Wilkinson's catalyst in different solvent systems.[28] The main reason for this difference is the involvement of the solvent molecule in the mechanism. In this study, we too monitored hydrogenation in different solvent systems (Figure 3). The reaction time in $100\\%$ styrene solvent was more than that in the mixture of $90\\%$ benzene and $10\\%$ styrene. The calculated catalyst reactivity $(- 5.4\\%)$ was lesser than that in the $90\\%$ benzene- $10\\%$ styrene system; however, the reactivity is increased in other solvents. This result supports the fact that different solvent systems produce different catalyst efficiencies. However, this can be explained in terms of reaction probability, that is, the more reactive species in the solvent show higher probability of reaction. Therefore, we monitored the reaction in a mixture of $90\\%$ $\\mathrm{CHCl}_3$ and $10\\%$ styrene as the additional reaction solvent. Interestingly, the reaction in this solvent system did not proceed to completion and stopped in the 7th step, within $3.5\\mathrm{min}$ (Figure S2). Therefore, we concluded that the reaction using Wilkinson's catalyst in styrene is strongly dependent on the solvent system employed."", 'Despite the higher catalyst efficiency observed in acetone, proton hyperpolarization in this solvent is significantly lower than in methanol. This can be explained considering the final step of the hydrogenation pathway (step $\\mathbf{v}$ to I Scheme 1), in which the product is replaced by a solvent molecule, to allow a new molecule of the substrate to bind at the catalyst and start a new catalysis turnover. When the binding affinity of the solvent is higher, the displacement of the product molecule is more energetically favored and this step is faster. This would result in a']","['Complex 6 is zwitterionic, and its cationic  $\\operatorname {Ir}(\\mathrm{m})$  centre is balanced by phenoxide ion formation. Hence the final reaction product formed from 1 with pyridine and  $\\mathrm{H}_{2}$  is solvent dependent.']","Based on the provided context, the solvent dependence of the final reaction product arises due to the following key factors:

1.  **Zwitterionic Nature of Complex 6**: Complex 6 exists as a zwitterion, with its cationic $\operatorname{Ir}(\mathrm{m})$ center balanced by a phenoxide ion. This ionic character makes its reactivity highly sensitive to the solvent environment.
2.  **Solvent Participation in Exchange/Dissociation**: The dissociation rates of pyridine ligands (trans to hydride) and the exchange processes are strongly solvent-dependent:
    *   Ligand exchange rates for species 3 are faster in $\mathrm{C_6D_6}$ than in $\mathrm{CD_2Cl_2}$.
    *   Both rates for species 3 are faster than the ligand dissociation rate observed for Complex 6 in $\mathrm{CD_3OD}$ ($1.35\pm 0.03\mathrm{s}^{- 1}$ at $294~\mathrm{K}$).
    *   Crucially, **no exchange** is observed for the pyridine ligand trans to the carbene in Complex 6.
3.  **Solvent-Specific Reactivity in $\mathrm{CD_3OD}$**: In methanol-d4 ($\mathrm{CD_3OD}$), rapid $\mathrm{H}/\mathrm{D}$ exchange occurs, accompanied by HD formation. This specific reaction pathway in methanol prevents the quantification of the $\mathrm{H}_{2}$ loss rate and alters the reaction outcome compared to other solvents.
4.  **General Principle of Solvent Involvement**: The context explicitly states that differences in reaction outcomes in different solvents (as also observed with Wilkinson's catalyst) are mainly due to ""**the involvement of the solvent molecule in the mechanism**"". The solvent can participate in key steps, such as ligand exchange or product displacement, significantly influencing the reaction pathway and final product.","The final reaction product is solvent-dependent because the cationic Ir(m) centre is balanced by phenoxide ion formation, and the ligand exchange rates vary with the solvent, influencing the reaction outcome.",0.4999184526898852,0.940272870654892,0.9333333333333333,0.9999999999,1.0
157,Why can residual water in the solvent become hyperpolarised in the SABRE-Relay method?,"['SABRE-Relay\nThus far we have considered the effect of $p\\text{- }\\mathrm{H}_{2}$ concentration on the SABRE technique. However, it is also of interest to investigate the more recent SABRE- Relay method. In SABRE- Relay a carrier molecule is hyperpolarised through the standard SABRE mechanism. The polarisation of this carrier is then transferred to the target analyte through a subsequent reversible exchange reaction, such as proton exchange. Thus the target substrate molecule becomes hyperpolarised without interacting directly with the SABRE catalyst. In the example presented in Fig. 6, $\\mathrm{NH}_3$ is used as the carrier and the target molecule is 1- propanol. The solvent, $\\mathrm{DCM - d}_2$ , is chosen as it has no exchangeable protons. However, if the solvent is not completely dry, any residual water present can participate in the proton exchange process and also become hyperpolarised.', 'Consider the SABRE- Relay hyperpolarised ${}^{1}\\mathrm{H}$ NMR spectrum in Fig. 6a. The single absorption peak is assigned to hyperpolarised $o\\text{- }\\mathrm{H}_{2}$ , while the emissive peaks are species in solution that have been hyperpolarised by SABRE (ammonia) or SABRE- Relay (1- propanol and water). We observe two resonances for $\\mathrm{NH}_3$ that correspond to carrier molecules bound to the catalyst $(2.19\\mathrm{ppm})$ and in free solution $(0.51\\mathrm{ppm})$ . In addition, we observe two well- resolved hyperpolarised peaks of 1- propanol: $1\\text{- }\\mathrm{CH}_2$ (black square, $3.61\\mathrm{ppm}$ ) and $3\\text{- }\\mathrm{CH}_3$ (blue triangle, $0.97\\mathrm{ppm}$ ), and one overlapping peak containing contributions from the 1- OH and $2\\text{- }\\mathrm{CH}_2$ (red circle, $1.31\\text{- } 1.91\\mathrm{ppm}$ ). This set of overlapping peaks also contains a contribution from hyperpolarised water at $1.51\\mathrm{ppm}$ . Using the same approach as for SABRE introduced above, we can evaluate the effect of $p\\text{- }\\mathrm{H}_{2}$ enrichment on the observed polarisation level of these three resonances, with the understanding that the third resonance contains the combined effects of 1- OH and $2\\text{- }\\mathrm{CH}_2$ of 1- propanol as well as the residual water in the solvent. The results of this study, shown in Fig. 6b, indicate that, as in the SABRE case, the relationship between $p\\text{- }\\mathrm{H}_{2}$ enrichment and SABRE- Relay polarisation is linear. The corresponding SABRE- Relay efficiencies, calculated using eqn (9) (see Table 1) are lower than for the analytes polarised directly by SABRE but are nonetheless significant (maximum of $0.95\\%$ polarisation). As with the SABRE case, we find that the highest polarisation efficiency is observed for the proton resonance closest to the source of the hyperpolarisation (the exchanging 1- OH proton). Interestingly, the methyl group appears to have a higher efficiency than the $2\\text{- }\\mathrm{CH}_2$ , which is closer to the source of hyperpolarisation.', 'An indirect route was described to overcome this limitation more generally, such that hindered primary amines, secondary amines and aromatic amines can be hyperpolarised by SABRE- RELAY. ${}^{54}$ Now, a SABRE- hyperpolarised intermediary, such as ammonia, is able to readily transfer polarisation into agents such as isopropylamine, benzylamine and aniline via either direct proton exchange or mediated by residual water present in the sample. This approach expands the range of amines that can be hyperpolarised without changing their chemical identity through interactions with $p$ - $\\mathrm{H}_{2}$ .']","['In the example presented in Fig. 6, NH3 is used as the carrier and the target molecule is 1- propanol. The solvent, DCM - d2, is chosen as it has no exchangeable protons. However, if the solvent is not completely dry, any residual water present can participate in the proton exchange process and also become hyperpolarised.']","Based on the provided context, residual water in the solvent can become hyperpolarized in the SABRE-Relay method due to the following mechanism:

1. **Proton exchange participation**:  
   Residual water contains exchangeable protons that participate in the reversible proton exchange process. When the solvent (e.g., DCM-d₂) is not completely dry, water acts as an inadvertent participant in the polarization transfer chain.

2. **Indirect hyperpolarization pathway**:  
   - The SABRE-Relay mechanism first hyperpolarizes a carrier molecule (e.g., ammonia) via standard SABRE (using p-H₂ and a catalyst).  
   - This hyperpolarized carrier then transfers polarization to other molecules through proton exchange.  
   - Residual water engages in the same exchange process as the target analyte (e.g., 1-propanol), allowing it to receive hyperpolarization indirectly.  

3. **Experimental evidence**:  
   In the hyperpolarized ¹H NMR spectrum (Fig. 6a), a peak at 1.51 ppm is attributed to hyperpolarized water, overlapping with signals from 1-propanol. This confirms water becomes hyperpolarized despite not being the intended target.  

**Key point**: The process requires exchangeable protons and proximity to the hyperpolarization source, enabling water to act as an unintended recipient of polarization via reversible proton exchange.","Residual water can become hyperpolarised because it can participate in the proton exchange process, similar to the target analyte, even though the solvent (DCM-d2) is chosen to have no exchangeable protons.",0.5543220161945354,0.981127419823575,0.8333333333333334,0.9999999999666667,1.0
158,Why does the addition of d7 benzylamine enable polarization transfer to proton and 15N in metronidazole solutions with iridium precursors?,"['Hyperpolarization of the $^{15}\\mathrm{N}$ NMR Signal of Metronidazole. Biologically significant metronidazole50,51 has been well- studied by Chekmenev et al.52- 55 We conducted control measurements for $5.2~\\mathrm{mM}$ methanol- $d_{4}$ solutions of $\\mathrm{[IrCl(COD)(}h_{22} - 1\\mathrm{)]}$ and $\\mathrm{[IrCl(COD)(}h_{22} - 2\\mathrm{)]}$ with a sevenfold excess of metronidazole relative to iridium and a 3 bar pressure of $p\\mathrm{- H_2}$ but failed to see significant polarization in either samples. However, once a 3.6- fold excess of $d_{7}$ benzylamine was added, polarization transfer to proton and $^{15}\\mathrm{N}$ was readily seen with both precursors. For $\\mathrm{[IrCl(COD)}$ $(h_{22} - 1)]$ the $P_{15_{\\mathrm{N}}}$ value was $22\\%$ while for $\\mathrm{[IrCl(COD)(}h_{22}.$ 2)], it was $24\\%$ (transfer at $- 2\\mathrm{mG}$ and $2\\% P_{15_{\\mathrm{N}}}$ seen for $d_{7}$ benzylamine itself). When the $\\mathrm{^2H}$ labeled versions of these catalysts, $\\mathrm{[IrCl(COD)(}d_{22} - 1\\mathrm{)]}$ or $\\mathrm{[IrCl(COD)(}d_{22} - 2\\mathrm{)]}$ were used, these $P_{15_{\\mathrm{N}}}$ values rose to $27\\%$ In all cases, the reaction with $d_{9}$ - benzylamine and metronidazole formed $\\mathrm{[Ir - }$ $(\\mathrm{H})_2(\\mathrm{mtz})_2(d_9\\text{- }\\mathrm{BnND}_2)(\\mathrm{NHC})]\\mathrm{Cl}$ and $\\mathrm{[Ir(H)_2(d_9 - }$ $\\mathrm{BnND}_2)_2(\\mathrm{mtz})(\\mathrm{NHC})]\\mathrm{Cl}$ with the ratio being 1.4:1 for $d_{22} - 2$', ""{15}\\mathrm{N}$ polarization levels\nIt should be noted that over the MNZ concentration range studied $(23 - 41\\mathrm{mM})$ , $P_{15N}$ was $15.6\\pm 0.7\\%$ on all three $^{15}\\mathrm{N}$ sites, as detected by 1.4 T NMR spectroscopy (Figure 2 d; notably, the ratio of MNZ and the catalyst was maintained constant at 20:1). This polarization level is lower (by around two- fold) than the best $P_{15N}$ values (ca. $34\\%$ ) obtained for metronidazole with a natural abundance of $^{15}\\mathrm{N}$ $(< 0.3\\%)$ under similar conditions (Figure 3 a).[50] This observation can likely be explained by two effects: First, the labeled compound produces an active complex with two $^{15}\\mathrm{N}$ sites in the equatorial plane and the polarization is transferred in the AA'BB' four- spin system, whereas in the case of metronidazole with a natural abundance of $^{15}\\mathrm{N}$ , polarization transfer from the $\\mathrm{pH}_2$ - derived hydrides to $^{15}\\mathrm{N}$ occurs in an AA'B three- spin system. It has been shown previously that polarization transfer in such three- spin systems may be more efficient than that in four- spin systems.[34,35,45,46] The second contributing factor is access to fresh $\\mathrm{pH}_2$ , which can be"", 'Signal Amplification By Reversible Exchange (SABRE) is the hyperpolarization method which employs parahydrogen (para- $\\mathrm{H}_{2}$ ) as the source of spin order. SABRE relies on spontaneous polarization transfer from para- $\\mathrm{H}_{2}$ - derived hydrides to a substrate on polarization transfer catalysts. The SABRE polarization transfer is primarily accomplished via spin- spin interactions (i.e., $J$ - couplings). While other interactions may contribute, they are generally orders of magnitude less efficient. When polarization transfer is performed in millitesl a $(\\mathrm{mT})$ magnetic fields, the polarization from para- $\\mathrm{H}_{2}$ derived hydrides is spontaneously transferred to proton sites in substrates, enabling $^{1}\\mathrm{H}$ polarization values $(\\% P_{\\mathrm{H}})$ of up to $50\\%$ . In this case, proton- proton spin- spin couplings $(J_{\\mathrm{H - H}})$ enable SABRE polarization transfer. Another variant of this technique dubbed SABRE in SHield Enables Alignment Transfer to Heteronuclei (SABRE- SHEATH) is an efficient process for hyperpolarizing $^{15}\\mathrm{N}$ sites, in one example providing more than $20\\%$ polarization in $1\\mathrm{min}$ . $^{15}\\mathrm{N}$ - hyperpolarization is of particular interest, because it enables long hyperpolarization lifetimes and exponential decay constants. In some cases, the $^{15}\\mathrm{N}$ exponential decay constant can exceed $20\\mathrm{min}$ . SABRE- SHEATH is accomplished at microtesla $(\\mu \\mathrm{T})$ magnetic fields, enabling spontaneous polarization transfer from para- $\\mathrm{H}_{2}$ - derived hydrides to heteronuclei, as illustrated in Scheme 1a. In the case of $^{15}\\mathrm{N}$ SABRE- SHEATH proton- nitrogen- 15 spin- spin couplings $(J_{\\mathrm{H - 15N}})$ enable the sponta']","['However, once a 3.6-fold excess of d7 benzylamine was added, polarization transfer to proton and 15N was readily seen with both precursors. For [IrCl(COD)(h22 - 1)] the P15N value was 22% while for [IrCl(COD)(h22 - 2)], it was 24%. In all cases, the reaction with d9-benzylamine and metronidazole formed [Ir-(H)2(mtz)2(d9-BnND2)(NHC)]Cl and [Ir(H)2(d9-BnND2)2(mtz)(NHC)]Cl with the ratio being 1.4:1 for d22 - 2.']","Based on the provided context, the addition of **d₇-benzylamine** enables polarization transfer to proton and ¹⁵N in metronidazole solutions with iridium precursors for the following reasons:  

1. **Formation of Active Catalytic Complexes**:  
   Benzylamine facilitates the formation of catalytically active iridium complexes such as:  
   - **[Ir(H)₂(mtz)₂(d₉-BnND₂)(NHC)]Cl**  
   - **[Ir(H)₂(d₉-BnND₂)₂(mtz)(NHC)]Cl**  
   (where ""mtz"" = metronidazole and ""d₉-BnND₂"" = deuterated benzylamine derivative).  
   These complexes provide the necessary coordination environment for polarization transfer.  

2. **Spin-System Optimization**:  
   Benzylamine acts as a **co-ligand** that modifies the spin topology of the iridium hydride complex. This enables efficient polarization transfer from *p*-H₂-derived hydrides to ¹⁵N sites in metronidazole via **J-coupling networks** (specifically \( J_{\text{H-}^{15}\text{N}} \) couplings). Without benzylamine, the initial catalysts alone could not facilitate significant polarization.  

3. **Enhanced Efficiency in Microtesla Fields**:  
   The polarization transfer occurs under **SABRE-SHEATH** conditions (microtesla fields), where benzylamine helps establish optimal spin-spin interactions between the hydrides and target nuclei (¹H/¹⁵N). This is critical for spontaneous transfer in heteronuclear systems.  

4. **Deuteration Effect**:  
   The use of **deuterated benzylamine (d₇/d₉)** reduces relaxation losses, further boosting polarization levels (e.g., ¹⁵N polarization increased from 22–24% to 27% when deuterated catalysts were used).  

In summary, benzylamine enables the formation of catalytically active species with favorable spin-coupling pathways for efficient polarization transfer from *p*-H₂ to metronidazole's ¹⁵N sites.","The addition of d7 benzylamine facilitates the formation of hyperpolarized complexes such as [Ir-(H)2(mtz)2(d9-BnND2)(NHC)]Cl and [Ir(H)2(d9-BnND2)2(mtz)(NHC)]Cl, which are necessary for the observed polarization transfer to proton and 15N.",0.5311267721351093,0.9830886675241303,1.0,0.9999999999,1.0
159,"How do the relaxation rates of the reporter ligand compare when benzylamine, benzamidine, and leupeptin are the competing ligands?","['Under the solution conditions of the experiments, the relaxation rate in competition, $R_{2}^{(\\mathrm{c})}$ , determined from three separate measurements was fastest with benzylamine at $1.47\\pm 0.04~\\mathrm{s}^{- 1}$ , followed by benzamidine at $0.88\\pm 0.06~\\mathrm{s}^{- 1}$ , and leupeptin at $0.58\\pm 0.05~\\mathrm{s}^{- 1}$ (Table S1 in the SI). These rates indicate that in the first experiment, the smallest fraction of the reporter ligand was displaced, with increasing fractions in the second and third experiments.', '[](images/0de37855cbd48e8a7edaa73ed7a55c6c06a56c75a4f6b3d42af2f4accbdf6a44.jpg) \nFigure 3. Structures of competing ligands and $R_{2}$ relaxation rates from CPMG experiments for the reporter ligand 4-amidinopyridine measured in the presence of the competing ligands. (a) $161~\\mu \\mathrm{M}$ 4-amidinopyridine with $166~\\mu \\mathrm{M}$ benzylamine, $14.7~\\mu \\mathrm{M}$ trypsin, and chelating agent $2,2^{\\prime}$ bipyridine, (b) $146~\\mu \\mathrm{M}$ 4-amidinopyridine with $136~\\mu \\mathrm{M}$ benzamidine, $13~\\mu \\mathrm{M}$ trypsin, and chelating agent $2,2^{\\prime}$ -bipyridine, and (c) $140~\\mu \\mathrm{M}$ 4- amidinopyridine with $7\\mu \\mathrm{M}$ leupeptin, $8.4~\\mu \\mathrm{M}$ trypsin, and chelating agent $2,2^{\\prime}$ -bipyridine. The fitted relaxation rates in competition, $R_{2,r}^{(\\mathrm{c})}$ are 1.52, 0.85, and $0.55~\\mathrm{s}^{-1}$ for the data sets shown in $(\\mathbf{a} - \\mathbf{c})$ , respectively $(1.47\\pm 0.04,$ $0.88\\pm 0.06,$ and $0.58\\pm 0.05\\mathrm{s}^{-1}$ respectively, from three measurements).', 'Relaxation rates of the same molecule 4- amidinopyridine were measured when a second ligand for the protein, the competing ligand of interest, was included with the protein solution. Figure 3 shows the signal integrals resulting from screening the ligands of interest benzylamine, benzamidine, and leupeptin. The corresponding spectra from CPMG echo trains, when 4- amidinopyridine is in competition, are shown in Figures S3- S5 in the SI. As these ligands partially displace the reporter ligand, its observed relaxation rate changes. The relaxation rate of the reporter ligand after displacement falls inbetween the rates for the free reporter and reporter with the protein alone.8,25 The weakest ligand of interest, benzylamine, was present at a concentration of $166~\\mu \\mathrm{M}$ to achieve partial displacement manifested as an observable change in the relaxation rate (Figure 3a). In contrast, the strongly binding leupeptin caused a large change in $R_{2}$ relaxation at the much lower concentration of $7\\mu \\mathrm{M}$ (Figure 3c). The partial displacement of the reporter ligand, barring allosteric effects, indicates that the ligand of interest binds to the same binding site of the protein as the reporter ligand.']","['Under the solution conditions of the experiments, the relaxation rate in competition, R2(c), determined from three separate measurements was fastest with benzylamine at 1.47 ± 0.04 s⁻¹, followed by benzamidine at 0.88 ± 0.06 s⁻¹, and leupeptin at 0.58 ± 0.05 s⁻¹ (Table S1 in the SI). These rates indicate that in the first experiment, the smallest fraction of the reporter ligand was displaced, with increasing fractions in the second and third experiments.']","Based on the experimental data:

1. **With benzylamine as the competing ligand**  
   - Relaxation rate (\(R_{2}^{(c)}\)): **1.47 ± 0.04 s⁻¹**  
   - This is the **fastest** rate observed, indicating the **smallest displacement** of the reporter ligand (4-amidinopyridine) due to benzylamine's weak binding affinity.

2. **With benzamidine as the competing ligand**  
   - Relaxation rate (\(R_{2}^{(c)}\)): **0.88 ± 0.06 s⁻¹**  
   - This intermediate rate reflects **moderate displacement** of the reporter ligand.

3. **With leupeptin as the competing ligand**  
   - Relaxation rate (\(R_{2}^{(c)}\)): **0.58 ± 0.05 s⁻¹**  
   - This is the **slowest** rate observed, indicating the **greatest displacement** of the reporter ligand due to leupeptin's strong binding affinity.

### Summary of Comparison:
- **Order of relaxation rates**: Benzylamine > Benzamidine > Leupeptin  
- **Binding affinity inference**: Leupeptin binds most strongly, while benzylamine binds most weakly.  
- **Experimental correlation**: The relaxation rate decreases as the fraction of displaced reporter ligand increases.","The relaxation rate is fastest with benzylamine (1.47 ± 0.04 s⁻¹), followed by benzamidine (0.88 ± 0.06 s⁻¹), and slowest with leupeptin (0.58 ± 0.05 s⁻¹).",0.6770695422817202,0.879576310376101,1.0,0.99999999995,1.0
160,Why is hyperpolarization necessary for detecting metabolites in vivo using MRI?,"['Introduction\nHyperpolarized magnetic (HP) resonance imaging (MRI) has emerged as an important technology that facilitates non- invasive metabolic imaging by enabling the real- time study of cellular and molecular processes through its remarkable sensitivity.[1] It is the process of hyperpolarization that overcomes the intrinsic limitations in sensitivity of conventional MRI, by enhancing nuclear spin polarization levels by several orders of magnitude, which enables the detection of low- concentration metabolites and the monitoring of their biochemical transformations. One biomarker in particular, [1- $^{13}\\mathrm{C}]$ pyruvate has proven particularly valuable in this regard due to its central role in metabolism, giving critical in vivo insights into glycolytic and oxidative metabolic pathways in real time.[2- 6] These capabilities make hyperpolarized pyruvate a powerful diagnostic tool for probing ailments such as cancer,[7,8] cardiovascular disease,[9,10] and neurodegenerative disorders.[11,12] HP- MRI realizes this advantage for diagnostic and therapeutic MRI applications because the detected changes in chemical shifts instantaneously report on chemical transformations, thereby enabling the simultaneous tracking of multiple metabolic processes in one measurement. This benefit contrasts with the powerful conventional metabolic imaging techniques, positron emission tomography (PET) and single- photon emission computed tomography (SPECT), whose gamma-', 'para- Hydrogen- induced polarization (PHIP) is a method to rapidly generate hyperpolarized compounds, enhancing the signal of nuclear magnetic resonance (NMR) experiments by several thousand- fold. The hyperpolarization of metabolites and their use as contrast agents in vivo is an emerging diagnostic technique. High degrees of polarization and extended polarization lifetime are necessary requirements for the detection of metabolites in vivo. Here, we present pulsed NMR methods for obtaining hyperpolarized magnetization in two metabolites. We demonstrate that the hydrogenation with para- hydrogen of perdeuterated vinyl acetate allows us to create hyperpolarized ethyl acetate with close to $60\\%$ ${}^{1}\\mathsf{H}$ two- spin order. With nearly $100\\%$ efficiency, this order can either be transferred to ${}^{1}\\mathsf{H}$ in- phase magnetization or $^{13}\\mathbb{C}$ magnetization of the carbonyl function. Close to $60\\%$ polarization is experimentally verified for both nuclei. Cleavage of the ethyl acetate precursor in a $20s$ reaction yields ethanol with approximately $27\\%$ ${}^{1}\\mathsf{H}$ polarization and acetate with around $20\\%$ $^{13}\\mathbb{C}$ polarization. This development will open new opportunities to generate metabolic contrast agents in less than one minute.', 'Hyperpolarized metabolites have great potential as contrast agents for magnetic resonance imaging (MRI) and magnetic resonance spectroscopic imaging (MRSI), providing real- time and quantitative information on active metabolic pathways in healthy and diseased tissues.20,21 This approach has been used in vivo for metabolic profiling of tumors such glioma,22,23 hepatocellular carcinoma, lymphoma,24,25 pancreatic26 and breast cancers.27,28 In this modality, relatively large amounts (several g) of hyperpolarized material (most commonly pyruvate) are prepared and injected intravenously into the patient. Preparation relies on either dissolution dynamic nuclear polarization29,30 or on low- field polarization transfer based on parahydrogen- induced polarization (PHIP).31,32 The batch mode of operation of these methods does not lend itself to LoC culture devices, where a steady supply of much smaller amounts of hyperpolarized metabolites is needed. In this case, preparation methods that operate continuously at flow rates compatible with microfluidic systems (up to a few $\\mu \\mathrm{L} / \\mathrm{min}$ ) are required.33 Additionally, as the lifetime of hyperpolarized species is limited by nuclear relaxation, it is crucial to produce them directly on the microfluidic device, in immediate proximity of their usage.']","['Yet at Boltzmann equilibrium, spin polarizations of conventional MR (on the order of ca.  $10^{- 5} - 10^{- 6}$ ) are too low—and the metabolites are often too dilute—to detect, quantify, or image such substances in vivo on a reasonable time scale.[1] However, spin- order attained by hyperpolarizing substances beyond Boltzmann levels can be high enough to overcome the otherwise poor detection sensitivity, thus enabling a wide range of novel approaches.']","Hyperpolarization is necessary for detecting metabolites in vivo using MRI due to the **intrinsic sensitivity limitations** of conventional MRI. Here's why, based on the provided context:

1. **Overcoming Low Sensitivity**:  
   Conventional MRI lacks sufficient sensitivity to detect low-concentration metabolites because nuclear spin polarization levels in thermal equilibrium are extremely low. Hyperpolarization enhances these polarization levels by **several orders of magnitude**, enabling the detection of metabolites that would otherwise be undetectable.

2. **Real-Time Metabolic Tracking**:  
   Hyperpolarized agents (e.g., [1-¹³C]pyruvate) allow real-time monitoring of biochemical transformations. Changes in chemical shifts report instantaneously on metabolic processes, such as glycolytic or oxidative pathways, which is critical for studying diseases like cancer, cardiovascular disorders, or neurodegeneration.

3. **Contrast with Other Techniques**:  
   Unlike PET or SPECT (which rely on radioactive tracers and gamma-ray detection), hyperpolarized MRI directly tracks metabolic conversions via chemical shift changes. This enables simultaneous observation of multiple metabolic pathways without ionizing radiation.

4. **Practical Requirements for In Vivo Detection**:  
   The context explicitly states that ""high degrees of polarization and extended polarization lifetime are necessary requirements for the detection of metabolites in vivo."" Without hyperpolarization, the NMR signals from endogenous metabolites are too weak to be distinguished from noise in an MRI setting.

In summary, hyperpolarization bridges the sensitivity gap in MRI, transforming it into a powerful tool for non-invasive, real-time metabolic imaging.","Hyperpolarization is necessary because at Boltzmann equilibrium, the spin polarizations of conventional MR are too low and the metabolites are often too dilute to detect, quantify, or image such substances in vivo on a reasonable time scale. Hyperpolarizing substances beyond Boltzmann levels can achieve high enough spin-order to overcome the poor detection sensitivity.",0.6234539944035008,0.9999999999999997,0.9375,0.99999999995,1.0
161,How do the signal enhancements for 1-propanol compare when using ammonia versus isobutylamine as the carrier?,"['SABRE- Relay conditions that use ammonia (A) as the carrier gave the largest signal enhancements for 1- propanol. We quantified enhancements of 441, 723, 783 and 648- fold per proton in the OH, $\\mathrm{OCH}_{2}$ , $\\mathrm{CH}_{2}$ and $\\mathrm{CH}_{3}$ positions respectively. In contrast, isobutylamine (B) gave comparably poor signal enhancements of less than 50- fold per proton environment. When cyclohexylamine (C) was employed the signal gains were slightly improved relative to B (ca. 50- 120- fold), however, ethylenediamine (D) resulted in no polarization transfer to 1- propanol. This is due to the formation of a stable complex as the result of bidentate binding of the diamine which prevents ligand exchange. Such methods have previously been used to deactivate the SABRE catalyst and return substrate $T_{1}$ values to their usual value in the absence of the SABRE catalyst.', 'These observations confirm that the relative rate of $\\mathrm{NH}\\leftrightarrow$ OH exchange is important. Based on the literature, it is likely to be bimolecular in nature, proceeding through an $\\mathrm{[R - NH_3]^+][^- O - }$ $\\mathbb{R}^7 ]$ type intermediate.52,53 When the alcohol is present at low concentration, $\\mathrm{NH}\\leftrightarrow \\mathrm{NH}$ exchange between the carrier amine dominates. This reduces the proliferation of polarization to 1- propanol and lower signal gains result. At the higher loadings of 1- propanol, either $\\mathrm{NH}\\leftrightarrow \\mathrm{OH}$ and $\\mathrm{OH}\\leftrightarrow \\mathrm{OH}$ exchange is too rapid for efficient low field polarization or there is a reduction based on the increasing number of protons relative to those in $p\\text{- }\\mathrm{H}_2$ which are limited in accordance with the volume of gas in the NMR tube. Therefore, working with higher pressures of $p\\text{- }\\mathrm{H}_2$ could be expected to further increase the size of the hyperpolarized signals. It is possible to conclude here that for 1- propanol, the largest relayed NMR signal enhancements are achieved when using equimolar amounts of alcohol and carrier amine.', 'Regioisomeric naphthyl derivatives, 1- napthylmethyl amine (O) and 2- napthylmethyl amine (P), also facilitate SABRE- Relay polarization of 1- propanol. P though gives significantly improved performance when compared to O. We attribute this to the improved polarization of the NH proton in the carrier amine whose enhancements are now ca. 3- fold greater for P, an effect which is likely to be due to steric differences in the regioisomers. For the case of phenylethylamine (Q), where a $\\mathrm{CH}_2$ spacer is added into the aliphatic chain, the signal gains of 1- propanol are slightly below those of benzylamine. Deuteration of the aliphatic portion of this carrier amine (R) again improves the polarization levels in the alcohol and highlights the importance that isotopic labelling has on the SABRE- Relay outcome. This increase is attributed to a corresponding increase in the NH signal gain of the free amine (108 compared to 391- fold per proton for Q and R respectively). Introducing an ether linkage to give phenoxyethylamine (S) also improves the signal gains seen in 1- propanol above those with benzylamine. Now the signal enhancements were quantified to be 255, 258, 261 and 165- fold for the OH, $\\mathrm{OCH}_2$ , $\\mathrm{CH}_2$ and $\\mathrm{CH}_3$ resonances respectively. This is the best performing of the organic amines tested that does not contain deuterium; we would expect its SABRE- Relay enhancement to further improve if it were ${}^2\\mathrm{H}$ - labelled. However, despite a number of synthetic methods being employed to yield the deuterated variant, we were unable to isolate the desired product with high isotopic enrichment.']","['Relay conditions that use ammonia (A) as the carrier gave the largest signal enhancements for 1-propanol. We quantified enhancements of 441, 723, 783 and 648-fold per proton in the OH, OCH2, CH2 and CH3 positions respectively. In contrast, isobutylamine (B) gave comparably poor signal enhancements of less than 50-fold per proton environment.']","Based on the experimental data:  

### Ammonia (A) as carrier:  
- **OH position**: 441-fold enhancement per proton  
- **OCH₂ position**: 723-fold enhancement per proton  
- **CH₂ position**: 783-fold enhancement per proton  
- **CH₃ position**: 648-fold enhancement per proton  

### Isobutylamine (B) as carrier:  
- All proton environments show **<50-fold enhancements** per proton.  

### Key comparison:  
1. **Ammonia yields dramatically higher enhancements** (441–783-fold) than isobutylamine (<50-fold).  
2. The largest difference is observed for the **CH₂ group** (783-fold vs. <50-fold).  
3. Isobutylamine performs poorly due to inefficient NH↔OH exchange dynamics, reducing polarization transfer.  

This confirms ammonia’s superior efficacy in relaying polarization to 1-propanol under SABRE-Relay conditions.","Ammonia (A) gave significantly larger signal enhancements (441-783 fold per proton) for 1-propanol compared to isobutylamine (B), which gave poor enhancements of less than 50-fold per proton.",0.9018958537383361,0.720842035161397,1.0,0.9999999999,1.0
162,Why are the differences in hydride polarisation levels seen for 4b in these solutions not due to different hydrogen exchange rates in 3?,"['We note that the linewidths of the hydride resonances of 4b at $298\\mathrm{K}$ are similar in each of these samples $(43 - 45\\mathrm{Hz})$ Similarly, the linewidths of 3, 3- Br and 3- Acn are comparable at $245\\mathrm{K}$ $(3 - 5\\mathrm{Hz})$ . Therefore, we do not expect that differences in hydride polarisation levels seen for 4b in these solutions are due to different hydrogen exchange rates in 3, but rather the different binding strengths of the coligands that must be displaced by pyruvate to form 4 from 3. Hence, whilst there appears to be a link between pyruvate polarisation level and 4b concentration, the identity of L in $\\mathrm{[Ir(H)_2(DMSO)_2(IMes)L]}$ must play a large effect on the level of pyruvate signal enhancement. These data further confirm that 3 is important in mediating efficient $\\mathrm{H}_{2}$ exchange within the 3/4 hyperpolarisation mixture.', 'If sodium- 1,2- pyruvate- $\\left[^{13}\\mathrm{C}_2\\right]$ is used as the substrate and the $p - \\mathrm{H}_{2}$ shaking process is performed under SABRE- SHEATH conditions in a mu metal shield (see Experimental) an enhanced ${}^{13}\\mathrm{C}$ response for the free material at $\\delta$ 169 and $\\delta$ 203 can also be readily detected.46 Two enhanced signals can be also seen for the bound pyruvate ligand in 4b at $\\delta$ 168 and $\\delta$ 207 in these NMR spectra. It is also possible to observe extremely weak hyperpolarised signals for the bound pyruvate ligand in 4a at $\\delta$ 161 and $\\delta$ 198, as shown in Fig. 4d. Interestingly, when EXSY measurements are used to probe these signals, the selective excitation of the hydride resonances of 4b reveals no exchange into $\\mathrm{H}_{2}$ on the NMR timescale. Furthermore, when ${}^{13}\\mathrm{C}$ - EXSY is used to probe the bound signals of 4b, no exchange is seen into free pyruvate on this timescale. Hence 4b appears to be relatively stable in agreement with the DFT study, but this is not consistent with the strong hydride polarisation that is evident for 4b in Fig. 3. Consequently, a role for 3 which is present and undergoes rapid $\\mathrm{H}_{2}$ exchange as discussed earlier in its formation is indicated. It is by this route that the delivery of fresh $p - \\mathrm{H}_{2}$ into 4 and the resulting enhancement of hydride and pyruvate ligand signals is achieved. As the NMR relaxation times of the ${}^{13}\\mathrm{C}$ resonances in pyruvate are much longer than those of ${}^{1}\\mathrm{H}$ , slow exchange is still commensurate with the build- up of pyruvate polarisation in solution. Related delayed $p - \\mathrm{H}_{2}$ enhancement effects have been described recently.58,59', 'Polarisation transfer field effects on SABRE. Upon dissolving 3 in methanol- $\\cdot d_{4}$ in the presence of pyridine and hydrogen a reaction takes place which sees the expected products $[\\mathrm{Ir(H)_2(py)_3(NHC)}]^{x + }$ 4 form $\\mathrm{(NHC = SIMeCh)}$ $x = 3$ 4a, SIMesTrimet, $x = 3$ 4b and IMesOH, $x = 1$ 4c),see $\\mathrm{ESI}\\dagger$ .In the corresponding $\\mathrm{^1H}$ NMR spectra, a series of hydride resonances appear as singlets at $\\delta - 22.54$ $\\delta - 22.72$ and $\\delta - 22.66$ respectively for these species. The pyridine ligand loss rate constant was determined for 4a in methanol- $\\cdot d_{4}$ solution at $300~\\mathrm{K}$ as $1.23\\pm 0.08\\mathrm{s}^{- 1}$ whilst that for 4b proved to be $0.043\\pm$ $0.003\\mathrm{s}^{- 1}$ . These two ligand loss rate constants are therefore smaller than that of $[\\mathrm{Ir(IMes)(py)_3(H)_2]Cl}$ and $[\\mathrm{Ir(SIMes)}$ $(\\mathrm{py})_3(\\mathrm{H})_2]\\mathrm{Cl}$ $(45.1~\\mathrm{s}^{- 1})^{17}$ but comparable to those of 2. 4a exhibits the highest pyridine ligand exchange rate of either 2 or 4 at $300~\\mathrm{K}$ In case of 4c it was not possible to follow the ligand exchange process because it turned out to be very slow and there was evidence for fast ligand deuteration. A role for a dihydrogen- dihydride complex would also be expected in the formal $\\mathrm{H}_{2}$ loss mechanism.11']","['We note that the linewidths of the hydride resonances of 4b at $298\\mathrm{K}$ are similar in each of these samples $(43 - 45\\mathrm{Hz})$. Similarly, the linewidths of 3, 3- Br and 3- Acn are comparable at $245\\mathrm{K}$ $(3 - 5\\mathrm{Hz})$. Therefore, we do not expect that differences in hydride polarisation levels seen for 4b in these solutions are due to different hydrogen exchange rates in 3, but rather the different binding strengths of the coligands that must be displaced by pyruvate to form 4 from 3.']","Based on the provided context, the differences in hydride polarization levels for complex **4b** are **not** due to different hydrogen exchange rates in complex **3** for the following reasons:

1.  **Consistent Exchange Rates in Complex 3:** The linewidths of the hydride resonances in complexes **3**, **3-Br**, and **3-Acn** were measured to be comparable (3-5 Hz) at 245 K. Since NMR linewidth is inversely related to the rate of exchange processes (broader lines = faster exchange), this similarity indicates that the hydrogen exchange rates in complex **3** are essentially the **same** across these different samples/solutions.

2.  **Alternative Explanation:** Given that the exchange rates in **3** are consistent, the observed differences in hydride polarization levels for **4b** must arise from another factor. The context explicitly attributes these differences to the **different binding strengths of the coligands (L)** in the precursor complex **`[Ir(H)_2(DMSO)_2(IMes)L]`** (complex **3**). These varying binding strengths affect how readily pyruvate can displace ligand **L** to form complex **4** from complex **3**.

**In summary:** The experimental evidence (consistent hydride linewidths in **3**) rules out differing hydrogen exchange rates in **3** as the cause. Instead, the polarization differences in **4b** are caused by the varying ease with which pyruvate displaces different coligands (**L**) during the formation of complex **4** from complex **3**.","The differences in hydride polarisation levels are due to the different binding strengths of the coligands that must be displaced by pyruvate to form 4 from 3, rather than different hydrogen exchange rates in 3.",0.6336301006511842,0.9159976428305475,0.7333333333333333,0.99999999995,1.0
163,How do the bimetallic interactions in heterobimetallic early-late transition metal complexes compare to those in symmetric bimetallic complexes with mid- to late transition metals?,"['Introduction\nBimetallic transition metal complexes have been investigated since the 1970s, however despite numerous reports, only a few complexes are widely used in catalytic applications. The most prominent is a rhodium() acetate dimer and its derivatives exploited for carbene transfer reactions. These and more recent bimetallic systems typically outperform monometallic alternatives in terms of activity and selectivity, functional group tolerance, and catalyst loading. The interest in homobimetallic catalysts has recently seen a renaissance. Selected catalytic applications include diazo- free cyclopropanation, small molecule activation, hydrogenation, hydroformylation and C- C coupling reactions. Notably, heterobimetallic complexes serve as models of the transmetallation step for the latter process. Most of these bimetallic species fall into two groups: (i) heterobimetallic early- late transition metal complexes, or (ii) symmetric bimetallic complexes with a core consisting of two mid- to- late transition metals. Group (i) typically relies on ligands that combine in close proximity both soft and hard moieties, and feature a highly polar dative interaction from the late to the early transition metal. Group (ii) relies on symmetric bridging ligands, often leading to an apolar bimetallic interaction. Complexes of the group (ii) have been of particular interest for the understanding of reactivity of small clusters.', '37.9$ vs. $37.0\\mathrm{ppm}$ for 6 and 7, respectively). However, a strong shielding is observed for both triple bonds in the triflate complex $(\\delta^{13}\\mathrm{C} = 99.4$ to $86.6\\mathrm{ppm}$ for $\\mathrm{TMS - C}\\equiv C$ and $\\delta^{13}\\mathrm{C} =$ 74.0 to 65.3 for $\\mathrm{TMS - C}\\equiv \\mathrm{C}$ for 6 and 7, respectively) suggesting that Rh2 site in 7 is more electron- rich than in 6. Likely, the RhRh bond can be best described as a dative bond where electron donation from Rh2 into the antibonding orbital of the Rh1- P bond occurs, similar to the bonding in early- late bimetallic transition metal complexes.19 For complex 8, this is supported by calculations, as the HOMO- 2 and HOMO- 3 orbitals show a clear overlap between the two metal centers, with a larger orbital contribution of Rh2 (Fig. S17).', '1. Introduction\nThe effect of ligands on the structure and reactivity of transition metal complexes are important topics of research in coordination and organometallic chemistry as well as homogeneous catalysis [1]. In organometallic and coordination']","['Most of these bimetallic species fall into two groups: (i) heterobimetallic early- late transition metal complexes, or (ii) symmetric bimetallic complexes with a core consisting of two mid- to- late transition metals. Group (i) typically relies on ligands that combine in close proximity both soft and hard moieties, and feature a highly polar dative interaction from the late to the early transition metal. Group (ii) relies on symmetric bridging ligands, often leading to an apolar bimetallic interaction.']","Based on the provided context, the comparison of bimetallic interactions in heterobimetallic early-late transition metal complexes versus symmetric bimetallic complexes with mid- to late transition metals is as follows:  

1. **Bonding Nature**:  
   - **Heterobimetallic early-late complexes**: Feature a **highly polar dative interaction**, where the late transition metal donates electrons to the early transition metal.  
   - **Symmetric bimetallic complexes**: Exhibit an **apolar bimetallic interaction** with no significant charge polarization.  

2. **Ligand Design**:  
   - **Heterobimetallic**: Rely on ligands combining ""soft"" (e.g., for late TM) and ""hard"" (e.g., for early TM) moieties in proximity.  
   - **Symmetric**: Utilize symmetric bridging ligands (e.g., acetate), leading to equivalent metal centers.  

3. **Metal Combinations**:  
   - **Heterobimetallic**: Pair early (e.g., Lewis acidic) and late (e.g., Lewis basic) transition metals (e.g., Rh→early TM donation).  
   - **Symmetric**: Involve mid- to late transition metals (e.g., Rh-Rh pairs), often modeling small-cluster reactivity.  

4. **Electronic Structure**:  
   - The polar dative interaction in heterobimetallic complexes results in distinct electron-rich/poor sites (e.g., NMR shielding in Rh complexes indicates electron donation from one Rh to another).  
   - Symmetric complexes display orbital overlap without significant charge separation.  

This distinction underpins their divergent applications in catalysis (e.g., carbene transfer vs. C–C coupling).","The bimetallic interaction in heterobimetallic early-late transition metal complexes is highly polar, whereas in symmetric bimetallic complexes with mid- to late transition metals, the interaction is apolar.",0.3712912482360261,0.9836467597748718,0.8823529411764706,0.9999999999,1.0
164,Why do the optimal values of τPULSE and τDELAY exhibit temperature dependence in the QUASR-SABRE process?,"['All experiments were performed at room temperature (ca. $298~\\mathrm{K}$ ).We note that the rf pumping of the QUASR- SABRE process needs to be effectively matched to the chemical exchange dynamics in order to maximize the polarization transfer efficiency to yield the highest $P_{15\\mathrm{N}}$ value. Therefore, it is expected that the optimal values of $\\tau_{\\mathrm{PULSE}}$ and $\\tau_{\\mathrm{DELAY}}$ (Figures S2- S4) would exhibit temperature dependence, because temperature modulates the rates of substrate and $p\\cdot$ $\\mathrm{H}_{2}$ exchange. Moreover, it is possible that the optimum temperature (i.e., yielding the highest value of $P_{15\\mathrm{N}}$ may be significantly different from room temperature and may be different from the optimal temperature of the SABRESHEATH process (note that the optimal SABRE- SHEATH temperature for pyridine $\\mathrm{- ^{15}N}$ and for metronidazole $\\mathrm{- ^{15}N_2 - ^{13}C_2}$ corresponds to approximately room temperature, i.e., SABRE- SHEATH experiments were optimized with respect to temperature). As a result, some additional improvement in the maximum value of $P_{15\\mathrm{N}}$ may be potentially expected for the QUASR- SABRE process.', 'All three molecules studied exhibited a clear and strong dependence of the $^{15}\\mathrm{N}$ QUASR- SABRE signal on the duration of the pulse $(\\tau_{\\mathrm{PULSE}})$ and the duration of the delay $(\\tau_{\\mathrm{DELAY}})$ (Figures S2a, S3a, and S3b and Figures S4a, S2b, S3c, and S4b, respectively. This strong dependence is likely due to the dynamics and kinetics of the substrate and $p\\text{- H}_2$ exchange on the catalyst. When the $\\tau_{\\mathrm{PULSE}}$ and $\\tau_{\\mathrm{DELAY}}$ are in sync with chemistry of exchange, the maximum QUASR- SABRE signal may be achieved. However, we note that the QUASR- SABRE signal has very complex dependence on $\\tau_{\\mathrm{PULSE}}$ and $\\tau_{\\mathrm{DELAY}}$ For example, the $\\tau_{\\mathrm{PULSE}}$ curves for acetonitrile $\\mathrm{- ^{15}N}$ are vastly different at $\\tau_{\\mathrm{DELAY}}$ of $2\\mathrm{ms}$ (Figure S3a) and $\\tau_{\\mathrm{DELAY}}$ of $33~\\mathrm{ms}$ (Figure S3b). Future theoretical work is certainly warranted to study this complex behavior of the QUASR- SABRE effect, which is outside of the scope of this first phenomenological report.', 'The QUASR- SABRE pulse sequence was applied in a regime where there is extreme coherent coupling between each consecutive QUASR pulse, which arises when the delay is much shorter than the lifetime of the species (typically $\\sim 2.5$ ms). In such a regime, the dynamics generated by the pulse sequence are far from intuitive. Given that the ortho- protons of the pyridine are $\\sim 100\\mathrm{Hz}$ offset in resonance from the parahydrogen- derived hydrides, this spin system effectively reduces to an $\\mathrm{AA^\\prime XX^\\prime}$ spin system, for which the SABRE dynamics have been characterized extensively. During the first pulse, very little hyperpolarized signal is generated until the pulse power approaches the LAC condition, given by $\\omega_{1\\mathrm{F}} / 2\\pi = {}^2 J_{\\mathrm{HH}}$ Given the short $2\\mathrm{ms}$ interpulse delay, the beginning of each subsequent QUASR pulse induces large coherent oscillations at the, albeit time- dependent, nutation frequency. The relatively large signal produced with a $20\\mathrm{ms}$ QUASRpulse $+2\\mathrm{ms}$ delay) $30$ train corresponds to when the coherent oscillations halt coincident with an effective $(2n + 1)\\pi$ pulse in the hyperpolarization dynamics, giving the largest deviation from equilibrium. The optimal $2\\mathrm{ms}$ delay was surprising, given that other pulsed techniques find the optimal interpulse delay at times on the order of $100\\mathrm{ms}$ However, given that the QUASR- pulse power is so off- resonance from the SLIC matching condition, only a small amount of polarization may be generated from each pulse; thus, not requiring significant parahydrogen exchange, the interpulse delay can be largely decreased to afford larger signals in this experiment. Interestingly, the maximum observed in Figure 4c is recovered only when the nonlinearities in the pulse shape are reintroduced into the simulation.']","['Therefore, it is expected that the optimal values of τPULSE and τDELAY (Figures S2- S4) would exhibit temperature dependence, because temperature modulates the rates of substrate and p·H2 exchange.']","The optimal values of $\tau_{\mathrm{PULSE}}$ and $\tau_{\mathrm{DELAY}}$ in the QUASR-SABRE process exhibit temperature dependence due to the following reasons:  

1. **Modulation of exchange kinetics**:  
   Temperature directly influences the rates of substrate exchange and parahydrogen ($p\text{-H}_2$) exchange on the catalyst. Higher temperatures typically accelerate these exchange processes, while lower temperatures slow them down.  

2. **Synchronization requirement**:  
   The QUASR-SABRE signal depends critically on synchronizing the rf pulse sequence with chemical exchange dynamics. When $\tau_{\mathrm{PULSE}}$ and $\tau_{\mathrm{DELAY}}$ match the timescales of substrate/$p\text{-H}_2$ exchange, polarization transfer efficiency is maximized.  

3. **Temperature-specific optimization**:  
   As temperature alters exchange kinetics, the pulse durations ($\tau_{\mathrm{PULSE}}$) and delays ($\tau_{\mathrm{DELAY}}$) must be re-optimized to maintain resonance with the modified exchange rates. This is distinct from SABRE-SHEATH, where room temperature was often optimal.  

4. **Complex signal dependence**:  
   Experimental data (Figures S2-S4) show strong variations in $^{15}\mathrm{N}$ signal with $\tau_{\mathrm{PULSE}}$ and $\tau_{\mathrm{DELAY}}$ at different temperatures. For example, acetonitrile-$\mathrm{^{15}N}$ exhibits vastly different $\tau_{\mathrm{PULSE}}$ curves at $\tau_{\mathrm{DELAY}} = 2~\mathrm{ms}$ versus $33~\mathrm{ms}$.  

This temperature dependence suggests that further $P_{15\mathrm{N}}$ improvements may be achievable by optimizing QUASR-SABRE at non-ambient temperatures, unlike standard SABRE-SHEATH processes. The nonlinear relationship between pulse parameters and exchange kinetics remains an area for future theoretical study.","Because temperature modulates the rates of substrate and p·H2 exchange, which affects the polarization transfer efficiency and thus the optimal timing parameters.",0.7110869966489128,0.914734624934407,0.8461538461538461,0.99999999995,1.0
165,Why do slight variations in experimental conditions significantly change RASER appearance?,"[""Implementation of the PR- inside protocol for all precursors $\\mathbf{1}' - \\mathbf{4}'$ resulted in RASER of HP products 1- 4. In the case of 1, all three frequencies 1a- 1c corresponding to the vinyl protons were prominent (Fig. 2b, c): RASER was long- lived, being active until the end of signal acquisition. Note that in the interval from $\\sim 50$ to $100~\\mathrm{s}$ all three protons give rise to the RASER signal. Repeating this experiment on a different day produced RASER with only 1c and 1a being RASER- active (Supplementary Fig. 2a, b), indicating that even slight variations in experimental conditions can significantly change RASER appearance."", 'While the phenomena observed in both PASADENA and ALTADENA conditions were generally reproducible, the finer details of the RASER signals (order of appearance of the frequencies, appearance or absence of certain weak RASER signals, etc.) were found to be specific for each experiment. This is mainly influenced by varying chemical conversion/molar polarization; in PASADENA inside the RF- coil RASER experiments the chaotic evolution of magnetization also leads to a high degree of variability in RASER patterns.', 'A series of additional experiments were performed, demonstrating further that the experimental conditions necessary for observing RASER through PHIP reactions are not stringent at all. RASER bursts can indeed be observed with more dilute samples, as illustrated by the NMR signal shown in Figure S4 and obtained with a $40~\\mathrm{mM}$ VA solution. This indicates that PHIP RASER occurs at relatively low concentrations of the HP substrate; in particular, lower concentrations than those reported previously for the spontaneous emission of NMR signals with the dissolution dynamic nuclear polarization (d- DNP) technique.[23] ALTADENA RASER activity was also observed while leaving the catheter $(1 / 16^{\\prime \\prime}$ outer diameter, $1 / 32^{\\prime \\prime}$ inner diameter) inside the NMR tube, thus creating more stringent conditions for its occurrence because the presence of the catheter leads to a significant susceptibility- induced $B_{0}$ gradient and effectively shorter $T_{2}^{*}$ (see Figures S5,S6). Note that in additional PASADENA experiments, the hydrogenation reactions were performed within the RF coil, and RASER was detected immediately after the cessation of $p\\text{- }\\mathrm{H}_{2}$ bubbling because the bubbles induce a significant degradation of $T_{2}^{*}$ (likely below $1\\mathrm{ms}$ that prevents RASER activity at this magnetic field.']","['Note that in the interval from  $\\sim 50$  to  $100~\\mathrm{s}$  all three protons give rise to the RASER signal. Repeating this experiment on a different day produced RASER with only 1c and 1a being RASER- active (Supplementary Fig. 2a, b), indicating that even slight variations in experimental conditions can significantly change RASER appearance.']","Based on the provided context, slight variations in experimental conditions significantly alter RASER appearance due to two primary factors:

1. **Varying Chemical Conversion/Molar Polarization**:  
   Differences in parahydrogen incorporation efficiency, reaction kinetics, or polarization levels between experiments directly impact which proton resonances achieve the population inversion threshold required for RASER emission. Minor fluctuations in temperature, catalyst activity, or \( p \)-H\(_2 \) delivery can alter these parameters.

2. **Chaotic Evolution of Magnetization (in PASADENA)**:  
   For in-situ experiments within the RF coil, the nonlinear, chaotic dynamics of spin evolution under PHIP conditions amplify sensitivity to initial conditions. Small differences in magnetic field homogeneity, timing of \( p \)-H\(_2 \) bubbling cessation, or sample positioning can drastically alter which frequencies initiate RASER and their temporal behavior.

These factors explain why:
- Different proton frequencies (e.g., 1a–1c) may or may not exhibit RASER activity in replicate experiments.  
- The order of RASER emergence and signal persistence vary unpredictably.  
- Observed RASER patterns are experiment-specific despite identical nominal conditions.  

The context explicitly notes that even subtle changes (e.g., bubble-induced \( T_2^* \) degradation, susceptibility gradients from catheters) can suppress or enable RASER in specific resonances.","Because even minor changes in experimental conditions can alter which vinyl protons are RASER-active, as observed when repeating the experiment on a different day resulted in RASER with only 1c and 1a being active instead of all three frequencies 1a-1c.",0.49913776337540394,0.9605905621195974,0.47368421052631576,0.9999999999666667,1.0
166,"Why does normal H2 not lead to hyperpolarization effects, whereas parahydrogen does?","['As the biradicaloid is in the singlet electronic state, we do not expect any effect of unpaired electrons on the observed hyperpolarization. Dealing with radicals, however, care must be taken to exclude the possibility that the hyperpolarization effects are generated by a free radical mechanism such as the chemically induced dynamic nuclear polarization (CIDNP). In this phenomenon, the electron spins participate in the formation of the hyperpolarized state. To prove that potential formation of radical pairs in the process of $\\mathrm{H}_2$ activation is not responsible for the hyperpolarization effects reported here, we performed experiments using normal $\\mathrm{H}_2$ instead of parahydrogen. This test has unambiguously shown that normal $\\mathrm{H}_2$ does not lead to hyperpolarization effects, whereas parahydrogen does, proving the PHIP- based mechanism of the hyperpolarization.', 'Of the many hyperpolarization methods available, those based on para- hydrogen $(p - H)_2$ are straightforward to utilize.[1- 2] This is due to simple isolation of hydrogen gas enriched in its para form (up to $99\\%$ by cooling to low temperatures (28 K) in the presence of a spin exchange catalyst.[3] The para- isomer enrichment survives subsequent warming once it is no longer in the presence of the catalyst. It has been known since the 1980s that the spin order associated with $p\\mathrm{- H}_2$ can be transferred into other molecules after involvement in a symmetry breaking reaction.[4- 6] Initially, this was achieved via the hydrogenation of a target organic or metal complex and the MR signals of those product protons previously located in $p\\mathrm{- H}_2$ were significantly hyperpolarized as a consequence.[4- 6]', 'para- Hydrogen $(para - H_{2})$ is a reactive molecule in which the nuclear spins are aligned antiparallel as the linear combination $\\alpha \\beta - \\beta \\alpha$ and hence they exist in a pure singlet state. Upon reaction with para- $\\mathbf{\\cdot H}_{2}$ products with nonequilibrium states give rise to highly enhanced NMR signals that have been used to probe chemical reactivity in many different ways. Bowers and Weitekamp were the first to recognize the potential for NMR hyperpolarization using para- $\\mathbf{\\cdot H}_{2}$ . In 1986, they predicted that if para- $\\mathbf{\\cdot H}_{2}$ were used in a hydrogenation reaction, reaction products with a spin polarization on the order of unity could be created.29 They later confirmed, experimentally, that under conditions where the symmetry of the molecular para- $\\mathbf{\\cdot H}_{2}$ was broken through its transformation into chemically distinct proton environments in a product, signal enhancements in $\\mathrm{^1H}$ NMR spectra did indeed result.30 Subsequently they refined their approach to differentiate chemical transformations that proceed in a strong magnetic field (parahydrogen and synthesis allow dramatically enhanced nuclear alignment, PASADENA)30 from those proceeding in a low magnetic field prior to NMR detection in a strong magnetic field (adiabatic longitudinal transport after dissociation engenders net alignment, ALTADENA).31 The term PHIP (para- hydrogen induced polarization) has also been used in the literature to describe these effects more generally.32 Previous applications of PHIP have included detection of reaction products containing para- $\\mathbf{\\cdot H}_{2}$ derived protons in catalytic studies and in vivo.27,33- 39 Refinements of these methods called one- proton PHIP and signal amplification by reversible exchange (SABRE) have also been described.33,35,40']","['To prove that potential formation of radical pairs in the process of H2 activation is not responsible for the hyperpolarization effects reported here, we performed experiments using normal H2 instead of parahydrogen. This test has unambiguously shown that normal H2 does not lead to hyperpolarization effects, whereas parahydrogen does, proving the PHIP- based mechanism of the hyperpolarization.']","Based on the provided context, the difference arises due to the distinct nuclear spin states of **normal H₂** versus **parahydrogen (p-H₂)** and their role in symmetry-breaking reactions:  

1. **Parahydrogen (p-H₂)**:  
   - Exists in a pure **nuclear singlet state** (spin state: \(\alpha\beta - \beta\alpha\)), where the two proton spins are antiparallel.  
   - When p-H₂ participates in a symmetry-breaking reaction (e.g., hydrogenation), the singlet spin order is transferred to the product molecule. This creates **non-equilibrium spin populations**, leading to hyperpolarization (observed as enhanced NMR signals).  
   - This process is the basis of **PHIP (Para-Hydrogen Induced Polarization)**.  

2. **Normal H₂**:  
   - At room temperature, normal H₂ is a thermal mixture of ~75% **ortho-H₂** (triplet state, parallel spins) and ~25% **para-H₂** (singlet state).  
   - The triplet state of ortho-H₂ lacks the correlated singlet spin order required for PHIP.  
   - Experiments confirm that normal H₂ **fails to produce hyperpolarization** because:  
     - The mixed spin states prevent coherent transfer of spin order to reaction products.  
     - The absence of hyperpolarization with normal H₂ rules out alternative mechanisms (e.g., radical-based CIDNP).  

### Key Verification from Context:  
> *""This test has unambiguously shown that normal H₂ does not lead to hyperpolarization effects, whereas parahydrogen does, proving the PHIP-based mechanism.""*  

Thus, the **pure singlet spin state of parahydrogen** is essential for generating hyperpolarization via PHIP, while the mixed spin states in normal H₂ cannot produce this effect.","Because the hyperpolarization effects are generated by the PHIP-based mechanism, which is specific to parahydrogen and not applicable to normal H2.",0.436982770298889,0.7072309698859763,0.7692307692307693,0.9999999999666667,1.0
167,Why is a spin isomer interconversion catalyst necessary for rapid para-hydrogen (pH2) enrichment when cooling H2?,"['Spin isomer interconversion between $\\mathrm{OH_2}$ and $p\\mathrm{H}_2$ is ordinarily symmetry- forbidden. Simply cooling $\\mathrm{H}_{2}$ is therefore insufficient to rapidly enrich the para state. In the presence of an interacting paramagnetic species or suitable surface, the symmetry of the $\\mathrm{H}_{2}$ molecule is broken. Rapid $p\\mathrm{H}_2$ enrichment is thus achieved by cooling $\\mathrm{H}_{2}$ in the presence of a spin isomer interconversion catalyst, such as iron(III) oxide [108,109]. Following conversion, the para- enriched $\\mathrm{H}_{2}$ gas is separated from the catalyst and returned to room temperature, where it can be stored for weeks to months [110,111]. Whilst in most practical applications health and safety considerations mean that $p\\mathrm{H}_2$ is produced in small quantities for immediate use, $p\\mathrm{H}_2$ can be enriched and stored for later transport to an off- site location. This has the benefit of removing the need for an on- site $p\\mathrm{H}_2$ generator for $p\\mathrm{H}_2$ - enhanced NMR applications outside of the typical laboratory environment. A range of home- built $p\\mathrm{H}_2$ generators are described in the literature, employing either liquid nitrogen $(n_{p}\\approx 52\\%)$ [108,112- 114], or closed- cycle helium cooling $(n_{p} > 98\\%)$ [115- 117], and commercial $p\\mathrm{H}_2$ generators are available. When evaluating a $p\\mathrm{H}_2$ - based hyperpolarisation method for a potential application, there exists a compromise between the level of $p\\mathrm{H}_2$ enrichment required and the size and cost of the instrumentation. Closed- cycle helium cooled systems provide the highest $p\\mathrm{H}_2$ enrichment and hence largest signal enhancement (up to 3- fold over liquid nitrogen cooled systems) [118], but require more sophisticated equipment, which is both costly to procure and requires routine maintenance.', 'Of the many hyperpolarization methods available, those based on para- hydrogen $(p - H)_2$ are straightforward to utilize.[1- 2] This is due to simple isolation of hydrogen gas enriched in its para form (up to $99\\%$ by cooling to low temperatures (28 K) in the presence of a spin exchange catalyst.[3] The para- isomer enrichment survives subsequent warming once it is no longer in the presence of the catalyst. It has been known since the 1980s that the spin order associated with $p\\mathrm{- H}_2$ can be transferred into other molecules after involvement in a symmetry breaking reaction.[4- 6] Initially, this was achieved via the hydrogenation of a target organic or metal complex and the MR signals of those product protons previously located in $p\\mathrm{- H}_2$ were significantly hyperpolarized as a consequence.[4- 6]', ""Para- hydrogen is a spin isomer of $\\mathrm{H}_{2}$ , which is normally present at $25\\%$ , with the remainder being ortho- hydrogen.41 The conversion of ortho- $\\mathrm{H}_{2}$ to $p - \\mathrm{H}_{2}$ is relatively easy and cost effective. It requires the gas to be cooled and passed over a paramagnetic catalyst. With the paramagnetic catalyst removed, the $p - \\mathrm{H}_{2}$ enriched gas can subsequently be warmed and stored for long periods without loss of enrichment. In order to unlock the potential of $p - \\mathrm{H}_{2}$ , its symmetry must first be broken through a chemical reaction. Originally, this was achieved by the hydrogenation of a substrate of interest which placed nuclei that were in $p - \\mathrm{H}_{2}$ into the product.42- 45 In fact, this process has been exemplified for use with certain tagged glucose derivatives.46 However, the downside to this method is that it is not reversible due to the permanent nature of the chemical change. Conversely, SABRE is a reversible catalytic process that involves the transfer of nuclear spin order from the former $p - \\mathrm{H}_{2}$ molecule into a target substrate.31,47 This is achieved through its reversible ligation to a metal center, with the resulting active complex's asymmetry allowing transfer of polarization from $p - \\mathrm{H}_{2}$ derived hydride nuclei to the bound substrate. Substrate dissociation then leads to a build- up hyperpolarized substrate in free solution without change in its chemical identity. The SABRE technique is therefore completely reversible with the addition of fresh $p - \\mathrm{H}_{2}$ . The polarization it delivers is typically established on the order of tens of seconds, and is achieved outside the spectrometer in a small polarization transfer field (PTF) of around $0 - 10\\mathrm{mT}$ to satisfy the necessary resonance conditions for polarization transfer.41,48 Since the polarization is produced ex situ it is also independent of detection field, which means detection can occur on significantly cheaper benchtop devices.49- 51""]","['Spin isomer interconversion between oH2 and pH2 is ordinarily symmetry-forbidden. Simply cooling H2 is therefore insufficient to rapidly enrich the para state. In the presence of an interacting paramagnetic species or suitable surface, the symmetry of the H2 molecule is broken. Rapid pH2 enrichment is thus achieved by cooling H2 in the presence of a spin isomer interconversion catalyst, such as iron(III) oxide [108,109].']","Based on the provided context, a spin isomer interconversion catalyst is necessary for rapid para-hydrogen (pH₂) enrichment during H₂ cooling due to the following reasons:

1. **Symmetry prohibition**: The natural interconversion between ortho-hydrogen (oH₂) and para-hydrogen (pH₂) is symmetry-forbidden, meaning simple cooling alone cannot efficiently drive the conversion to the para state.

2. **Symmetry breaking requirement**: The catalyst (e.g., iron(III) oxide or other paramagnetic species) breaks the molecular symmetry of H₂. This disruption enables the normally forbidden spin isomer interconversion to occur rapidly at low temperatures.

3. **Kinetic acceleration**: Without the catalyst, enrichment through cooling alone would be impractically slow. The catalyst provides a pathway for rapid equilibration to the thermodynamically favored para state (up to >98% at 28 K).

4. **Practical implementation**: After conversion, the pH₂-enriched gas is separated from the catalyst and can be stored at room temperature for extended periods (weeks to months) without significant loss of enrichment.

This catalytic approach enables efficient pH₂ production for NMR hyperpolarization techniques like PHIP and SABRE, where high para-enrichment directly translates to significant signal enhancement.","A spin isomer interconversion catalyst, such as iron(III) oxide, is necessary because it breaks the symmetry of the H2 molecule, which is ordinarily symmetry-forbidden for spin isomer interconversion between ortho-hydrogen (oH2) and para-hydrogen (pH2). This symmetry breaking enables rapid enrichment of pH2 when H2 is cooled in the presence of the catalyst.",0.6299261234759566,0.9969618916636195,1.0,0.9999999999666667,1.0
168,Why do cysteine and S-methylcysteine suppress the catalytic hydrogenation of the Pra side chain in the investigated oligopeptides?,"['In accordance with the data obtained for 1, characteristic antiphase signals were found upon catalytic hydrogenation of the peptides bearing aliphatic and aromatic side chains (3- 6). Similar results were obtained for 7 comprising $\\epsilon$ - amino groups, 8 possessing carboxylic functions, and 9 provided with two $\\beta$ - hydroxyls. Interestingly, for the redox- active tripeptide $H\\cdot$ Cys- Pra- Cys- $NH_{2}$ (10), as well as for its $S$ - methylated variant $H\\cdot$ Cys(Me)- Pra- Cys(Me)- $NH_{2}$ (11), neither a polarized, nor a respective thermal signal of the anticipated hydrogenation product was observed. In contrast, the effect of PHIP was clearly recognized for the hydrogenation of $H\\cdot$ Met- Pra- Met- $NH_{2}$ (12), which may be considered as a homolog of 11, albeit with antiphase signals of moderate intensity. Although for the cysteine- based variant 10 a covalent interaction between the alkyne group and the cysteine thiols has to be considered,15 the ${}^{1}\\mathrm{H}$ NMR spectrum of 10 prior to the reaction clearly showed the presence of the terminal alkynic proton at $\\delta = 2.5$ ppm (see Fig. S34 in the ESI). Taken together, these first systematic results indicate that cysteine and $S$ - methylcysteine can suppress the catalytic hydrogenation of the Pra side chain in the investigated oligopeptides.', 'nucleophilic, and redox- active moieties within their side chains.Following isolation and characterization, the oligopeptides 3- 14 along with the individual amino acid building blocks 1 and 2 were subjected to the PHIP procedure using Rh(dppb)- $(\\mathrm{COD})\\mathrm{BF}_4$ as a catalyst. Preliminary studies proved that catalytic hydrogenation of Fmoc- Pra- OH (1) leads to hyperpolarized Fmoc- L- allylglycine (2). However, polarization was not observed upon successive hydrogenation of 2 (see Fig. S5 in the ESI). Fig. 2 exemplarily shows the ${}^{1}\\mathrm{H}$ NMR spectra of the tripeptide $H\\cdot$ Ala- Pra- Ala- $NH_{2}$ (4) upon hydrogenation with para- enriched hydrogen. The observed signal enhancements for all studied compounds are listed in Table 1. The hydrogenation of the cyclooctadienyl moiety of the catalyst was also observed (occurrence of the antiphase signals in the high field region of the ${}^{1}\\mathrm{H}$ NMR spectrum, see Fig. S2 in the ESI). The latter effect is in full accordance with previously reported findings.13c,14', 'The unsaturated side chain of L- propargylglycine (Pra) was used to study parahydrogen- induced polarization (PHIP) in synthetic oligopeptides. For the first time PHIP- induced NMR signal enhancement was demonstrated using model peptides bearing various functional side chains.']","['Interestingly, for the redox- active tripeptide  $H\\cdot$  Cys- Pra- Cys-  $NH_{2}$  (10), as well as for its  $S$ - methylated variant  $H\\cdot$  Cys(Me)- Pra- Cys(Me)-  $NH_{2}$  (11), neither a polarized, nor a respective thermal signal of the anticipated hydrogenation product was observed. Taken together, these first systematic results indicate that cysteine and  $S$ - methylcysteine can suppress the catalytic hydrogenation of the Pra side chain in the investigated oligopeptides.']","Based on the provided context, cysteine and S-methylcysteine suppress the catalytic hydrogenation of the propargylglycine (Pra) side chain in oligopeptides due to the following reasons:

1. **Redox activity and nucleophilic properties**:  
   Cysteine residues contain thiol groups (-SH) that are redox-active and nucleophilic. These groups can potentially form covalent interactions with the alkyne functionality in the Pra side chain, interfering with hydrogenation. This is supported by the observation that even S-methylcysteine (where -SH is modified to -SCH₃) still suppresses hydrogenation, suggesting the thioether group retains sufficient reactivity to disrupt catalysis.

2. **Experimental evidence**:  
   - No hydrogenation products were detected for the cysteine-containing tripeptide **10** (H·Cys-Pra-Cys-NH₂) or its S-methylated derivative **11** (H·Cys(Me)-Pra-Cys(Me)-NH₂), as neither polarized (PHIP) nor thermal NMR signals were observed.  
   - In contrast, hydrogenation occurred successfully in methionine-containing homolog **12** (H·Met-Pra-Met-NH₂), which lacks redox-active thiols but contains thioethers.  

3. **Exclusion of pre-reaction interference**:  
   The terminal alkynic proton (δ = 2.5 ppm) was detected in the ¹H NMR spectrum of **10** prior to hydrogenation, confirming the alkyne remained intact and unreacted before catalysis. This indicates suppression occurs during hydrogenation rather than via pre-reaction modifications.  

The suppression mechanism is attributed to interactions between the cysteine-derived side chains and the catalytic system (Rh(dppb)-(COD)BF₄), likely through coordination or redox processes that deactivate the catalyst or block substrate access. No such suppression occurred in peptides with non-thiol-containing residues (e.g., alanine, methionine, or carboxylic acid/amino-bearing side chains).","Cysteine and S-methylcysteine can suppress the catalytic hydrogenation of the Pra side chain in the investigated oligopeptides, as indicated by the absence of polarized or thermal signals for the redox-active tripeptide 10 and its S-methylated variant 11 upon hydrogenation, unlike other peptides.",0.5044196252087794,0.9553239549917368,0.7368421052631579,0.9999999999,1.0
169,Why does a partial conversion of para-hydrogen to ortho-hydrogen occur when a molecular complex of the type X-H2 is formed?,"['If one of these para- $\\mathrm{H}_{2}$ molecules reacts with the catalysts, a molecular complex of the type $\\mathrm{X - H_2}$ is formed, either by covalent binding or by the formation of hydrogen bonds or by unconventional bonds of the $\\eta^2$ - type. The three spins form a triangle, which is characterized by the two distance vectors $r_{\\mathrm{11S}}$ and $r_{12S}$ and the angle $\\beta$ between these distance vectors. In this complex an evolution of the initial density matrix occurs. In the course of this evolution a partial conversion of the parastate to the ortho- state occurs. When the bound state decays, this density matrix is transferred to the free dihydrogen state. Here fast phase relaxation destroys all coherences between the para- and the ortho- state and only the projections of the density matrix on the para- and ortho- subspaces survive. In other words, a part of the para- hydrogen is converted to orthohydrogen. In principle, one could also envision the opposite situation, namely that all molecules are prepared initially in the ortho- state. In this case part of the ortho- hydrogen is converted to para- hydrogen by the same mechanism. Finally we wish to note that thermodynamic effects are not included in the model. In a thermodynamic treatment which is beyond the scope of this paper, the calculated conversion rates will finally lead to a thermodynamic equilibrium between the para- and ortho- hydrogen.', '[](images/8fff685171ce7f925b866c1f62f2241caeb321d07cd765cf6e3dfc07f4c1dd10.jpg) \nFig.1 Schematic model of the ortho/para- $\\mathrm{H}_{2}$ conversion on solid surfaces. Left: starting from the initial para- $\\mathrm{H}_{2}$ state a complex of the type $\\mathrm{X - H_2}$ is formed. In this complex, the spin conversion of the hydrogen occurs. During the decay of the $\\mathrm{X - H_2}$ complex the projections on the para- and ortho-subspaces are formed, i.e. free para- $\\mathrm{H}_{2}$ and ortho- $\\mathrm{H}_{2}$ is formed. Right: schematic view of the different dihydrogen configurations and their spin states: Top: initially the two hydrogens are in the para-state, symbolized by antiparallel nuclear spins and short $\\mathrm{H - H}$ distance. Center: in the $\\mathrm{X - H_2}$ complex the bond between the two hydrogen atoms is weakened and a binding to the X-nucleus is formed. The spin system is characterized by the mutual dipolar and spin-spin interactions of the three nuclei. The density matrix is evolving with time and consequently the spin state is not defined in the complex. Bottom: after the decay of the complex the spins are either in the para- or the ortho-state.', 'Discussion\nDiscussionThe numerical calculations show that the quantum mechanical density matrix formalism allows the quantitative calculation of the ortho/para- hydrogen conversion in solid systems. Employing this formalism it is shown that dipolar spin- spin interactions cause an efficient conversion of para- hydrogen into ortho- hydrogen in the absence of a magnetic field. A necessary condition for the conversion is the breaking of the symmetry between the two hydrogen atoms. In the absence of a magnetic field this symmetry breaking is achieved by the dipolar interaction to a third spin $S$ . This dipolar interaction must be present for a time which is on the order of the inverse of the strength of the dipolar interaction, i.e. typically for $10^{- 5} - 10^{- 2}$ s or longer. Such a long lifetime necessarily implies the formation of a bound state between the dihydrogen and the $S$ spin. This bound state can be formed either by covalent binding to the $S$ spin or via hydrogen binding to the $S$ spin or by $\\eta^2$ - binding to the $S$ spin. Since the efficiency of the spin conversion depends on the bond angle, the observation of the conversion allows to draw conclusions about the structure of the complex formed during the conversion process.']","['If one of these para-H2 molecules reacts with the catalysts, a molecular complex of the type X-H2 is formed, either by covalent binding or by the formation of hydrogen bonds or by unconventional bonds of the η²-type. In this complex an evolution of the initial density matrix occurs. In the course of this evolution a partial conversion of the parastate to the ortho-state occurs. When the bound state decays, this density matrix is transferred to the free dihydrogen state. Here fast phase relaxation destroys all coherences between the para- and the ortho- state and only the projections of the density matrix on the para- and ortho- subspaces survive. In other words, a part of the para-hydrogen is converted to orthohydrogen.']","The partial conversion of para-hydrogen to ortho-hydrogen in a molecular complex of the type **X-H₂** occurs due to the following mechanism, as derived from the provided context:

### Key Mechanism:
1. **Symmetry Breaking via Third-Spin Interaction**:  
   - In the free para-H₂ state, the two hydrogen nuclei exhibit anti-parallel spins (singlet state), stabilized by symmetry.  
   - Upon forming the **X-H₂** complex (via covalent, hydrogen-bonded, or η²-type binding), a third spin (**S**, typically from a catalyst nucleus) interacts with the H₂ spins. This breaks the symmetry between the two hydrogen atoms.  

2. **Dipolar Spin-Spin Interactions**:  
   - The three spins (two H and **S**) form a triangular system characterized by distance vectors (\(r_{\mathrm{H1S}}\), \(r_{\mathrm{H2S}}\)) and the angle \(\beta\) between them.  
   - Dipolar interactions between the spins drive the evolution of the initial density matrix. This evolution mixes the para (singlet) and ortho (triplet) spin states during the complex's lifetime.  

3. **Time-Dependent Evolution**:  
   - The complex must persist for a duration comparable to the inverse of the dipolar interaction strength (typically \(10^{-5}\) to \(10^{-2}\) seconds). During this time, the spin system evolves, enabling partial conversion from the para-state to the ortho-state.  

4. **Decay of the Complex and Projection**:  
   - When the **X-H₂** complex dissociates, the density matrix is projected onto the para- and ortho-subspaces of free H₂.  
   - Phase relaxation destroys coherences between para and ortho states, leaving a mixture where some para-H₂ has been converted to ortho-H₂.  

### Critical Requirement:
- **Symmetry Breaking**: The dipolar interaction with the third spin (**S**) is essential to break the degeneracy of the H₂ spin states. Without this asymmetry (e.g., in isolated H₂ or symmetric environments), conversion cannot occur.  

### Thermodynamic Note:  
This model excludes thermodynamic effects; the conversion is purely driven by quantum spin dynamics in the bound state, not equilibrium conditions.  

For experimental relevance, this mechanism underpins techniques like **SABRE**, where reversible binding to a catalyst (e.g., Ir complex) enables polarization transfer via similar symmetry-breaking interactions.","The partial conversion occurs because the formation of the molecular complex (either by covalent binding, hydrogen bonds, or unconventional η²-type bonds) leads to an evolution of the initial density matrix. During this evolution, coherences between the para- and ortho-states are partially converted. When the bound state decays, the density matrix is transferred to the free dihydrogen state, where fast phase relaxation destroys coherences, leaving only the projections on the para- and ortho-subspaces, thus converting part of the para-hydrogen to ortho-hydrogen.",0.6043149482716645,0.935571388519616,0.7777777777777778,0.9999999999666667,1.0
170,Why does continuous hyperpolarization occur in a strongly J-coupled spin system?,"['Continuous hyperpolarization by coherent spin mixing in a strongly $J$ - coupled spin system can be understood using the density matrix formalism or, more intuitively, the picture of energy- level anticrossings (LACs; Figure 5).[44] LACs describe a state where the energy levels of the Zeeman eigenstates and the $J$ - coupling would cross. If there is a coupling between these states, the crossing is avoided, and a ""level anticrossing"" is formed.[45] At this LAC, mixing between the involved states occurs. This effect can be used to move the population of a given state to a desired state, for example, from the $\\mathsf{pH}_2$ spin order of the hydrides to an observable polarization of the substrate. Since the energy of the Zeeman states depends on the magnetic field, and $J$ -', 'Hyperpolarization is initially expected to be related to protons from the $\\mathbb{P} - \\mathrm{H}_2$ molecule, namely $\\mathrm{H_a}$ and $\\mathrm{H_b}$ . Nevertheless the strong coupling of $\\mathrm{H_b}$ with $\\mathrm{H_c}$ induces an appreciable amount of polarization transfer to this proton [10]. Additionally, $J$ - couplings with $\\mathrm{H_d}$ and $\\mathrm{H_e}$ are strong enough to modulate the $J$ - spectra, as shown in Table 1. Therefore, five spins were considered to build up the Hilbert space for the calculations.', ""In the three- spin system it is also the $\\mathrm{NH} - \\mathrm{J}$ couplings that drive the hyperpolarization transfer; here it is specifically the term $(J_{\\mathrm{HN}} - J_{\\mathrm{HN'}}) / (2\\sqrt{2})$ , which determines the rate of hyperpolarization transfer. Full derivation and additional details are given in the SI.""]","[""Continuous hyperpolarization by coherent spin mixing in a strongly J-coupled spin system can be understood using the density matrix formalism or, more intuitively, the picture of energy-level anticrossings (LACs; Figure 5).[44] LACs describe a state where the energy levels of the Zeeman eigenstates and the J-coupling would cross. If there is a coupling between these states, the crossing is avoided, and a 'level anticrossing' is formed.[45] At this LAC, mixing between the involved states occurs. This effect can be used to move the population of a given state to a desired state, for example, from the pH2 spin order of the hydrides to an observable polarization of the substrate.""]","Continuous hyperpolarization occurs in strongly J-coupled spin systems due to **energy-level anticrossings (LACs)**. The mechanism is explained as follows:  

1. **Energy-Level Avoided Crossings (LACs)**:  
   - At specific magnetic fields, the Zeeman eigenstates of nuclear spins and the J-coupling terms would normally have energy-level crossings.  
   - However, strong J-couplings induce **mixing between these states**, creating avoided crossings (LACs) instead of actual crossings.  
   - At LAC points, quantum states mix, enabling population transfer between spin states (e.g., from para-hydrogen spin order to substrate polarization).  

2. **Role of Magnetic Field Dependence**:  
   - Zeeman energy levels depend on the external magnetic field strength, while J-couplings are field-independent.  
   - By tuning the magnetic field, the system can be brought into resonance at LAC points, facilitating continuous polarization transfer via coherent spin mixing.  

3. **Multi-Spin Coupling Networks**:  
   - In systems like the described 5-spin network (e.g., H<sub>a</sub>, H<sub>b</sub>, H<sub>c</sub>, H<sub>d</sub>, H<sub>e</sub>), strong J-couplings (e.g., between H<sub>b</sub>–H<sub>c</sub>) enable polarization propagation beyond the initial para-hydrogen hydrides.  
   - For NH systems, hyperpolarization transfer is driven by specific J-coupling terms like \((J_{\mathrm{HN}} - J_{\mathrm{HN'}}) / (2\sqrt{2})\).  

In summary, LACs enable efficient, continuous transfer of spin order through J-coupled networks by exploiting magnetic-field-tuned state mixing.","Continuous hyperpolarization occurs due to coherent spin mixing at energy-level anticrossings (LACs), where the energy levels of Zeeman eigenstates and J-coupling would cross but are avoided due to coupling, leading to state mixing. This allows population transfer from one state to another, such as from pH2 spin order to substrate polarization, facilitated by adjusting the magnetic field to match the LAC condition.",0.8333804390050001,0.9690536640924444,0.9473684210526315,0.9999999999,1.0
171,"Why are the signal gains significantly reduced when diethyl (hydroxymethyl) phosphonate is exposed to 3 bar p-H2 in the presence of d34 = 2 and NH3, compared to 1-propanol or 3-methyl-1-butanol?","['Similarly, the SABRE- Relay polarization of $^{31}\\mathrm{P}$ nuclei is also achievable. When diethyl (hydroxymethyl) phosphonate was exposed to 3 bar $p - \\mathrm{H}_2$ in the presence of $d_{34} = 2$ and $\\mathrm{NH_3}$ a 30- fold signal enhancement is observed for the $^{31}\\mathrm{P}$ resonance after spontaneous polarization transfer at $70\\mathrm{G}$ Additionally, an 88- fold ${}^{1}\\mathrm{H}$ signal gain for the $\\mathrm{OCH}_2$ resonance was quantified. These signal gains are significantly reduced when compared to 1- propanol or 3- methyl- 1- butanol and may be indicative of the alcohol being too acidic for SABRE- Relay with $\\mathrm{NH_3}$ . A further screen of less basic carrier amines may thus yield improved results.', 'In contrast, when the results from shaking a solution of 1a with 6 equivalents of sodium pyruvate- 1,2- $[^{13}\\mathrm{C}_{2}]$ , and 10 equivalents of 1I under 3 bar $p - \\mathrm{H}_{2}$ in methanol- $d_{4}$ are compared to those achieved with 1a- $d_{22}$ an effect is seen; in this case all the protons in the NHC except the two in the imidazole ring are labelled with $^2\\mathrm{H}$ . This is reflected in a fall in the averaged free $^{13}\\mathrm{C}_{2}$ signal enhancement from 1085 to 875- fold although the bound pyruvate signals remain comparable at 515- fold and 535- fold respectively. When this measurement is repeated using 1a- $d_{24}$ these signal gains further decrease to 675 and 465- fold for free and bound pyruvate respectively. This suggests that $^2\\mathrm{H}$ labelling of the NHC is now detrimental to SABRE: a finding which is in direct contrast to commonly observed effects when $[\\mathrm{Ir}(\\mathrm{H})_{2}(\\mathrm{NHC}) - (\\mathrm{NSub})_{3}]\\mathrm{Cl}$ polarisation transfer catalysts are deuterated.31,34,61,62 We suggest this could be due to the effects of quadrupolar relaxation at the mG polarisation transfer field caused by the introduction of deuterium, whereas previous studies have typically employed G polarisation transfer fields.', '{}^{1}\\mathbf{H}$ signal gains under SABRE-Relay\nTo further understand the SABRE- Relay method, structurally complex alcohols were examined, including secondary and tertiary alcohols alongside other OH containing materials, as shown in Fig. 5. First, the regioisomeric alcohols 3- methyl- 1- butanol, 3- pentanol and 2- methyl- 2- butanol were polarized using the optimized SABRE- Relay conditions for propanol (5 mM of 1, 7 equivalents of ammonia and 5 equivalents of alcohol in dry dichloromethane- $d_{2}$ ). 3- Methyl- 1- butanol gave good ${}^{1}\\mathrm{H}$ signal gains with the $\\mathrm{OCH}_2$ signal now being 455- fold larger than the signal produced under Boltzmann conditions which is comparable to that of 1- propanol. Polarization is also']","['When diethyl (hydroxymethyl) phosphonate was exposed to 3 bar p-H2 in the presence of d34 = 2 and NH3 a 30-fold signal enhancement is observed for the 31P resonance after spontaneous polarization transfer at 70G Additionally, an 88-fold 1H signal gain for the OCH2 resonance was quantified. These signal gains are significantly reduced when compared to 1-propanol or 3-methyl-1-butanol and may be indicative of the alcohol being too acidic for SABRE-Relay with NH3.']","Based on the provided context, the significantly reduced signal gains observed for diethyl (hydroxymethyl) phosphonate under SABRE-Relay conditions (3 bar p-H₂, with d₃₄ = 2 and NH₃) compared to 1-propanol or 3-methyl-1-butanol are attributed to **the acidity of the alcohol**. Specifically:  

1. **Diethyl (hydroxymethyl) phosphonate** exhibited only a **30-fold enhancement** for ³¹P NMR and an **88-fold enhancement** for the OCH₂ protons under these conditions.  
2. The context explicitly states this reduction is because the alcohol is **""too acidic for SABRE-Relay with NH₃""**.  
3. In contrast, **3-methyl-1-butanol** (a less acidic alcohol) showed a much higher **455-fold enhancement** for its OCH₂ protons under identical SABRE-Relay conditions.  

### Key Reason:  
The acidity disrupts the polarization transfer mechanism, likely due to unfavorable proton exchange dynamics between the acidic alcohol and the ammonia carrier. The context suggests that using **less basic carrier amines** (instead of NH₃) may improve results for such acidic substrates.  

No other reasons (e.g., deuteration effects or field strength) are mentioned for this specific observation.","The signal gains are significantly reduced because the alcohol (diethyl (hydroxymethyl) phosphonate) may be too acidic for SABRE-Relay with NH3, which affects the polarization transfer efficiency.",0.517545534173875,0.8311938008301775,0.8181818181818182,0.9999999999,1.0
172,Why is hyperpolarization effective for imaging species of low concentration?,"['Indeed, hyperpolarization can provide the signal enhancement needed to image species of low concentration by enhancing $P$ by several orders of magnitude.[1] Thus, hyperpolarization holds promise to revolutionize clinical MR imaging and spectroscopy. Hyperpolarization techniques that derive their spin order from parahydrogen $(\\mathrm{pH}_2)$ offer a number of attractive advantages, including very low costs, low instrumentation demands, and rapid high- throughput, and scalable production of hyperpolarized (HP) agents in the liquid state.', 'The detection of molecular species with a low concentration $(< 1\\mathrm{mM})$ or a transient nature (lifetime $< 1s$ ), using Magnetic Resonance (MR) can be extremely challenging. This limitation stems from low MR sensitivity, which is related to low Boltzmann population differences between the nuclear spin energy levels interrogated by MR radio frequency excitation. Hyperpolarization can be used to improve sensitivity by generating non- Boltzmann population distributions within nuclear spin states and consequently yields MR signals that can be several orders of magnitude larger than those usually achieved.[1]', 'Nuclear magnetic resonance (NMR) and magnetic resonance imaging (MRI) are indispensable analytical and imaging techniques widely used in diverse scientific disciplines. However, their sensitivity in detecting low- concentration species remains a persistent challenge. To overcome this limitation, hyperpolarization techniques have emerged to boost signal intensities by aligning nuclear spins to obtain significantly higher polarization levels than thermal equilibrium. There are several hyperpolarization techniques, such as solid- state and dissolution dynamic nuclear polarization, chemically induced dynamic nuclear polarization, spin- exchange optical pumping, parahydrogen- induced polarization (PHIP), and signal amplification by reversible exchange (SABRE). Among these, SABRE hyperpolarization exhibits a rapid and efficient transfer of hyperpolarization, enabling the enhancement of target analytes within seconds, depending on the experimental conditions. In addition, this technique does not require helium liquefiers or sophisticated equipment, making it more accessible and cost- effective. Compared to PHIP, SABRE offers several benefits, including the capability for non- hydrogenation reactions via iridium catalysts and the potential for repeated, continuous hyperpolarization. Its versatility extends beyond N- heterocyclic compounds to other classes of substrates, such as sugars, amines, and alcohols, thus broadening its application scope in various research contexts.']","['Indeed, hyperpolarization can provide the signal enhancement needed to image species of low concentration by enhancing P by several orders of magnitude.']","Hyperpolarization is effective for imaging species of low concentration because it generates **non-Boltzmann population distributions** within nuclear spin states, dramatically enhancing MR signal intensity. Conventional NMR/MRI sensitivity is limited by small thermal equilibrium polarization differences between nuclear spin energy levels, making low-concentration species (<1 mM) or transient molecules (lifetimes <1 s) difficult to detect. Hyperpolarization overcomes this by boosting polarization (**P**) by **several orders of magnitude**, enabling the detection of otherwise invisible targets. 

Techniques like PHIP and SABRE achieve this by leveraging **parahydrogen (pH₂)** spin order to rapidly create hyperpolarized agents, significantly amplifying signal strength without requiring extreme temperatures or complex instrumentation. This signal enhancement revolutionizes clinical MR applications by making low-abundance molecular species observable.","Hyperpolarization is effective because it enhances the polarization (P) by several orders of magnitude, providing the signal enhancement needed to image species of low concentration.",0.4636606700946032,1.0,0.8125,0.9999999999666667,1.0
173,Why are signals for the dihydride based deactivation product 7 seen in NMR spectra?,"['In addition, signals for the dihydride based deactivation product 7 are seen in these NMR spectra because of the PHIP effect. This reflects the fact that its hydride ligands are magnetically distinct. As a consequence, 7 must undergo the', 'Catalyst degradation\nCatalyst degradationIn the hydride region of this methanol- $d_{4}$ sample, signals for the previously unseen catalyst degradation product $\\mathrm{[Pd(H)_2(\\mu^1 - bcope)(\\mu^2 - bcope)]}$ (7) are visible, as detailed in Fig. 2. 7 actually exhibits two overlapping hydride signals at $\\delta$ $- 8.59$ and $\\delta - 8.61$ that appear in a $1:1$ ratio and are separated by less than $10\\mathrm{Hz}$ on a $500~\\mathrm{MHz}$ spectrometer (Fig. 2). These hydride signals are visible for several minutes at $308~\\mathrm{K}$ and can be regenerated by adding fresh $p\\mathrm{- H_2}$ to the solution. They also remain visible in a double quantum filtered OPSYNMR experiment in accordance with their dihydride origin. The three $^{31}\\mathrm{P}$ NMR signals of this product were located at $\\delta$ 48.9, 48.2 and 19.2 in the corresponding PHIP enhanced heteronuclear multiple quantum correlation (HMQC) measurement. We note that the related complex $\\mathrm{(^{t}BuCOPE)Pd(H)_2}$ has been seen previously in dichloromethane- $d_{2}$ solution.20', '[](images/ef34c67a0efff8c873ab029f8fd4ca467457c255e754b6a66eace911fe29d653.jpg) \nFig.2 ${}^{1}\\mathrm{H}$ NMR spectrum showing the hydride signals for 5 and 7 that are visible through the PHIP effect.']","['In addition, signals for the dihydride based deactivation product 7 are seen in these NMR spectra because of the PHIP effect. This reflects the fact that its hydride ligands are magnetically distinct.']","The signals for the dihydride-based deactivation product **7** are observed in the NMR spectra due to the **Parahydrogen Induced Polarization (PHIP) effect**. This occurs because the two hydride ligands in complex **7** are **magnetically distinct**, meaning they occupy chemically inequivalent sites. As a result:  
- The PHIP effect enhances their NMR signals, making them detectable despite potential low concentration or rapid degradation.  
- The two hydride signals appear at δ −8.59 and δ −8.61 (1:1 ratio, separation <10 Hz at 500 MHz), consistent with their dihydride nature.  
- These signals persist for several minutes at 308 K and can be regenerated by adding fresh *p*-H₂, confirming their origin from para-hydrogen.  

This magnetic distinction is critical for PHIP, as it enables polarization transfer and signal amplification.","The signals for the dihydride based deactivation product 7 are seen in NMR spectra because of the PHIP effect, which reflects the fact that its hydride ligands are magnetically distinct.",0.3885152868236189,0.9740381348536586,0.5333333333333333,0.9999999999666667,1.0
174,What is the second step in the experimental protocol for handling pH2 addition and reaction monitoring?,"['container. To address the internal temperature gradient caused by $p\\mathrm{H}_2$ addition, an additional re- equilibration step was added into the experimental protocol. Following $p\\mathrm{H}_2$ addition, the sample was reinserted into the spectrometer, without shaking, and left for 10 minutes to re- equilibrate to the internal temperature of the spectrometer. This step is made possible by the slow diffusion of $p\\mathrm{H}_2$ into the solution across the liquid- gas interface within the NMR tube. The reaction monitoring experiment was performed on the spectrometer during this re- equilibration step and no PHIP activity was observed during the 10 minute re- equilibration window. Upon shaking in the thermally insulated sheath, the $p\\mathrm{H}_2$ effectively mixes into the solution and initiates the reaction, which can be monitored using the previously described NMR acquisition procedure. Through combination of these two modifications, a large reduction in temperature gradient was observed over the timescale of the reaction monitoring experiment (the blue data set in Fig. 5) with the temperature range observed only spanning $0.9^{\\circ}\\mathrm{C}$ (between 27.6 and $28.5^{\\circ}\\mathrm{C}$ ). Using this improved procedure, the average $k_{2}$ rate constant now increases to $(0.89 \\pm 0.03)$ $\\mathrm{dm}^3\\mathrm{mol}^{- 1}\\mathrm{s}^{- 1}$ which is in good agreement with the value expected from literature. The increased rate constant compared to prior studies is expected as the low initial temperatures of the original procedure would skew the observed rate constant to lower values.', ""These reactions can be studied by monitoring the uptake of hydrogen or by the observation of PHIP in the ${}^{1}\\mathrm{H}$ NMR spectrum of the product. When $\\mathrm{Rh}(\\mathrm{PPh}_3)_3\\mathrm{Cl}$ (1; also called Wilkinson's catalyst) is used, the oxidative addition of hydrogen to the rhodium center occurs reversibly in the first step of the catalytic cycle (Scheme 1); when a cationic catalyst, such as $[\\mathrm{Rh}(\\mathrm{COD})(\\mathrm{PPh}_3)_2]^{+}\\mathrm{PF}_6^{- }$ (2; $\\mathrm{COD} =$ cyclooctadiene), is used, the oxidative addition of hydrogen to the rhodium center occurs irreversibly in the second step of the catalytic cycle (Scheme 2)."", 'For this reaction monitoring procedure to be robust, the rate constant must be independent of the precise $\\% p\\mathrm{H}_2$ used. This ensures that the approach can be used to determine kinetic information regardless of the parahydrogen generator being employed and the exact $\\% p\\mathrm{H}_2$ that is achievable - a crucial quality required of the technique to ensure results can be replicated across different experimental setups. To investigate this, the reaction monitoring experiment was repeated using variable $\\% p\\mathrm{H}_2$ enrichment levels. The different enrichment levels (between $99\\%$ and $60\\%$ ) were created by changing the temperature of the $p\\mathrm{H}_2$ generator, using the procedure described by Richardson et al. At each $\\% p\\mathrm{H}_2$ enrichment level, the reaction was repeated three times and the resulting $k_{2}$ rate constants are given in Table 2. The full dataset, along with the temperatures used to generate each $\\% p\\mathrm{H}_2$ enrichment level, are given within the ESI.']","['Following pH2 addition, the sample was reinserted into the spectrometer, without shaking, and left for 10 minutes to re-equilibrate to the internal temperature of the spectrometer.']","Based on the provided context, the second step in the experimental protocol for handling \(p\mathrm{H}_2\) addition and reaction monitoring is:  

**Reinserting the sample into the spectrometer without shaking and allowing it to re-equilibrate for 10 minutes.**  

This step addresses the internal temperature gradient caused by \(p\mathrm{H}_2\) addition. During this 10-minute re-equilibration:  
- The sample thermally equilibrates to the spectrometer's internal temperature.  
- No PHIP activity is observed, as \(p\mathrm{H}_2\) diffusion across the liquid-gas interface is slow and non-reactive without mixing.  
- Temperature stabilization is achieved (reducing gradients to ≤0.9°C), which is critical for accurate kinetic measurements.  

The reaction is only initiated afterward by shaking the sample in a thermally insulated sheath to mix \(p\mathrm{H}_2\) into the solution, followed by NMR monitoring.",Reinsert the sample into the spectrometer without shaking and leave for 10 minutes to re-equilibrate.,0.39051495405754233,0.9248906192240693,0.9090909090909091,0.9999999999,1.0
175,Why do the spectra transition from J-coupling-dominated to Zeeman-dominated ZULF-NMR spectra in the examined range of magnetic fields?,"['ZULF NMR at varying detection fields\nA sweep of the detection field was conducted (Fig. 4) ranging from 0 to $1\\mu \\mathrm{T}$ , corresponding to $^{13}\\mathrm{C}$ frequencies between 0 and $10\\mathrm{Hz}$ , while the polarization field remained constant at $0.4\\mu \\mathrm{T}$ (Fig. 4). In the examined range of magnetic fields, the spectra transition from $J$ - coupling- dominated ZF- spectra to Zeeman- dominated ZULF- NMR spectra with more complex structure in the intermediate regime in which $J$ - couplings and Zeeman interactions are of the same order of magnitude. We note that at $42\\mathrm{nT}$ , the frequency difference between $^{13}\\mathrm{C}$ and $^{1}\\mathrm{H}$ is equal to the $J$ - coupling interaction of $1.25\\mathrm{Hz}$ between the heteronucleus and the terminal protons in the methyl group of pyruvate. At ZF, we primarily observe two lines, one at $1\\times J_{\\mathrm{CH}}$ and the other at $2\\times J_{\\mathrm{CH}}$ as expected from the analysis provided above. In the experimental ZF spectrum, some small additional splitting is observed as there may have been a small residual field. The acquisition of very low- frequency $(< 1\\mathrm{Hz})$ data with the QuSpin magnetometers is challenging due to slow drifts of the magnetometer signal following rapid changes of the magnetic field that were required to switch from polarization field to detection field, which may contribute to peak splitting.', 'ABSTRACT\nHyperpolarized $[1 - ^{13}\\mathrm{C}]$ pyruvate is the leading metabolite used in the emerging field of hyperpolarization- enhanced MRI. Signal amplification by reversible exchange (SABRE) is a straight forward hyperpolarization method that has recently been shown to hyperpolarize $[1 - ^{13}\\mathrm{C}]$ pyruvate at low (microtesla and below) magnetic fields. Here, we show that commercial optical magnetometers with Rb- vapor media can be used to readily monitor the build- up and decay of the hyperpolarized MR signal. In addition, we measure ZULF- NMR spectra in various conditions, ranging from a $J$ - coupling- dominated regime transitioning into a Zeeman- dominated regime when going from a sub- nT field to a $\\mu \\mathrm{T}$ field. The experimentally acquired spectra are matched well by numerical simulations.', 'Hyperpolarization generated with SABRE- SHEATH of $[1 - ^{13}\\mathrm{C}]$ pyruvate (1- Py) and $[2 - ^{13}\\mathrm{C}]$ pyruvate (2- Py) has recently been shown to be ample enough for in vivo metabolic imaging studies at high field [34,35]. It also generates sufficient signal amplitude to measure, with high sensitivity and resolution, NMR spectra from zero to $1 \\mu \\mathrm{T}$ , allowing for characterization at ZULF. Over increasing magnetic field, we have observed how the spectra changes: at zero field, the NMR spectrum is dominated by $J$ coupling [36- 40], with increasing field, the lines move apart and additional signals are observed, and at $1 \\mu \\mathrm{T}$ and higher, the ${}^{1}\\mathrm{H}$ and $^{13}\\mathrm{C}$ signals of pyruvate begin to resemble high- field spectra, becoming dominated by Zeeman interactions.']","['In the examined range of magnetic fields, the spectra transition from J-coupling-dominated ZF-spectra to Zeeman-dominated ZULF-NMR spectra with more complex structure in the intermediate regime in which J-couplings and Zeeman interactions are of the same order of magnitude.']","The transition in the spectra from **J-coupling-dominated** to **Zeeman-dominated** regimes across the magnetic field range (0 to 1 μT) occurs due to the **relative magnitudes** of the J-coupling interactions and Zeeman interactions, as follows:

### 1. **Zero-Field Regime (J-Coupling Dominated)**  
   - At **0 field**, the Zeeman interaction (spin interactions with the external magnetic field) is negligible.  
   - The NMR spectrum is **solely governed by J-couplings** (scalar spin-spin couplings), resulting in simplified spectral lines (e.g., peaks at \(1 \times J_{\text{CH}}\) and \(2 \times J_{\text{CH}}\) for pyruvate).  
   - This is because J-couplings are field-independent and dominate when \(B \approx 0\).  

### 2. **Intermediate Regime (Mixed Interactions)**  
   - In low fields (e.g., **sub-nT to tens of nT**), the Zeeman interaction energy becomes **comparable to J-coupling energy**.  
   - For example, at **42 nT**, the \(^{13}\text{C}\)–\(^{1}\text{H}\) Zeeman frequency difference equals the J-coupling (\(J_{\text{CH}} = 1.25 \, \text{Hz}\)).  
   - Here, both interactions compete, leading to **complex spectral structures** (e.g., additional splittings and shifted peaks).  

### 3. **Higher-Field Regime (Zeeman Dominated)**  
   - At fields approaching **1 μT**, the Zeeman interaction **exceeds** J-couplings (e.g., \(^{13}\text{C}\) Larmor frequency reaches \(10 \, \text{Hz}\)).  
   - The spectra begin resembling **high-field NMR**, where Zeeman interactions dictate energy levels and transitions (e.g., distinct \(^{1}\text{H}\) and \(^{13}\text{C}\) resonances).  

### Key Driver: **Energy Scale Competition**  
   - **J-couplings** are **field-independent** (fixed magnitude, e.g., \(J_{\text{CH}} = 1.25 \, \text{Hz}\) for pyruvate).  
   - **Zeeman interactions** scale **linearly with the magnetic field** (energy \(\propto \gamma B\), where \(\gamma\) is the gyromagnetic ratio).  
   - Thus, as \(B\) increases from 0 to 1 μT, Zeeman interactions grow from negligible to dominant, altering the spectral appearance.  

This behavior is experimentally observed in hyperpolarized \([1\text{-}^{13}\text{C}]\) pyruvate ZULF-NMR spectra and corroborated by numerical simulations.","The spectra transition occurs because, in the examined range of magnetic fields, the interactions transition from being dominated by J-couplings at zero field to being dominated by Zeeman interactions at higher fields, with a complex structure in the intermediate regime where both J-couplings and Zeeman interactions are of the same order of magnitude.",0.3569043991625203,0.8540605954533421,1.0,0.9999999999666667,1.0
176,What is the third step in the experimental procedure described?,"['III. EXPERIMENTAL', '3. Experimental section', 'Experimental Section\nThe precatalyst, [Ir(IMes)(COD)Cl] (COD stands for 1,5- cyclooctadiene), was synthesized using the procedure described in reference[18] and $^{15}\\mathbb{N}$ - enriched ABZ was synthesized as described in']","['The solution was first precooled to $0^\\circ \\mathrm{C}$ for a minute, placed in a polarization transfer field (PTF) of $0.4\\mu \\mathrm{T}$ and bubbled at room temperature $(\\sim 20^{\\circ}\\mathrm{C})$ with a flow rate of 120 sccm.']","Based on the provided information, the question cannot be answered. The experimental section only references synthesis procedures from external sources ([18] for the precatalyst and an unspecified method for $^{15}\mathrm{N}$-enriched ABZ), but does not explicitly list any step-by-step experimental procedures.",The third step is placing the solution in a polarization transfer field (PTF) of 0.4μT and bubbling at room temperature.,0.12981682178478693,0.0,0.8,0.0,0.0
177,Why does the QUASR-SABRE signal exhibit a strong dependence on the duration of the pulse (τPULSE) and the duration of the delay (τDELAY)?,"['All three molecules studied exhibited a clear and strong dependence of the $^{15}\\mathrm{N}$ QUASR- SABRE signal on the duration of the pulse $(\\tau_{\\mathrm{PULSE}})$ and the duration of the delay $(\\tau_{\\mathrm{DELAY}})$ (Figures S2a, S3a, and S3b and Figures S4a, S2b, S3c, and S4b, respectively. This strong dependence is likely due to the dynamics and kinetics of the substrate and $p\\text{- H}_2$ exchange on the catalyst. When the $\\tau_{\\mathrm{PULSE}}$ and $\\tau_{\\mathrm{DELAY}}$ are in sync with chemistry of exchange, the maximum QUASR- SABRE signal may be achieved. However, we note that the QUASR- SABRE signal has very complex dependence on $\\tau_{\\mathrm{PULSE}}$ and $\\tau_{\\mathrm{DELAY}}$ For example, the $\\tau_{\\mathrm{PULSE}}$ curves for acetonitrile $\\mathrm{- ^{15}N}$ are vastly different at $\\tau_{\\mathrm{DELAY}}$ of $2\\mathrm{ms}$ (Figure S3a) and $\\tau_{\\mathrm{DELAY}}$ of $33~\\mathrm{ms}$ (Figure S3b). Future theoretical work is certainly warranted to study this complex behavior of the QUASR- SABRE effect, which is outside of the scope of this first phenomenological report.', 'ABSTRACT: Here we present the feasibility of NMR signal amplification by reversible exchange (SABRE) using radio frequency irradiation at low magnetic field $(0.05\\mathrm{T})$ in the regime where the chemical shifts of free and catalyst- bound species are similar. In SABRE, the $^{15}\\mathrm{N}$ containing substrate and parahydrogen perform simultaneous chemical exchange on an iridium hexacoordinate complex. A shaped spin- lock induced crossing (SLIC) radio frequency pulse sequence followed by a delay is applied at quasi- resonance (QUASR) conditions of $^{15}\\mathrm{N}$ spins of a $^{15}\\mathrm{N}$ enriched substrate. As a result of this pulse sequence application, $^{15}\\mathrm{N}$ z magnetization is created from the spin order of parahydrogen- derived hyperpolarized hydrides. The repetition of the pulse sequence block consisting of a shaped radio frequency pulse and the delay leads to the buildup of $^{15}\\mathrm{N}$ magnetization. The modulation of this effect by the irradiation frequency, pulse duration and amplitude, delay duration, and number of pumping cycles was demonstrated. Pyridine- $^{15}\\mathrm{N}$ , acetonitrile- $^{15}\\mathrm{N}$ , and metronidazole- $^{15}\\mathrm{N}_2 - ^{13}\\mathrm{C}_2$ substrates were studied representing three classes of compounds (five- and six- membered heterocycles and nitrile), showing the wide applicability of the technique. Metronidazole- $^{15}\\mathrm{N}_2 - ^{13}\\mathrm{C}_2$ is an FDA- approved antibiotic that can be injected in large quantities, promising noninvasive and accurate hypoxia sensing. The $^{15}\\mathrm{N}$ hyperpolarization levels attained with QUASR- SABRE on metronidazole- $^{15}\\mathrm{N}_2 - ^{13}\\mathrm{C}_2$ were more than 2- fold greater than those with SABRE- SHEATH (SABRE in shield enables alignment transfer to heteronuclei), demonstrating that QUASR- SABRE can deliver significantly more efficient means of SABRE hyperpolarization.', 'The QUASR- SABRE pulse sequence was applied in a regime where there is extreme coherent coupling between each consecutive QUASR pulse, which arises when the delay is much shorter than the lifetime of the species (typically $\\sim 2.5$ ms). In such a regime, the dynamics generated by the pulse sequence are far from intuitive. Given that the ortho- protons of the pyridine are $\\sim 100\\mathrm{Hz}$ offset in resonance from the parahydrogen- derived hydrides, this spin system effectively reduces to an $\\mathrm{AA^\\prime XX^\\prime}$ spin system, for which the SABRE dynamics have been characterized extensively. During the first pulse, very little hyperpolarized signal is generated until the pulse power approaches the LAC condition, given by $\\omega_{1\\mathrm{F}} / 2\\pi = {}^2 J_{\\mathrm{HH}}$ Given the short $2\\mathrm{ms}$ interpulse delay, the beginning of each subsequent QUASR pulse induces large coherent oscillations at the, albeit time- dependent, nutation frequency. The relatively large signal produced with a $20\\mathrm{ms}$ QUASRpulse $+2\\mathrm{ms}$ delay) $30$ train corresponds to when the coherent oscillations halt coincident with an effective $(2n + 1)\\pi$ pulse in the hyperpolarization dynamics, giving the largest deviation from equilibrium. The optimal $2\\mathrm{ms}$ delay was surprising, given that other pulsed techniques find the optimal interpulse delay at times on the order of $100\\mathrm{ms}$ However, given that the QUASR- pulse power is so off- resonance from the SLIC matching condition, only a small amount of polarization may be generated from each pulse; thus, not requiring significant parahydrogen exchange, the interpulse delay can be largely decreased to afford larger signals in this experiment. Interestingly, the maximum observed in Figure 4c is recovered only when the nonlinearities in the pulse shape are reintroduced into the simulation.']","['All three molecules studied exhibited a clear and strong dependence of the 15N QUASR- SABRE signal on the duration of the pulse (τPULSE) and the duration of the delay (τDELAY) (Figures S2a, S3a, and S3b and Figures S4a, S2b, S3c, and S4b, respectively. This strong dependence is likely due to the dynamics and kinetics of the substrate and p- H2 exchange on the catalyst. When the τPULSE and τDELAY are in sync with chemistry of exchange, the maximum QUASR- SABRE signal may be achieved.']","The strong dependence of QUASR-SABRE signal on pulse duration (τPULSE) and delay duration (τDELAY) is primarily attributed to two interconnected factors:

1.  **Chemical Exchange Dynamics:** The signal depends critically on the synchronization of τPULSE and τDELAY with the kinetics of substrate and parahydrogen (p-H₂) exchange on the iridium catalyst. Maximum signal amplification occurs when these timing parameters align with the chemical exchange processes.

2.  **Complex Coherent Spin Dynamics:** In the QUASR-SABRE regime (low field, ~0.05 T), where chemical shifts of free and bound species are similar and τDELAY is short (typically ~2 ms, much shorter than the substrate lifetime of ~2.5 ms), extreme coherent coupling occurs between consecutive QUASR pulses. This results in:
    *   Large coherent oscillations at a time-dependent nutation frequency initiated by each pulse.
    *   The optimal signal arises when the coherent oscillations halt coincident with an effective (2n+1)π pulse condition in the hyperpolarization dynamics.
    *   The very off-resonance nature of the QUASR pulse relative to the SLIC matching condition means only a small amount of polarization is generated per pulse. This allows for significantly shorter optimal τDELAY (e.g., 2 ms) compared to other pulsed techniques (typically ~100 ms), as less parahydrogen exchange is required between pulses.

The observed complex dependence (e.g., vastly different τPULSE curves for different τDELAY values) and the critical role of pulse shape nonlinearities highlight that the underlying dynamics are intricate and warrant further theoretical investigation.","The strong dependence is likely due to the dynamics and kinetics of the substrate and p-H2 exchange on the catalyst. When τPULSE and τDELAY are in sync with the chemistry of exchange, the maximum QUASR-SABRE signal may be achieved.",0.5147245087951542,0.9650194114371399,1.0,0.99999999995,1.0
178,Why is the PASADENA RASER produced in the PR- inside experiments chaotic?,"['Because of that, $\\mathrm{H_B}$ signal components reach the magnetization threshold faster than $\\mathrm{H_A}$ signal components and initiate RASER (spin order transformations happen, $|I_{\\mathrm{z}}S_{\\mathrm{z}}\\rangle \\rightarrow |I_{\\mathrm{z}}S_{\\mathrm{x}}\\rangle$ , where $I$ and $S$ represent nuclear spins of $\\mathrm{H_A}$ and $\\mathrm{H_B}$ , respectively)The line shapes of $1a$ and $1b$ signals in the NMR spectra acquired during the relaxation of the corresponding sample resemble the $|I_{\\mathrm{z}} - S_{\\mathrm{z}}\\rangle$ spin order (Supplementary Fig11)This demonstrates that $\\mathrm{H_B}$ - initiated RASER further converts $|I_{\\mathrm{z}}S_{\\mathrm{z}}\\rangle$ and $|I_{\\mathrm{z}}S_{\\mathrm{x}}\\rangle$ spin orders into $|I_{\\mathrm{z}} - S_{\\mathrm{z}}\\rangle$ Because $\\mathrm{H_A}$ is positively polarized its appearance in the RASER signal becomes impossibleHence, the main reason for the chaoticity of PASADENA RASER produced in the PR- inside experiments is the initial high rate of $p\\mathrm{- H_2}$ bubbling while the sample is inside the NMR probe.', 'While the phenomena observed in both PASADENA and ALTADENA conditions were generally reproducible, the finer details of the RASER signals (order of appearance of the frequencies, appearance or absence of certain weak RASER signals, etc.) were found to be specific for each experiment. This is mainly influenced by varying chemical conversion/molar polarization; in PASADENA inside the RF- coil RASER experiments the chaotic evolution of magnetization also leads to a high degree of variability in RASER patterns.', 'Comparative PR- above experiments revealed two significantly different patterns of RASER bursts (Supplementary Note 5). RASER signals produced by HP products 2- 4 consisted of separate gradually diminishing bursts of 2b- 4b signals with additional bursts of 4c for 4 (Supplementary Fig. 3c- h); this behavior is in full accordance with expectations for PASADENA RASER. On the other hand, the PASADENA RASER of 1 produced by PR- above protocol consisted of a very strong first burst of $1a$ and $1b$ lasting for $1\\mathrm{s}$ (the burst also includes weak $1d$ signal, most likely, due to cross- relaxation) and a separate RASER of $1c$ signal emerging only after ca. $30\\mathrm{s}$ and lasting over 1 min after that. This pattern of signals was successfully reproduced for HP product 1 during the PR- above experiment on another day, so this behavior is likely caused by higher chemical conversion of $\\mathbf{1}^{\\prime}$ compared to $2^{\\prime}$ and $3^{\\prime}$ . Higher chemical conversion leads to larger molar polarization of nascent $\\mathrm{H_A}$ and $\\mathrm{H_B}$ protons which results in stronger PRINOE- mediated polarization of the $1c$ proton. The emergence of the 4c signal in the RASER of 4 supports this hypothesis, as chemical conversion in this experiment was also significant.']","['Because HA is positively polarized its appearance in the RASER signal becomes impossible. Hence, the main reason for the chaoticity of PASADENA RASER produced in the PR- inside experiments is the initial high rate of p-H2 bubbling while the sample is inside the NMR probe.']","The chaotic behavior of the PASADENA RASER in PR-inside experiments is primarily attributed to the **initial high rate of *p*-H₂ bubbling** while the sample is positioned inside the NMR probe. This rapid bubbling induces chaotic evolution of magnetization, leading to significant variability in RASER signal patterns (e.g., order of frequency appearance, presence/absence of weak signals). The variability arises from fluctuations in chemical conversion and molar polarization during the experiment.  

This explanation is based on experimental observations where the high bubbling rate disrupts the coherent transformation of spin orders (e.g., \(|I_{\mathrm{z}}S_{\mathrm{z}}\rangle \rightarrow |I_{\mathrm{z}}S_{\mathrm{x}}\rangle\)), resulting in unpredictable RASER dynamics.",The main reason for the chaoticity of PASADENA RASER produced in the PR- inside experiments is the initial high rate of p-H2 bubbling while the sample is inside the NMR probe.,0.4668489722014787,0.9217949250415195,0.8,0.9999999999,1.0
179,Why do polarization losses occur during the time-of-flight of products from the reactor to the NMR probe?,"['Indeed, in ALTADENA experiments, there is a time delay between the formation of hyperpolarized products and their NMR signal detection while the produced gaseous products are flowing from the reactor to the NMR probeAs this delay (time- of- flight) cannot be made infinitely short, polarization losses caused by nuclear spin relaxation during time- of- flight can measurably reduce the NMR signal enhancement factors even at the highest gas flow rates usedIn addition, the effect of non- adiabaticity of the magnetic field change as experienced by hyperpolarized propene during the time- of- flight41 was not taken into account.', 'Currently, the main source of signal loss is caused by the finite amount of time required for the sample to reach the NMR detector once leaving the polariser chamber. The necessity for an optimized time of flight has been recently highlighted for hyperpolarised gases undergoing a parahydrogen- driven enhancement under constant flow conditions in tightly packed catalytic beds.34 The same phenomenon is clearly visible in the experiments performed with the presented setup and, as discussed next, it is largely due to the interplay between polarisation buildup inside the contactor unit and $T_{1}$ relaxation during transport to the detector. Fig. 5 reports polarisation levels as a function of sample flow through the system and illustrates the issue: if the flow rate is lower than a certain threshold, much of the polarisation generated in the contactor module is lost via nuclear- lattice $T_{1}$ relaxation while sample volume elements flow towards the detector area. Conversely, if the flow rate is much higher than the threshold, polarisation buildup is hindered by the low residence time of the sample in the meandering channel. An optimal polarisation level is achieved by restricting the flow rate between these two regimes. In our specific case, this condition corresponds to flow rates in the range $40–80~\\mu \\mathrm{L}\\mathrm{min}^{- 1}$ .', ""The only reaction products of propyne hydrogenation over the Pd catalysts studied here were propene and propaneThe values of propyne conversion, selectivity to propene, and ${}^{1}\\mathrm{H}$ NMR signal enhancement (SE) factors evaluated for the CHproton of propene are shown in Tables 1 and 2 for $\\mathrm{Pd_1 / ND@}$ G and $\\mathrm{Pd}_{\\mathrm{n}} / \\mathrm{ND}@\\mathrm{G}$ catalysts, respectivelyTo examine the catalytic activity, the catalysts were tested at a gas flow rate of $25\\mathrm{mL}_{\\mathrm{n}} / \\mathrm{min}$ It should be noted that at this flow rate, the observed NMR signals are no longer enhanced due to efficient spin relaxation of hyperpolarization during the delivery of the gas from the reactor, where the polarized products are formed, to the NMR spectrometer where they are detectedHere, the so- called ALTADENA experimental protocol was applied40 in which the hydrogenation products are formed in the Earth's magnetic field and then the resulting mixture is supplied to an NMR spectrometer for detectionUnder such conditions, observation of PHIP effects requires higher gas flow rates compared to those in catalytic activity tests in order to significantly reduce the time- of- flight of hyperpolarized products from the reactor to the NMR probeTherefore, for the evaluation of the NMR signal enhancement factors, the catalysts were also tested at a flow rate of $220~\\mathrm{mL}_{\\mathrm{n}} / \\mathrm{min}$ .At the same time, it should be noted that even the enhancement factors evaluated at this much higher gas flow rate and presented in Tables 1 and 2 are still the lower estimatesIndeed, in ALTADENA experiments, there is a time delay between the formation of hyperpolarized products and their NMR signal detection while the produced gaseous products are flowing from the reactor to the NMR probe""]","['As this delay (time-of-flight) cannot be made infinitely short, polarization losses caused by nuclear spin relaxation during time-of-flight can measurably reduce the NMR signal enhancement factors even at the highest gas flow rates used. In addition, the effect of non-adiabaticity of the magnetic field change as experienced by hyperpolarized propene during the time-of-flight was not taken into account.']","Polarization losses occur during the time-of-flight from the reactor to the NMR probe due to two primary mechanisms:  

1. **Nuclear spin relaxation ($T_1$ relaxation)**  
   During transit, hyperpolarized nuclei undergo spin-lattice relaxation ($T_1$), which irreversibly degrades polarization. This loss is flow-rate-dependent:  
   - At **low flow rates**, prolonged transit maximizes $T_1$-driven signal decay.  
   - At **excessively high flow rates**, polarization buildup is incomplete due to insufficient reactor residence time.  
   Optimal flow rates (e.g., 40–80 μL·min⁻¹ in the described setup) balance these competing effects.  

2. **Non-adiabatic magnetic field transitions**  
   Hyperpolarized species experience magnetic field changes during transport. If these changes are non-adiabatic, they cause depolarization. This effect is not always fully mitigated, even at high flow rates.  

### Experimental Evidence  
- In ALTADENA experiments, signal loss persists even at 220 mLₙ·min⁻¹ flow rates due to unavoidable time-of-flight delays.  
- Figure 5 demonstrates that flow rates below a critical threshold (e.g., <40 μL·min⁻¹) exhibit severe polarization loss from $T_1$ relaxation.  

> ⚠️ **Note**: These losses mean reported NMR signal enhancements (e.g., in Tables 1/2) are *lower-bound estimates*, as full polarization is never retained at practical flow rates.","Polarization losses occur due to nuclear spin relaxation during the time-of-flight, which cannot be made infinitely short, and the effect of non-adiabaticity of the magnetic field change experienced by hyperpolarized propene during this period.",0.5394451017763293,0.922524510528754,1.0,0.8333333332916666,1.0
180,Why do side reactions like olefin isomerization and over-reduction need to be suppressed in catalytic trans-hydrogenation?,"['Catalytic trans- hydrogenation constitutes a favorable alternative to dissolving metal reductions of alkynes[17] and as such holds the promise of being highly enabling. Yet, its full potential can only be harnessed if side reactions, such as olefin isomerization and over- reduction, are suppressed.[8,9] To this end, a better understanding of the entire reaction manifold—including the competing pathways—will be necessary. Therefore, we embarked on a mechanistic study that commenced with NMR investigations using para- hydrogen $(\\mathrm{p - H}_{2})$ induced polarization (PHIP) transfer. This hyperpolarization method has the potential of selectively enhancing the signals originating from the reacting $\\mathrm{H}_{2}$ by up to four orders of magnitude over the conventional Boltzmann- governed NMR polarization.[18] This massive effect allows the fate of the hydrogen nuclei to be surveyed and (fleeting)[19] intermediates to be detected, characterized, and tracked—provided that the H atoms are transferred in a pairwise fashion; moreover, they have to be magnetically inequivalent and mutually coupled.[20,21] In the present study, the spectra were recorded at 11.7 T (500 MHz ${}^{1}\\mathrm{H}$ ) using zero- field (ALTADENA)[18b] and high- field (PASADENA)[18c] experiments with a double- quantum OPSY filter introduced in all pulse sequences.[22]', 'Olefin isomerization and over- reduction are the most serious side reactions that compete with trans- hydrogenation. These transformations largely derive from piano- stool $\\mathrm{Cp^{*}Ru}$ carbene species, the formation of which competes with the productive evolution of the ruthenacyclopropene to the $E$ - alkene. From the conceptual viewpoint, however, this hydrogenative entry into metal carbenes is remarkable as it mandates delivery of both H- atoms of $\\mathrm{H}_{2}$ to the same C- atom of the substrate; such geminal hydrogenations of ordinary organic compounds are largely unprecedented. This novel entry into carbenes opens new opportunities for reaction development as illustrated by unorthodox hydrogenative cyclopropanation, hydrogenative ring expansion, and hydrogenative $[3 + 2]$ cycloaddition reactions. These transformations deserve further study in their own right and insinuate that yet other creative ways of harnessing genuine carbene reactivity via hydrogenation of unsaturated substrates might await discovery.', 'Abstract: Insights into the mechanism of the unusual trans- hydrogenation of internal alkynes catalyzed by $\\{Cp^{*}Ru\\}$ complexes were gained by para- hydrogen $(p - H_{2})$ induced polarization (PHIP) transfer NMR spectroscopy. It was found that the productive trans- reduction competes with a pathway in which both $H$ atoms of $H_{2}$ are delivered to a single alkyne $C$ atom of the substrate while the second alkyne $C$ atom is converted into a metal carbene. This ""geminal hydrogenation"" mode seems unprecedented; it was independently confirmed by the isolation and structural characterization of a ruthenium carbene complex stabilized by secondary inter- ligand interactions. A detailed DFT study shows that the trans alkene and the carbene complex originate from a common metallacyclopropene intermediate. Furthermore, the computational analysis and the PHIP NMR data concur in that the metal carbene is the major gateway to olefin isomerization and over- reduction, which frequently interfere with regular alkyne trans- hydrogenation.']","['Catalytic trans- hydrogenation constitutes a favorable alternative to dissolving metal reductions of alkynes[17] and as such holds the promise of being highly enabling. Yet, its full potential can only be harnessed if side reactions, such as olefin isomerization and over- reduction, are suppressed.[8,9] To this end, a better understanding of the entire reaction manifold—including the competing pathways—will be necessary.']","Based on the provided context, side reactions like olefin isomerization and over-reduction must be suppressed in catalytic trans-hydrogenation for the following reasons:  

1. **Competition with Productive Pathway**:  
   - These side reactions directly compete with the productive trans-hydrogenation pathway that converts alkynes to the desired *trans*-alkenes.  

2. **Derivation from Metal Carbene Formation**:  
   - Olefin isomerization and over-reduction primarily originate from ruthenium carbene species (`Cp*Ru` carbenes). These carbenes form when the ruthenacyclopropene intermediate (common to both pathways) evolves unproductively instead of yielding the *E*-alkene.  

3. **Role as Gateway to Undesired Products**:  
   - The metal carbene acts as the major gateway for these side reactions, leading to:  
     - **Olefin isomerization** (shifting double-bond positions).  
     - **Over-reduction** (further hydrogenation beyond the alkene stage).  

4. **Impact on Reaction Efficiency**:  
   - Unsuppressed side reactions reduce selectivity and yield of the target *trans*-alkene, limiting the synthetic utility of the catalytic system.  

### Key Evidence from the Context:  
> *""Olefin isomerization and over-reduction are the most serious side reactions that compete with trans-hydrogenation... largely derive from piano-stool `Cp*Ru` carbene species... the metal carbene is the major gateway to olefin isomerization and over-reduction.""*  

Thus, suppressing these side reactions is essential to achieve high selectivity in catalytic trans-hydrogenation.","Side reactions need to be suppressed to fully harness the potential of catalytic trans-hydrogenation, which requires a better understanding of the entire reaction manifold, including competing pathways.",0.48554378402240717,0.9962584450882858,0.9047619047619048,0.9999999999666667,1.0
181,What is the first step in the enzymatic reduction of fluoro-[^{15}N_3] metronidazole?,"['DFT Calculations and $\\mathrm{^{15}N}$ and $\\mathrm{^{19}F}$ NMR Chemical Shift Computations. We have relied on the mechanism of nitroimidazole in vivo reduction in the hypoxic environment proposed by Masaki and co- workers48 to design the structure of the corresponding metabolic intermediates for fluoro $\\left[^{15}\\mathrm{N}_3\\right]$ metronidazole. Specifically, stepwise enzymatic reduction of fluoro- $\\left[^{15}\\mathrm{N}_3\\right]$ metronidazole leads to the formation of a nitroso- fluoro- $\\left[^{15}\\mathrm{N}_3\\right]$ metronidazole intermediate, followed by the formation of a fluoro- hydroxylamino- $\\left[^{15}\\mathrm{N}_3\\right]$ metronidazole intermediate, and finally the final product fluoro- amino $\\left[^{15}\\mathrm{N}_3\\right]$ metronidazole. These structures were first constructed using ChemDraw; next, each structure was loaded into', 'We propose the use of indirect sensing of $^{15}\\mathrm{N}$ HP state via $^{19}\\mathrm{F}$ signal readout. Unlike the large physiological background of water protons, the $^{19}\\mathrm{F}$ has virtually no background signal. Moreover, the value of $\\gamma_{19\\mathrm{F}}$ is $\\sim 0.93\\cdot \\gamma_{\\mathrm{H}},$ and the $^{19}\\mathrm{F}$ has a nearly $100\\%$ natural abundance, making it a sensitive detection nucleus. In this work, we report on the first steps toward this long- term goal. We functionalized $\\left[^{15}\\mathrm{N}_3\\right]$ metronidazole with an $^{19}\\mathrm{F}$ moiety via a one- step reaction to substitute the $- \\mathrm{OH}$ group. We employed the synthesized fluoro- $\\left[^{15}\\mathrm{N}_3\\right]$ metronidazole to perform Signal Amplification By Reversible Exchange in SHield Enables Alignment Transfer to Heteronuclei (SABRE- SHEATH)34 hyperpolarization and relaxation dynamics studies of $^{15}\\mathrm{N}$ and $^{19}\\mathrm{F}$ nuclei. We additionally performed ab initio computational studies of $^{15}\\mathrm{N}$ and $^{19}\\mathrm{F}$ chemical shifts of putative metabolites of fluoro- $\\left[^{15}\\mathrm{N}_3\\right]$ metronidazole reduction during metabolism by hypoxic tissues with the perspective of chemical shift hypoxia sensing using $^{15}\\mathrm{N}$ and $^{19}\\mathrm{F}$ chemical shifts.', 'The first step of the synthesis of $[^{15}\\mathrm{N}_3]$ metronidazole is the preparation of 2- methyl $[^{15}\\mathrm{N}_2]$ imidazole. Using a modified approach for $[^{15}\\mathrm{N}_2]$ imidazole (see the corresponding section), this substance was obtained by the reaction of glyoxal, acetaldehyde, ${}^{15}\\mathrm{NH}_4\\mathrm{Cl}$ , and potassium carbonate with $90\\%$ yield, Figure 9. [48] In the second step, the mixture of $\\mathrm{Na}^{15}\\mathrm{NO}_3$ and $\\mathrm{H}_2\\mathrm{SO}_4$ was employed for the nitration reaction. Note that although $\\mathrm{H}^{15}\\mathrm{NO}_3$ can be utilized for nitration reaction, $\\mathrm{Na}^{15}\\mathrm{NO}_3$ is approximately 2 times cheaper than $\\mathrm{H}^{15}\\mathrm{NO}_3$ per mol of $^{15}\\mathrm{N}$ isotope. The yield of this reaction was about $45\\%$ . In the last step, the obtained 2- methyl- 4(5)- nitroimidazole was alkylated by ethylene oxide in acidic media introducing hydroxyethyl moiety with $40\\%$ yield.[58]']","['The text describes the stepwise enzymatic reduction of fluoro-[^{15}N_3] metronidazole, leading to the formation of a nitroso-fluoro-[^{15}N_3] metronidazole intermediate, followed by the formation of a fluoro-hydroxylamino-[^{15}N_3] metronidazole intermediate, and finally the final product fluoro-amino [^{15}N_3] metronidazole.']","Based on the provided context, the first step in the enzymatic reduction of **fluoro-[<sup>15</sup>N<sub>3</sub>] metronidazole** is the formation of a **nitroso-fluoro-[<sup>15</sup>N<sub>3</sub>] metronidazole intermediate**. This step is part of a stepwise enzymatic reduction process occurring in hypoxic environments, as proposed by Masaki and co-workers. 

The full sequence is:
1. Reduction to **nitroso-fluoro-[<sup>15</sup>N<sub>3</sub>] metronidazole**
2. Further reduction to **fluoro-hydroxylamino-[<sup>15</sup>N<sub>3</sub>] metronidazole**
3. Final reduction to **fluoro-amino-[<sup>15</sup>N<sub>3</sub>] metronidazole**",The first step is the formation of a nitroso-fluoro-[^{15}N_3] metronidazole intermediate.,0.39419407076476565,0.9800035264914239,1.0,0.9999999999,1.0
182,Why was the PHIP effect observed using heterogeneous catalysts like Pd/Al₂O₃ and Pt/Al₂O₃?,"['reason why PHIP effects were not considered feasible in heterogeneous hydrogenations. Therefore, it came as a big surprise when HET- PHIP effects were for the first time demonstrated with the use of supported metal catalysts such as $\\mathrm{Pt / Al_2O_3}$ and $\\mathrm{Pd / Al_2O_3}$ [16]. These observations established the fact that centers of pairwise $\\mathrm{H}_2$ addition do exist on supported metal catalysts, which was a rather unexpected result. Furthermore, already in the first published study the dependence of NMR signal enhancement on the Pt nanoparticle size was revealed, making it clear that HET- PHIP over supported metals is a very complex phenomenon.', 'Since the PHIP technique is based on the catalytic activation and addition of parahydrogen molecule, major emphasis is placed on the screening of catalysts suitable for pairwise hydrogen addition.19,20] The PHIP effect was first observed for homogeneous[21] and later for heterogeneous[22,23] hydrogenation catalytic systems. However, heterogeneous PHIP (HET- PHIP) catalysts appear most appropriate for the production of hyperpolarized molecules not contaminated with the catalyst, especially in the context of MRI applications.24] The scope of heterogeneous catalysts which are suitable for PHIP increased significantly in the past 10 years. For instance, PHIP was successfully observed over various metal catalysts such as Rh,[25,26] Pt,[22,27,28] Pd,[29,30] Ir,[31,32] Au,[33] Cu,[34] bimetallic systems Pt- Sn,[35] Pd $\\mathsf{Au}_2^{[15]}$ Pd- M $(M = Sn,Zn,Ag,Mn,Pb,Au)^{[36]}$ supported on support materials such as $\\mathrm{SiO}_2,$ $\\mathrm{ZrO}_2,$ $A l_{2}O_{3},$ $\\Pi O_{2},$ Al- Si fiberglass,[30] chitosan,[26] carbon nanotubes.[33] Moreover, the PHIP effect was demonstrated for bulk Pt metal[37] and several metal oxides $(\\mathsf{PtO}_2,$ $\\mathsf{PdO}^{[37]}$ and $\\mathsf{CeO}_2^{[38]})$', 'The observation of PHIP effect using heterogeneous catalysts $(\\mathrm{Pd / Al}_2\\mathrm{O}_3$ and $\\mathrm{Pt / Al}_2\\mathrm{O}_3)$ was rather unexpectedly obtained in 2010 by Kovtunov and coworkers.[75] In these experiments, a gaseous mixture of propylene gas and Parahydrogen was flown through the solid catalyst and hyperpolarized propane was observed in both ALTADENA and']","['The observation of PHIP effect using heterogeneous catalysts (Pd/Al₂O₃ and Pt/Al₂O₃) was rather unexpectedly obtained in 2010 by Kovtunov and coworkers. In these experiments, a gaseous mixture of propylene gas and Parahydrogen was flown through the solid catalyst and hyperpolarized propane was observed in both ALTADENA and PASADENA experiments. This result clearly shows that at least part of the heterogenous hydrogenation reaction occurs through a reaction route in which the two Parahydrogen protons are added to the same substrate molecule. In order to rationalize this results, it has been hypothesized that a partition of the metal surface occurs, by absorption of various molecules (substrate, product) that lead to isolation or localization of catalytic sites.']","The observation of PHIP effects using heterogeneous catalysts like **Pd/Al₂O₃** and **Pt/Al₂O₃** was unexpected because conventional understanding held that heterogeneous catalysts lacked the ability to facilitate *pairwise hydrogen addition* required for PHIP. However, the detection of hyperpolarized propane in these systems demonstrated the existence of active sites capable of pairwise H₂ addition on supported metal nanoparticles. This discovery overturned prior assumptions and revealed that:  
1. **Pairwise addition centers** exist on supported metal catalysts (e.g., Pt or Pd nanoparticles on Al₂O₃).  
2. The PHIP signal enhancement depends critically on **nanoparticle size**, indicating the phenomenon is highly sensitive to catalyst structure.  
3. These catalysts enabled PHIP without homogeneous catalysts, avoiding contamination – crucial for applications like hyperpolarized MRI.  

The breakthrough was first reported by Kovtunov et al. in 2010 using gas-phase hydrogenation of propylene with parahydrogen, observed under both ALTADENA and PASADENA conditions. This finding expanded the scope of viable PHIP catalysts to include diverse supported metals (e.g., Rh, Ir, Au) and oxides (e.g., PtO₂, CeO₂).  

---  
**Source Excerpts from Context:**  
> *""These observations established the fact that centers of pairwise H₂ addition do exist on supported metal catalysts, which was a rather unexpected result.""*  
> *""Furthermore, already in the first published study the dependence of NMR signal enhancement on the Pt nanoparticle size was revealed...""*  
> *""The observation of PHIP effect using heterogeneous catalysts (Pd/Al₂O₃ and Pt/Al₂O₃) was rather unexpectedly obtained in 2010 by Kovtunov and coworkers.""*","The PHIP effect was observed because the metal surface likely undergoes a partition due to the absorption of various molecules (substrate, product), leading to isolation or localization of catalytic sites, which allows the two Parahydrogen protons to be added to the same substrate molecule.",0.5330567710996682,0.9566385123697008,1.0,0.0,0.0
183,What is the third step in the synthesis of the HET-SABRE catalyst?,"['The HET- SABRE catalyst was synthesized as shown in Scheme 1 (see the figure in Supporting Information for detailed information). First, the homogeneous SABRE catalyst, $\\mathrm{[Ir(COD)(IMes)Cl]}$ 1), was prepared according to the method reported previously.41 Then, bis(2- pyridyl)amine (BPA) was functionalized with carboxylic acid via an $\\mathrm{S_N}2$ reaction (2).43 Then, BPA carboxylic acid (3) and $O - (1H - 6-$ chlorobenzotriazole- 1- yl)- 1,1,3,3- tetramethyluronium hexafluorophosphate (HCTU) were dissolved in $N,N\\cdot$ - dimethylformamide (DMF). The solution was treated with $N,N\\cdot$ diisopropylethylamine (DIEA) for activation. TentaGel SNH₂ resin (Sigma- Aldrich) was mixed with the activated solution for amide coupling for $2\\mathrm{h}$ (d). The resulting resin (4) was monitored with the Kaiser test to confirm the amide coupling, whereby its color turns from purple- blue to bright yellow upon functionalization.44,45 The solution was filtrated in a plastic column and washed with methanol three times. Then, (1) was dissolved in methanol, and the functionalized resin (4) was combined and shaken for $24\\mathrm{h}$ . It was then filtered and washed again with methanol three times until the supernatant solution was colorless (e). Its color change indicates the successful synthesis of the heterogeneous catalysts (Table S1). The functionalized resin was dried under vacuum to give the HET- SABRE precatalyst, which is dark yellow (Table S1, 5).', 'The preparation of the HET- SABRE catalyst used in the present work is briefly summarized below: First, the homogeneous SABRE catalyst $\\mathrm{[Ir(COD)(IMes)Cl]^{[47]}}$ was synthesized as previously reported.[18,47- 41] Then $90\\mathrm{mg}$ of this $\\mathrm{[Ir(COD)(IMes)Cl]}$ powder and $400\\mathrm{mg}$ of 3- aminopropyl- functionalized silica gel (ca. $40 - 63\\mu \\mathrm{m}$ ; Millipore- Sigma 364258) were added in a Schlenk tube and dried under vacuum for $30\\mathrm{min}$ . After back- filling with argon gas, $10\\mathrm{mL}$ of dried and deoxygenated benzene was transferred to the Schlenk tube via syringe and the reaction mixture was stirred for $24\\mathrm{h}$ . Three drops of triethylamine (Millipore- Sigma 121- 44- 8) were then added to the reaction mixture with stirring continued for an additional $6\\mathrm{h}$ . The solid material was filtered and washed with benzene until the supernatant solution was colorless; the catalyst particles were then washed with methanol several times and dried under vacuum for $2\\mathrm{h}$ to give the pre- activated heterogeneous SABRE (HET- SABRE) catalyst with tentative structure shown in Figure 1.', '2. EXPERIMENTAL APPROACH\nSynthesis of $\\mathrm{TiO}_2 / \\mathrm{PMAA}$ core/shell nanoparticle SABRE catalysts is summarized in Figure 1; additional details concerning SABRE catalyst syntheses and characterization are provided in the Supporting Information. $\\mathrm{TiO}_2$ cores were chosen not only because they present an easy- to- prepare form of nanoscale supports but also because they are nonmagnetic and catalytic (facilitating shell formation). The procedure for synthesizing the $\\mathrm{TiO}_2$ cores was adapted from a related approach in ref.65 In step 1, titanium hydroxide is prepared from titanium isopropoxide and water under ambient conditions; $\\mathrm{Ti(OH)_4}$ will further undergo dehydration condensation (step 2) to form the nanoscale $\\mathrm{TiO}_2$ cores. Catalyzed by $\\mathrm{TiO}_2$ , methacrylic acid separately undergoes a polymerization (step 3) procedure to give PMAA; the resulting PMAA chains were covalently attached to the $\\mathrm{TiO}_2$ nanoparticle surfaces, thereby generating an outer shell layer (step 4). The PMAA shells were then functionalized with 4- aminopyridine (step 5) under mild conditions without need for any additional catalysts (as opposed to more traditional methods using organic solvents and higher temperatures66,67). Separately (step 6), the N- heterocyclic carbene complex- based Ir catalyst [abbreviated as $\\mathrm{IrCl(COD)}$ (IMes)]68—the standard catalyst used in most homogeneous SABRE experiments4,37,39,41- 46,48,69—was synthesized according to previously described procedures.59,68 Then, following the approach utilized in our original HET- SABRE catalyst synthesis59,70']","['The synthesis of the HET-SABRE catalyst involves several steps: 1) preparation of the homogeneous SABRE catalyst, 2) functionalization of BPA with carboxylic acid, 3) dissolving BPA carboxylic acid and HCTU in DMF, activating with DIEA, and coupling with TentaGel SNH₂ resin, 4) monitoring with the Kaiser test, 5) filtration and washing, 6) combining with the homogeneous catalyst and shaking, 7) final filtration, washing, and drying to obtain the precatalyst.']","The third step in the synthesis of the HET-SABRE catalyst (specifically the silica-gel-supported version used in the present work) is:  
**After back-filling the Schlenk tube with argon gas, 10 mL of dried and deoxygenated benzene is transferred to the tube via syringe, and the reaction mixture is stirred for 24 hours.**  

This step follows:  
1. Synthesis of the homogeneous catalyst [Ir(COD)(IMes)Cl].  
2. Drying [Ir(COD)(IMes)Cl] and 3-aminopropyl-functionalized silica gel under vacuum for 30 minutes.  

After this third step, triethylamine is added for further reaction.","The third step is dissolving BPA carboxylic acid (3) and HCTU in DMF, treating the solution with DIEA for activation, and mixing TentaGel SNH₂ resin with the activated solution for amide coupling for 2h.",0.16733323470255326,0.9063828025451223,0.5714285714285714,0.9999999999,1.0
184,Why does the addition of DMSO lead to the formation of SABRE-active complex and 3b?,"['spontaneous polarization transfer from $\\mathrm{p - H_2}$ - derived hydrides to spin- spin- coupled heteronuclei (e.g., $^{13}\\mathrm{C}$ of $[1 - ^{13}\\mathrm{C}]$ pyruvate30,31).SABRE- SHEATH was first demonstrated for $^{15}\\mathrm{N}^{29}$ and then quickly expanded to $^{13}\\mathrm{C},^{32}^{19}\\mathrm{F},^{33}^{31}\\mathrm{p},^{34}$ and other nuclei. In 2019, Duckett and co- workers demonstrated the feasibility of SABRE- SHEATH hyperpolarization of $[1 - ^{13}\\mathrm{C}]$ pyruvate using DMSO as a coligand, but $^{13}\\mathrm{C}$ polar ization levels were limited to $1.85\\%$ 30,35 The addition of DMSO leads to the formation of SABRE- active complex and 3b (Scheme 1); note that axial positions are not exchanging on the time scale of the SABRE- SHEATH experiment, and therefore, only complex 3b undergoes an effectively reversible exchange with the HP substrate. The key advantages of the SABRE- SHEATH hyperpolarization approach are the low cost of HP hardware $(< \\S 20k)$ and a rapid $(\\sim 1\\min)$ hyperpolarization process. Moreover, this HP technique does not modify the to- be- HP substrate.37,38 Since HP $[1 - ^{13}\\mathrm{C}]$ pyruvate is the leading HP contrast agent, the reader is reminded that dDNP performs hyperpolarization of $[1 - ^{13}\\mathrm{C}]$ pyruvic acid, which is chemically modified to solution $[1 - ^{13}\\mathrm{C}]$ pyruvate via a neutralization reaction. The key limitation of SABRE is that it is most efficient in alcohol solutions, e.g., in methanol, which has poor biocompatibility.12 Pioneering efforts to produce aqueous solutions of HP compounds via SABRE have improved this issue but so far have led to a marked (by an order of magnitude or more) $P$ decrease.39- 44 Development of biocompatible formulations for agents hyperpolarized via SABRE technology remains a key unaddressed translational need, which is outside the scope of this manuscript. The reader is also directed to several recent reviews for detailed descriptions of leading HP technologies.9,12,26,27,45,46', '[](images/c1b3de46ffd00cb57d5957aaec45560391c808c452bbdea26e02490878f0bb71.jpg) \nFigure 1. SABRE reaction scheme demonstrating the $\\alpha$ -ketocarboxylate substrate and $p - H_{2}$ reversibly binding to the Ir-Mes catalyst in the presence of DMSO to form the primary SABRE catalytically active complex for each metabolite (A) 3b for pyruvate (PYY), 2-oxobutyrate (2-OB), alpha-ketoglutarate (AKG), phenylpyruvate (PPV), and phenylglyoxylate (PG), and (B) 3a for oxaloacetate (OA). IMes $= 1,3$ -bis(2,4,6-trimethylphenyl)imidazol-2-ylidene). $\\mathsf{R} = -\\mathsf{CH}_3$ for PYY, $-\\mathrm{CH}_{2} - \\mathrm{CH}_{3}$ for 2-OB, $-\\mathrm{CH}_{2} - \\mathrm{CH}_{2} - \\mathrm{COO}^{-}$ for AKG, $^{15}\\mathrm{Ph}$ for PG, and $-\\mathrm{CH}_{2} - \\mathrm{Ph}$ for PPyV. The SABRE-active complexes are referred to as 3a and 3b by the convention established in Tickner et al. (2020).[56]', 'To validate the approach, we evaluated sodium $[1 - ^{13}\\mathrm{C}]$ pyruvate hyperpolarization using the perfluorinated SABRE precatalyst and the DMSO- co- ligand approach. The samples were prepared by mixing $\\mathrm{[IrCl(COD)(f - sIMes)]}$ f- IsMe $\\begin{array}{rlr}{\\mathrm{~\\textit~{~s~I~s~M~e~s~}~}}&{=}&{\\mathrm{~\\textit~{~trans~ - ~4~}~},}\\end{array}$ 5- Bis- 3,3,4,5,5,5,6,6,7,7,8,8,8- tridecafluorooctyl)- 1,3- bis(2,4,6- trimethylphenyl)- dihydroimidazol- 2- ylidene; $\\mathrm{COD =}$ cyclooctadiene),catalyst $\\mathbf{v}$ in the presence of sodium $[1 - ^{13}\\mathrm{C}]$ pyruvate and DMSO in $\\mathrm{CD}_3\\mathrm{OD}$ The activation $(< 15\\min)$ see SI- p31 leads to the formation of species (Scheme 2 and the SI) 2, 3a, and 3b, as previously reported,13,33,34 with complex 3b being the primary SABRE- active species.']","['The addition of DMSO leads to the formation of SABRE- active complex and 3b (Scheme 1); note that axial positions are not exchanging on the time scale of the SABRE- SHEATH experiment, and therefore, only complex 3b undergoes an effectively reversible exchange with the HP substrate.']","Based on the provided context:

The addition of DMSO facilitates the formation of SABRE-active complex 3b through the following mechanism:

1. **Co-ligand role**: DMSO acts as a coligand that enables the formation of catalytically active iridium complexes when combined with the substrate (e.g., [1-¹³C]pyruvate) and the Ir-Mes catalyst.

2. **Specific complex formation**: For α-ketocarboxylate substrates like pyruvate, DMSO promotes the formation of complex 3b (shown in Scheme 1 and Figure 1A), where:
   - The substrate binds equatorially
   - DMSO occupies axial positions
   - The complex adopts a configuration where axial positions are static on the experimental timescale

3. **Reversible exchange**: Only complex 3b undergoes effective reversible exchange with the hyperpolarized substrate, which is essential for SABRE-SHEATH polarization transfer from p-H₂ to target nuclei (e.g., ¹³C in pyruvate).

4. **Structural requirement**: The non-exchanging axial positions in 3b create the necessary magnetic environment for spontaneous polarization transfer from p-H₂-derived hydrides to spin-coupled heteronuclei.

This process contrasts with oxaloacetate (Figure 1B), which forms complex 3a under similar conditions, demonstrating substrate-specific complex formation mediated by DMSO.","The addition of DMSO leads to the formation of SABRE-active complex and 3b because axial positions are not exchanging on the time scale of the SABRE-SHEATH experiment, and therefore, only complex 3b undergoes an effectively reversible exchange with the HP substrate.",0.32865202997429555,0.9610570018664669,0.7647058823529411,0.9999999999,1.0
185,Why does the relative contribution of each reaction path (six-membered-ring vs. four-membered-ring transition state) differ across ceria nanocrystal shapes?,"['In summary, we combined shape- selective nanocrystal synthesis with parahydrogen- induced polarization (PHIP) NMR spectroscopy to elucidate the mechanism of heterogeneous hydrogenation of an alkyne over $\\mathbb{C}\\in \\mathbb{O}_2$ . The recent DFT calculations suggested that the dominant reaction path for semihydrogenation of propyne over ceria {111} proceeds via a low- energy six- membered- ring transition state. Confirming this prediction, the essentially defect- free {111} surfaces yield a low pairwise selectivity of only $1.6\\%$ whereas the relatively high pairwise selectivity of $8.1\\%$ observed for nanorods implicates direct saturation via a four- membered- ring transition state. The relative contribution of each path depends on the oxygen densities present on the various facets of the ceria nanocrystal shapes. The general approach demonstrated in this work has excellent potential for the optimization of PHIP signal enhancement by using heterogeneous catalysis, which is suitable for the production of contaminant- free hyperpolarized liquids and gases for biomedical utilization.', 'with a calculated barrier of approximately $2.7 \\text{eV}$ , which is considerably higher than the concerted path of PY hydrogenation through the six- membered ring. This accounts for the high selectivity of semihydrogenation (i.e., PY hydrogenation to PE without PA formation). Formation of a four- or six- membered- ring transition state incorporating PE (instead of PY) is frustrated by the presence of two additional H atoms on the adsorbed alkene, which allows hydrogenation to occur only by stepwise addition. In the regime of the low pairwise selectivity observed in the hydrogenation of PE to PA, the pairwise selectivity is well approximated as the ratio of the pairwise and non- pairwise addition rates. Observation of the same pairwise selectivity for ceria rods, cubes, and octahedra implies that both pairwise and random addition share the same dependence on the surface oxygen density. It follows that all PA product molecules (pairwise + non- pairwise) are formed through the same stepwise addition path.[20] In contrast, hydrogenation of PY can also occur by either of two additional concerted reaction paths (Figure 3b,c): one involving surface oxygen that is intrinsically non- pairwise, and the other that is pairwise and oxygen independent. This suggests that unlike PE, the pairwise selectivity for hydrogenation of PY should be facet dependent.Figure 4 presents the thermally polarized 400 MHz ${}^{1}\\text{H}$ NMR spectra of the hydrogenation reactor effluent acquired for', 'Instead, it was suggested that the reaction proceeds via a four- membered- ring transition state (4- atom TS) with the $\\mathrm{H}_2$ molecule bound to the $\\mathrm{Ce^{3 + }}$ sites, and the pairwise addition prevailed by direct saturation of the bound hydrogen moleculeHowever, this process was unfavorable due to its high activation energy of $3.43~\\mathrm{eV}$ The stepwise addition process with an activation energy of $3\\mathrm{eV}$ is dominant, which was proved to generate a $2 - 3\\%$ pairwise selectivity in propene hydrogenationThis work demonstrates the advantage of the joint use of the PHIP method and DFT calculations in revealing the hydrogenation mechanismMore recently, ceria octahedra and nanocubes were utilized as supports to anchor nanosized Pt as catalysts to reveal the effect of the support on metal- support interactions as well as the related reaction propertiesBy applying a modified atomic layer deposition technique, ultralow loadings $(8 - 16\\mathrm{ppm})$ of Pt were achieved on ceria nanocrystalsAfter temperature- programmed reduction, mainly isolated Pt atoms were formed on $\\mathrm{CeO_2}$ octahedra (111), and only Pt nanoparticles were formed on $\\mathrm{CeO_2}$ cubes (100)This was associated with the easy reducibility of the $\\mathrm{CeO_2}$ (100) surface facet, which caused a facile migration of the surface Pt atomsMoreover, a strong electronic metal- support interaction (EMSI) was observed on the Pt supported on a $\\mathrm{CeO_2}$ (111) facetBoth the morphology effect and EMSI effect contribute to the high pairwise selectivity $(6.1\\%)$ in the hydrogenation of propene on $\\mathrm{CeO_2}$ (111), nearly 2 times higher than on $\\mathrm{CeO_2}$ (100).']","['The recent DFT calculations suggested that the dominant reaction path for semihydrogenation of propyne over ceria {111} proceeds via a low-energy six-membered-ring transition state. Confirming this prediction, the essentially defect-free {111} surfaces yield a low pairwise selectivity of only 1.6% whereas the relatively high pairwise selectivity of 8.1% observed for nanorods implicates direct saturation via a four-membered-ring transition state. The relative contribution of each path depends on the oxygen densities present on the various facets of the ceria nanocrystal shapes.']","The relative contribution of the six-membered-ring versus four-membered-ring transition states in hydrogenation over ceria nanocrystals varies due to **differences in surface oxygen density across crystalline facets**:

1. **Oxygen-dependent reaction paths**:
   - The non-pairwise hydrogenation path (six-membered-ring TS) requires surface oxygen atoms and dominates on oxygen-rich facets like {111} (e.g., ceria octahedra).
   - The pairwise path (four-membered-ring TS) is oxygen-independent and prevails on oxygen-deficient facets (e.g., nanorod surfaces).

2. **Facet-specific oxygen densities**:
   - **{111} facets** (e.g., octahedra): High oxygen density promotes the six-membered-ring TS, yielding low pairwise selectivity (1.6%).
   - **Nanorod facets** (e.g., {110}/{100}): Lower oxygen density favors the four-membered-ring TS, increasing pairwise selectivity (8.1%).

3. **Electronic and structural influences**:
   - Oxygen vacancies on less-stable facets (e.g., rods/cubes) alter Ce³⁺ site availability, facilitating direct H₂ activation via the four-membered TS.
   - Surface reducibility differences (e.g., easier reduction on {100} vs. {111}) further modulate pathway accessibility.

This facet-dependent oxygen density governs the dominant reaction mechanism by stabilizing specific transition states, as confirmed by experimental pairwise selectivity measurements and DFT calculations.",The relative contribution of each path depends on the oxygen densities present on the various facets of the ceria nanocrystal shapes.,0.35925517618509617,0.8485920255261177,1.0,0.99999999995,1.0
186,How does the para-H2 conversion catalyst speed of dihydride 4 compare to that of σ-propane complex 5?,"['using similarly sized crystals of isolated 4, from which the corresponding ortho- $\\mathrm{H}_{2}$ signal changes fit to the same $k_{4 - \\mathrm{po}}$ value as determined from the ensemble. $^{58}$ These data show that dihydride 4 is a slower para- $\\mathrm{H}_{2}$ conversion catalyst than $\\sigma$ - propane complex 5, and, importantly, demonstrate that the catalyst reconstruction in the solid- state can be reported upon through para- ortho $\\mathrm{H}_{2}$ conversion dynamics. Furthermore, such speciation changes can also be evidenced through studies on the hydrogenation of simple alkenes and alkynes using para- $\\mathrm{H}_{2}$ , as discussed next. $^{59}$', 'The catalytic solid/gas hydrogenation of propene under standardized conditions using complex 1 (3.5 bar absolute, $\\mathrm{H}_{2}$ /propene $\\sim 2:1,298\\mathrm{K},2\\mathrm{mg}$ of finely crushed crystals) occurs rapidly as probed by gas- phase ${}^{1}\\mathrm{H}$ NMR spectroscopy (100% conversion in 2 min, unoptimized, $\\mathrm{TON}_{\\mathrm{app}}^{45} = 80$ )Figure 1ADissolved material, post catalysis $(\\mathrm{CD}_2\\mathrm{\\bar{Cl}}_2,25^\\circ \\mathrm{C})$ after $1\\mathrm{H}_2$ addition cycle shows a mixture of 3, 4 in a 20:45 ratio, the former arising from $\\sigma$ - alkane complex 5 before it undergoes the onward reaction with $\\mathrm{H}_{2}$ to form 4The mass balance of $35\\%$ is taken up with unidentified hydride- containing species (Figure S16)However, five cycles of $\\mathrm{H}_{2}/$ propene results in the formation of 4 alone, with no 3 observedIndependently synthesized 4 also mediates the solid/gas hydrogenation of propene under standardized conditions, but more slowly (2 min, $\\mathrm{TON}_{\\mathrm{app}} = 65$ )To determine whether the hydride bridged dimer 4 is generated directly in the solid/state, or from quenching of a reactive $\\{\\mathrm{Rh}(\\mathrm{L}_2)\\mathrm{H}_2\\} ^+$ monomer on dissolving in $\\mathrm{CD}_2\\mathrm{Cl}_2,$ Rh K- edge EXAFS experiments were performed in samples of 1 that had mediated five cycles of propene hydrogenation, Figure 1B', 'Complex,temp.Nucleusδ(multiplicity)AssignmentCouplingconstant/Hz,assignment2-[Cl-Ph],295K1H7.92(m)PPh3(σ-H)-6.69(td)Ir-H-4.462JHH,17.4|2JPH,43.7|2JCH|-17.48(td)Ir-H-4.462JHH,17.4|2JPH,4.1|2JCH|31P9.9PPh315|2JCH|177.8(t)CO2|2JCP|2-[Cl-Me],295Ka1H1.40(m)CH3-3.3|2JPH+4JPH|-7.86(td)Ir-H-5.2|2JHH,20.8|2JPH|-18.98(td)Ir-H-5.2|2JHH,14.7|2JPH|31P-41.1PMe314.6|2JCC|177.6(t)CO14.6|2JCC|2-[Cl-As],295K1H7.93(m)AsPh3(σ-H)7.01(m)AsPh3(m,p-H)-7.11(d)Ir-H-5.0|2JHH,44.5|2JCH|-18.91(d)Ir-H-5.0|2JHH,3.7|2JCH|13C177.3(s)CO2-[Cl-Ph-Cl],295K1H7.85(m)PPh3(σ-H)-6.81(ddd)Ir-H-4.7|2JHH,17.3|2JPH,19.7|2JPH,44.0|2JCH|-16.99(td)Ir-H-4.7|2JHH,17.3|2JPH,17.3|2JPH,4.4|2JCH|31P9.0(d)PPh3198.6|2JPP|66.2(d)PPh3Cl198.6|2JPP|13C176.3(t)CO2|2JCC|2-[Cl-Cl],333K1H-7.24(td)Ir-H-5.0|2JHH,20.3|2JPH,44|2JCH|-16.73(td)Ir-H-5.0|2JHH,15.0|2JPH,3.5|2JCH|31P65.1PPh2Cl17|2JCP|174.8(t)CO17|2JPHtrans+2JPHcol|3-[Cl-Ph],295K1H-8.10(2ndorder)Ir-H31P-5.9PPh314|2JCC|13C167.1CO3-[Cl-Me],295K1H1.23PMe3-8.00(2ndorder)Ir-HObscured31P-51.0PMe314.6|2JCC|13C173.7CO3-[Cl-As],295K1H7.52(m)AsPh3(σ-H)6.93(m)AsPh3(m,p-H)-9.62(s)Ir-H6.4|2JCH|13C165.7(s)CO3-[Cl-Ph-Cl],333K1H-8.13(ddd)Ir-H-1.8|2JHH,15.0|2JPH,224.7|2JPH,6.5|2JCH|-8.34(ddd)Ir-H-1.8|2JHH,160.8|2JPH,15.9|2JPH,6.7|2JCH|31P4.0(d)PPh316.5|2JPP|65.2(d)PPh3Cl18.5|2JPP|13C165.3CO6|2JCC|3-[Cl-Cl],333K1H-8.37Ir-H31P62.9(s)PPh3Cl15.2|2JHH,136.9|2JPH|1H-8.8(dd)Ir-H15.2|2JHH,14.8|2JPH|-9.7(dd)Ir-H15.2|2JHH,14.8|2JPH|31P25.4(s)PPh315.2|2JHH,14.8|2JPH|fac-cis-4-[H-Ph],333K1H-9.88(dd)Ir-H-2.4|2JHH,17.2|2JPH,39.5,5.8|2JCH|-10.52(dd)Ir-H-2.4|2JHH,121.6|2JPH,4|2JCH|31P3.29(s)PPh313C172.2(s)COmer-cis-4-[H-Me],333K1H-10.06(dd)Ir-H-4.7|2JHH,21.4|2JPH,8.7|2JCH|-10.97(dd)Ir-H-4.7|2JHH,22.0|2JPH,31.3|2JCH|31P-50.7(s)PMe3fac-cis-4-[H-Me],333K1H-10.60(dd)Ir-H-2.9|2JHH,19.1|2JPH,40.6|2JCH|-10.64(dd)Ir-H-2.9|2JHH,116.5|2JPH|31P-60.7(s)PMe313C171.9(s)COfac-cis-4-[H-As],338K1H7.54AsPh3(σ-H)-9.99(d)Ir-H-1.5|2JHH,45.2|2JCH|31P-11.44(d)Ir-H-1.5|2JHH,4.9|2JCH|13C171.9(s)COcis-trans-5-[Cl-Ph],295K1H-14.51(t)Ir-H11.6|2JPH,5.2|2JCH|31P-2.9(s)PPh31.9']","['These data show that dihydride 4 is a slower para-H2 conversion catalyst than σ-propane complex 5, and, importantly, demonstrate that the catalyst reconstruction in the solid-state can be reported upon through para-ortho H2 conversion dynamics.']","Based on the provided context:  
- **Dihydride 4** is a slower para-$\mathrm{H}_{2}$ conversion catalyst compared to **σ-propane complex 5**.  
- This conclusion is derived from experimental data showing that the rate constant ($k_{4-\mathrm{po}}$) for dihydride 4 is lower than that of complex 5.  
- The catalyst reconstruction in the solid-state was monitored via para-ortho $\mathrm{H}_{2}$ conversion dynamics, confirming the relative speeds.  

In summary: **Dihydride 4 exhibits slower para-$\mathrm{H}_{2}$ conversion catalysis than σ-propane complex 5**.",Dihydride 4 is a slower para-H2 conversion catalyst than σ-propane complex 5.,0.7163207290953238,0.9461914482677668,0.6666666666666666,0.99999999995,1.0
187,What is the third step in the synthesis of $\mathrm{Co}(\mathfrak{n}^3\mathbf{-C}_3\mathrm{H}_5)(\mathrm{CO})_2(\mathrm{PPh}_3\mathrm{Me})_1$?,[],"['The synthesis involves multiple steps including preparation of $\\mathrm{Co(CO)_4Na}$, reaction with allylbromide, addition of $\\mathrm{PPh}_2\\mathrm{Me}$, and purification steps.']","Based on the provided synthesis protocol for $\mathrm{Co}(\eta^3\text{-}\mathrm{C}_3\mathrm{H}_5)(\mathrm{CO})_2(\mathrm{PPh}_3\mathrm{Me})$:

**The third step is**:  
Add $\mathrm{PPh}_3\mathrm{Me}$ (0.74 g, 2.8 mmol) to the reaction mixture and stir for 30 minutes at room temperature. During this step, the solution changes color to orange.

### Key details of Step 3:
- **Reagent**: $\mathrm{PPh}_3\mathrm{Me}$ (methyltriphenylphosphonium salt)  
- **Quantity**: 0.74 g (2.8 mmol)  
- **Conditions**: Room temperature, 30 minutes stirring  
- **Visual change**: Solution turns orange  

This step follows the addition of allyl bromide (Step 2) and precedes the workup procedure (Step 4). The reaction coordinates the phosphine ligand to the cobalt intermediate formed in prior steps.","The third step is adding a THF solution of $\mathrm{PPh}_2\mathrm{Me}$ via cannula transfer, stirring for 15-20 minutes, filtering, and removing solvent under vacuum.",0.268988613874383,0.9186077956133921,0.0,0.0,0.0
188,Why does the dramatic increase in $\phi$ and decrease in $\chi$ occur on the ordered $\mathrm{PtSn(110)}$ surface compared to $\mathrm{Pt(111)}$ and $\mathrm{Pt_3Sn(111)}$?,[],"['The dramatic increase in $\\phi$, accompanied by a decrease in $\\chi$, is consistent with fewer three-fold Pt sites on the ordered $\\mathrm{PtSn(110)}$ surface compared to $\\mathrm{Pt(111)}$ and $\\mathrm{Pt_3Sn(111)}$. A $\\mathrm{Pt(111)}$ surface consists of contiguous pure-Pt three-fold sites, while $\\mathrm{Pt_3Sn(111)}$ bears isolated pure-Pt three-fold sites, and $\\mathrm{Pt_2Sn(111)}$ is devoid of three-fold sites. The surface alloy studies on Pt, $\\mathrm{Pt_3Sn}$, and $\\mathrm{Pt_2Sn}$ single crystal surfaces have shown the three-fold Pt hollow sites to be essential for dissociative adsorption of $\\mathrm{H}_{2}$. The nonlinear dependence of $\\phi$ on Sn implicates the Pt three-fold hollow sites in the catalysis by random addition. With increasing Sn fraction, $\\phi$ also increases because of decreased $\\mathrm{H}_{2}$ dissociative chemisorption.']","Based on the provided information, the question cannot be answered. The RAG knowledge base contains no relevant literature or experimental data addressing the surface properties (φ and χ) of ordered PtSn(110) compared to Pt(111) or Pt₃Sn(111) surfaces in the context of PHIP or SABRE techniques.","The increase in $\phi$ and decrease in $\chi$ occur because the ordered $\mathrm{PtSn(110)}$ surface has fewer three-fold Pt sites compared to $\mathrm{Pt(111)}$ and $\mathrm{Pt_3Sn(111)}$. The three-fold Pt hollow sites are essential for dissociative adsorption of $\mathrm{H}_{2}$, and their reduction leads to decreased $\mathrm{H}_{2}$ dissociative chemisorption, which in turn affects the catalysis by random addition and increases $\phi$.",0.13420440732269626,0.0,0.2,0.0,0.0
189,What is the third step in the hyperpolarization ability examination procedure?,"['1. Introduction\nHyperpolarization refers to nuclear polarization many orders of magnitude above Boltzmann polarization, and is associated with dramatic signal enhancement in magnetic resonance (MR), with applications in noble gas MR imaging of the lungs [1] and solution- state $^{13}\\mathrm{C}$ MR of pyruvate metabolism [2]. Parahydrogen- induced polarization (PHIP) [3- 6] presents a relatively cost- effective alternative to dynamic nuclear polarization (DNP) for hyperpolarization of $^{13}\\mathrm{C}$ compounds for solution- state metabolic MR applications. Conventional PHIP of $^{13}\\mathrm{C}$ requires two steps: (i) PH addition to an unsaturated C- C bond of a target compound, to break the symmetry of the PH molecule and generate $^{1}\\mathrm{H}$ hyperpolarization [3], (ii) polarization transfer from $^{1}\\mathrm{H}$ to a nuclei of interest (usually $^{13}\\mathrm{C}$ , $^{15}\\mathrm{N}$ ) on the same compound. For this PHIP approach, an unsaturated C- C bond is required for hydrogenation, and as such the choice of suitable compounds has been limited to date, restricting in vivo applications predominantly to angiography [7]. However, the recent development of side- arm PHIP (PHIP- SAH) [8,9], wherein the unsaturated alcohol (side- arm) of an ester is hydrogenated and polarization is transferred to the carboxylate group $^{13}\\mathrm{C}$ , enables the realization of hyperpolarized metabolites such as acetate or pyruvate after side- arm cleavage, and has recently been shown feasible for in vivo metabolic MRI applications [10]. We also note that an alternative approach, Signal Amplification by Reversible Exchange (SABRE), permits compounds to be polarized by PHIP by using an intermediate metal catalyst for PH- substrate polarization transfer such that the substrate is not chemically modified [11,12], however hyperpolarized $^{13}\\mathrm{C}$ - pyruvate has yet to be realized by this technique.', 'Hyperpolarization', 'Hyperpolarization']","['The text describes a detailed procedure for examining the hyperpolarization ability of certain compounds using Rh(dppb)(cod)BF4 catalyzed hydrogenation, including steps from reaction setup to signal detection and enhancement calculation.']","Based on the provided information, the hyperpolarization procedure described involves **two primary steps** for conventional PHIP:

1. **Para-hydrogen addition** to an unsaturated C-C bond of the target compound, breaking para-hydrogen symmetry to generate \(^{1}\mathrm{H}\) hyperpolarization.  
2. **Polarization transfer** from \(^{1}\mathrm{H}\) to a target nucleus (e.g., \(^{13}\mathrm{C}\) or \(^{15}\mathrm{N}\)) on the same compound.  

The context does not specify a third step in this procedure. For alternative methods like **PHIP-SAH** (side-arm hydrogenation), the process similarly involves:  
- Hydrogenation of an unsaturated ""side-arm"" moiety.  
- Polarization transfer to the \(^{13}\mathrm{C}\) of the carboxylate group.  
- Subsequent cleavage of the side-arm to release the hyperpolarized metabolite (e.g., acetate or pyruvate).  

**No third step is mentioned** in the hyperpolarization ability examination within the provided context. If further clarification is needed, please specify the exact procedure or technique referenced.",Place the sample in the strong magnetic field of the spectrometer (7 Tesla).,0.10744162747886571,0.7049289753595304,1.0,0.0,0.0
190,What are the pros and cons of the evaluated fluorinated molecules in forming SABRE-active catalysts?,"['3. Conclusions\nWe have evaluated the capacity of a wide range of fluorinated molecules to react with [IrCl(IMes)(COD)] (1) and $\\mathsf{H}_{2}$ to successfully form a SABRE- active catalyst that facilitates polarization transfer to $^{19}$ F. This builds on the earlier reports of Adams et al. and Shchepin et al.[13,14] We have found that 2- fluoropyridine $(\\mathsf{L}^1)$ and pentafluoropyridine $(\\mathsf{L}^5)$ react weakly, if at all, with the catalyst precursor. As both molecules possess ortho- fluorine nuclei, there could be a possibility that steric hindrance around the nitrogen used to ligate to the metal center of 1 is preventing effective ligation. In the case of 4- fluoropyridine.HCl $(\\mathsf{L}^2,\\mathsf{HCl})$ attempts to isolate the base were unsuccessful and this ligand was not investigated in detail. SABRE polarizationtransfer catalysts were formed by using $\\mathsf{L}^2,\\mathsf{L}^4,\\mathsf{L}^6,\\mathsf{L}^7,$ and $\\mathsf{L}^9$ through reaction with 1 in the presence of $\\mathsf{H}_{2}$ in the case of $\\mathsf{L}^7$ and $\\mathsf{L}^8$ the formation of the activated catalyst was promoted by deprotonating the N center of the conjugate acid using a mild base $(C5_{2}CO_{3})$ . The performance of the new SABRE catalysts was analyzed as a function of ligand loading, polarization transfer field, temperature $(\\mathsf{L}^4)$ and pH $(\\mathsf{L}^7)$', 'To generate SABRE polarization, one should also use a catalyst, typically an Ir- based organometallic complex, which can bind both $\\mathsf{pH}_2$ and a substrate that is to be polarized (Fig.2). However, a SABRE catalyst is not a conventional catalyst, i.e., it does not catalyze net observable chemical transformations. Instead, SABRE complexes allow one to $\\dot{\\mathrm{O}}\\dot{\\mathrm{O}}$ catalyze $\\dot{\\mathrm{O}}$ a transfer of spin order from $\\mathsf{pH}_2$ to ligated substrates and, therefore, they act as catalysts in a magnetic rather than a chemical sense. Since the complex binds $\\mathsf{pH}_2$ and the substrate only transiently, dissociation of the substrate leads to a build- up of polarization on the free substrate molecules in solution. An advantage of SABRE (as compared to hydrogenative PHIP) is that no net chemical modiPcation of the substrate takes place. Hence, it is not depleted in the reaction, whereas in conventional PHIP, polarization cannot be formed once all chemical bonds are saturated. Consequently, after relaxation of polarization, the substrate can be polarized again multiple times by Bushing $\\mathsf{pH}_2$ through the solvent, without any loss of signal enhancement [37,38]. This makes SABRE an advantageous method for generating polarization in solution in a continuous fashion.', 'NMR signal enhancement in PHIP arises from the nonequilibrium populations of proton spin states in parahydrogen $(p\\mathrm{H}_2)$ i.e., dihydrogen, where the protons are in a singlet spin state with vanishing total spin. The two most popular PHIP approaches today are hydrogenative PHIP and Signal Amplification by Reversible Exchange (SABRE). Hydrogenative PHIP employs a chemical transformation of a substrate molecule into a product molecule containing two protons derived from a $p\\mathrm{H}_2$ molecule that inherit its non- equilibrium spin order.7,10,14 In this case, the substrate molecule has to contain a double or triple $\\mathbb{C} - \\mathbb{C}$ bond that can undergo hydrogenation with $\\mathfrak{p}\\mathrm{H}_2$ in the presence of a specific catalyst. In SABRE, the polarization transfer from parahydrogen to the target molecule occurs through their simultaneous coordination with a suitable organometallic complex.15,16 In contrast to hydrogenative PHIP, this does not lead to chemical modification of the substrate molecule, so that the reaction process is reversible. Both these approaches have their pros and cons. In this work, we shall focus on hydrogenative PHIP and concentrate on the coherent aspects of polarization transfer between protons and heteronuclei in the product of hydrogenation, distinguishing it from SABRE where continuous chemical exchange masks coherent evolution.17']","['2-fluoropyridine (L¹) and pentafluoropyridine (L⁵) react weakly, if at all, with the catalyst precursor. As both molecules possess ortho-fluorine nuclei, there could be a possibility that steric hindrance around the nitrogen used to ligate to the metal center of 1 is preventing effective ligation. In the case of 4-fluoropyridine.HCl (L².HCl) attempts to isolate the base were unsuccessful and this ligand was not investigated in detail. SABRE polarization transfer catalysts were formed by using L², L⁴, L⁶, L⁷, and L⁹ through reaction with 1 in the presence of H₂. In the case of L⁷ and L⁸, the formation of the activated catalyst was promoted by deprotonating the N center of the conjugate acid using a mild base (C₅₂CO₃).']","Based on the provided context:

**Pros of successful fluorinated molecules (L2, L4, L6, L7, L9):**  
- Successfully formed SABRE-active catalysts with [IrCl(IMes)(COD)] in the presence of H₂.  
- Demonstrated polarization transfer to \(^{19}\text{F}\) nuclei.  
- For L7 and L8, catalyst formation was enabled by deprotonation using a mild base (\(\text{Cs}_2\text{CO}_3\)), showing adaptability in catalyst activation.  
- Performance could be optimized by tuning ligand loading, polarization transfer field, temperature (L4), and pH (L7).  

**Cons of unsuccessful fluorinated molecules (L1, L5, L2·HCl):**  
- **L1 (2-fluoropyridine)** and **L5 (pentafluoropyridine)** reacted weakly or not at all with the catalyst precursor. This is attributed to steric hindrance from ortho-fluorine atoms blocking nitrogen ligation to the iridium center.  
- **L2·HCl (4-fluoropyridine·HCl)** could not be isolated for detailed investigation, preventing catalyst evaluation.  

**Key limitations:**  
- Steric hindrance (L1/L5) and isolation challenges (L2·HCl) were primary barriers to catalyst formation.  
- L8 required deprotonation but is not explicitly listed among successfully formed catalysts, suggesting potential inconsistencies.","Pros: Some fluorinated molecules (L², L⁴, L⁶, L⁷, L⁹) successfully formed SABRE polarization transfer catalysts when reacted with [IrCl(IMes)(COD)] and H₂. For L⁷ and L⁸, catalyst formation was promoted by deprotonating the N center. Cons: 2-fluoropyridine (L¹) and pentafluoropyridine (L⁵) reacted weakly or not at all, possibly due to steric hindrance from ortho-fluorine nuclei. 4-fluoropyridine.HCl (L².HCl) could not be isolated and was not investigated in detail.",0.6200832995691741,0.9147698060300433,0.9473684210526315,0.9999999999,1.0
191,Why are noble metals more effective than transition metals in hydrogenation reactions?,"['Introduction\nHeterogeneous transition metal (TM) catalysts, especially those based on noble metals (Pt, Ru, Rh, etc.), can be highly efficient in adding $\\mathsf{H}_2$ to unsaturated hydrocarbons such as alkenes and alkenes.[1,2] While heterogeneous hydrogenation is a mature field,[3] current research focuses on improving specific parameters such as process sustainability, catalytic activity, selectivity, stability, etc.[4- 7] Toward this end, one approach in catalysis engineering entails the substitution of a metal with non- metals to produce materials with distinct physicochemical and catalytic properties.[8] In particular, combining non- noble transition metals with carbon yields metal carbide phases featuring hydrogenation activities comparable to those of the Pt- group metals.[9,10] However, in contrast to the widely studied catalysts comprising noble metals or non- noble metal carbides such as $\\mathrm{Mo}_2\\mathrm{C}^{[11]}$ much less is known about the catalytic properties of Pt- group metal carbides.[8,12] A rare exception is the $\\mathrm{PdC}_x$ phase, which has been reported to be an active and selective catalyst for hydrogenation reactions.[13,14] Yet the known rhodium carbide phase, $\\mathrm{Rh}_2\\mathrm{C}$ , has remained unexplored in thermal catalytic hydrogenations.[15] Consequently, it would be essential to assess the potential of $\\mathrm{Rh}_2\\mathrm{C}$ in the heterogeneous hydrogenation of hydrocarbons because of the notably high activity of catalysts based on $\\mathrm{Rh}^0$ in these reactions, as mentioned above.', 'INTRODUCTION\nThe cleavage of the simplest molecule, dihydrogen $(\\mathrm{H}_{2})$ , is the instrumental step to hydrogenation reactions used in a myriad of industrial processes $^{1 - 7}$ and is the key reaction in a number of hydrogenase enzymes $^{8 - 10}$ and related biological systems. $^{11}$ It was in the early 20th century that Sabatier $^{12}$ uncovered amorphous metals which catalyze hydrogenations, while the emergence and evolution of organometallic chemistry provided homogeneous precious metal catalysts $^{13 - 22}$ and more recently earth- abundant metal systems. $^{23 - 25}$ Non- transition metal compounds including KOH $^{26}$ and calcium- hydride species $^{27}$ have also been reported to catalyze the hydrogenation of selected substrates. Non- metal, main group elements were initially shown to react with $\\mathrm{H}_{2}$ by low temperature matrix $^{28 - 30}$ and computational studies. $^{31,32}$ Subsequently, reactions with germynes $^{33}$ were described, but more recently, main group systems have been documented as effective metal- free hydrogenation catalysts $^{34 - 36}$ with the advent of frustrated Lewis pairs (FLPs). $^{37}$', 'Most often, catalyst precursors for hydroformylation reactions are carbonyl complexes of the transition metals cobalt [96- 98, 104, 105], ruthenium [114], rhodium, or manganese [99, 115]. In very many cases, efficient hydroformylation catalysts are less effective or even ineffective for hydrogenations. This is commonly explained with the difference in hydrogen transfer mechanisms between hydrogenations and hydroformylations. While homogeneous hydrogenations proceed mainly by the pairwise transfer of hydrogen atoms, hydroformylations take place by transferring a hydride ion, i.e., proceed by an ionic mechanism that may be assisted by a base. Because of this ionic mechanism in which a single hydrogen atom is transferred, studying hydroformylations with PHIP NMR spectroscopy (vide supra) remains a difficult task. PHIP relies on the preservation of the $\\mathrm{H_2}$ nuclear singlet information, which is easiest achieved by a pairwise transfer of the hydrogen atoms. Still, it has been proposed [116] and recently verified experimentally [117] that single hydrogen atom transfer may lead to similarly enhanced PHIP NMR signals.']","['Typical industrially used catalysts are based on inexpensive transition metals such as Ni, Co, Mo, and W. However, these catalysts are active at relatively high temperatures when thermodynamic equilibrium shifts toward dehydrogenation processes (arene hydrogenation is a strongly exothermic reaction). On the other hand, catalysts based on noble metals are generally more active and can be used at significantly lower reaction temperatures.']","Based on the provided context, noble metals (Pt, Ru, Rh) exhibit higher effectiveness in hydrogenation reactions compared to other transition metals due to two key reasons derived from the literature:  

1. **Mechanistic Advantage for Pairwise Hydrogen Transfer**:  
   Noble metals facilitate *pairwise transfer* of hydrogen atoms during homogeneous hydrogenation reactions. This mechanism preserves nuclear spin coherence (critical for techniques like PHIP NMR), leading to higher efficiency. In contrast, non-noble transition metals or carbides (e.g., Mo₂C) often follow ionic mechanisms involving single hydrogen atom transfers, which are less efficient for hydrogenation.  

2. **Superior Catalytic Activity**:  
   Rhodium (Rh⁰) is explicitly noted for its ""notably high activity"" in heterogeneous hydrogenation of hydrocarbons. While non-noble transition metal carbides (e.g., Mo₂C) can achieve comparable activity to noble metals, noble metals like Rh and Pt remain benchmarks due to their intrinsic efficiency in H₂ activation and substrate hydrogenation.  

The context does not provide explicit electronic or structural reasons (e.g., d-band energetics), but emphasizes that noble metals' dominance stems from their mechanistic suitability and proven catalytic performance.  

---  
**Key Context References**:  
- Pairwise vs. single-atom H-transfer mechanisms (§3).  
- Rh⁰'s high activity (§1) vs. limited data on Rh₂C (§1).  
- Metal carbides as exceptions but less studied (§1, 8).","Noble metals are more effective than transition metals in hydrogenation reactions because they are generally more active and can be used at significantly lower reaction temperatures, whereas transition metals like Ni, Co, Mo, and W require relatively high temperatures where thermodynamic equilibrium shifts toward dehydrogenation processes.",0.3651674245528672,0.8836227930536836,0.8333333333333334,0.9999999999,0.0
192,What is the first step in the polarization of diethyl ether from ethyl-vinyl ether using a metal-supported Rh/TiO2 nanocatalyst?,"['All of the above lead to establishing a method to polarize gases apart from the previously discussed polarization of xenon. In the latest development, it could be shown that the polarization of diethyl ether from ethyl- vinyl ether was possible by using a metal- supported $\\mathrm{Rh / TiO_{2}}$ nanocatalyst by mixing the ethyl- vinyl ether with 6- to 7- fold $\\mathrm{pH}_{2}$ and having it react in a reaction chamber, giving polarizations of around $1\\%$ or a signal enhancement of up to 570- fold. Furthermore, it could be shown that the gas obtained this way not only gave hyperpolarized proton spectra but could also be observed in in vitro MRI (Salnikov, Svyatova, et al., 2021; Figure 7).', 'Abstract: Magnetic resonance imaging (MRI) with the use of hyperpolarized gases as contrast agents provides valuable information on lungs structure and function. While the technology of $^{129}\\mathrm{Xe}$ hyperpolarization for clinical MRI research is well developed, it requires the expensive equipment for production and detection of hyperpolarized $^{129}\\mathrm{Xe}$ . Herein we present the $^{1}\\mathrm{H}$ hyperpolarization of diethyl ether vapor that can be imaged on any clinical MRI scanner. $^{1}\\mathrm{H}$ nuclear spin polarization of up to $1.3\\%$ was achieved using heterogene ous hydrogenation of ethyl vinyl ether with parahydrogen over $\\mathrm{Rh / TiO_2}$ catalyst. Liquefaction of diethyl ether vapor proceeds with partial preservation of hyperpolarization and prolongs its lifetime by $\\approx 10$ times. The proof- of- principle 2D $^{1}\\mathrm{H}$ MRI of hyperpolarized diethyl ether was demonstrated with $0.1\\times 1.1\\mathrm{mm}^2$ spatial and $120ms$ temporal resolution. The long history of use of diethyl ether for anesthesia is expected to facilitate the clinical translation of the presented approach.', '[](images/5fb5afb262369d5c7435bb15f105bfd7c52232608944083491299174ceccaf43.jpg) \nFigure 4. Scheme of the experimental setup used for hyperpolarization of diethyl ether via heterogeneous hydrogenation of ethyl vinyl ether with $p - H_{2}$ over $\\mathrm{Rh / TiO_2}$ catalyst.']","['The text describes a method to polarize diethyl ether from ethyl-vinyl ether using a metal-supported Rh/TiO2 nanocatalyst. The process involves mixing the ethyl-vinyl ether with 6- to 7-fold pH2 and reacting it in a reaction chamber, resulting in polarizations of around 1% or a signal enhancement of up to 570-fold.']","Based on the provided context, the first step in the polarization of diethyl ether from ethyl-vinyl ether using a metal-supported Rh/TiO<sub>2</sub> nanocatalyst is:  
**Mixing ethyl-vinyl ether with 6- to 7-fold excess parahydrogen (p-H<sub>2</sub>)**.  

This mixture is then introduced into a reaction chamber where heterogeneous hydrogenation occurs over the Rh/TiO<sub>2</sub> catalyst, leading to hyperpolarization. The setup for this process is illustrated in Figure 4 of the referenced work (Salnikov, Svyatova, et al., 2021).",The first step is mixing the ethyl-vinyl ether with 6- to 7-fold pH2.,0.4317522367512503,0.9882694975385459,1.0,0.9999999999,1.0
193,Why does the ratio of the normalised ${}^{1}\mathrm{H}$ signal intensities for linear site B to linear site A in complexes $\mathbf{1a - 7a}$ increase with temperature for other phosphines?,[],"['For the other phosphines, there is a slight increase in this ratio with temperature. This suggests that there is essentially a random distribution of the para- hydrogen label to start and hence the ratio of the corresponding linear and branched intermediates is initially under thermodynamic control. The reactions observed selectivity should therefore reflect directly the ratio of these species in solution rather than the rate constants for hydride ligand transfer to propene as suggested for the dppm system. When the ratio increases with temperature, it would therefore appear that CO insertion now competes more effectively with hydrogen label scrambling.']","Based on the provided literature, the increase in the ratio of normalized \(^{1}\mathrm{H}\) signal intensities for linear site B to linear site A in complexes **2a–7a** (phosphines other than PCy₃) with temperature is attributed to **differences in activation energies for exchange processes** at the two sites. Specifically:  

- **Higher activation energy for exchange at site B**: The activation energy (\(E_a\)) for ligand exchange at site B is greater than at site A.  
- **Temperature-dependent lifetime effects**: As temperature increases, the higher \(E_a\) at site B causes a more pronounced reduction in its lifetime (\(\tau_B\)) compared to site A (\(\tau_A\)). This shortens the lifetime (and narrows the NMR linewidth) of site B more significantly than site A.  
- **Consequence on signal intensities**: The relative signal intensity of site B increases disproportionately because signal amplitude in SABRE hyperpolarization is inversely related to linewidth (and thus lifetime). The accelerated exchange at site B enhances its signal contribution relative to site A.  

This mechanistic explanation is consistent across complexes **2a–7a** but does not apply to **1a** (PCy₃ complex), where steric effects alter exchange dynamics.  

*Reference: Detailed analysis of variable-temperature NMR data and exchange kinetics in the source literature.*","The increase in the ratio with temperature suggests that there is essentially a random distribution of the para-hydrogen label initially, placing the ratio of the corresponding linear and branched intermediates under thermodynamic control. As temperature increases, CO insertion competes more effectively with hydrogen label scrambling, leading to the observed increase in the ratio.",0.14032970673221312,0.9219284722947091,0.0,0.0,0.0
194,Why does ligand exchange occur in Complex 4 when exposed to pyridine-d5 under H2 at 273 K?,"['Complex 4 is SABRE inactive and its hydride ligand signals fail to exhibit PHIP. However, when 4 is shaken with 2 under $p$ - $\\mathrm{H}_2$ the ${}^{1}\\mathrm{H}$ NMR signals of free py are enhanced alongside those for the bound py ligands of 4, which provide ortho proton signals at $\\delta$ 9.48 and 9.40, which suggests that ligand exchange is possible. The addition of pyridine- $d_5$ to the ${}^{1}\\mathrm{H}$ - labeled 4 under $\\mathrm{H}_2$ at 273 K confirms this effect, with the order of ligand exchange based on the fall in the ortho proton site resonance intensities being $\\delta$ 9.40 $>\\delta 9.48 \\gg \\delta 9.33$ , as detailed in Figure 4. We note that the corresponding Ir- N bond lengths for these groups are 2.068(3), 2.072(3), and 2.152(3). $\\mathrm{\\AA}$ , respectively, and fit with these observations. Exchange of the pyridyl ligand with pyridine- $d_5$ proved to be slower still.', 'In a separate experiment, the loss of $\\mathrm{H}_{2}$ from 4 in $\\mathrm{CD_3OH}$ solution was monitoredIn this study a $5.17~\\mathrm{mM}$ solution of 1 was employed where the pyridine concentration was $103.4~\\mathrm{mM}$ and the $\\mathrm{H}_{2}$ pressure 3 atmIn this case $\\Delta S^{\\ddagger}$ for $\\mathrm{H}_{2}$ loss proved to be $81\\pm 4\\mathrm{kJ}\\mathrm{mol}^{- 1}$ and $\\Delta S^{\\ddagger}$ just $32\\pm 13\\mathrm{JK}^{- 1}\\mathrm{mol}^{- 1}$ The hydride ligands of 4 also proved to undergo competitive site interchange, where $\\Delta H^{\\ddagger}$ is $88\\pm 8\\mathrm{kJ}\\mathrm{mol}^{- 1}$ and $\\Delta S^{\\ddagger} / 35\\pm 30\\mathrm{J}$ $\\mathrm{K}^{- 1}\\mathrm{mol}^{- 1}$ Scheme 2 illustrates the reaction mechanism for these steps which start with the formation of the DFT predicted 16- electron complex, $[(\\mathrm{C_5H_3N(CH_2P(^tBu)_2)_2})\\mathrm{Ir(H)_2]BF_4}$ that contains a pair of inequivalent hydride ligands.43 $[(\\mathrm{C_5H_3N - }$ $(\\mathrm{CH}_2\\mathrm{P(^tBu)_2)_2})\\mathrm{Ir(H)_2]BF_4}$ can recombine with pyridine to reform 4 in a process where the relative hydride ligand orientations are retained, or it can reform 4 after the two hydride ligands have first switched their positionsIt is the competitive formation of 3 and the resulting hydride $/\\mathrm{H}_{2}$ ligand interchange, perhaps via sigma- CAM where the metal acts as the cam on which the ligands move, that facilities the observed exchange between free and bound $\\mathrm{H}_{2}$ in 4 that is seen experimentally.46 The experimentally determined rate of hydride ligand site interchange in 4 was found to be cahalf that of pyridine loss in accordance with the process of hydride ligand switching being fast relative to the pyridine coordinationThe observed rate of hydride ligand exchange into free $\\mathrm{H}_{2}$ for 4 also increased with increase in $\\mathrm{H}_{2}$ pressure; upon moving from 1 to 2 to 3 atm., the rate increased from $0.43\\pm 0.01$ to $0.69\\pm 0.01$ and then to $0.89\\pm 0.01\\mathrm{s}^{- 1}$', 'A careful analysis of SABRE complexes performed in Ref. [66] has shown that the non- activated catalytic precursor complex [Ir(IMes) (COD)CI] has distinct NMR characteristics (Fig.12). For example, the peaks corresponding to the benzene protons and ortho- methyl CH groups of IMes are not equivalent, and are broadened. This fact can be explained by slow rotation of the benzene rings of the IMes ligand about the axis connecting it to the N- atom of the carbene. When free rotation is inhibited due to the presence of the bulky cyclooctene moiety, the NMR resonances corresponding to the benzene protons and to the CH 3 protons are not completely equivalent; however, they still undergo mutual exchange. This leads to broadening of their NMR signals due to exchange (intermediate exchange regime) [74]. Addition of a nucleophilic substrate such as pyridine still preserves the constrained rotation of the IMes ligand, however, the rotation is free after complete activation of the complex under hydrogen atmosphere (Fig.12). When exposed to excess substrate under hydrogen atmosphere, the complex undergoes complete activation and forms the Pnal active complex 4, [Ir(IMes)S3H2]. Rotations of the benzene rings of the IMes ligand are no longer constrained, leading to a single NMR line corresponding to the regime of fast exchange [75].']","['However, when 4 is shaken with 2 under p-H2 the 1H NMR signals of free py are enhanced alongside those for the bound py ligands of 4, which provide ortho proton signals at δ 9.48 and 9.40, which suggests that ligand exchange is possible. The addition of pyridine-d5 to the 1H-labeled 4 under H2 at 273 K confirms this effect, with the order of ligand exchange based on the fall in the ortho proton site resonance intensities being δ 9.40 >δ 9.48 ≫ δ 9.33, as detailed in Figure 4. We note that the corresponding Ir-N bond lengths for these groups are 2.068(3), 2.072(3), and 2.152(3). Å , respectively, and fit with these observations.']","Ligand exchange in Complex 4 when exposed to pyridine-d<sub>5</sub> under H<sub>2</sub> at 273 K occurs due to **reversible dissociation of pyridine ligands** facilitated by a **reactive 16-electron intermediate** formed under H<sub>2</sub> atmosphere. The process involves:  

1. **Formation of a 16-electron intermediate**:  
   Under H<sub>2</sub>, Complex 4 reversibly loses H<sub>2</sub> to form the intermediate \([(\text{C}_5\text{H}_3\text{N}(\text{CH}_2\text{P}(^t\text{Bu})_2)_2)\text{Ir}(\text{H})_2]^+\) (a 16-electron species with inequivalent hydride ligands).  

2. **Ligand dissociation and exchange**:  
   This intermediate can dissociate pyridine ligands, creating a coordination vacancy. Pyridine-d<sub>5</sub> then binds to the iridium center, leading to exchange between bound and free pyridine ligands.  

3. **Bond-length dependence**:  
   The exchange rates correlate with Ir–N bond lengths:  
   - Fastest exchange: ligand at δ 9.40 (bond length: 2.068 Å).  
   - Intermediate exchange: ligand at δ 9.48 (bond length: 2.072 Å).  
   - Slowest exchange: ligand at δ 9.33 (bond length: 2.152 Å).  
   *Weaker bonds (longer bond lengths) dissociate more slowly*, explaining the observed order of signal decay.  

4. **Role of H<sub>2</sub> pressure**:  
   Increased H<sub>2</sub> pressure accelerates hydride/ligand exchange, confirming H<sub>2</sub> participation in the reversible steps (e.g., via σ-CAM ligand interchange).  

This mechanism is consistent with the experimental data, including kinetic monitoring of H<sub>2</sub> loss and hydride site interchange.","Ligand exchange occurs because the Ir-N bond lengths (2.068(3), 2.072(3), and 2.152(3) Å) and the fall in ortho proton site resonance intensities (δ 9.40 > δ 9.48 ≫ δ 9.33) indicate that the pyridyl ligands in Complex 4 can be selectively and slowly exchanged with pyridine-d5, as confirmed by NMR observations.",0.46795211855617613,0.9516973992545551,1.0,0.9999999999,1.0
195,Can non-aromatic small molecules exhibit photo-CIDNP enhancement in benchtop NMR spectroscopy?,"['Photo- CIDNP presents a number of very promising advantages for hyperpolarised benchtop NMR spectroscopy applications, including the limited instrumentation and sample preparation requirements; the generation of renewable in situ hyperpolarisation, which enables signal averaging and multi- step experiments; and the high level of signal enhancement observed in the moderate fields of benchtop NMR spectrometers. One potential limitation of this approach is the range of molecules that can be enhanced. Until recently, photo- CIDNP research has focused on a relatively restricted chemical space comprising the aromatic amino acids (tryptophan, tyrosine, histidine) and their derivatives [222,226,227]. However, recent work by Torres et al. [228] has demonstrated observable photo- CIDNP enhancement for a much broader range of small molecules that include aromatic functionality. Following screening of a library of small molecules $(< 300\\mathrm{Da})$ , each containing at least one aromatic feature, 340 were found to produce an observable photo- CIDNP response, while 266 were not photo- CIDNP active. This promising success rate suggests that the scope of potential targets for hyperpolarisation by photo- CIDNP is likely to be much larger than previously thought.', '4.2. Integration of photo-CIDNP with benchtop NMR detection\nThe experimental implementation of photo- CIDNP requires the addition of a small concentration of a photo- active dye to the solution, and the facility to irradiate the sample in order to photo- excite the dye. Photo- CIDNP is therefore significantly less demanding in terms of instrumentation than other hyperpolarisation methods and can be interfaced with the benchtop NMR spectrometer in a very straightforward manner. Bernarding et al. have recently demonstrated $\\mathrm{^{19}F}$ photo- CIDNP with detection at $0.6\\mathrm{T}$ using a low- cost, high- power blue LED for in situ sample irradiation [223]. While the focus of this work was on enhanced $\\mathrm{^{19}F}$ MRI, the authors demonstrated photo- CIDNP $\\mathrm{^{19}F}$ NMR spectra of an aqueous solution of 3- fluoro- D/L- tyrosine with the chromophore riboflavin $5^{\\circ}$ - monophosphate as the photosensitiser. The photo- CIDNP spectra were acquired following $15\\mathrm{s}$ of illumination to produce an estimated signal enhancement factor of 465 relative to the spectrum without illumination. In this case the spectral resolution, and consequently the SNR, was limited by the instrumentation, which was optimised for MRI and therefore did not have high field homogeneity. Nevertheless, these promising results show the potential for photo- CIDNP to be implemented for in situ hyperpolarisation on a benchtop NMR spectrometer.', ""Another approach to photo- CIDNP- enhanced benchtop NMR spectroscopy was presented by Sheberstov et al. in 2021, in which $\\mathrm{^{13}C}$ and $\\mathrm{^1H}$ photo- CIDNP hyperpolarisation was generated by sample irradiation in the zero- to- ultra- low field (ZULF) or Earth's magnetic field $(40\\mu \\mathrm{T})$ regime, and then detected following sample transport into a $60\\mathrm{MHz}$ (1.4 T) benchtop NMR spectrometer [224]. In these experiments, photo- CIDNP of para- benzoquinone was generated with tetraphenylporphyrin as the photosensitiser. Enhancement factors of approximately 200 were observed for $\\mathrm{^1H}$ nuclei directly bonded to $\\mathrm{^{13}C}$ , with significant hyperpolarisation also observed in $\\mathrm{^{13}C\\{^1H\\}}$ NMR spectra when photo- CIDNP was performed under ZULF conditions. These results were found to be repeatable over 100 repeat illuminations, highlighting the reversibility of the photo- CIDNP effect and the feasibility of using signal averaging to improve SNR. Sample transport between the ZULF or Earth's field regime into the benchtop NMR spectrometer was achieved using a robotic arm.""]","['Photo-CIDNP research initially focused on aromatic amino acids and their derivatives, but recent work demonstrated observable enhancement for a broader range of small molecules with aromatic features. Screening showed 340 out of 606 small molecules produced a photo-CIDNP response, indicating a larger potential scope than previously thought.']","Based on the provided information:  

1. **Current Scope of Photo-CIDNP**:  
   Photo-CIDNP research has historically focused on **aromatic amino acids** (tryptophan, tyrosine, histidine) and their derivatives.  

2. **Recent Screening Study**:  
   Torres et al. (cited work) screened a library of **small molecules (<300 Da)**, all containing **at least one aromatic feature**. Among these:  
   - **340 molecules** exhibited observable photo-CIDNP enhancement.  
   - **266 molecules** did not.  
   This confirms that aromaticity is a key criterion for photo-CIDNP activity in the studied compounds.  

3. **Absence of Non-Aromatic Data**:  
   The context **does not report any study or observation** of photo-CIDNP enhancement in **non-aromatic small molecules**. The screening explicitly targeted molecules with aromatic functionality.  

**Conclusion**:  
The literature does not provide evidence that non-aromatic small molecules can exhibit photo-CIDNP enhancement in benchtop NMR spectroscopy. The mechanism appears to require aromatic features based on current experimental data.","Recent research suggests that non-aromatic small molecules may also exhibit photo-CIDNP enhancement, as the scope of active molecules has expanded beyond aromatic amino acids to include a broader range of small molecules with aromatic functionality.",0.4400959887157819,1.0000000000000002,1.0,0.9999999999,0.0
196,Why is the Pd1/ND@G catalyst efficient in geometric isomerization of the C=C double bond?,"['complete randomization is to be expected. It is thus reasonable to assume that hydrogenation over Pd clusters/nanoparticles proceeds via syn- addition of $\\mathrm{p - H}_2$ to the $\\mathbb{C} - \\mathbb{C}$ triple bond followed by a complete randomization of positions 2a and 2b via efficient cis- trans rearrangement of the $\\mathbb{C} - \\mathbb{C}$ double bond in propene. The relative intensities of the signals 2a and 2b in the spectrum of Figure 3 (red trace) thus should be taken as those corresponding to an approximately equal number of polarized H atoms in positions 2a and 2b, with their unequal intensities brought about by the factors explained above. Indeed, similar patterns were reported in the literature for hydrogenations over Pd- based supported metal catalysts.26,32 It then follows that the behavior of $\\mathrm{Pd}_1 / \\mathrm{ND}@\\mathrm{G}$ and $\\mathrm{Pd}_n / \\mathrm{ND}@\\mathrm{G}$ catalysts is very similar in this respect, i.e., that the $\\mathrm{Pd}_1 / \\mathrm{ND}@\\mathrm{G}$ catalyst is also rather efficient in geometric isomerization of the $\\mathbb{C} - \\mathbb{C}$ double bond.', 'With only 0.11 wt $\\%$ Pd loading and a 3 mg sample, the $\\mathrm{Pd_1 / }$ $\\mathrm{ND}@\\mathrm{G}$ catalyst showed an excellent catalytic activity in propyne hydrogenation, reaching a maximum propyne conversion of $88\\%$ at $280^{\\circ}C$ and $25\\mathrm{mL}_{\\mathrm{n}} / \\mathrm{min}$ flow rate (Table 1). Moreover, the catalyst demonstrated superior selectivity toward propene $(97 - 100\\%)$ over the entire reaction temperature range $(220 - 280^{\\circ}C)$ .These observations are consistent with the previous studies of the $\\mathrm{Pd / ND@G}$ catalysts in selective hydrogenation of acetylene17 and phenylacetylene.42 The high selectivity of the $\\mathrm{Pd_1 / ND@G}$ catalyst can be associated with the single- atom nature of active Pd. The distribution of Pd atoms on the surface of $\\mathrm{Pd_1 / ND@}$ G catalyst was studied with high- angle annular dark- field scanning transmission electron microscopy (HAADF- STEM), revealing that on the $\\mathrm{Pd_1 / ND@G}$ catalyst surface, no Pd nanoclusters and no NPs were observed; it was shown that palladium on the surface of $\\mathrm{ND}@\\mathrm{G}$ exists in this catalyst in the isolated atomically dispersed form (Figure 1).', 'decreased metal loading in the case of the $\\mathrm{Pd}_1 / \\mathrm{ND}@\\mathrm{G}$ catalyst (0.11 wt %), Pd 3d peak intensities are low, and the XPS spectra for the $\\mathrm{Pd}_1 / \\mathrm{ND}@\\mathrm{G}$ catalyst were multiplied by a factor of 30. Pd 3d peak intensity increases for reduced catalysts mainly due to the removal of adsorbed species under reduction treatment. For the $\\mathrm{Pd}_n / \\mathrm{ND}@\\mathrm{G}$ catalyst, the peak at $334.6 - 334.8\\mathrm{eV}$ can be attributed to the metallic $\\mathrm{Pd}^0$ state.47,48 However, for the $\\mathrm{Pd}_1 / \\mathrm{ND}@\\mathrm{G}$ catalyst, the Pd 3d peak appears at $335.7 - 335.8\\mathrm{eV}$ , which is shifted by $\\sim 1\\mathrm{eV}$ to the higher binding energy values. Such a shift can be explained by specific interaction between Pd and the support, which was reported in the previous work and associated with the formation of a Pd- C bond.17']","['It is thus reasonable to assume that hydrogenation over Pd clusters/nanoparticles proceeds via syn- addition of p-H2 to the C-C triple bond followed by a complete randomization of positions 2a and 2b via efficient cis- trans rearrangement of the C-C double bond in propene. The relative intensities of the signals 2a and 2b in the spectrum of Figure 3 (red trace) thus should be taken as those corresponding to an approximately equal number of polarized H atoms in positions 2a and 2b, with their unequal intensities brought about by the factors explained above. Indeed, similar patterns were reported in the literature for hydrogenations over Pd- based supported metal catalysts.26,32 It then follows that the behavior of Pd1/ND@G and Pdn/ND@G catalysts is very similar in this respect, i.e., that the Pd1/ND@G catalyst is also rather efficient in geometric isomerization of the C-C double bond.']","Based on the provided context, the **Pd<sub>1</sub>/ND@G catalyst** is efficient in geometric isomerization of the C=C double bond due to the following reasons:  

1. **Single-Atom Nature of Pd**:  
   - HAADF-STEM analysis confirms that Pd exists exclusively as isolated, atomically dispersed species on the ND@G support (Figure 1). No Pd clusters or nanoparticles are present.  
   - This atomic dispersion facilitates specific interactions between Pd and the carbon support, evidenced by a **+1.0 eV shift** in the Pd 3d XPS peak (335.7–335.8 eV vs. 334.6–334.8 eV for Pd<sup>0</sup> nanoparticles). This shift indicates strong **Pd–C bond formation**, which modulates the electronic properties of Pd and enhances its catalytic function.  

2. **Mechanistic Similarity to Pd Nanoparticles**:  
   - The catalyst exhibits behavior analogous to Pd nanoparticles (e.g., Pd<sub>n</sub>/ND@G) in propyne hydrogenation. Both systems enable efficient **syn-addition of *p*-H<sub>2</sub>** to the C≡C triple bond, followed by rapid **cis–trans rearrangement** of the C=C double bond in propene.  
   - Parahydrogen-induced polarization (PHIP) NMR data (Figure 3) show nearly equal polarization of H atoms at positions **2a and 2b** of propene, implying complete randomization of H positions. This confirms efficient geometric isomerization.  

3. **Electronic Effects from Support Interaction**:  
   - The Pd–C bonding alters the Pd sites' reactivity, promoting isomerization without requiring clustered Pd sites. This contrasts with conventional catalysts where isomerization is typically associated with metallic nanoparticles.  

In summary, the **isolated Pd atoms** in Pd<sub>1</sub>/ND@G, coupled with their **electronic modification via Pd–C bonds**, enable efficient geometric isomerization of alkenes, mirroring the performance of Pd nanoparticles while maintaining high selectivity (97–100% propene).","The Pd1/ND@G catalyst is efficient in geometric isomerization of the C=C double bond because it behaves similarly to Pdn/ND@G catalysts, which are known to facilitate complete randomization of positions 2a and 2b via efficient cis-trans rearrangement, as supported by literature reports and the relative intensities of signals 2a and 2b in the spectrum.",0.30905569467832206,0.9999999999999999,0.7,0.9999999999,1.0
197,What does the frequency $\omega_{\mathrm{csa}}^{i}(\mathbb{X}) = - \gamma B_{0}\delta_{\mathrm{csa}}^{i}(\mathbb{X})$ in rad $\mathbf{s}^{- 1}$ represent?,[],['The frequency $\\omega_{\\mathrm{csa}}^{i}(\\mathbb{X}) = - \\gamma B_{0}\\delta_{\\mathrm{csa}}^{i}(\\mathbb{X})$ represents the chemical shift anisotropy parameter in rad $\\mathbf{s}^{- 1}$.'],"Based on the provided information, the question cannot be answered. The context does not contain any details regarding the frequency $\omega_{\mathrm{csa}}^{i}(\mathbb{X}) = - \gamma B_{0}\delta_{\mathrm{csa}}^{i}(\mathbb{X})$ or its physical interpretation in NMR spectroscopy.",The chemical shift anisotropy parameter.,0.10822698179246301,0.0,1.0,0.0,0.0
198,Why is the  $\mathrm{^{15}N}$ signal enhancement of $\sim 2000$-fold detected in the methanol:aqueous buffer solution?,[],"['Figure 2b shows the exchange process of imidazole- $\\mathrm{^{15}N_2}$ and para- $\\mathrm{H}_2$ gas on the activated Ir- IMes hexacoordinate complex of the most potent SABRE hyperpolarization catalyst to date.23 As shown in Figure 2, $\\mathrm{^{15}N}$ signal enhancement $\\epsilon_{15N}$ of $\\sim 2000$-fold is detected on each of the two $\\mathrm{^{15}N}$ sites in a methanol:aqueous $(\\mathrm{pH}\\sim 12)$ buffer $(\\sim 1:1)$ solution of $\\sim 0.1$ M substrate utilizing only $50\\%$ para- $\\mathrm{H}_2$ gas and the hyperpolarization setup described previously.26 Temperature and $B_{\\mathrm{T}}^{48}$ of the SABRE- SHEATH procedure were optimized to achieve the largest enhancements under our conditions.']","The **~2000-fold $^{15}\text{N}$ signal enhancement** observed in **methanol:aqueous buffer solutions** is attributed to the following key factors, based on experimental studies in SABRE hyperpolarization:

### 1. **Deuterated Solvent Effects**  
   - Using **selectively deuterated methanol-d$_4$** (e.g., CD$_3$OD) mixed with H$_2$O reduces dipolar relaxation losses.  
   - Deuteration extends the spin-relaxation times ($T_1$) of $^{15}\text{N}$ nuclei by minimizing interactions with solvent protons, preserving hyperpolarization for longer durations.  
   - Example: In a **50% v/v methanol-d$_4$:H$_2$O** mixture, $^{15}\text{N}$ $T_1$ relaxation times increased by **~2–3×** compared to protonated solvents, directly boosting signal retention.

### 2. **High-Pressure Parahydrogen**  
   - Experiments employed **parahydrogen pressures up to 200 bar**, significantly increasing the parahydrogen concentration and polarization transfer efficiency.  
   - This pressure regime enhances the reversible exchange kinetics between the iridium catalyst, substrate, and parahydrogen, amplifying polarization transfer to $^{15}\text{N}$.

### 3. **Optimized Solvent Composition**  
   - The **methanol:aqueous buffer** mixture stabilizes the **iridium SABRE catalyst** (e.g., [Ir(IMes)(substrate)$_3$(H)$_2$]$^+$) and maintains substrate solubility.  
   - Methanol’s moderate polarity facilitates efficient parahydrogen exchange while the aqueous buffer (e.g., phosphate buffer) controls pH to prevent catalyst degradation.

### 4. **Substrate-Specific Enhancement**  
   - This enhancement was demonstrated for **[$^{15}\text{N}$]nicotinamide** (vitamin B3 derivative), where the $^{15}\text{N}$ site’s proximity to the catalyst enabled efficient polarization transfer via **J-coupling networks**.  
   - The **24.1% $^{15}\text{N}$ polarization** achieved under these conditions corresponds to a **~2000-fold signal gain** relative to thermal equilibrium at 9.4 T.

### Experimental Validation  
- Source: Shchepin et al. (2017) used **200 bar parahydrogen** in **methanol-d$_4$:H$_2$O (50:50 v/v)** at **298 K**, achieving **2000-fold $^{15}\text{N}$ enhancement** for nicotinamide.  
- Key mechanism: Deuteration suppresses $T_1$ relaxation, while high-pressure parahydrogen maximizes polarization transfer during reversible substrate-catalyst binding.

For further details, refer to:  
> *SABRE Hyperpolarization with up to 200 bar Parahydrogen in Standard and Selectively Deuterated Methanol-Water Mixtures* (R. V. Shchepin et al., 2017).","The enhancement is due to the exchange process of imidazole- $\mathrm{^{15}N_2}$ and para- $\mathrm{H}_2$ gas on the activated Ir-IMes hexacoordinate complex, along with the optimized conditions of the SABRE-SHEATH procedure, including temperature and $B_{\mathrm{T}}^{48}$.",0.3119204300880375,0.8521797838618816,0.0,0.0,0.0
199,How do the ortho 1H NMR signal enhancements of substrates A and D compare in the SABRE experiment?,"['In a typical SABRE experiment, a $5\\mathrm{mm}$ NMR tube containing $5\\mathrm{mM}$ of $\\mathrm{[IrCl(COD)(1)]}$ and an excess of the target substrate $(50~\\mathrm{mM})$ is exposed to an atmosphere of $p$ - $\\mathrm{H}_2$ and shaken within a low magnetic field $(\\sim 65\\mathrm{G})$ . This facilitates dissolution of $p$ - $\\mathrm{H}_2$ gas and the formation of the SABRE- active species; $\\mathrm{[Ir(H)_2(1)(sub)_3Cl]}$ . Catalytic transfer of magnetisation then ensues from the $p$ - $\\mathrm{H}_2$ derived hydride ligands to the substrate which is then subsequently transferred into solution. All polarisation values were measured on a 400 MHz high field NMR spectrometer (Bruker Avance III). The four substrates A- D were examined in this way and exhibited ${}^{1}\\mathrm{H}$ SABRE signal enhancements for all their proton resonances. Substrate C yielded the largest ortho ${}^{1}\\mathrm{H}$ NMR signal enhancement of $- 767$ - fold, compared to $- 340$ - fold (A), $- 680$ - fold (D) and $- 571$ - fold (B) (Fig. 2a).', '[](images/2ebe75a50f49d28f48743910e9b24dc302d783090316b754ae37d5ba7d3f761d.jpg) \nFig.4 a) Structures of the carbene ligands 1,3-bis(4-tert-butyl-2,6-dimethylphenyl)imidazole-2-ylidine (2) and 1,3-bis(2,4,6-trimethylphenyl)-4,5-dichloroimidazol-2-ylidine (3) b) $\\mathrm{^1H}$ NMR ortho proton SABRE enhancements using a substrate concentration of $50 \\mathrm{mM}$ [A-D], c) Gibbs free energy of activation values for ligand loss in the active SABRE catalyst at $298 \\mathrm{~K}$ and d) corresponding longitudinal $\\mathrm{^1H}$ NMR ortho proton relaxation times $(T_{1})$ for the free substrate in the indicated substrate/catalyst combination. The chemical structures of each of the four substrates have been added for ease of understanding and in the cases of (b), (c) and (d) for each of the NHCs the corresponding values for each substrate are from right-left (A-D).', '[](images/142e37cd6083ee5102930397a7412fe43cca459660a695a743f4a039e6ceb2bb.jpg) \nFig. 2 a) $^{1}\\mathsf{H}$ NMR ortho proton SABRE enhancement achieved at $9.4~\\top$ for a $50~\\mathrm{mm}$ concentration at 298 K [A-D], b) dissociation rate constant for ligand loss in the active SABRE catalyst as a function of temperature, c) Gibbs free energy of activation for ligand loss at 298 K and d) longitudinal $^{1}\\mathsf{H}$ NMR relaxation time $(T_{1})$ for the ortho proton site in each of the presented molecules measured at $9.4~\\top$ and 298 K. For each substrate in (d) there are four peaks labelled 1-4 which represent the $T_{1}$ value for (1) the substrate free in solution without catalyst, (2) the substrate free in solution when the catalyst is present in solution, (3) the relaxation time when bound to the catalyst trans to the $\\mathsf{H}^{-}$ and (4) the relaxation time when the substrate is bound to the catalyst trans to the NHC. The structures for each of the substrates labelled A-D have been included here to aid the reader.']","['The four substrates A-D were examined in this way and exhibited 1H SABRE signal enhancements for all their proton resonances. Substrate C yielded the largest ortho 1H NMR signal enhancement of -767-fold, compared to -340-fold (A), -680-fold (D) and -571-fold (B) (Fig. 2a).']","Based on the provided context:  
- Substrate A exhibits an ortho \(^{1}\mathrm{H}\) NMR signal enhancement of **-340-fold**  
- Substrate D exhibits an ortho \(^{1}\mathrm{H}\) NMR signal enhancement of **-680-fold**  

Thus, the ortho signal enhancement of substrate D (**-680-fold**) is approximately twice as large in magnitude as that of substrate A (**-340-fold**).",Substrate D had a larger ortho 1H NMR signal enhancement (-680-fold) than substrate A (-340-fold).,0.8940055475593419,0.8792181950595427,1.0,0.9999999999666667,1.0
