,user_input,retrieved_contexts,reference_contexts,response,reference,answer_correctness,answer_relevancy,faithfulness,context_precision,context_recall
0,Why is the performance of immobilized Rh complexes and other Wilkinson's type catalysts relatively poor in liquid-solid and gas-solid processes?,"['Similar complexes containing monodentate phosphines including the well-known Wilkinson catalyst are less efficient as far as', 'the symmetry in the immobilized catalyst is reduced compared to Wilkinson’s catalyst', 'however, with a relatively high loss of rhodium content.[9i] Moreover, Rh–N type immobilized Wilkinson’s type catalysts were', 'immobilized Rh catalysts under reaction conditions in the gas-phase hydrogenations', 'The immobilized binuclear Rh complex had a very poor activity in the hydrogenations, and no PHIP was observed for this catalyst']","['However, in most, if not all, cases, the performance of the catalysts was relatively poor because of metal leaching in liquid-solid processes and chemical degradation in gas-solid reactions at elevated temperatures in the presence of H2.']","Based on the provided context, the relatively poor performance of immobilized Rh complexes and Wilkinson's-type catalysts in liquid-solid and gas-solid processes is attributed to two primary factors:

1. **Reduced Symmetry**:  
   Immobilized catalysts containing monodentate phosphines exhibit reduced symmetry compared to homogeneous Wilkinson's catalyst. This structural alteration compromises catalytic efficiency, likely due to impaired substrate accessibility or altered active-site geometry.

2. **Rhodium Leaching**:  
   These systems suffer from significant rhodium loss during operation (""relatively high loss of rhodium content""), diminishing active catalytic sites and reducing long-term stability. This leaching is particularly detrimental in continuous processes like gas-phase hydrogenations.

Additionally, binuclear Rh complexes immobilized under these conditions displayed **very poor activity** and failed to generate PHIP effects, indicating fundamental incompatibility with parahydrogen-based polarization mechanisms. The Rh–N immobilized systems also showed limitations in gas-phase applications, though specific performance metrics are not quantified in the provided context.",The performance is poor because of metal leaching in liquid-solid processes and chemical degradation in gas-solid reactions at elevated temperatures in the presence of H2.,0.48057429749270014,0.9583109787640657,0.5384615384615384,0.0,1.0
1,Why does the interaction at the LAC depend on the values of the J-coupling constants?,"['1 there is an LACThe interaction at the LAC depends on the values of the J-coupling constants', 'The change influences the bonding in these molecules, which leads to the dependence of the $J .$ -coupling constant on the', 'in determining these J-coupling constants', '{ 0 }$ states induced by the heteronuclear $J _ { \\mathrm { C H } }$ coupling.25 The LAC depends on the $J _ { \\mathrm { H H', 'since there is no complete match of the Zeeman interaction and $J .$ coupling constants']","['When the energies of two levels approach each other and there is interaction between them, they would repel each other. In one of the two spin manifolds shown in Fig. 1 there is an LAC. The interaction at the LAC depends on the values of the J- coupling constants.']","The interaction at the Level Anti-Crossing (LAC) depends on the values of J-coupling constants due to the following reasons derived from the context:

1. **Energy Matching Requirement**:  
   The LAC phenomenon occurs when there is a near-degeneracy or matching between energy levels split by the Zeeman interaction (external magnetic field) and those split by J-coupling. The context explicitly states that the LAC arises when there is *""no complete match of the Zeeman interaction and J-coupling constants""*, indicating that the specific values of J-couplings directly determine whether energy-level matching occurs.

2. **Bonding-Dependent Coupling**:  
   J-coupling constants (\(J_{\mathrm{CH}}\), \(J_{\mathrm{HH}}\)) are sensitive to molecular bonding and electronic structure. As noted, *""the change influences the bonding in these molecules, which leads to the dependence of the J-coupling constant""*. Thus, variations in J-coupling values alter spin-spin interactions, directly affecting the energy landscape where LAC occurs.

3. **Direct Influence on LAC Conditions**:  
   The context emphasizes that *""the LAC depends on the \(J_{\mathrm{CH}}\) coupling""* and *""\(J_{\mathrm{HH}}\) coupling""*. This dependence arises because J-couplings modulate the strength of spin-state mixing at anti-crossing points, thereby controlling the efficiency of polarization transfer or relaxation processes in PHIP/SABRE experiments.

In summary, the J-coupling constants govern the energy-level alignment required for LAC, with their values dictating whether spin states interact resonantly, making them critical for polarization transfer in PHIP/SABRE NMR.","The interaction at the LAC depends on the values of the J-coupling constants because when the energies of two levels approach each other and there is interaction between them, they repel each other, and this interaction is influenced by the J-coupling constants.",0.7832564619057358,0.9156963256688281,0.6666666666666666,0.9999999999,0.0
2,Why do weakly binding substrates limit hyperpolarisation efficiency in SABRE?,"['The scope of substrates that can be hyperpolarized by SABRE is limited by the requirement that the substrate must reversibly', 'To date, sterically large substrates are relatively inaccessible to SABRE due to their weak binding leading to catalyst', 'A further limit on the range of analytes amenable to SABRE hyperpolarisation is the need for the target substrate to bind', 'Nonetheless, SABRE often generates lower levels of hyperpolarization and has a more limited substrate scope compared to DNP', 'One of the key limitations of SABRE is the range of molecules that are amenable to hyperpolarisation due to the need for the']","['For weakly binding substrates, multiple catalyst species are often observed in solution, including solvent adducts [171]. The presence of multiple catalyst species leads to more complex kinetics in solution and may limit hyperpolarisation efficiency.']","Weakly binding substrates limit hyperpolarization efficiency in SABRE because the technique requires substrates to **reversibly bind** to the catalyst for effective polarization transfer. According to the provided context:

1. **Reversible binding is essential**: SABRE relies on the transient association between the substrate and the iridium catalyst complex. Weak binding reduces the substrate's residence time on the catalyst, impairing efficient polarization transfer from *parahydrogen*-derived ligands.  

2. **Steric limitations**: Large substrates exhibit weak binding due to steric hindrance, preventing optimal coordination with the catalyst active site. This reduces the fraction of substrate molecules that can be polarized.  

3. **Competitive equilibria**: Weakly bound substrates spend less time associated with the catalyst, favoring unbound states. This shifts the equilibrium away from the polarized complex, diminishing net signal enhancement.  

Consequently, substrates with weak binding affinities fail to achieve significant hyperpolarization levels in SABRE due to insufficient interaction with the polarization transfer machinery.","Because weakly binding substrates lead to the formation of multiple catalyst species in solution, including solvent adducts, which complicates the kinetics and reduces hyperpolarisation efficiency.",0.4498227931211851,0.9990110564148624,0.8666666666666667,0.5833333333041666,0.0
3,How does the detection sensitivity of NMR with parahydrogen enhancement compare to other NMR techniques?,"['NMR signal enhancement in the experiments with parahydrogen', 'NMR approaches facilitated by parahydrogen', 'technique capable of huge sensitivity enhancement in nuclear magnetic resonance (NMR) detection', 'of NMR signal enhancement in heterogeneous hydrogenations with parahydrogen', 'uses parahydrogen to sensitize substrate detection by NMR']","['However, compared to other techniques, NMR is often limited by its relatively low detection sensitivity associated with the weak interaction of nuclear spins with permanent and oscillating magnetic fields that are used in NMR. Among various ways to increase NMR sensitivity, one particular approach based on the combination of NMR with the use of parahydrogen is rather unique and is particularly suitable for studying reactions that involve molecular hydrogen.']","Based on the provided information:

- Parahydrogen-based techniques (such as PHIP and SABRE) provide **huge sensitivity enhancement** in NMR detection compared to conventional NMR methods.  
- This enhancement is achieved by using parahydrogen to sensitize substrate detection, significantly amplifying NMR signals in both homogeneous and heterogeneous hydrogenation reactions.  
- While the exact numerical sensitivity gain (e.g., fold-increase) is not quantified in the context, these techniques are explicitly described as enabling vastly improved detection capabilities that exceed standard NMR approaches.  

For context:  
- Conventional NMR typically suffers from low sensitivity due to the small population difference between nuclear spin states.  
- Parahydrogen enhancement overcomes this by transferring spin order from parahydrogen to target molecules, resulting in non-equilibrium polarization and dramatically stronger signals.  

No direct comparison to other hyperpolarization techniques (e.g., DNP) is provided in the context.",NMR with parahydrogen enhancement has higher detection sensitivity compared to other NMR techniques.,0.5137738072437182,0.7903727408180075,0.4666666666666667,0.36666666664833336,1.0
4,Why does the silica-supported vanadium oxo organometallic complex demonstrate significant NMR signal enhancements in the hydrogenation of propylene and propyne with parahydrogen?,"['For instance, a silica-supported vanadium oxo organometallic complex was tested in the hydrogenation of propyne and propylene', 'NMR signal enhancement for propylene in propyne hydrogenation', 'organometallic catalyst, this results in the enhancement of NMR signals', 'The significant difference in the NMR signal enhancements observed in the hydrogenations of propene and propyne indicates a', 'CONCLUSIONS\nIn conclusion, we have examined a new silica-supported vanadium oxo organometallic complex VCAT in hydrogenation']","['For instance, a silica- supported vanadium oxo organometallic complex was tested in the hydrogenation of propyne and propylene with parahydrogen [1]. This group 5 metal catalyst demonstrated NMR signal enhancements of 200- 300- fold in the case of propylene hydrogenation to propane and ca. 1300- fold in the case of propyne hydrogenation to propylene (Fig. 4).']","Based on the provided information:  
The silica-supported vanadium oxo organometallic complex (VCAT) demonstrates significant NMR signal enhancements in the hydrogenation of propylene and propyne due to its role as an **organometallic catalyst** in reactions involving parahydrogen. Key observations from the context include:  

1. **Catalyst Function**:  
   - The organometallic nature of VCAT facilitates hydrogenation reactions, directly enabling NMR signal enhancement.  
   - This aligns with Parahydrogen Induced Polarization (PHIP) principles, where parahydrogen (in its spin-isomer form) transfers hyperpolarization to target molecules during catalytic hydrogenation.  

2. **Substrate-Specific Enhancement**:  
   - A ""significant difference"" in NMR signal enhancements occurs between propylene (propene) and propyne hydrogenation.  
   - Propyne hydrogenation specifically shows enhancement for propylene, suggesting that the catalyst's interaction with unsaturated bonds (e.g., alkyne vs. alkene) influences polarization efficiency.  

3. **Mechanistic Implication**:  
   - The context does not detail the exact mechanism, but the observed enhancements are attributed to VCAT's ability to incorporate parahydrogen into the reaction pathway, generating hyperpolarized products detectable via NMR.  

**Limitation**: The provided text does not specify the physical or chemical properties of VCAT (e.g., spin dynamics, active sites) responsible for the signal differences. For a mechanistic explanation, additional experimental details would be required.  

Thus, VCAT operates as a PHIP-active catalyst, but the exact origin of substrate-dependent enhancements remains unspecified in the given context.","The silica-supported vanadium oxo organometallic complex, as a group 5 metal catalyst, provides efficient performance in the catalytic processes, leading to NMR signal enhancements of 200-300-fold in propylene hydrogenation to propane and approximately 1300-fold in propyne hydrogenation to propylene.",0.467309478923438,0.8537895102472003,0.5263157894736842,0.3333333333,0.0
5,What is the second step in setting up the gas circulation system in the TCA?,"['For the injection of gaseous or liquid components after the TCA is sealed and pressurized, we added a second pressure capillary', 'In addition to the pressure capabilities, the gas circulation system is used to purge the TCA with argon or nitrogen and thus', 'This second capillary is necessary for controlling the pressure, and to facilitate gas circulation in a closed cycle similar to', 'In a second step the source of PHIP in this system is investigated', '2! into the TCA']","['The text describes the setup and operation of a gas circulation system in a TCA, detailing the steps involved in ensuring proper gas flow, pressure control, and inert conditions for chemical reactions.']","Based on the provided context, the second step in setting up the gas circulation system is:  
**investigating the source of PHIP introduced into the TCA**.  

This follows the initial setup of the dual-capillary system for pressurization and gas circulation (e.g., purging with argon/nitrogen).","Affixing a second capillary (H) to the TCA cap, which reaches into the gas phase above the solution for pressure control and gas circulation.",0.19188740872563528,0.8541563753957672,1.0,0.8333333332916666,1.0
6,How do the relative energies of the E1 and A1′ complexes compare in the singly deprotonated state?,"['Relative to E2, the E1 and $\\mathbf { A 1 } ^ { \\prime }$ complexes are slightly favored in the singly deprotonated state', 'the singly deprotonated state compared to the fully deprotonated state as shown in Figure S3A (relative energies of E1 and', 'relative energies of E1 and $\\mathbf { A 1 } ^ { \\prime }$ are 5.458 and $3', 'It should be noted that for singly deprotonated ZOMPD complexes, $\\mathbf { A 1 } ^ { \\prime }$ is energetically favored', '{ \\prime } }$ , and E1−E3 with respect to E2 for both the deprotonated and singly protonated state of Z-OMPD']","['Relative to E2, the E1 and A1′ complexes are slightly favored in the singly deprotonated state compared to the fully deprotonated state as shown in Figure S3A (relative energies of E1 and A1′ are 5.458 and 3.624 kcal/mol for singly deprotonated compared to 7.372 and 7.011 kcal/mol for fully deprotonated).']","Based on the provided context:

- In the **singly deprotonated state**, the relative energy of the **E1 complex** (with respect to E2) is **5.458** (units not specified, but likely kcal/mol based on typical conventions).  
- The relative energy of the **A1′ complex** (with respect to E2) is approximately **3** (the exact value is truncated in the context but indicated as a value starting with ""3"").  
- **A1′ is energetically favored** over E1 in this state, as its relative energy (∼3) is lower than that of E1 (5.458).  

Thus, in the singly deprotonated state, the **A1′ complex is more stable (lower in energy)** than the E1 complex relative to E2.",The A1′ complex has a lower relative energy (3.624 kcal/mol) than the E1 complex (5.458 kcal/mol) in the singly deprotonated state.,0.751173084375752,0.8733549304868419,0.875,0.4166666666458333,1.0
7,Why do carbene intermediates play a role in the trans-hydrogenation of alkynes?,"['and the role of the carbene intermediates', 'intermediate is involved in the hydrogenation of alkenes and the detection of such species can be important in determining', 'that the trapping of the intermediate by alkyne leads to hydrogenation', 'Relevance of the Carbene Intermediates for Catalysis', 'direct trans-hydrogenation of alkynes']","['The remarkable stabilities of 6 and 9 raise the question as to whether these species play any role in the trans- hydrogenation or whether they are merely thermodynamic sinks off the catalytic cycle. The latter possibility was ruled out by additional PHIP NMR experiments with the metastable carbene 7b (Figure 4). Specifically, cross peaks in a  $2\\mathrm{D}^{1}\\mathrm{H}$  - OPSY- EXSY experiment[29] definitely linked this hyperpolarized species to  $E$  - alkene 5b;[30] importantly though, the same spectrum also unmistakably connected 7b to the isomerized product 10 as well as to alkane 11, which is formed by overreduction.[31] To better understand the role and fate of the carbene intermediates, a detailed computational study was carried out at the M06/def2- TZVP/SMD  $\\mathrm{(CH_2Cl_2)}$  //M06/def2- TZVP level of theory (for computational details, see the Supporting Information).']","Based on the provided context, carbene intermediates play a role in the **direct trans-hydrogenation of alkynes** due to their involvement in the catalytic mechanism. Specifically:  

1. **Relevance to Catalysis**: Carbene intermediates are catalytically relevant for the trans-hydrogenation process.  
2. **Trapping by Alkynes**: The context explicitly states that *""the trapping of the intermediate by alkyne leads to hydrogenation""*. This indicates that alkynes interact with carbene intermediates to facilitate hydrogen transfer.  
3. **Stereoselectivity**: The process results in **trans-hydrogenation**, implying that carbene intermediates enable stereoselective delivery of hydrogen atoms across the alkyne bond.  

In summary, carbene intermediates act as key reactive species that are trapped by alkynes, driving the catalytic cycle for stereoselective (trans) hydrogenation. The context does not provide mechanistic details beyond this functional role.","Carbene intermediates play a role in trans-hydrogenation because computational and experimental studies, including PHIP NMR experiments and M06/def2-TZVP level calculations, confirm their involvement in the catalytic cycle. These intermediates are linked to the formation of hyperpolarized species and the isomerized product, ruling out the possibility of them being mere thermodynamic sinks.",0.7045244701432192,0.9459310503951478,0.8,0.0,0.0
8,Why does complex 3 form from the reaction of the proposed intermediate 5 with H2?,"['We speculate that 3 forms from a reaction of the proposed, but not directly observed, $\\sigma$ -propane intermediate [Rh$( ^ {', 'created between H2 and H3', 'Using M3, and thus $( N H _ { 4 } ) _ { 2 } C O _ { 3 }$ as contributor to the ammonia production, mainly complex III was formed', '{ C _ { 6 } H _ { 4 } ( P P h C H _ { 2 } C H _ { 2 } P P h _ { 2 } ) _ { 2 } }$ via the proposed reaction intermediate', 'proposed reaction intermediate $\\mathrm { \\small { [ W H \\{ P h ( C _ { 6 } H _ { 4 } ) P C H _ { 2 } C H _ { 2 } \\hat { P P h']","['We speculate that 3 forms from a reaction of the proposed, but not directly observed, r-propane intermediate [Rh(^tBu2PCH2CH2P^tBu2)C3H8)][BAr^F4] 5 with H2, that itself is formed on initial hydrogenation of 1. In support of this assignment, the very close analogue of 5, crystallographically characterized, but short-lived at 25°C, propane σ complex [Rh(Cy2PCH2CH2PCy2)[C3H8)}][BAr^F4] has been prepared by solid/gas hydrogenation,44 while the more stable σ-alkane complex 2 reacts rapidly in CD2Cl2 to also give complex 3 (Scheme 2).39']","Based on the provided information, the question about why complex 3 forms from the reaction of proposed intermediate 5 with H₂ cannot be answered. The context does not contain any details about:
- The structure or nature of ""intermediate 5""
- The reaction mechanism between this intermediate and H₂
- Specific reasons for complex 3 formation

The context only mentions:
1. A proposed σ-propane intermediate involving Rh
2. That complex III forms under specific conditions (using (NH₄)₂CO₃)
3. General speculation about reaction intermediates

No mechanistic details linking intermediate 5 to complex 3 with H₂ are present in the provided text.","Complex 3 forms from the reaction of the proposed intermediate 5 with H2 because intermediate 5 is itself formed on the initial hydrogenation of 1, and the reaction of 5 with H2 leads to the formation of 3. This is supported by the observation of a close analogue of 5 and the rapid reaction of the more stable σ-alkane complex 2 to also give complex 3.",0.5765374246251931,0.0,1.0,0.9999999999,0.0
9,What is the second reason for choosing ethyl acetate (EA) for NMR hyperpolarization using parahydrogen-induced polarization (PHIP)?,"['This NMR technique is called parahydrogen-induced polarization (PHIP)', 'by using parahydrogen-induced polarization (PHIP) NMR technique', 'induce NMR hyperpolarization in ethyl acetate (EA)', 'ABSTRACT: Parahydrogen-induced polarization (PHIP) is a method for enhancing NMR sensitivity', 'that underpins the NMR signal enhancement achievable by parahydrogen-induced polarization (PHIP)']","['The text explains the rationale for choosing ethyl acetate (EA) for NMR hyperpolarization using parahydrogen-induced polarization (PHIP). The reasons are: 1) acetate can be hyperpolarized using both PHIP and DNP, 2) HP acetate has demonstrated in vivo utility, and 3) HP acetate was already imaged in vivo using proton detection.']","Based on the provided information, the context does not specify any reasons for choosing ethyl acetate (EA) for NMR hyperpolarization using parahydrogen-induced polarization (PHIP). The excerpts only mention that EA was used as a target molecule for PHIP-induced hyperpolarization and describe PHIP as a general method for NMR signal enhancement. No experimental rationale or specific properties of EA (such as solubility, reaction kinetics, or molecular structure) are discussed in the given context.  

Therefore, the question about the ""second reason"" cannot be answered from the provided knowledge base.",HP acetate has demonstrated in vivo utility.,0.31433798013360514,0.0,1.0,0.0,0.0
10,Why was the relative design efficiency of the circuit biased to the low frequency channel?,"['The relative design efficiency of this circuit was biased to the low frequency channel in order to compensate for the', 'optimized for sensitivity on the low frequency channel', 'signals were generally very low, and therefore, an external signal reference was employed', 'signals, probably because the conversion rate was too low', 'signals were typically too low for good-quality signal referencing']","['The relative design efficiency of this circuit was biased to the low frequency channel in order to compensate for the inherently reduced sensitivity at 128 versus $510\\mathrm{kHz}$. The Q- factor at 128 and $510\\mathrm{kHz}$ was 13.9 and 36.1, respectively and reflected losses on resonance were estimated to be less than one percent.']","Based on the provided context:  

The relative design efficiency of the circuit was biased to the low frequency channel **to compensate for the optimized sensitivity on the low frequency channel**, as signals in this channel were consistently very low. Specifically:  
1. Low-frequency signals required enhanced sensitivity due to their inherently weak intensity.  
2. External signal referencing was employed because signals were typically too low for reliable internal referencing.  
3. The low signal levels were likely exacerbated by suboptimal conversion rates.  

This design bias specifically addressed the challenge of detecting and processing extremely low-amplitude signals in the low-frequency channel.",The relative design efficiency was biased to the low frequency channel to compensate for the inherently reduced sensitivity at 128 kHz compared to 510 kHz.,0.3725626609243973,1.0000000000000002,0.6666666666666666,0.99999999995,0.0
11,Why are deviations observed in the reaction monitoring methodology when the rate of equilibration exceeds the rate of H₂ addition?,"['Importantly, as the rate of equilibration exceeds the rate of $\\mathbf { H } _ { 2 }$ addition, these deviations would be', 'the reaction monitoring method and providing more control over the reaction conditions', 'Therefore, a change in temperature during the reaction monitoring has the potential to skew the observed rate constant away', 'estimation of the reaction, non-uniform signal amplification may not be a perfect method for the reaction monitoring system', 'In experiments where the reaction rate was measured, hydrogen was introduced after temperature equilibration had taken place']","['Importantly, as the rate of equilibration exceeds the rate of H₂ addition, these deviations would be observed regardless of the reaction monitoring method that is applied and were revealed here by the sensitivity boost provided by the p-H₂ hyperpolarization.']","Based on the provided context, deviations in reaction monitoring methodology occur when the rate of equilibration exceeds the rate of H₂ addition due to the following reasons:

1. **Temperature instability**: A change in temperature during reaction monitoring can skew the observed rate constant. If equilibration (which includes thermal stabilization) occurs faster than H₂ introduction, temperature fluctuations may distort kinetic measurements.

2. **Non-uniform signal amplification**: The methodology may suffer from inconsistent signal amplification, which is imperfect for reaction monitoring systems under these conditions. This non-uniformity arises when H₂ addition lags behind system equilibration.

3. **Experimental timing constraints**: The context notes that in proper experimental designs, H₂ is introduced only after full temperature equilibration. Deviations occur when this sequence is disrupted, leading to artifacts in rate measurements.

These factors collectively compromise the accuracy of reaction rate estimation when equilibration dynamics outpace hydrogen addition.","These deviations are observed because the rate of equilibration between the starting complexes is faster than the rate of H₂ addition, and the sensitivity boost provided by the p-H₂ hyperpolarization reveals these deviations regardless of the reaction monitoring method applied.",0.38754139334361776,0.9882985179085105,1.0,0.9999999999,0.0
12,How does the ratio of free linear to branched aldehyde compare between the early stages of the reaction (using p-H2 enhanced signals) and the end of the experiment (using normal magnetization)?,"['\\right)$ free aldehyde composition at very early stages in the reaction', 'trends are meaningful, we also measured the linear/branched aldehyde ratio at the end of the experiment when the associated', 'It can be seen that the ratio of free linear to branched aldehyde follows the same trend as that obtained from ${ p \\mathrm { -', 'para-Hydrogen enhanced signals were also used to probe the branched to linear $\\left( \\sqsubseteq \\right)$ free aldehyde', 'Note, linear aldehyde (n) ( ) and branched aldehyde ( ) data obtained from $\\mathrm { ^ { 1 } H }$ signals measured using']",['It can be seen that the ratio of free linear to branched aldehyde follows the same trend as that obtained from p-H2 enhanced signals that are seen at early stages in the reaction. This validates the approach and suggests meaningful trends might be observed when the intensities of p-H2 enhanced signals are compared.'],"Based on the provided context:

1. **Early-stage measurement (using p-H₂ enhanced signals)**:
   - The ratio of **branched to linear free aldehyde** ($\sqsubseteq$) is probed using *para*-hydrogen enhanced NMR signals at very early reaction stages.

2. **End-of-reaction measurement (using normal magnetization)**:
   - The **linear to branched aldehyde ratio** is measured at the end of the experiment using conventional $^1$H NMR signals (normal magnetization).

3. **Comparison**:
   - The ratio of **free linear to branched aldehyde follows the same trend** in both measurements.  
   - This indicates consistent behavior in the relative abundance of linear vs. branched aldehyde products throughout the reaction, whether detected via hyperpolarized (p-H₂-enhanced) or thermal (normal magnetization) NMR signals.

In summary, the trend in the linear/branched aldehyde ratio remains consistent between early-stage p-H₂-enhanced detection and end-of-reaction conventional NMR detection.",The ratio of free linear to branched aldehyde follows the same trend at both the early stages of the reaction (using p-H2 enhanced signals) and the end of the experiment (using normal magnetization).,0.5375945779517568,0.7923183461731376,0.5,0.0,1.0
13,How does the efficiency of OPSY-⋅d compare to OPSY-𝒵 in terms of thermal signal suppression?,"['For signals enhanced using a PASADENA experiment OPSY- $\\cdot d$ is more efficient at thermal signal suppression while OPSY-', 'These results therefore reveal that the OPSY- $z$ variant is less efficient at suppressing thermal magnetization', 'The OPSY- $d$ is preferred when high performance background suppression is required while the OPSY- ${ \\bf \\nabla } \\cdot { \\bf', 'efficiency of thermal signal suppression; (e) OPSY- $\\cdot z$ experiment after and (b) revealing poorer background signal', 'signal suppression while OPSY- $z$ has twice the inherent sensitivity']",['using a PASADENA experiment OPSY-⋅d is more efficient at thermal signal suppression while OPSY-𝒵 has twice the inherent sensitivity.'],"Based on the provided context:  

1. **OPSY-⋅d** is **more efficient at thermal signal suppression** and is preferred when high-performance background suppression is required.  
2. **OPSY-𝒵** is **less efficient at suppressing thermal magnetization** and exhibits poorer background signal suppression.  

Additionally, OPSY-𝒵 has **twice the inherent sensitivity** of OPSY-⋅d, but this comes at the cost of reduced suppression efficiency.  

---  
### Key Summary:  
| Variant  | Thermal Signal Suppression Efficiency | Inherent Sensitivity |  
|----------|----------------------------------------|----------------------|  
| OPSY-⋅d  | **Higher**                             | Lower               |  
| OPSY-𝒵   | **Lower**                              | Higher (2×)         |  

Thus, OPSY-⋅d is optimal for applications demanding stringent suppression of thermal background signals.",OPSY-⋅d is more efficient at thermal signal suppression than OPSY-𝒵.,0.5315866467566718,0.9384661829183228,0.9090909090909091,0.9999999999666667,1.0
14,Why do loosely integrating CrA destabilize the nanocarriers and leak out when in contact with cryptophane-free solution?,"['However, the loosely integrating CrA can destabilize the nanocarriers', 'They also leak out of the nanocarriers whenever they are in contact with cryptophane-free solution due to insufficient anchoring', 'but substitutions on CrA and cryptophane-111 can also increase the affinity.[129] Understanding the details behind the', 'For designing nanoparticles with a high local load of cages, CrA can also be integrated into different nanoparticle designs', 'CrA)1ModerateDirect coupling(Brotin and Dutasta, 2009)Cryptophane-A- biotin (CrA-btn)1ModerateVia avidin-carrying unit(Spence']","['However, the loosely integrating CrA can destabilize the nanocarriers. They also leak out of the nanocarriers whenever they are in contact with cryptophane- free solution due to insufficient anchoring.']","Based on the provided context:  

Loosely integrating cryptophane-A (CrA) destabilizes nanocarriers and causes leakage in cryptophane-free solutions due to **insufficient anchoring**. This occurs because:  
1. **Weak binding interactions** between CrA and the nanocarrier structure fail to retain CrA effectively.  
2. Upon contact with cryptophane-free solutions, the absence of competing cryptophane molecules or stabilizing agents allows CrA to diffuse out.  
3. Substitutions on CrA (e.g., biotin modifications) or cryptophane-111 can improve affinity and stability, but unmodified CrA lacks adequate anchoring.  

For enhanced stability, covalent coupling (e.g., CrA-biotin via avidin) or structural modifications are required to prevent leakage.",The loosely integrating CrA destabilizes the nanocarriers and leaks out when in contact with cryptophane-free solution due to insufficient anchoring.,0.512589685468387,0.9451730881972232,0.75,0.49999999995,1.0
15,Why do magnetic field inhomogeneities quench the hyperpolarization achieved by PHIP?,"['In other words, the presence of magnetic field inhomogeneities may quench the hyperpolarization achieved by PHIP to the point', 'has been hyperpolarized by PHIP', 'It is clear that evolution under the influence of magnetic field inhomogeneities will reduce the intensity of PHIP spectra', 'higherorder magnetic field inhomogeneities are present', 'PHIP is a phenomenon of achieving nuclear magnetic polarization states well above the thermal level through interaction with']","['The antiphase character of the PHIP associated signals after a pairwise hydrogenation reaction is one of the most remarkable fingerprints of PASADENA experiments. In contrast to the spin systems on thermal equilibrium with the static magnetic field, the density operator describing the spin state of the former parahydrogen nuclei is dominated by a longitudinal two spin order.[17,24,25] Therefore, after an excitation r.f. pulse, usually a  $45^{\\circ}$  pulse, the characteristic antiphase peaks show up in the spectrum at the corresponding chemical shift frequencies in the product molecule. This shape is especially sensitive to line broadening introduced by magnetic field inhomogeneities. In thermally polarized systems, the line broadening produces resolution loss, but the area under the spectrum is not perturbed because it is related to the transverse magnetization immediately after the r.f. pulse. When dealing with PHIP antiphase multiplets, broader lines have an extra consequence: a partial cancellation of the hyperpolarization. The area under the spectrum is no longer constant when the inhomogeneities increased the linewidths.[22] In other words, the presence of magnetic field inhomogeneities may quench the hyperpolarization achieved by PHIP to the point of making it barely observable.']","Based on the provided context:

Magnetic field inhomogeneities quench PHIP hyperpolarization because they cause **dephasing of the coherent nuclear spin states** created during the hyperpolarization process. This is explicitly stated in the context:

1.  ""**evolution under the influence of magnetic field inhomogeneities will reduce the intensity of PHIP spectra**""
2.  ""**the presence of magnetic field inhomogeneities may quench the hyperpolarization achieved by PHIP**""

The mechanism involves:
- PHIP creates a highly non-equilibrium, coherent spin state (hyperpolarization).
- This coherent state is sensitive to variations in the local magnetic field strength across the sample (inhomogeneities).
- Nuclei in different parts of the sample experience slightly different magnetic fields.
- This causes their spins to precess at slightly different frequencies (**dephasing**).
- The dephasing destroys the coherence of the hyperpolarized state.
- The loss of coherence manifests as a **reduction in the intensity of the observed NMR signal** (quenching the hyperpolarization).

The context emphasizes that this effect occurs during the ""evolution"" period (the time between creating the hyperpolarization and detecting the NMR signal) and is particularly problematic when ""higher-order magnetic field inhomogeneities are present.""","Magnetic field inhomogeneities increase the linewidths of the antiphase multiplets in PHIP, leading to a partial cancellation of the hyperpolarization. This results in the area under the spectrum no longer being constant, which can quench the hyperpolarization to the point of making it barely observable.",0.44573481884341026,0.9268322971482617,0.26666666666666666,0.3333333333,1.0
16,Does the spectroscopic response scale linearly with concentration over a specific range?,"['were presented to demonstrate that the magnitude of the resulting NMR response scales linearly with concentration over the', 'Note, however, that the signal does not scale linearly with the concentration of the analyte but is dependent on many', 'should linearly depend on its concentration', 'The SABRE effect may yield enhanced signals for which the intensity does not scale linearly with concentration', 'spectroscopy, its response is not normally viewed in a frequency specific mode']",['The magnitude of the resulting NMR response scales linearly with concentration over the range 2.2 - 70mM.'],"Based on the provided information:  

1. **Linear scaling is demonstrated in some contexts**:  
   The context explicitly states that NMR response magnitude ""scales linearly with concentration"" in certain experimental demonstrations. However, the specific concentration range is not defined in the excerpt.  

2. **Non-linear behavior is noted**:  
   - The signal ""does not scale linearly with the concentration of the analyte"" due to dependence on multiple factors.  
   - For SABRE-enhanced signals, intensity ""does not scale linearly with concentration.""  

3. **Theoretical expectation vs. observation**:  
   While one statement suggests signal ""should linearly depend on its concentration,"" this is contrasted by empirical observations of non-linearity, especially for hyperpolarized techniques like SABRE.  

**Conclusion**:  
The spectroscopic response **does not universally scale linearly** with concentration. Linearity may hold in specific systems or conditions (as partially referenced), but the context emphasizes that non-linearity occurs due to experimental complexities, particularly in SABRE. No specific concentration range for linearity is provided.  

For definitive validation of linearity in a given system, experimental calibration under controlled conditions is required.","Yes, the spectroscopic response scales linearly with concentration over the range 2.2 - 70mM.",0.17070019762058986,0.9638334518759514,0.9285714285714286,0.3333333333,0.0
17,How does the performance of aqueous/organic biphasic systems compare to biphasic IL/organic solvent systems in the hydrogenation of arenes?,"['Next, the hydrogenation efficacy in IL systems, where the IL acts as solvent for the catalyst and forms a biphasic', 'in homogeneous phase or in a biphasic liquid–liquid system', 'hydrogenation of alkenes and dienes follow different reaction mechanisms', 'fluids which uses homogeneous catalysts in a biphasic hydrogenation process', 'These findings clearly demonstrate that the hydrogenation reaction is feasible in such biphasic IL systems and that they can be']","['The use of ILs can also be superior to that of classical organic solvents in the hydrogenation of arenes. In present industrial applications, this reaction is performed in aqueous/organic biphasic systems [54], precluding the use of water- sensitive catalysts. The use of a biphasic IL/organic solvent system can overcome these problems [55].']","Based on the provided information, the context does not contain any details about **aqueous/organic biphasic systems** or their comparison with **IL/organic solvent systems** for the hydrogenation of arenes. The context exclusively discusses:  
1. The use of ionic liquids (ILs) as solvents in biphasic systems for hydrogenation.  
2. The feasibility of hydrogenation in IL-based biphasic systems for alkenes and dienes.  
3. The mechanistic differences between alkene and diene hydrogenation.  

No experimental data, performance metrics, or comparative analysis involving aqueous/organic systems are mentioned. Therefore, **the question cannot be answered** with the provided context.","The biphasic IL/organic solvent system is superior to aqueous/organic biphasic systems in the hydrogenation of arenes, as it overcomes the problems associated with water-sensitive catalysts.",0.8769180645094874,0.0,0.8888888888888888,0.0,0.0
18,What are the benefits and drawbacks of the QUASR-SABRE method?,"['With regards to the limitations of the QUASR-SABRE method, it remains to be seen if QUASR-SABRE is capable of hyperpolarization', 'may be potentially expected for the QUASR-SABRE process', 'boost the efficiency of the QUASR-SABRE approach', 'efficiency of the QUASR-SABRE approach described here', 'demonstrating that QUASR-SABRE can deliver significantly more efficient means of SABRE hyperpolarization']","['With regards to the limitations of the QUASR- SABRE method, it remains to be seen if QUASR- SABRE is capable of hyperpolarization of long- range spin sites in the substrate compounds. Moreover, future systematic experimental and theoretical studies are certainly needed to further optimize the efficiency of the QUASR- SABRE technique. For example, more advanced shaped forms (e.g., sine, exponential, trapezoid, etc.) and strategies (adiabatic pulses) can be envisioned.']","Based on the provided context, the benefits and drawbacks of the QUASR-SABRE method are summarized below:

### Benefits:
1. **Enhanced efficiency**:  
   QUASR-SABRE can ""boost the efficiency"" of the SABRE approach and deliver ""significantly more efficient means of SABRE hyperpolarization"" compared to conventional methods. This implies improved signal amplification in NMR spectroscopy.

### Drawbacks:
1. **Uncertain hyperpolarization capability**:  
   A key limitation is that ""it remains to be seen if QUASR-SABRE is capable of hyperpolarization."" This indicates unresolved questions about its fundamental effectiveness for generating hyperpolarized states in all contexts.

### Summary:
The primary benefit is its potential for superior efficiency in SABRE-based hyperpolarization, while the main drawback is the uncertainty regarding its core capability to achieve hyperpolarization. The context does not provide additional benefits or drawbacks beyond these points.","The drawbacks of the QUASR-SABRE method include its current inability to hyperpolarize long-range spin sites in substrate compounds and the need for further optimization through systematic experimental and theoretical studies. The benefits include the potential for future improvements, such as the use of more advanced shaped forms (e.g., sine, exponential, trapezoid) and strategies (adiabatic pulses) to enhance efficiency.",0.5929480822387897,1.0000000000000002,0.875,0.9999999999,0.0
19,How does the rate of conversion of parahydrogen to normal hydrogen compare between the Rh₂C and Rh⁰/C catalysts?,"['In addition, changes were observed in the conversion rate of parahydrogen to normal hydrogen, with $\\mathsf { R h } _ { 2 }', '{ \\circ } / { \\mathsf { C } }$ differ notably in the rate of conversion of parahydrogen to normal hydrogen as well as in terms', 'relative rate of conversion of parahydrogen to normal $\\mathsf { H } _ { 2 } ,$ i', 'over the Rh/chitosan catalyst with a) normal hydrogen and b) parahydrogen', 'R-800-5 reactor using normal hydrogen and parahydrogen are compared']","['While the catalysts Rh₂C and Rh⁰/C differ notably in the rate of conversion of parahydrogen to normal hydrogen as well as in terms of hydrogenation activity, our findings suggest that the carbide phase does not play a significant role in the pairwise H₂ addition route on rhodium catalysts.']","Based on the provided information, the context mentions that $\mathsf{Rh_2^\circ/C}$ (interpreted as Rh₂/C) exhibits notable differences in the rate of conversion of parahydrogen to normal hydrogen compared to other catalysts. However, the context does not provide specific comparative data between $\mathsf{Rh_2^\circ/C}$ and $\mathsf{Rh^\circ/C}$ (rhodium(0) on carbon) regarding their parahydrogen conversion rates.  

The context only includes observations about $\mathsf{Rh_2^\circ/C}$ and Rh/chitosan catalysts, but no direct comparison to $\mathsf{Rh^\circ/C}$ is documented. Therefore, the requested comparison cannot be answered based on the given information.","The Rh₂C and Rh⁰/C catalysts differ notably in the rate of conversion of parahydrogen to normal hydrogen, with Rh⁰/C showing a different rate compared to Rh₂C.",0.7473921470447124,0.0,1.0,0.49999999995,1.0
20,How does the SABRE enhancement of isoniazid in ethanol compare to that in DMSO when both are measured relative to methanol-d4?,"['For isoniazid, the best enhancements in methanol- ${ \\bf \\cdot d } _ { 4 }$ , methanol, ethanol and DMSO were 230, 140, $- 1 2', 'While the enhancement in ethanol resembled that in methanol, it was about an order of magnitude smaller in DMSO (Fig4)', 'Comparedtomethanol-$\\mathbf{\\cdotd}_{4}$,theenhancementsinmethanolwerereducedtoahalfandinethanoltoaquarter,whilethoseinDMSOwere', 'In this work we describe how the signal enhancements obtained through the SABRE process in methanol- $d _ { 4 }$ solution are', 'times in [D4] methanol and [D6]ethanol solution.[25b] Therefore, we repeated the SABRE polarization experiments using the']","['The SABRE enhancement of isoniazid shows similar solvents dependence as that of pyrazinamide. Compared to methanol-d4, the enhancements in methanol were slightly lower, in ethanol about a half, and in DMSO about one fifth, making it a less suitable solvent in which to polarize isoniazid via SABRE.']","Based on the provided context:

1. **Ethanol enhancement relative to methanol-d₄**:  
   The enhancement in ethanol is reduced to **a quarter** of the methanol-d₄ reference value.  

2. **DMSO enhancement relative to methanol-d₄**:  
   The enhancement in DMSO is **about an order of magnitude smaller** than in ethanol (which resembles methanol). Since methanol is reduced to **half** of methanol-d₄, DMSO enhancement is approximately **5% of the methanol-d₄ reference value**.  

### Direct Comparison:  
- **Ethanol**: ~25% of methanol-d₄ enhancement.  
- **DMSO**: ~5% of methanol-d₄ enhancement.  
Thus, the SABRE enhancement of isoniazid in ethanol is **5 times greater** than in DMSO when both are measured relative to methanol-d₄.","The SABRE enhancement of isoniazid in ethanol is about a half of that in methanol-d4, while in DMSO it is about one fifth, making ethanol a better solvent for polarization than DMSO but still less effective than methanol-d4.",0.49945868235536584,1.0,0.625,0.9999999999666667,0.0
21,Why does the signal gain in SABRE-Relay catalysis vary with changes in alcohol concentration?,"['Increasing the alcohol concentration further then leads to a decrease in signal gain', 'by ligands on the catalyst, the observed alcohol signal gains decrease', '2 mM) of 1-propanol was present in the SABRE-Relay catalysis, a signal gain of 128-fold was quanti\ue103ed', 'gains seen in the nuclear spin orientation enhancement of the alcohol a\ue09der SABRE-Relay transfer', 'Poor SABRE-Relay performance is observed for the tertiary alcohol 2- methyl-2-butanol, for which $^ 1 \\mathrm { H }$ signal']","['At low relative concentrations of alcohol, the  $\\mathrm{OCH}_2$  signal gain was reduced. For example, when just 0.4 eq. (2 mM) of 1- propanol was present in the SABRE- Relay catalysis, a signal gain of 128- fold was quantified. As the relative amount of alcohol is increased to 5 equivalents, the  $\\mathrm{OCH}_2$  signal gain increases to reach a maximum of 723- fold per proton. Increasing the alcohol concentration further then leads to a decrease in signal gain.']","Based on the provided context:

1. **Optimal concentration range exists**: At low alcohol concentrations (e.g., 2 mM 1-propanol), high signal gains (128-fold) are observed in SABRE-Relay catalysis.  
2. **Decrease at higher concentrations**: Increasing alcohol concentration beyond this point leads to reduced signal gains. This occurs because higher alcohol concentrations:  
   - Decrease signal gain by ligands on the catalyst  
   - Likely saturate binding sites or alter exchange kinetics, impairing polarization transfer efficiency.  
3. **Alcohol structure dependence**: The effect is compound-specific, as tertiary alcohols (e.g., 2-methyl-2-butanol) show inherently poor SABRE-Relay performance regardless of concentration.  

The variation arises from a balance between sufficient alcohol for relay transfer and catalyst saturation effects at elevated concentrations.","The signal gain varies because at low alcohol concentrations, the signal gain is reduced, while increasing the alcohol concentration up to a certain point (5 equivalents) maximizes the signal gain. Further increases in alcohol concentration beyond this point lead to a decrease in signal gain.",0.6495243144280164,0.8748642347026753,0.6666666666666666,0.9999999999,0.5
22,What is the second step in the process of transferring a hyperpolarized sample to the NMR spectrometer?,"['After hyperpolarization the sample is transferred into NMR spectrometer for detection', 'for sample transfer to an NMR spectrometer', 'step, and a mechanism for rapid sample transfer to the NMR spectrometer for detection', 'transferring the sample into the spectrometer for examination', 'step and sample transfer into the benchtop NMR spectrometer.']","['The text describes the procedure for transferring a hyperpolarized sample to an NMR spectrometer after generating nuclear spin polarization in the solid state. Key steps include dissolving the sample, transporting it (manually or automatically), and maintaining a magnetic field during transport to prevent polarization loss.']","Based on the provided information, the context does not explicitly break down the transfer process into sequential steps beyond the initial transfer action. The excerpts consistently describe the transfer as a **single step** occurring after hyperpolarization:  

> *""After hyperpolarization the sample is transferred into NMR spectrometer for detection""*  
> *""a mechanism for rapid sample transfer to the NMR spectrometer for detection""*  
> *""transferring the sample into the spectrometer for examination""*  

No second step in the transfer process is detailed in the context. The described workflow is:  
1. **Hyperpolarization** →  
2. **Transfer to NMR spectrometer** (as a unified step) →  
3. **Detection/examination**.  

If you require specifics about substeps (e.g., hardware mechanisms, timing, or protocols), additional experimental details would be needed.",Dissolve the sample rapidly by injection of hot solvent.,0.8188595380275018,0.0,1.0,0.0,0.0
23,Why does the average SNR decrease within the first usable spectrum at each %pH2 level?,"['Of note is the reduction in average SNR observed within the first usable spectrum at each $\\boldsymbol { \\% } p \\mathbf { H } _', 'The decrease in SNR is due to the reduced proportion of $p \\mathrm { H } _ { 2 }$ present at lower $\\boldsymbol { \\% } p', 'an SNR on the order of one, and spectral information is lost at lower concentrations', 'If the substrate concentration drops below a critical level the SNR decreases approximately proportional with the substrate', 'Two potential explanations may be offered for why SNR was low: (i) lack or low level of metabolism and (ii) the metabolic']",['Of note is the reduction in average SNR observed within the first usable spectrum at each %pH2 level. The decrease in SNR is due to the reduced proportion of pH2 present at lower %pH2 enrichment levels as this produces a comparatively lower proportion of hyperpolarised product complexes during each evolution delay. This will impact the number of data points able to be collected prior to loss of NMR signal into the spectral noise.'],"The average SNR decreases within the first usable spectrum at each %pH<sub>2</sub> level primarily due to the **reduced proportion of parahydrogen (pH<sub>2</sub>)** present at lower %pH<sub>2</sub> concentrations. This reduction directly impacts polarization efficiency, leading to diminished signal enhancement. Key factors include:  

1. **Lower pH<sub>2</sub> concentration**:  
   As the %pH<sub>2</sub> decreases, less hyperpolarized spin order is available for transfer to target molecules, reducing the NMR signal amplitude.  

2. **Critical concentration threshold**:  
   Below a critical substrate concentration, SNR decreases approximately proportionally with the substrate, further exacerbating signal loss.  

3. **Signal-to-noise collapse**:  
   At very low concentrations, SNR approaches unity (~1), causing spectral information to be lost entirely.  

This phenomenon is intrinsic to the dependence of hyperpolarization efficiency on adequate parahydrogen levels and substrate availability.","The decrease in SNR is due to the reduced proportion of pH2 present at lower %pH2 enrichment levels, which produces a comparatively lower proportion of hyperpolarised product complexes during each evolution delay, impacting the number of data points able to be collected prior to loss of NMR signal into the spectral noise.",0.604501283686528,0.9797862817078765,0.46153846153846156,0.99999999995,1.0
24,Why are hyperpolarization levels afforded by supported metals and metal-oxide catalysts limited to only a few percent in PHIP?,"['While supported metals do work in PHIP experiments, at present the achieved polarizations normally do not exceed a few percent', 'metals and metal-oxide catalysts have up to now been limited to only a few percent owing to the low pairwise selectivity of', 'of PHIP by heterogeneous catalysis.[15–23] However, hyperpolarization levels afforded by supported metals and metal-oxide', 'For PHIP, an efficient catalyst is critical for achieving a high polarization level', 'catalysts revealed that hyperpolarization levels afforded by supported metals like Pt [20], Pd [21], Rh [17], and Ir [22, 23]']","['However, hyperpolarization levels afforded by supported metals and metal- oxide catalysts have up to now been limited to only a few percent owing to the low pairwise selectivity of hydrogenation on metal surfaces. PHIP is observed only if the two protons incorporated into the substrate originate from the same  $\\mathsf{H}_{2}$  molecule. However, if  $\\mathsf{H}_{2}$  chemisorbs on a metal such as  $\\mathsf{Pt}$ , it dissociates into separate H atoms that rapidly diffuse and comingle with other H atoms on the surface. This kills the PHIP effect.']","Based on the provided context, hyperpolarization levels afforded by supported metals and metal-oxide catalysts in PHIP are limited to only a few percent due to **low pairwise selectivity**. This limitation is explicitly stated in the literature as the primary reason for the modest polarization levels achieved with these catalysts. 

The context emphasizes that while such catalysts *do* work for PHIP, their inability to efficiently transfer the spin order from *para*-hydrogen to the target molecules in a pairwise manner restricts polarization to a few percent. This contrasts with homogeneous catalysts that can achieve significantly higher polarization levels through more selective pairwise hydrogenation pathways.","Hyperpolarization levels are limited because the low pairwise selectivity of hydrogenation on metal surfaces causes the H2 molecules to dissociate into separate H atoms that rapidly diffuse and comingle with other H atoms on the surface, which kills the PHIP effect.",0.4268172373111456,0.9713235229949212,0.2857142857142857,0.49999999995,0.0
25,Why can rf fields be used to eliminate thermally polarized signals in SABRE experiments?,"['Using strong RF-fields also enables considerable suppression of NMR signals of all thermally polarized molecules, which is', 'SABRE experiments at high magnetic fields', 'At high magnetic field, SABRE polarization transfer requires the application of RF fields', 'While SABRE-induced polarisation can also be achieved using in-\ue103eld rf', 'observe the polarized signals while the thermally polarized signals are filtered']","['Unlike a static external magnetic field, the rf field has two adjustable parameters: amplitude and frequency, which can be used as another handle to manipulate the transfer of polarization. For example, it can be utilized to eliminate all the thermally polarized signal (e.g. from  $\\mathrm{H}_2\\mathrm{O}$ ) to leave only the hyperpolarized signal, which significantly improves the spectral appearance.']","Based on the provided context:

Strong RF fields eliminate thermally polarized signals in SABRE experiments through **signal suppression**, enabling selective observation of hyperpolarized signals. This occurs because:

1. **RF-field application** at high magnetic fields saturates thermal polarization while facilitating SABRE polarization transfer
2. **Frequency-selective suppression** targets specific resonances of thermally polarized molecules
3. **Signal filtering** occurs as the RF field suppresses background thermal NMR signals, which are typically orders of magnitude weaker than SABRE-enhanced signals

The technique allows researchers to **directly observe polarized signals** generated via SABRE while simultaneously filtering out the dominant thermal background. This suppression mechanism is particularly valuable in high-field NMR where thermal signals would otherwise overwhelm the hyperpolarized signals.","Rf fields have adjustable amplitude and frequency, which can be manipulated to eliminate thermally polarized signals, leaving only the hyperpolarized signal and thus improving spectral appearance.",0.5741432519093012,0.9137919194643859,0.6363636363636364,0.8041666666465626,1.0
26,What is the first step in imaging the hyperpolarized malate that formed from the metabolism?,"['To image the hyperpolarized malate that formed from the metabolism, we applied OPE-s90 to selectively excite the malate', 'the initial hyperpolarization step', 'imaging experiment from sample hyperpolarization to metabolism and detection; \n2', 'We have demonstrated the method by acquiring images of hyperpolarized fumarate-to-malate metabolism over the course of a minute', 'This is the first demonstration of imaging a hyperpolarized gaseous product formed in a hydrogenation reaction catalyzed by a']","['To image the hyperpolarized malate that formed from the metabolism, we applied OPE-s90 to selectively excite the malate protons, immediately followed by a 90° rf pulse to return the magnetization back to the ξ-axis, and then applied a fast low-angle shot (FLASH) sequence[62] with centric reordering to acquire a 64×64 pixel image.']","Based on the provided context:  

The first step in imaging hyperpolarized malate formed from metabolism is **applying OPE-s90 to selectively excite the malate**. This technique enables targeted excitation of malate for imaging purposes after its formation through metabolic processes.",The first step is to apply OPE-s90 to selectively excite the malate protons.,0.6810549971865618,0.986446357325928,1.0,0.9999999999,1.0
27,Why is the preparation of medical-grade $1 - ^{13}\mathrm{C}$ - VP-d6 significantly more challenging and expensive compared to its standard synthesis?,[],"['With such high yields, the synthesis can be scaled up to industrial production. $1 - ^{13}\\mathrm{C}$ - VP- d6 can also be prepared at relatively low costs (several thousand euros per gram). However, the preparation of medical- grade $1 - ^{13}\\mathrm{C}$ - VP- d6 will likely be significantly more challenging and expensive.']","Based on the provided information, the question cannot be answered. The RAG knowledge base does not contain specific details about the synthesis challenges or cost factors of medical-grade 1-¹³C-VP-d₆ compared to its standard synthesis. If you have additional context or literature related to PHIP/SABRE applications for this compound, please provide it for further analysis.","The preparation of medical-grade $1 - ^{13}\mathrm{C}$ - VP-d6 is more challenging and expensive because it requires stricter purity and safety standards, which involve additional processes and quality controls not needed for standard synthesis.",0.18540235279427686,0.0,0.5,0.0,0.0
28,What is the third step in the experimental procedure described?,"['Experimental procedure', 'EXPERIMENTAL SECTION\nHere, the typical procedure of the PHIP RASER experiments is described', 'relative to the other steps in the experiment', '2 Experimental Procedure', 'We investigated the last two steps experimentally and using simulations']","['The solution was first precooled to $0^\\circ \\mathrm{C}$ for a minute, placed in a polarization transfer field (PTF) of $0.4\\mu \\mathrm{T}$ and bubbled at room temperature $(\\sim 20^{\\circ}\\mathrm{C})$ with a flow rate of 120 sccm.']","Based on the provided information, the experimental procedure description explicitly mentions that **only the last two steps** were investigated (experimentally and using simulations). The context does not specify what these steps are, nor does it enumerate any steps beyond this reference.  

Therefore, **the third step in the experimental procedure cannot be identified from the given context**.",The third step is placing the solution in a polarization transfer field (PTF) of 0.4μT and bubbling at room temperature.,0.5272332122874009,0.0,0.8333333333333334,0.0,0.0
29,Why does the melting point of ionic liquids vary with the choice of anion and cation?,"['portfolio of anion and cation variations', 'the alkyl substituent on the cation and/or choosing an anion of low coordinating ability leads to an increase in the solubility', 'catalysis has emerged from studies of ionic liquids', 'We suggest therefore that they differ in respect to the location of the cation', 'This difference is possibly due to the very different reaction conditions (gas vsliquid phase and temperatures)']","[""With a given cation, the choice of anion has a strong effect on the melting point. Coordinating and hydrophilic anions like the halides lead to high melting points, whereas weakly coordinating and hydrophobic anions result in low melting points. By variation of the alkyl chain length in the cation, fine-tuning of the melting point can be achieved. Symmetrically substituted cations can crystallise easily and therefore often lead to 'ionic solids' (i.e., high melting points). Low symmetry in substitution can prevent easy crystallisation, resulting in low melting points.""]","Based on the provided information, the question cannot be answered. The context does not contain any details about the melting points of ionic liquids or how they relate to anion/cation selection.","The melting point varies because coordinating and hydrophilic anions (e.g., halides) lead to high melting points, while weakly coordinating and hydrophobic anions result in low melting points. Additionally, symmetrically substituted cations crystallise easily, leading to high melting points, whereas low symmetry and longer alkyl chains (up to a certain limit) prevent easy crystallisation, resulting in lower melting points.",0.1578261362767872,0.0,1.0,0.0,0.5
30,How does the chemical conversion of 1′ compare to that of 2′ and 3′ in the PR-above experiment?,"['The experimentally measured chemical shifts were 6.28 ppm, 6.08 ppm and 5.81 ppm for protons 1, 2 and 3, respectively (the ppm', '[\\mathrm{Rh(H)}_{2}(\\mathrm{PR}_{3})_{2}(\\mu\\mathrm{-}\\mathrm{X})_{2}\\mathrm{Rh(CO)(PR}_{3})]$.[40]However,uponreplacing', 'Measurements revealed its chemical shift to be $3', 'of frequency, $1 1 0 1 \\pm 3 \\ \\mathrm { H z }$ corresponding to their chemical shift difference', 'The conversion of 1 to 2 during the course of the experiment does not therefore account for the decrease in the intensity of']",['This behavior is likely caused by higher chemical conversion of 1′ compared to 2′ and 3′. Higher chemical conversion leads to larger molar polarization of nascent HA and HB protons which results in stronger PRINOE- mediated polarization of the 1c proton.'],"Based solely on the provided context, the chemical conversion comparison between 1', 2', and 3' in the ""PR-above experiment"" **cannot be answered**. Here's why:

1.  **Absence of Key Terms:** The context mentions compounds ""1"" and ""2"" (e.g., ""conversion of 1 to 2""), but does not reference ""1'"", ""2'"", ""3'"", or an experiment named ""PR-above"".
2.  **Limited Scope:** The provided text snippets discuss:
    *   Chemical shifts (δ) for protons labeled 1, 2, and 3 (6.28 ppm, 6.08 ppm, 5.81 ppm).
    *   A complex rhodium hydride complex formula.
    *   A chemical shift measurement of 3 ppm (incomplete unit).
    *   A frequency difference (1101 ± 3 Hz) related to a chemical shift difference.
    *   The observation that conversion of compound 1 to 2 does *not* explain a decrease in signal intensity.
3.  **No Relevant Data:** There is no information within the context regarding the chemical conversion rates, yields, or mechanisms specifically comparing entities labeled 1', 2', and 3'.

**Conclusion:** The specific details requested about the conversion of 1', 2', and 3' in the PR-above experiment are not present in the provided context. Based on the provided information, the question cannot be answered.",The chemical conversion of 1′ is higher than that of 2′ and 3′ in the PR-above experiment.,0.6006450784357708,0.0,1.0,0.9999999999,0.0
31,Why do heterogeneous catalysts operating at high temperature result in weak polarizations and low efficiencies when generating hyperpolarized propane?,"['a heterogeneous catalyst to produce HP propane gas', 'In industrial processes, heterogeneous hydrogenation catalysts are often subject to high-temperature and high $\\mathbf { H } _', 'the $\\mathsf { R h / T i O } _ { 2 }$ catalyst is more efficient in terms of production of hyperpolarized propane gas than', 'and high-resolution MRI detection.28 Here, heterogeneous catalysts operating at high temperature have been extensively used to', 'Thus, in order to find an optimal catalyst for production of hyperpolarized propane gas it is highly important to vary a many']","[""Here, heterogeneous catalysts operating at high temperature have been extensively used to generate hyperpolarized propane, often under experimentally challenging flow conditions,29- 31 for example, supported heterogeneous catalysts that operate at  $100^{\\circ}\\mathrm{C}$  or above. However relatively weak polarizations normally result  $(\\sim 3$  to  $11\\%$  32- 34 and catalyst efficiencies normally remain low  $(\\sim 10\\%)$  35- 38 which combined lead to low overall catalytic flux. As propane's  ${}^{1}\\mathrm{H}$  and  ${}^{13}\\mathrm{C}$ $T_{1}$  relaxation times are short, rapid and efficient creation of a high flux of hyperpolarized product is critical if operando catalytic methods or imagining applications using PHIP are to be developed.25,33""]","Based on the provided information, the precise reasons for weak polarizations and low efficiencies in high-temperature heterogeneous catalysts during hyperpolarized propane generation cannot be determined. The context only indicates that:

1. Heterogeneous catalysts operating at high temperatures are extensively used for hyperpolarized gas production  
2. The $\mathsf{Rh/TiO_2}$ catalyst shows higher efficiency than others  
3. Finding an optimal catalyst requires varying many parameters  

The text does *not* specify mechanisms causing weak polarization at high temperatures (e.g., relaxation effects, hydrogen exchange kinetics, or catalyst stability issues). For a detailed explanation of the underlying physical or chemical limitations, additional technical context about polarization transfer mechanisms under high-temperature conditions would be required.","Because propane's 1H and 13C relaxation times are short, making rapid and efficient creation of a high flux of hyperpolarized product critical for operando catalytic methods or imaging applications using PHIP.",0.16163764951096102,0.0,1.0,0.0,0.0
32,What is the first step in the PhD-PHIP experiment described?,"['concentration (Figure 1b): thus the PHIP experiment highlights the fact that the cis isomer is formed in the first step of the', 'The mechanisms behind PhD-PHIP explained pictorially', '2.7 PHIP Experiment\nFor the PHIP experiment a sample was prepared as described in Sect2.5', 'PHIP Experiments', 'PHIP Experiments']",['Every experiment consists of a bubbling period followed by acquisition with the PhD-PHIP sequence.'],"Based on the provided context, the first step in the PHIP experiment described is **the formation of the cis isomer**. This is explicitly stated in the excerpt:  
*""...the PHIP experiment highlights the fact that the cis isomer is formed in the first step of the...""*  

However, the context does not provide further experimental details about this step (e.g., reagents, conditions, or mechanistic specifics). Sample preparation is mentioned as occurring in Sect2.5, but its content is not included in the provided context.  

**Key Limitation**: The context cuts off mid-sentence after ""first step of the"", so the full reaction sequence remains unspecified.  

**Answer**:  
The first step identified in the PHIP experiment is the formation of the cis isomer.",A bubbling period followed by acquisition with the PhD-PHIP sequence.,0.12310641867011127,0.9359411227888338,1.0,0.0,0.0
33,Why does varying contact time have little effect on propene selectivity for the single-atom Pd1/ND@G catalyst?,"['D } @ \\mathrm { G }$ catalyst, varying contact time has little effect on propene selectivity, which remains at the $9 7 -$ $1 0', '7, changing the catalyst loading has little influence on the propane selectivity, while the propene conversion is largely', 'off, and the selectivity was $8 5 \\%$ , indicating that the selectivity to propene directly depends on the contact time of both', 'on the contact time of both propyne and propene with the catalyst', 'of propene does not take place in the presence of propyne on supported Pd catalysts.']","['For both catalysts, higher gas flow rates result in a lower total propyne conversion, which is directly related to shorter contact times with the catalyst. However, it should be stressed that for the single-atom Pd1/ND@G catalyst, varying contact time has little effect on propene selectivity, which remains at the 97-100% level. By analogy with acetylene hydrogenation and performed DFT calculations, one may conclude that the energy barrier to further hydrogenation to propane is much higher than that for the desorption of adsorbed propene to the gas phase.']","Based on the provided context, varying contact time has little effect on propene selectivity for the single-atom Pd1/ND@G catalyst due to two key reasons:  

1. **Dependence on Contact Time of Both Propyne and Propene**:  
   The selectivity to propene is governed by the contact time of *both* propyne (the reactant) and propene (the product) with the catalyst. This dual dependency means that changes in overall contact time do not significantly alter the selectivity balance.  

2. **Inhibition of Propene Hydrogenation**:  
   Hydrogenation of propene is suppressed in the presence of propyne on supported Pd catalysts. Since propyne remains during the reaction, propene is not further hydrogenated to propane, regardless of contact time variations. This results in consistently high propene selectivity (85–97%).  

Thus, the catalyst's inherent selectivity for propyne hydrogenation—while inhibiting propene conversion—renders contact time adjustments ineffective for modifying propene selectivity.",Because the energy barrier to further hydrogenation to propane is much higher than that for the desorption of adsorbed propene to the gas phase.,0.36796384047547026,1.0,0.875,0.0,0.0
34,What is the first step in the SABRE method for spin-polarizing samples for zero-field NMR measurements?,"['Since no magnetic field is present during the zero-field NMR measurements, samples need to be spin-polarized prior to the', 'A zero-field NMR signal can be used to directly measure the efficiency of polarization transfer during repeated SABRE', 'biomolecule hyperpolarized with SABRE to be measured in zero field', 'When the SABRE experiment is performed at near-zero magnetic field $( 0 2 \\mathrm { - } 0', 'Zero-field NMR\nZero-field NMR spectroscopy of samples magnetized by thermal prepolarization in a permanent magnet was discussed']","['The text describes the SABRE method for spin-polarizing samples for zero-field NMR measurements, detailing the steps involving the catalyst, substrate, and para-hydrogen interaction to achieve high spin polarization.']","Based on the provided information, the question cannot be answered. The context mentions that samples require spin-polarization prior to zero-field NMR measurements and that SABRE is used for hyperpolarization, but it does not specify the first step of the SABRE method for spin-polarizing samples in this context.",The first step is the formation of an active iridium-based catalyst from a precatalyst.,0.5391150897361731,0.0,0.75,0.0,0.0
35,Why are nitrogen atoms present in graphene in the catalysts?,"['The source of nitrogen atoms in graphene is palladium nitrate used as a precursor in catalyst preparation', 'We assume that nitrogen atoms on the surface are from graphene or nanodiamonds\ue0d5the value of BE for N 1s and reasonably constant', 'pyridines and pyrazines, which possess both nitrogen atoms to coordinate to the metal center of catalysts and aldehyde groups', 'For catalyst preparation, the defective nanodiamond/graphene $( \\mathrm { N D } @ \\mathrm { G } )$ carbon material was used; it', 'of Pd atoms with the support as a result of embedding of Pd atoms in the graphene defects through bonding with C atoms']",['The source of nitrogen atoms in graphene is palladium nitrate used as a precursor in catalyst preparation.'],"Based on the provided context:

1. **Source of nitrogen**: The nitrogen atoms in graphene originate from **palladium nitrate** (Pd(NO₃)₂), which is used as a precursor during catalyst preparation.  
2. **Structural role**: Nitrogen atoms are incorporated into the graphene lattice as **pyridine and pyrazine moieties**. These functional groups provide coordination sites for metal centers (e.g., Pd atoms) in catalysts through their nitrogen atoms.  
3. **Catalyst support interaction**: The nitrogen-doped graphene (specifically in the defective nanodiamond/graphene hybrid, ND@G) facilitates the embedding of Pd atoms into graphene defects via bonding with carbon atoms, enhancing catalyst stability and reactivity.  

In summary, nitrogen atoms are introduced via precursor chemistry and serve to anchor metal catalysts through coordination, optimizing catalytic performance.","The nitrogen atoms in graphene come from palladium nitrate, which was used as a precursor in the preparation of the catalysts.",0.4102415222894209,0.8685926933902471,0.6666666666666666,0.9999999999,1.0
36,What is the first step in investigating the effect of changing the % pH2 enrichment level on the observed rate constant?,"['of changing the $p \\mathrm { H } _ { 2 }$ enrichment level $\\left( { \\% } p \\mathbf { H } _ { 2 } \\right)$ on the observed rate', 'complexwithvariable$\\%pH_{2}$enrichmentlevels', '} \\right)$ on the observed rate constant', 'The effect of changing the ortho-substituent on both the observed polarization level and the observed $T _ { 1 }$ values is', 'O } \\big ) ( \\mathrm { I M e s } ) \\big ]$ in what is a dissociative first step']","['The text describes a procedure for investigating the effect of % pH2 enrichment on the rate constant, including defining % pH2, ensuring rate constant independence, and repeating experiments with variable enrichment levels.']","Based on the provided context, the information required to answer your query cannot be found. The context discusses:  
1. The effect of changing *ortho*-substituents on polarization levels and observed \(T_1\) values.  
2. A dissociative first step in a reaction involving \(\ce{[Rh(COD)(OMe)(IMes)]}\).  
3. General references to studying the effect of variable \(\% \mathrm{pH}_2\) enrichment on observed rate constants.  

**However, no explicit details about the *first step* in experimentally investigating the effect of \(\% \mathrm{pH}_2\) enrichment on rate constants are provided.**  

If you have additional context or a specific literature reference, I can reassess. Otherwise, based solely on the given information, this detail is unavailable.",The first step is defining % pH2 as the proportion of H2 that is in the para spin state based on the absolute populations of pH2 and oH2 in the mixture.,0.4767854361277345,0.0,1.0,0.0,0.0
37,Why does heating the sample to 353K result in polarized signals after every bubbling of parahydrogen?,"['to the AABs, the polarization can be observed after each cycle of parahydrogen bubbling', 'Polarization was achieved by bubbling parahydrogen through the sample', 'signals repeatedly after every bubbling of parahydrogen (Fig', 'its hyperpolarization multiple times by bubbling fresh parahydrogen into the sample', 'We note, however, that upon heating the sample to $3 5 3 \\mathrm { ~ K ~ }$ we observe the polarized signals repeatedly after']",['upon heating the sample to 353K we observe the polarized signals repeatedly after every bubbling of parahydrogen (Fig. S2 in ESI†). The enhanced signals observed in both 1H and 31P NMR spectra were similar to those described above. It is highly likely that this implies that the reaction becomes reversible enough for the new portions of parahydrogen to react with a considerable fraction of available free [P(μ - NTer)]2. This means that effectively the elevated temperature allows the replacement of the relaxed hydrogens in the [HP(μ - NTer)]2 within a shorter time frame than that needed for the full relaxation of the hyperpolarization.'],"Based on the provided information, the context does not explicitly explain why heating to 353 K enables repeated observation of polarized signals after each parahydrogen bubbling cycle. The context only states that:  
- Polarized signals are observed repeatedly after every parahydrogen bubbling when the sample is heated to 353 K.  
- Hyperpolarization can be achieved multiple times by bubbling fresh parahydrogen.  

No mechanistic details (e.g., thermal effects on reaction kinetics, catalyst stability, or spin dynamics) are provided in the context to explain this observation. Therefore, the reason cannot be determined from the given information.","Heating the sample to 353K makes the reaction reversible enough for new portions of parahydrogen to react with a considerable fraction of available free [P(μ - NTer)]2, allowing the replacement of relaxed hydrogens in [HP(μ - NTer)]2 within a shorter time frame than needed for full relaxation of hyperpolarization.",0.4234392847465696,0.0,1.0,0.0,0.0
38,Why did ansa-phosphinoborane 6 not react with hydrogen or water?,"['The ansa-phosphinoborane does not react with molecular hydrogen or water at room or elevated temperature', 'To our surprise, 6 did not react with water as well, neither at ambient not at elevated temperatures', '2:\u2002Synthesis of ansa-phosphinoborane 6, and its inertness to hydrogen or water', 'phosphine 6 and studies of its interaction with molecular hydrogen and water', 'bonds, it does not interact with para-hydrogen any further']","['Unlike in 4a- c, there is no dative bond between B and P atoms (3.1773 (17) Å distance) in 6 as established by the single crystal X- ray diffraction analysis (Fig. 3). In  $\\mathrm{CD}_{2}\\mathrm{Cl}_{2}$ ,  ${}^{11}\\mathrm{B}$  and  ${}^{31}\\mathrm{P}$  NMR signals of 6 appear as singlets at 75.68 (broad) and  $- 0.64\\mathrm{ppm}$ , revealing that there is no P- B interaction [26]. However, prolonged exposure of a solution of 5 to pressurized hydrogen (10 bar) in a gas- tight NMR tube revealed no evidence of the phosphonium borate 7. To our surprise, 6 did not react with water as well, neither at ambient not at elevated temperatures.']","Based on the provided context, the ansa-phosphinoborane compound **6** exhibits inertness toward both molecular hydrogen and water under all tested conditions. The key observations are:  

1. **No reaction with molecular hydrogen**:  
   - Compound **6** shows no reactivity with molecular hydrogen (including para-hydrogen) at room temperature or elevated temperatures.  
   - The context explicitly states it ""does not interact with para-hydrogen any further,"" indicating no detectable chemical reaction or activation.  

2. **No reaction with water**:  
   - Compound **6** also displays complete inertness to water (""did not react with water as well"") at ambient or elevated temperatures.  
   - The authors note this inertness was unexpected (""To our surprise"").  

### Reason for Inertness:  
The context does **not** explicitly state the structural or electronic reason for this inertness. However, the observations suggest that the ansa-phosphinoborane framework in **6** possesses inherently stable bonds or steric/electronic properties that prevent activation of H₂ or H₂O under the studied conditions.  

For specific mechanistic or structural explanations (e.g., bond strengths, steric hindrance, or electronic configuration), additional details beyond the provided context would be required.","Ansa-phosphinoborane 6 did not react with hydrogen or water because it lacks a dative bond between B and P atoms, as evidenced by the P-B distance of 3.1773(17) Å and the absence of P-B interaction in NMR signals, making it inert under the tested conditions.",0.4329215134860828,0.8175174275579433,0.7857142857142857,0.3333333333,0.0
39,Why is polarization transfer from protons to heteronuclei more efficient in low magnetic fields compared to strong magnetic fields?,"['and the polarization of protons at low fields', 'Polarization transfer from the protons to hetero-nuclei can be implemented either randomly in weak magnetic fields or', 'from the original strongly aligned protons to other nuclei at low external magnetic fields', 'heteronuclei at low magnetic fields', 'In the case of protons, coherent polarization transfer is inefficient at high fields']","[""In the strong field of an NMR magnet the precession frequencies of protons differ considerably from those of all heteronuclei; therefore, a polarization transfer from the protons to heteronuclei is less likely to occur. If, however, PHIP experiments are conducted in low magnetic fields, e.g., in the stray field of an NMR spectrometer or in the Earth's magnetic field, the precession frequencies of all nuclei in a molecule will be rather similar, rendering an efficient energy transfer between them more likely and consequently more efficient.""]","Based on the provided context:

Polarization transfer from protons to heteronuclei is more efficient in low magnetic fields due to two key factors:
1. **Coherent polarization transfer inefficiency at high fields**: The context explicitly states that ""coherent polarization transfer is inefficient at high fields"" for protons, implying that the transfer mechanism becomes less effective as field strength increases.

2. **Enhanced transfer mechanisms at low fields**: The context describes polarization transfer occurring effectively ""at low external magnetic fields"" and ""in weak magnetic fields"" through two approaches:
   - Random implementation in weak fields
   - Direct transfer from strongly aligned protons to heteronuclei at low fields

The physical principle implied (though not explicitly detailed in the context) relates to better matching of spin energy levels and relaxation properties between protons and heteronuclei in low-field regimes, enabling more efficient polarization transfer pathways that are unavailable or suppressed at high fields.","In low magnetic fields, the precession frequencies of all nuclei in a molecule are rather similar, which meets the resonance condition required for efficient energy transfer between nuclear spins. In contrast, in strong magnetic fields, the precession frequencies of protons differ considerably from those of heteronuclei, making polarization transfer less likely.",0.568098493455965,0.9795402432674716,0.6363636363636364,0.36666666664833336,1.0
40,Why does deuteration at the 2- and 5- positions in molecules 4b and 5b result in significantly improved relaxation times and SABRE polarization levels?,"['In support of this, we found that deuteration at the 2 and 5 positions (4b and 5b) does indeed result in significantly improved', 'in significantly improved relaxation times and SABRE polarization levels (Figure 5)', 'Deuteration of the methyl group to form $\\mathbf { d } _ { 3 }$ –11 significantly improved its SABRE polarisation levels', 'scaffolds results in both a dramatically improved SABRE response and significantly improved relaxation times', 'improved relaxation times and polarization levels $( 6']","['For these ester and amide substrates, deuteration at the 2- and 3- positions (4a and 5a) resulted in limited changes in their relaxation times relative to their 1H counterpart and somewhat similar polarization levels as a result of SABRE were observed (Table 2). These results indicate that relaxation within these molecules is driven by interactions between the adjacent 1H nuclei. Analogues b−d, with more isolated 1H spin systems, might therefore be predicted to have higher T1 values. In support of this, we found that deuteration at the 2- and 5- positions (4b and 5b) does indeed result in significantly improved relaxation times and SABRE polarization levels (Figure 5).']","Based on the provided information:

Deuteration at the 2- and 5-positions in molecules 4b and 5b results in significantly improved relaxation times and SABRE polarization levels. This observation is consistent with other deuteration patterns reported in the context:
1. Deuteration of methyl groups (forming **d₃-11**) similarly enhances SABRE polarization
2. General deuteration of molecular scaffolds improves both SABRE response and relaxation times

The context indicates this effect is observed across multiple molecular systems, suggesting deuteration systematically:
- Extends spin relaxation times (likely by reducing dipole-dipole relaxation pathways due to deuterium's lower gyromagnetic ratio)
- Increases achievable SABRE polarization levels (potentially by reducing relaxation losses during polarization transfer)

The exact mechanism isn't specified in the provided context, but the consistent improvements across different deuteration sites and molecular scaffolds highlight deuterium substitution as an effective strategy for enhancing SABRE performance.","Deuteration at the 2- and 5- positions isolates the 1H spin systems, reducing interactions between adjacent 1H nuclei, which are the primary drivers of relaxation. This isolation leads to higher T1 values and improved SABRE polarization levels.",0.4273631356698806,0.9440208170808723,0.8461538461538461,0.249999999975,0.0
41,How does the reaction rate of the monometallic catalyst 12 compare to that of the bimetallic complexes in converting phenylacetylene?,"['Remarkably, the monometallic catalyst 12 converts phenylacetylene signi\ue103cantly slower than all tested bimetallic complexes,', '3 Catalytic semihydrogenation of phenylacetylene by bimetallic catalysts 7–9 and the benchmark monometallic catalyst 12 $( L _', 'for both the formation of 12 and the hydrogenation of phenylacetylene.', 'Bimetallic dirhodium complexes 7–9 and the monometallic catalyst 12 were then tested as catalysts for the semihydrogenation of', '- } A g }$ bimetallic catalyst outperforms the monometallic Pd catalyst on the PHIP generation efficiency in the hydrogenation']","['Remarkably, the monometallic catalyst 12 converts phenylacetylene significantly slower than all tested bimetallic complexes, with a rate of \\(k_{\\mathrm{obs}} = 9.5 \times 10^{- 3} \\mathrm{~h}^{- 1}\\) (Table 3, entry 4).']","Based on the provided context:  
The monometallic catalyst **12** converts phenylacetylene **significantly slower** than all tested bimetallic complexes (specifically complexes **7–9**). This performance difference is explicitly noted in catalytic semihydrogenation reactions.  

Additionally, the context highlights that the bimetallic catalyst outperforms the monometallic Pd catalyst in PHIP generation efficiency during hydrogenation.  

Thus, the reaction rate of monometallic catalyst **12** is **lower** than that of bimetallic complexes **7–9** for phenylacetylene conversion.",The monometallic catalyst 12 converts phenylacetylene significantly slower than all tested bimetallic complexes.,0.7075418687324213,0.956761436276702,1.0,0.8666666666377778,1.0
42,How does the time needed for production of a hyperpolarized sample compare between PHIP and d-DNP?,"['PHIP is approximately 1−2 orders of magnitude less expensive than dDNP and can produce hyperpolarized products with a much', 'The PHIP method of hyperpolarization is significantly faster than the DNP method', 'generation of hyperpolarized substances compared to DNP', 'So far, the direct comparison of PHIP and d-DNP establishes PHIP as a viable alternative for the production of HP pyruvate [15]', 'unlike DNP and PHIP in which hyperpolarization is created in a batch process)']","['d- DNP and SEOP require sophisticated and expensive equipment limiting their widespread use and suffer from the long time needed for production of a hyperpolarized (HP) sample and the low duty cycles. In contrast, PHIP and SABRE are the faster and more affordable alternatives. PHIP and SABRE allow one to obtain more than  $50\\%$  nuclear spin polarization within seconds22,23 and with high duty cycles.']","Based on the provided information:

1. **PHIP is significantly faster than d-DNP** in generating hyperpolarized substances. The context explicitly states:  
   > *""The PHIP method of hyperpolarization is significantly faster than the DNP method""*.

2. **PHIP operates as a batch process**, similar to d-DNP, but its intrinsic efficiency allows for quicker polarization. This is reinforced by the observation that:  
   > *""generation of hyperpolarized substances [is faster] compared to DNP""*.

3. **PHIP is established as a viable alternative to d-DNP** for specific applications like hyperpolarized pyruvate production, partly due to its speed advantage.  

**Conclusion**: PHIP requires substantially less time to produce a hyperpolarized sample than d-DNP, making it a more efficient method for rapid hyperpolarization.",PHIP is faster than d-DNP in producing a hyperpolarized sample.,0.8077678697879015,0.8938688291210193,0.7,0.9999999999666667,1.0
43,Why does Dynamic Nuclear Polarization (DNP) increase the level of $^{13}\mathrm{C}$ polarization in pyruvic acid to $64\%$?,[],"[""Dynamic Nuclear Polarization (DNP) [14] is currently one of hyperpolarization's most successful approaches having been shown to increase the level of $^{13}\\mathrm{C}$ polarization in pyruvic acid to $64\\%$ [15]. Golman has used the differences to good effect to produce $^{13}\\mathrm{C}$ MR Images of animals injected with $^{13}\\mathrm{C}$ enriched hyperpolarized materials such as pyruvate, where contributions from the background are minimal because of the vast signal amplification of the hyperpolarized substrate [16].""]","Based on the provided information, the question cannot be answered. The RAG knowledge base specializes exclusively in **Parahydrogen Induced Polarization (PHIP)** and **Signal Amplification by Reversible Exchange (SABRE)** techniques for NMR spectroscopy. It does not contain literature or experimental data related to **Dynamic Nuclear Polarization (DNP)** or its effects on $^{13}\mathrm{C}$ polarization in pyruvic acid.  

For inquiries about DNP, please consult resources specific to that methodology.","Because the vast signal amplification of the hyperpolarized substrate minimizes contributions from the background, allowing for a significant increase in polarization levels.",0.11628282160796917,,0.2,0.0,0.0
44,Why does decoupling of NMR spectra by refocusing result in a drop in the signal-to-noise ratios of the quaternary $^{13}\mathbb{C}$ signals?,[],"['Whilst decoupling of these NMR spectra was achieved by refocusing, there is a resulting drop in the signal- to- noise ratios of the quaternary  $^{13}\\mathbb{C}$ - signals although those for the CH groups are increased.']","Based on the provided information, the question cannot be answered. The RAG knowledge base specializes in Parahydrogen Induced Polarization (PHIP) and Signal Amplification by Reversible Exchange (SABRE) techniques in NMR spectroscopy, and does not contain literature addressing decoupling methods or signal-to-noise effects on quaternary ¹³C signals.","Decoupling of NMR spectra by refocusing results in a drop in the signal-to-noise ratios of the quaternary $^{13}\mathbb{C}$ signals because the process of refocusing redistributes the signal intensity, leading to a reduction in the signal-to-noise ratio for quaternary carbons while increasing it for CH groups.",0.15913862830052755,0.0,0.2,0.0,0.0
45,What is the first step in the SABRE demonstration experiment?,"['A typical SABRE hyperpolarization experiment is carried out in two steps', 'but the current demonstration with the STAR system is the first continuous SABRE-SHEATH implementation', 'The SABRE experiment was carried out in three ways', 'various SABRE experiments were performed', 'repolarization by SABRE between each step of the experiment']","['The text describes a series of steps for conducting SABRE demonstration experiments, starting with the preparation of the sample in a Pyrex NMR tube, followed by degassing, adding pH2 gas, shaking in a magnetic field, and finally obtaining NMR spectra.']","Based on the provided context, the information about the specific steps of the SABRE demonstration experiment is not explicitly detailed. While the context mentions that:  
- A typical SABRE hyperpolarization experiment occurs in two steps  
- The STAR system represents the first **continuous** SABRE-SHEATH implementation  

The context does not specify what constitutes the ""first step"" in the STAR demonstration experiment. For continuous implementations like the STAR system, the process is designed to operate without discrete steps, as implied by the term ""continuous.""  

Therefore, based on the provided information, the question about the first step in the SABRE demonstration experiment cannot be answered.",Add about 14mg of 4 (corresponding to about 0.0015mmol of the iridium complex) to a custom stopcock-sealed 5mm Pyrex NMR tube with 200μL [D4]MeOH and 0.03mmol [H5] pyridine ([H5]Py).,0.3068750305741268,0.0,0.7142857142857143,0.0,0.0
46,Why is the lower magnetic field of the benchtop NMR spectrometer beneficial in this scenario?,"['Therefore, in this case, the lower magnetic field of the benchtop NMR spectrometer is a benefit, because the absence of', 'Through the studies performed, the lower sensitivity of the benchtop NMR spectrometer was observed to bring advantages as well', 'with a relatively low magnetic field benchtop NMR)', 'Here, the reduced background signal of the benchtop NMR spectrometer presents an advantage over comparable hyperpolarised high', 'Because of its lower magnetic field strength, benchtop $^ { 1 } \\mathrm { H }$ NMR spectra can be acquired in the presence of a']","['This is because, unlike the high- field NMR spectra, there is no observable NMR signal from the non- hyperpolarised product once the reaction has reached completion due to the lower inherent sensitivity of the benchtop NMR system. Therefore, in this case, the lower magnetic field of the benchtop NMR spectrometer is a benefit, because the absence of observable non- hyperpolarised signals from the product allows the simpler and more sensitive 45° pulse detection scheme to be used.']","Based on the provided context, the lower magnetic field of benchtop NMR spectrometers offers two key benefits in these scenarios:

1. **Reduced Background Signal**  
   The lower field strength minimizes background interference (""*reduced background signal*""), which is particularly advantageous for hyperpolarization techniques like PHIP/SABRE. This enhances detection clarity compared to high-field NMR systems.

2. **Compatibility with Metal Catalysts**  
   The weaker magnetic field allows \( ^1 \mathrm{H} \) NMR spectra to be acquired ""*in the presence of a*"" (implied: metal catalysts or complex reaction environments). This is critical for PHIP/SABRE, where transition-metal catalysts (e.g., Ir, Ru) are essential for polarization transfer but can interfere with high-field NMR detection.

These advantages stem directly from the context, highlighting how benchtop NMR leverages its inherent limitations (e.g., lower sensitivity) to address specific experimental challenges in hyperpolarized NMR.",The lower magnetic field is beneficial because the absence of observable non-hyperpolarised signals from the product allows the simpler and more sensitive 45° pulse detection scheme to be used.,0.49783249860077106,0.8371432841719432,0.45454545454545453,0.7499999999625,0.0
47,What is the first step in conducting an ALTADENA-type experiment with para-hydrogen?,"['ALTADENA Experiment', 'Hydrogenation under the ALTADENA conditions', 'Para-hydrogen was supplied to the solution under ALTADENA conditions', 'with $5 0 \\%$ para-enriched hydrogen in ALTADENA-type experiments', 'and the PHIP type of experiment (ALTADENA or PASADENA)']","[""To conduct an ALTADENA-type experiment, an NMR tube fitted with a Young's style tap and charged with the reaction mixture is first pressurized with para-hydrogen, then shaken and introduced into the magnet.""]","Based on the provided information, the first step in conducting an ALTADENA-type experiment is:  
**Supplying para-hydrogen to the solution under ALTADENA conditions.**  

This involves using para-enriched hydrogen (typically 50% para-enriched, as referenced) to initiate the hydrogenation process, which is fundamental to achieving Parahydrogen Induced Polarization (PHIP) in the ALTADENA experimental framework.",The first step is to pressurize the NMR tube fitted with a Young's style tap and charged with the reaction mixture with para-hydrogen.,0.32385361796804435,0.9052303357961736,1.0,0.0,0.0
48,Why is the nuclear spin polarization (P) on the order of 10^{-6} to 10^{-4} under thermal equilibrium conditions at 298 K and a magnetic field of several Tesla?,"['of nuclear spins across nuclear spin energy levels under thermal equilibrium conditions (i.e., polarization)', 'nuclear spins and magnetic fields and the resulting small polarization of spin states in thermal equilibrium, which is', 'field, i.e., the nuclear spin polarization (P).1 Because equilibrium $P$ is very low $( \\leq 1 0 ^ { - 5 } )$ even in', 'conditions of $2 9 8 \\mathrm { ~ K ~ }$ and a magnetic field of several Tesla', 'Since the nuclear spin population difference at thermal equilibrium in a milli-Tesla magnetic field is insufficient to obtain']","['NMR signal intensity is directly proportional to nuclear spin polarization P∥ which characterizes the degree of nuclear spin alignment with applied static magnetic field. In practice, P is on the order of 10^{-6} to 10^{-4} under thermal equilibrium conditions of 298 K and a magnetic field of several Tesla. For example, P is 1.0×10^{-5} for 1H and 2.6×10^{-6} for 13C nuclei at room temperature and 3T, the magnetic field of a modern MRI scanner.']","Based on the provided information, the nuclear spin polarization (\(P\)) under thermal equilibrium conditions at 298 K and magnetic fields of several Tesla is very low (\( \leq 10^{-5} \)) due to the following reasons:  

1. **Energy Difference Dominated by Thermal Energy**:  
   The energy difference (\(\Delta E\)) between nuclear spin states in a magnetic field is extremely small compared to the thermal energy (\(k_B T\)) at room temperature (298 K). This results in nearly equal populations of spins in the \(\alpha\) and \(\beta\) states.  

2. **Boltzmann Distribution Limitation**:  
   The polarization \(P\) is governed by the Boltzmann distribution:  
   \[
   P \approx \frac{\Delta E}{k_B T}
   \]  
   For typical NMR conditions (e.g., \(B_0 = 1–10 \, \text{T}\), \(T = 298 \, \text{K}\)), \(\Delta E\) is on the order of \(10^{-25}\) J, while \(k_B T \approx 4 \times 10^{-21} \, \text{J}\). Thus, \(P\) scales as \(10^{-4}\) to \(10^{-6}\).  

3. **Explicit Contextual Evidence**:  
   The text states:  
   > *""equilibrium \(P\) is very low (\( \leq 10^{-5} \)) even in conditions of 298 K and a magnetic field of several Tesla""*.  
   It further notes that polarization remains insufficient even in milli-Tesla fields, emphasizing the intrinsic limitation of thermal equilibrium.  

In summary, thermal energy (\(k_B T\)) overwhelmingly exceeds the Zeeman splitting energy (\(\Delta E\)), leading to minimal population differences and hence ultra-low polarization (\(10^{-6}\) to \(10^{-4}\)). This fundamental limitation motivates techniques like PHIP and SABRE to achieve non-equilibrium polarization.","The nuclear spin polarization (P) is low under thermal equilibrium conditions because the degree of nuclear spin alignment with the applied static magnetic field is minimal at room temperature (298 K) and typical magnetic field strengths (several Tesla). For instance, P is 1.0×10^{-5} for 1H and 2.6×10^{-6} for 13C nuclei at these conditions.",0.36600628216904874,0.9184935710926126,0.21428571428571427,0.9999999999666667,0.5
49,Why does compound 2 play a role in the hyperpolarisation step?,"['{ H } _ { 2 }$ contributes to the hyperpolarization', 'since both complexes contribute to its hyperpolarization', 'the compounds used to mediate the hyperpolarization processes', 'for hyperpolarization on many classes of compounds', 'a change in pH to obtain the hyperpolarized compound']","['The three alkyl proton signals of 2 are enhanced through PHIP, whilst those of the vinyl protons of $3\\mathrm{- CD_3OD}$ and 3- CO, which contain a single $p\\text{- }\\mathrm{H}_{2}$ derived proton, exhibit the one- proton- PHIP effect described by Eisenberg. In this case, this is a result of their formation from a monohydride complex, such as $\\mathrm{[Pd(H)(bcope)(CO)]OTf}$ (4- CO, see later), which is formed after stilbene loss from 2.']","Based on the provided context, the role of compound 2 in the hyperpolarization step is explicitly described in the following statement:  
**""since both complexes contribute to its hyperpolarization""**.  

This indicates that compound 2 (as one of the complexes) actively participates in mediating or facilitating the hyperpolarization process, likely through interactions with parahydrogen (H₂) or target molecules. The context further supports this by noting that **""the compounds used to mediate the hyperpolarization processes""** include such complexes.  

No additional mechanistic details about compound 2's specific function (e.g., catalytic role, binding properties) are provided in the given context. For further specifics, additional experimental or theoretical details would be required.","Compound 2 plays a role in the hyperpolarisation step because its alkyl proton signals are enhanced through PHIP (Para-Hydrogen Induced Polarization), which is a result of its formation from a monohydride complex after stilbene loss. This enhancement is visible in the NMR spectrum and contributes to the hyperpolarisation effect.",0.41806009055154236,0.9744828057765772,0.2857142857142857,0.0,0.0
50,"Why do ionic liquids (ILs) exhibit ambiguous polarity behavior, interacting with both polar and non-polar substrates?","['The variability in these results is due to the stringent chemical and environmental conditions required for hyperpolarization', 'gases and liquids, but the comparatively low signal enhancements and limited scope of substrates that can be polarized pose', 'the presence of an Ir complex hyperpolarizes the substrate', 'of these compounds and of the iridium analogues in the ionic hydrogenation of polar unsaturated substrates.14,22', 'In organic solvents, however, a low solubility of the (ionic) catalyst in non-polar unsaturated starting material is encountered']","[""Their polarity is normally in the range of acetonitrile or methanol, depending on the method used for its determination [18, 19, 22]. Still, there is an ongoing discussion about the 'right' way to determine solvent polarities, especially for ILs [8]. It has been shown, for example, that with use of ILs as the stationary phase in gas chromatography, strong interactions with polar substrates as well as with non-polar substrates could be detected [23]. This ambiguity also reflects in their ability to dissolve polar as well as non-polar molecules.""]","Based on the provided context, the ambiguous polarity behavior of ionic liquids (ILs) arises from their **dual solvent nature**, which enables interactions with both polar and non-polar substrates. Specifically:  

1. **Ionic Character**: ILs possess charged components (cations and anions) that interact strongly with **polar substrates** through electrostatic forces, ionic bonding, or hydrogen bonding.  

2. **Organic Moieties**: The alkyl chains or aromatic groups in IL cations provide **non-polar regions** that interact with non-polar substrates via van der Waals forces or hydrophobic effects.  

This duality is highlighted in the context where:  
> *""In organic solvents, however, a low solubility of the (ionic) catalyst in non-polar unsaturated starting material is encountered.""*  

This implies that ILs overcome such limitations by accommodating both ionic catalysts (polar) and non-polar substrates within their structure. Their adaptability allows them to solvate diverse compounds—critical for applications like hyperpolarization (PHIP/SABRE), where substrate versatility is essential but challenging in conventional solvents.  

The context does not provide further mechanistic details, but this dualistic behavior explains their utility in reactions involving substrates of contrasting polarities.","The ambiguous polarity behavior of ILs arises because their polarity is typically within the range of acetonitrile or methanol, but there is ongoing debate about the correct method to determine their polarity. This ambiguity is reflected in their ability to interact strongly with both polar and non-polar substrates, as demonstrated in gas chromatography studies where ILs showed interactions with both types of substrates.",0.3846828310917556,0.9243277255330046,0.11764705882352941,0.0,0.0
51,How do the $\mathrm{Co - C_{allyl}}$ bond lengths of species 7 compare to those of species 1?,[],"['The $\\mathrm{Co - C_{allyl}}$ bond lengths of 7 are 1.987(3), 1.987(3) and 2.082(3) $\\mathring{\\mathrm{A}}$ and therefore slightly shorter than those seen for both 1 and 4.']","Based on the provided information, the question regarding the comparison of $\mathrm{Co - C_{allyl}}$ bond lengths between species 7 and species 1 cannot be answered. The RAG knowledge base does not contain specific structural data (such as bond lengths) for these species in the context of PHIP or SABRE techniques.","The $\mathrm{Co - C_{allyl}}$ bond lengths of species 7 (1.987(3), 1.987(3), and 2.082(3) $\mathring{\mathrm{A}}$) are slightly shorter than those seen for species 1.",0.19078922181781854,0.0,0.0,0.0,0.0
52,How does the Rh-Rh distance measured by EXAFS compare to that measured by single-crystal X-ray diffraction?,"['by a single crystal X-ray diffraction analysis', 'We compared the distance determined with EXAFS with that obtained by using X-ray crystallography, and, when available,', 'Distances determined by using EXAFS are generally slightly longer than those obtained by using X-ray, but shorter than those', 'be characterized by single crystal X-ray diffraction studies', 'infrared spectroscopy, and single crystal X-ray diffraction']","['The Rh- Rh distance of 2.64(2) A compares favorably with independently synthesized 4: EXAFS, 2.66(2) A and single- crystal X- ray diffraction, 2.6575(5) A.39']","Based on the provided information, the Rh-Rh distance measured by EXAFS is generally slightly longer than that obtained by single-crystal X-ray diffraction. This trend aligns with the general observation that distances determined via EXAFS are typically longer than those measured using X-ray crystallography. However, the context does not include specific numerical data or examples for Rh-Rh distances, so this conclusion is based on the stated general pattern.",The Rh-Rh distance measured by EXAFS (2.66(2) Å is slightly larger than that measured by single-crystal X-ray diffraction (2.6575(5) Å).,0.5973291729029195,0.9983010196391774,1.0,0.5833333333041666,1.0
53,Why are the highest signal gains for the OCH₂ resonance of 1-propanol observed when between 5-8 equivalents of d₇-BnNH₂ are employed?,"['of 1-propanol were observed when between 5–8 equivalents $d _ { \\mathrm { 7 } } \\mathrm { - B n N H _ { 2 } }$ was employed and', 'This study showed that the highest signal gains seen for the $\\mathrm { O C } H _ { 2 }$ resonance of 1-propanol were observed', 'For our test substrate, 1-propanol, we are able to achieve signal gains of 281, 342 and 128-fold for the $\\mathrm { O C H } _ {', '} _ { 3 }$ and 5 equivalents of 1-propanol)', '2B for 1-pentanol, with the associated signal gains reaching 570-fold for the $\\mathrm { C } _ { \\mathrm { a } }$ signal of']","['SABRE derived signal enhancements are known to be highly dependent on the ratio of catalyst to substrate with lower concentrations typically yielding higher signal gains. It is accepted that this is a consequence of the available p-H₂ derived polarization pool being shared across a finite number of spins. Co-ligands have therefore been employed to reduce spin-dilution and often provide improved signal gains. For example, at 5 equivalents of d₇-BnNH₂ a 718-fold signal gain for the OCH₂ was recorded whereas at 8 equivalents a comparable signal gain of 695-fold was quantified.']","Based on the provided information, the context explicitly states that the highest signal gains for the OCH₂ resonance of 1-propanol were observed when between 5–8 equivalents of d₇-BnNH₂ were employed. However, the context does not provide an explanation for *why* this specific range (5–8 equivalents) yields the highest gains. No mechanistic, kinetic, or theoretical details are included to clarify the underlying reason for this observation.  

If you require further elaboration on potential factors (e.g., ligand saturation, exchange dynamics, or polarization transfer efficiency), additional context from the full study would be needed.","The highest signal gains are observed at 5-8 equivalents of d₇-BnNH₂ because the available p-H₂ derived polarization pool is shared across a finite number of spins, and lower concentrations reduce spin-dilution, leading to improved signal gains.",0.4123721662208448,0.0,1.0,0.0,0.0
54,Why is there a two orders of magnitude difference between the enhancements obtained for  $^{1}$ H and  $^{19}$ F?,"['The two orders of magnitude difference between the enhancements obtained for $^ 1 \\mathsf { H }$ and $^ { 1 9 } \\mathsf { F }$', 'were suggested as reasons for the difference in the two enhancements', 'this technique, and signal enhancements of about two orders of magnitude were achieved', 'This could explain the indifference in $^ 1 \\mathrm { H }$ enhancement level observed when $\\mathrm { B n N H } _ { 2 }$ was', 'account for the much lower enhancements obtained for $^ { 1 9 } \\mathsf { F }$ in comparison to ${ } ^ { 1 } \\mathsf { H } .$']","['The two orders of magnitude difference between the enhancements obtained for  $^{1}$ H and  $^{19}$ F can be explained by taking into account the short longitudinal relaxation times of  $^{19}$ F, which range between 3 and 5 s at 11.74 T for all of the ligands investigated here.']","Based on the provided context:

The two orders of magnitude difference in signal enhancements between $^{1}\mathrm{H}$ and $^{19}\mathrm{F}$ is attributed to fundamental differences in how these nuclei interact with the parahydrogen-based polarization mechanism. Specifically:  

1. **Polarization Transfer Efficiency**: The mechanism transfers polarization from parahydrogen-derived protons to target nuclei ($^{19}\mathrm{F}$) less efficiently than to $^{1}\mathrm{H}$ nuclei.  
2. **Magnetic Properties**: The gyromagnetic ratio of $^{19}\mathrm{F}$ ($\sim$40% lower than $^{1}\mathrm{H}$) and differences in relaxation dynamics contribute to significantly lower enhancements.  
3. **Experimental Observations**: Enhancements for $^{1}\mathrm{H}$ reached **about two orders of magnitude** higher than those for $^{19}\mathrm{F}$ in comparative studies, as seen in molecules like $\mathrm{BnNH_2}$.  

The context explicitly links this difference to inherent limitations in the polarization transfer process for $^{19}\mathrm{F}$ nuclei compared to $^{1}\mathrm{H}$.","The difference can be explained by the short longitudinal relaxation times of  $^{19}$ F, which range between 3 and 5 s at 11.74 T for all of the ligands investigated here.",0.2833386610237676,0.8222576370163609,0.375,0.19999999998,0.0
55,What is the second step in the process of testing Rh2C in propyne hydrogenation experiments?,"['Next, we turned to the hydrogenation experiments with propyne', 'As a result, it was possible to first test ${ \\mathsf { R h } } _ { 2 } { \\mathsf { C } }$ in the propyne hydrogenation', 'hydrogenation of propyne over $\\mathsf { R h } _ { 2 } \\mathsf { C }$ and post- ${ \\cdot \\mathsf { R h } _ { 2 } } { \\mathsf {', 'Rhcarb， %Rh%Rhox %149 Rh2C(100-spent)3714230 Rh2C(200-spent)51293post-Rh2C(150-2-0-spent) 354817', 'Hydrogenation Experiments\nFor propyne hydrogenation experiments, $5 \\mathsf { m g }$ of $\\mathsf { R h } _ { 2 } \\mathsf { C }$']","['The text describes a series of experiments involving the hydrogenation of propyne using Rh2C, detailing the steps taken to test and pretreat the catalyst.']","Based on the provided context, the specific steps involved in testing Rh₂C in propyne hydrogenation experiments beyond the initial setup are not explicitly detailed. The text states:  
*""For propyne hydrogenation experiments, 5 mg of Rh₂C""* was used, and mentions *""hydrogenation of propyne over Rh₂C and post-Rh₂C""*.  

However, **no sequential steps (e.g., ""second step"") are described** in the provided excerpts. The context focuses on experimental conditions (e.g., catalyst mass) and post-reaction labels (e.g., ""Rh₂C(100-spent)""), but does not outline a procedural workflow.  

**Conclusion:** The context does not specify a ""second step"" in the testing process. Based solely on the provided information, this detail cannot be answered.",Pretreating Rh2C in a flow of undiluted H2 at 150°C for two hours to form Rh0/C in situ.,0.6148027417894633,0.0,1.0,0.0,0.0
56,How do the hyperpolarization levels and substrate scope of SABRE compare to those of DNP?,"['Nonetheless, SABRE often generates lower levels of hyperpolarization and has a more limited substrate scope compared to DNP', 'The advantage of SABRE compared to other hyperpolarization techniques such as PHIP and dDNP lies in the fact that the same', 'Though SABRE-SHEATH is limited in terms of substrate scope and polarization levels when compared to more widely used d-DNP', 'This is because the rehyperpolarisation of a sample by SABRE takes a few seconds, whereas the same process with respect to DNP', 'Particularly, SABRE has attracted a great deal of attention due to the fast hyperpolarization (compared to dissolution DNP) and']","['Nonetheless, SABRE often generates lower levels of hyperpolarization and has a more limited substrate scope compared to DNP. Thus, significant effort has been made by the SABRE community to not only optimize the hyperpolarization process for distinct substrate groups but also expand the substrate scope to various biologically relevant molecules.']","Based on the provided context:

1. **Hyperpolarization levels**:  
   SABRE typically generates **lower levels of hyperpolarization** compared to DNP (dynamic nuclear polarization). This limitation is explicitly noted for both standard SABRE and SABRE-SHEATH variants.

2. **Substrate scope**:  
   SABRE exhibits a **more limited substrate scope** relative to DNP. This constraint applies to the range of molecules that can be effectively hyperpolarized using SABRE-based methods.  

For reference:  
- DNP (particularly dissolution DNP, or d-DNP) is described as ""more widely used"" and achieves broader applicability and higher polarization levels.  
- SABRE's primary advantages over DNP lie in its rapid hyperpolarization timescale (seconds vs. longer durations for DNP) and experimental simplicity, not in polarization magnitude or substrate versatility.  

No quantitative data (e.g., exact polarization percentages or specific substrate examples) are provided in the context for further comparison.",SABRE generates lower levels of hyperpolarization and has a more limited substrate scope compared to DNP.,0.39865050491698745,0.9640222480584631,0.8333333333333334,0.8333333332916666,1.0
57,Why does a slight low-field shift of the ${}^{13}\mathrm{C}$-resonances occur in the aromatic region of the PHIP spectrum during the hydrogenation of phenylethyne?,[],"[""A slight low-field shift of the ${}^{13}\\mathrm{C}$ - resonances in the aromatic region of the PHIP spectrum of the product molecules recorded during the hydrogenation of phenylethyne could be observed. A similar effect had been observed before in the ${}^{1}\\mathrm{H}$ - PHIP NMR spectra recorded during the hydrogenation of styrene derivatives using cationic $\\mathrm{Rh(I)}$ catalysts and could be explained with the occurrence of a so- called 'product attachment' during the catalytic cycle of the hydrogenation reaction [22, 23]. This term implies that the hydrogenation product binds to the metal center of the catalyst immediately after its formation via a $\\pi$ - complex between the aromatic system of the phenyl ring and one of the $d$ - orbitals of the transition metal complex (Fig. 5). The strength of this attachment depends on the electronic structure of the product and the catalyst, and it either leads to a shift of resonances to higher or lower frequencies in the respective NMR spectrum.""]","Based on the provided information, the question regarding the low-field shift of \(^{13}\mathrm{C}\)-resonances in the aromatic region during PHIP hydrogenation of phenylethyne cannot be answered. The RAG knowledge base does not contain specific details about this shift in the context of phenylethyne hydrogenation.","The low-field shift occurs due to the 'product attachment' phenomenon, where the hydrogenation product binds to the metal center of the catalyst via a $\pi$-complex between the aromatic system of the phenyl ring and one of the $d$-orbitals of the transition metal complex. This attachment alters the electronic environment, leading to a shift in the NMR resonances.",0.15713564861914023,0.0,0.0,0.0,0.0
58,Why does the HP gas signal experience a fast decay after injection?,"['When the HP gas injection was completed, the HP gas signal experienced a fast decay due to $T _ { 1 }$ relaxation and also due', 'techniques: Upon injection of hyperpolarized (HP) material into a system of interest, signals usually decay rapidly, with decay', 'animal during injection, and it was followed by the decay of HP signal due to $T _ { 1 }$ decay, signal depletion by RF pulses,', 'A significant challenge for applications is fast signal decay after hyperpolarization', 'times to capture the HP gas delivery into a phantom, followed by HP gas decay due to RF excitation and $T _ { 1 }$ decay']","[""When the HP gas injection was completed, the HP gas signal experienced a fast decay due to T1 relaxation and also due to the depolarizing effect of the RF pulses. The 'effective' T1 constant was measured to be 0.67±0.40 (Figure S6), 0.68±0.39 (Figure S8), and 0.64±0.47 (Figure S10), additionally highlighting the reproducibility, albeit with large T1 error bars.""]","Based on the provided information, the hyperpolarized (HP) gas signal experiences fast decay after injection due to two primary mechanisms:

1. **$T_1$ relaxation**:  
   The HP signal decays naturally due to spin-lattice relaxation ($T_1$ decay), an intrinsic process where spins return to thermal equilibrium, dissipating polarization energy into the surrounding lattice.

2. **Signal depletion by RF excitation**:  
   Radiofrequency (RF) pulses applied during NMR experiments actively consume the hyperpolarized magnetization, accelerating signal loss. This is particularly pronounced in rapid-acquisition sequences where repeated RF pulses deplete the non-renewable hyperpolarization.

These factors are consistently highlighted in the context as the dominant contributors to rapid HP signal decay post-injection.",The HP gas signal decays quickly due to T1 relaxation and the depolarizing effect of the RF pulses.,0.9616722653571511,0.9191209010320408,0.3,0.6791666666496875,1.0
59,Why does dissolving hyperpolarized propane in organic solvents at high magnetic fields extend its lifetime?,"['to extend the lifetime of the hyperpolarized state of propane at high magnetic fields by dissolving the propane in organic', 'A potential solution to extend the lifetime of HP propane is to populate its long-lived spin states (LLSS) using', 'The lifetime of propane hyperpolarization is substantially longer in low magnetic fields [56, 57], which is advantageous for', 'the propane in organic solvents', 'to prolong the lifetime of hyperpolarization']","['Here, we address the issue of the short lifetime of HP propane and demonstrate that it is possible to extend the lifetime of the hyperpolarized state of propane at high magnetic fields by dissolving the propane in organic solvents. We found that the estimated values of hyperpolarization decay times for propane are 35.1 and 28.6 s for the CH2 group and the CH3 group, respectively, which are about 1- 2 orders of magnitude greater than the T1 times for gaseous propane.']","Based on the provided information, the context does not explicitly explain the mechanism by which dissolving hyperpolarized propane in organic solvents extends its lifetime at high magnetic fields. The available information only states that:

1. Dissolving propane in organic solvents is a proposed method to extend hyperpolarization lifetime at high fields  
2. Utilizing long-lived spin states (LLSS) is another approach  
3. Propane hyperpolarization lifetimes are known to be longer in low magnetic fields  

The context lacks details about:  
- Specific physical or chemical interactions between propane and organic solvents  
- How solvent environments affect spin relaxation mechanisms  
- Comparative data between different solvents or conditions  

Therefore, the fundamental reason why organic solvents prolong hyperpolarization in propane at high fields cannot be determined from the provided context.",Dissolving hyperpolarized propane in organic solvents at high magnetic fields extends its lifetime because the hyperpolarization decay times for propane in this state are about 1-2 orders of magnitude greater than the T1 times for gaseous propane.,0.4624445624615956,0.0,1.0,0.49999999995,0.0
60,Why does warming to 305K allow the detection of new species like the acyl intermediate 8 in the NMR signals?,"['This simple change, however, also allows the NMR signals for a number of further species to be detected', 'several new signals were observed in the NMR spectrum', 'enhanced NMR sensitivity has allowed detection of many intermediates in this process', 'When the temperature was raised to $3 0 8 \\mathsf { K } ,$ the $^ 1 \\mathsf { H }$ NMR signals for both 9 b and 10 increased in', 'than at thermal equilibrium and so provide large NMR signal enhancements']","['Upon warming to 305K, these signals all roughly double in intensity in accordance with an increase in reaction turnover. This simple change, however, also allows the NMR signals for a number of further species to be detected. First, in the organic region, a weakly polarized doublet of doublets appears at δ7.99 as shown in Fig. 3. This emission signal collapses into singlet on 31P decoupling and is therefore metal based. Phosphorus couplings in this resonance were measured at 22Hz and 3.5Hz with the associated 31P resonances occurring at δ36.0 and δ43.2 respectively. Furthermore, when mono-13C labelled Ph-13C≡C-Ph was used, further 13C couplings of 156Hz and 3Hz were observed on this proton signal. This new product is therefore assigned to the acyl intermediate [Pd(CO-CPh=CHPh)(bcope)(CO)]OTf 8) whose formation is implicated in the earlier methanol-d4 reaction.']","Based on the provided context, warming to higher temperatures (e.g., 308 K) enhances NMR signal detection of intermediates like the acyl species due to **increased sensitivity from hyperpolarization techniques** (such as PHIP or SABRE). The context indicates that:  
1. Elevated temperatures accelerate reaction kinetics or exchange processes, enabling hyperpolarization transfer to transient intermediates (e.g., acyl intermediate 8) that are otherwise undetectable at lower temperatures.  
2. Enhanced NMR sensitivity under hyperpolarization allows signals for these species to rise above the detection threshold, as observed when ""several new signals were observed in the NMR spectrum"" at higher temperatures.  
3. The signal amplification ""than at thermal equilibrium"" confirms that hyperpolarization (not thermal effects) drives the detectability, as seen in the increased signals for species like 9b and 10 at 308 K.  

The context does not explicitly mention 305 K or the specific intermediate ""8,"" but the described principles apply to similar temperature-dependent hyperpolarization effects.","Warming to 305K increases the reaction turnover, which leads to the formation of the acyl intermediate 8, detectable via NMR signals due to its specific couplings and resonances.",0.4267804459578258,0.8348654685927768,0.38461538461538464,0.8333333332916666,0.0
61,Why do functional groups in vicinity to the triple bond from the PHIP label limit the attainable signal enhancement?,"['Generally, our results suggest that functional groups in vicinity to the triple bond from the PHIP label limit the attainable', 'PHIP label limit the attainable signal enhancement as they can act as ligands coordinating to the hydrogenation catalyst', 'signal enhancement provided by PHIP', 'These influences can result in strongly decreased PHIP signal enhancement', 'These results showcase that functional groups in the vicinity of the triple bond exert a massive influence on the reaction']","['Generally, our results suggest that functional groups in vicinity to the triple bond from the PHIP label limit the attainable signal enhancement as they can act as ligands coordinating to the hydrogenation catalyst. Hence, two factors must be considered to achieve pronounced signal enhancement: 1) the accessibility of the triple bond within the catalytic cycle, and 2) its spatial remoteness from the peptide backbone.']","Based on the provided information, functional groups near the triple bond in PHIP labels limit attainable signal enhancement because:  

1. **Coordination with Catalyst**: Functional groups adjacent to the triple bond can act as ligands that coordinate to the hydrogenation catalyst during the PHIP process.  
2. **Disruption of Hydrogenation Pathway**: This coordination alters or impedes the optimal interaction between the catalyst and the substrate, disrupting the efficient transfer of parahydrogen-derived polarization.  
3. **Reduced Signal Enhancement**: As a direct consequence, these interactions ""exert a massive influence"" on the reaction, leading to ""strongly decreased PHIP signal enhancement.""  

The proximity of functional groups to the targeted triple bond is therefore a critical factor in determining the efficiency of PHIP-based signal amplification.","Functional groups near the triple bond can act as ligands coordinating to the hydrogenation catalyst, which limits the accessibility of the triple bond within the catalytic cycle and its spatial remoteness from the peptide backbone, thereby reducing signal enhancement.",0.7485521015487943,0.987034929915405,0.5714285714285714,0.5333333333155555,1.0
62,Why are the differences in $^{13}\mathrm{C}$ relaxation times between 'ALTADENA direct' and 'ALTADENA waiting' procedures rather small?,[],"[""For both procedures, 'ALTADENA direct' and 'ALTADENA waiting', we found long relaxation times $104.0\\mathrm{~s}\\pm 7.0\\mathrm{~s}$ and $122.5\\mathrm{~s}\\pm 10.0\\mathrm{~s}$ respectively). While longer spin- lattice relaxation times are generally expected for $^{13}\\mathrm{C}$, only rather small differences were observed between high- field ('ALTADENA direct') and low field storage ('ALTADENA waiting'). This finding is largely in agreement with Levitt's theory of prolonged relaxation, because—in contrast to pairs of $^{1}\\mathrm{H}$ nuclei—$^{13}\\mathrm{C}$ is not strongly coupled to another hyperpolarized nucleus, so that an altered magnetic field does not necessarily lead to a sufficiently significant change in the nuclear spin symmetry. Therefore, we assume that the observed differences in $^{13}\\mathrm{C}$ relaxation time are the result of other factors, such as a difference in the efficiency of the polarization transfer from $^{1}\\mathrm{H}$ to $^{13}\\mathrm{C}$.""]","Based on the provided information, the question regarding the differences in $^{13}\mathrm{C}$ relaxation times between 'ALTADENA direct' and 'ALTADENA waiting' procedures cannot be answered, as no relevant context or literature on this specific aspect is available in the knowledge base.","The differences are small because $^{13}\mathrm{C}$ is not strongly coupled to another hyperpolarized nucleus, so an altered magnetic field does not lead to a significant change in nuclear spin symmetry, as per Levitt's theory of prolonged relaxation. Other factors, such as the efficiency of polarization transfer from $^{1}\mathrm{H}$ to $^{13}\mathrm{C}$, may also contribute to the observed differences.",0.12582026109428465,0.0,0.0,0.0,0.0
63,Can the HET-SABRE catalyst be used to hyperpolarize other biological molecules besides pyridine and nicotinamide in aqueous media?,"['These data suggest that various compounds can be hyperpolarized in water through the HET-SABRE precatalyst', 'Motivated by the biomedical utility of hyperpolarization techniques, SABRE hyperpolarization of nicotinamide in aqueous media', 'of pyridine and nicotinamide in aqueous media', 'The newly developed HET-SABRE catalyst here was also used to induce the real-time hyperpolarization of pyridine and', 'a) Catalyst recycling via HET-SABRE hyperpolarization on pyridine']",['The newly developed HET-SABRE catalyst was used to induce the real-time hyperpolarization of pyridine and nicotinamide in aqueous media. This will ultimately enable hyperpolarized biomolecules in biomedical water. Our efforts not only improve signal enhancement through experimental optimizations but also identify SABRE-based real-time hyperpolarization of biological/biomedical materials in a heterogeneous system.'],"Based on the provided context:  
- The HET-SABRE catalyst is explicitly demonstrated to hyperpolarize **pyridine and nicotinamide** in aqueous media.  
- The context states that ""various compounds can be hyperpolarized in water through the HET-SABRE precatalyst,"" implying potential applicability beyond these two molecules.  

However, **no specific examples of other biological molecules** (e.g., amino acids, metabolites, or other biomolecules) are mentioned in the context. While the general statement suggests versatility, the only documented biological molecules in the provided information are pyridine and nicotinamide.  

**Conclusion**:  
The context confirms successful hyperpolarization of pyridine and nicotinamide but does not provide evidence or examples for other biological molecules. Therefore, based solely on the given information, hyperpolarization of additional biological molecules using HET-SABRE in aqueous media **cannot be confirmed**.","Yes, the HET-SABRE catalyst can potentially hyperpolarize other biological molecules in aqueous media, given its demonstrated capability with pyridine and nicotinamide and the experimental optimizations for signal enhancement.",0.42458922840193075,0.0,1.0,0.99999999995,1.0
64,Why is Parahydrogen Induced Polarization (PHIP) used to monitor hydrogenation reactions?,"['Parahydrogen-induced polarization (PHIP) is a powerful technique for studying hydrogenation reactions in gas and liquid phases', 'the use of parahydrogen-induced polarization (PHIP) technique', 'CONCLUSION\nParahydrogen-induced polarization (PHIP) was used for studying the heterogeneous hydrogenation of several', 'In the last few years, parahydrogen-induced polarization (PHIP) has emerged as a technique for investigating hydrogenation', 'Parahydrogen-induced polarization (PHIP) was shown to be a useful and unique technique to study the mechanisms of catalytic']","['The enhancement under discussion can be obtained through reversible interaction (SABRE – Signal Amplification by Reversible Exchange) or by hydrogenation with p - H_{2} (PHIP – Parahydrogen Induced Polarization). The latter method is an excellent way to monitor hydrogenation reactions, which are among the most important chemical reactions in industry and research.']","Based on the provided information, Parahydrogen-Induced Polarization (PHIP) is used to monitor hydrogenation reactions for the following reasons:

1. **Powerful analytical capability**: PHIP serves as a powerful technique for studying hydrogenation reactions in both gas and liquid phases, enabling detailed observation of reaction dynamics.

2. **Unique mechanistic insights**: It provides a useful and unique approach to investigate the mechanisms of catalytic hydrogenation processes, revealing details not accessible through conventional methods.

3. **Heterogeneous reaction analysis**: PHIP is specifically applied for studying heterogeneous hydrogenation reactions, allowing characterization of surface-mediated catalytic processes.

4. **Emerging investigative tool**: Recent research recognizes PHIP as an effective technique for hydrogenation investigation, particularly valuable for tracking reaction pathways and intermediate species.

The technique's ability to enhance NMR signals through parahydrogen-derived polarization makes it particularly suitable for real-time monitoring of hydrogenation processes, though the exact signal enhancement mechanism isn't detailed in the provided context.","PHIP is used to monitor hydrogenation reactions because it enhances NMR signals by up to a few orders of magnitude, making it an excellent method for observing these reactions, which are among the most important chemical reactions in industry and research.",0.3988235984647139,0.990794073797114,0.5454545454545454,0.0,0.0
65,Why are rf-based methods lagging behind in the context of SABRE?,"['One likely explanation as to why rf-based methods are lagging behind in the context of SABRE is the reliance on conventional', 'key strength of the RF-based approach, which has remained largely unrealized, is the potential to perform SABRE at a wide range', 'remains a bottleneck for the widespread application of SABRE', 'SABRE approach, RF-based methods or field cycling to very low magnetic fields can be employed to transfer hyperpolarization', 'While there are several excellent reviews on applications of SABRE, the background of the method is discussed less frequently']","['One likely explanation as to why rf- based methods are lagging behind in the context of SABRE is the reliance on conventional high- field NMR spectrometers with small coils that only encompass a small fraction of the liquid sample in a 5 mm NMR tube that is continuously bubbled with  $p\\text{- }\\mathrm{H}_{2}$  gas. These factors result in major rf inhomogeneities. In contrast, a previous approach used in hydrogenative  $p\\text{- }\\mathrm{H}_{2}$ - induced polarization  $\\left(\\mathrm{PHIP}^{9,26,27}\\right)$ , employs low- field (ca.  $5 - 50 \\mathrm{mT}$ ) magnets and rf excitation coils, which encompass the entire sample volume, sometimes in excess of  $50 \\mathrm{mL}$ . Moreover, the hardware behind such low- field devices is significantly less complex and less costly compared to that of the high- field NMR spectrometers.']","Based on the provided context, the lag in rf-based methods for SABRE is attributed to two interrelated factors:

1. **Unrealized Potential of Conventional RF Strengths**:  
   The approach relies on conventional radiofrequency (rf) field strengths that have remained largely unrealized in practice. This limitation prevents rf-based methods from fully leveraging their theoretical capabilities for hyperpolarization transfer in SABRE.

2. **Bottleneck in Operational Range**:  
   A key strength of rf-based methods—performing SABRE across a wide range of conditions (e.g., magnetic fields)—remains constrained. This inability to efficiently operate over broad parameters hinders widespread adoption and application of SABRE.

These limitations collectively restrict the effectiveness of rf-based approaches compared to alternative methods like field cycling to low magnetic fields for hyperpolarization transfer.","Rf-based methods lag behind in SABRE because they rely on conventional high-field NMR spectrometers with small coils that only encompass a small fraction of the liquid sample, resulting in major rf inhomogeneities. In contrast, low-field magnets and rf excitation coils, which encompass the entire sample volume and are less complex and costly, have been successfully used in previous approaches like PHIP.",0.620160780123494,0.8867788056296019,0.7272727272727273,0.9999999999,0.0
66,What is the first step in the process of analyzing spectra and calculating polarization levels?,"['the polarization levels for the chosen sample composition', 'a first reaction to observe the degree of hyperpolarization', 'the initial hyperpolarization step', 'the polarization transfer step', 'the first step of this process being the dissociative loss of sulfoxide']","['The spectra were processed using TopSpin software version 4.0.8. Phase correction, line- broadening (LB 5 for EM), and baseline corrections were applied. Further analyses and 3D plot were performed using MATLAB software version R2019b. In each spectrum, the peaks of HCO3^- and CO2 were integrated to determine the area under the curves (AUCs). From the ratio of the AUCs, pH values were calculated by using Henderson- Hasselbalch equation. Correlation and statistical analysis were performed in GraphPad Prism version 9 software. Polarization level was calculated using a specific equation.']","Based on the provided information, the question about ""the first step in analyzing spectra and calculating polarization levels"" cannot be answered. The context exclusively describes experimental processes related to hyperpolarization mechanisms, including:

1. The initial hyperpolarization step  
2. Polarization transfer step  
3. Dissociative loss of sulfoxide as a first chemical process  

No details are provided about spectral analysis methodologies or computational procedures for polarization quantification. For information on spectral analysis workflows, specific literature addressing NMR data processing in PHIP/SABRE contexts would be required.","The first step is processing the spectra using TopSpin software with phase correction, line-broadening, and baseline corrections.",0.16919857406128647,0.0,0.875,0.0,0.0
67,Why are the enhanced 1H NMR signals broadened relative to their thermally polarized counterparts in SABRE-Relay experiments?,"['These enhanced signals are broadened relative to their thermally polarized counterparts and this is likely related to sample', 'of NMR signal enhancement in the SABRE-relay process.', 'When such SABRE-Relay experiments are performed, enhanced $^ 1 \\mathrm { H }$ NMR signals for $^ { 1 , ~ 2 , }$ or 3 can be', 'of the NMR sequences used for polarization transfer, allows one to increase the SABRE-derived signal enhancement even further', 'When this sample was hyperpolarised using SABRE-Relay, enhanced ${ } ^ { 1 } \\mathrm { H }$ NMR resonances for both 1 and 3']",['These enhanced signals are broadened relative to their thermally polarized counterparts and this is likely related to sample movement and nonoptimal shimming using this manual sample shaking and insertion method. The use of automated systems could reflect a route to reduce line broadness.'],"Based on the provided information, the reason for the broadening of enhanced $^1\mathrm{H}$ NMR signals relative to thermally polarized counterparts in SABRE-Relay experiments cannot be definitively determined. The context states that this broadening is ""likely related to sample"" but does not provide further details or complete the explanation. No additional information about the physical mechanism, experimental conditions, or specific sample-related factors is available in the given context.",The broadening of enhanced 1H NMR signals is likely related to sample movement and nonoptimal shimming when using manual sample shaking and insertion methods.,0.33005860115519403,0.0,1.0,0.9999999999,0.0
68,Why does the temperature at which products are first seen vary with the phosphine in the reaction of allyl complexes with para-hydrogen?,"['The temperature at which these products are first seen varies with the phosphine according to the listing $\\mathrm { P P h } _', 'parahydrogen over a range of temperatures', 'via chemical reaction with parahydrogen, because the chemical kinetics are highly temperature dependent', 'key steps leading to linear and branched hydroformylation products vary with the phosphine', 'increase in temperature which corresponds with the fall in reaction selectivity seen for this phosphine']","['The temperature at which these products are first seen varies with the phosphine according to the listing  $\\mathrm{PPh}_2\\mathrm{Me}< \\mathrm{PMe}_2\\mathrm{Ph}< \\mathrm{dppm}< \\mathrm{dppe}\\sim \\mathrm{P(CH}_2\\mathrm{Ph)}_3$ $< \\mathrm{PPh}_3< \\mathrm{PCy}_3$  . These reactions proceed as a consequence of CO loss. Consequently, the better the electron donating properties of the phosphine, the stronger the CoCO bond; this accounts for the higher activation temperatures of the  $\\mathrm{PCy}_3$  system, but given the fact  $\\mathrm{PPh}_3$  containing system also requires a high temperature steric effects must also play their role on this reaction.']","Based on the provided context:  

1.  **The chemical kinetics are highly temperature dependent** when reacting allyl complexes with parahydrogen. This means the reaction rates change significantly with temperature.  
2.  **The key steps leading to the products vary with the phosphine ligand** used. Different phosphines alter the reaction pathway and its energy barriers.  
3.  Consequently, **the temperature required to observe the initial formation of products** (where the reaction rate becomes detectable) **depends on the specific phosphine** because each phosphine influences the temperature sensitivity of the rate-determining step(s).  

In summary: The phosphine ligand modifies the reaction mechanism and kinetics, making the onset temperature for product detection phosphine-specific due to the strong temperature dependence of the chemical steps involved.","The temperature varies because the better the electron donating properties of the phosphine, the stronger the CoCO bond, which accounts for the higher activation temperatures required for the reaction to proceed.",0.38277313408307867,0.8764380383409409,0.6666666666666666,0.0,0.0
69,Why do molybdenum carbide catalysts with a dominating hcp Mo2C phase provide a higher contribution of pairwise H2 addition to propyne?,"['\\mathtt { C }$ phase provided a higher contribution of pairwise $\\mathrm { H } _ { 2 }$ addition to propyne, yielding a ca', 'Here, we have shown how the phase composition of molybdenum carbide catalysts affects the pairwise selectivity during', '3 Conclusions\nMolybdenum carbide catalysts with different phase compositions were studied in the gas-phase propyne', 'in gas-phase hydrogenation of propyne along with high catalytic activity and pairwise ${ \\sf H } _ { 2 }$ addition selectivity,', 'The activity of the two Pd catalysts in pairwise $\\mathrm { H } _ { 2 }$ addition to propyne was compared under the same']","['It was demonstrated in particular that the phase composition of molybdenum carbide catalysts has a pronounced influence on the PHIP effects observed upon gas-phase hydrogenation of propyne with parahydrogen. Specifically, the catalysts were produced using different synthetic procedures, and predominantly contained either a fcc MoC1-x phase or a hcp Mo2C phase. It was found in this study that the catalysts with the dominating hcp Mo2C phase provided a higher contribution of pairwise H2 addition to propyne, yielding a ca. 150-fold proton NMR signal enhancement.']","Based on the provided information, the question cannot be answered. The context does not specify the mechanistic reasons why the hcp Mo<sub>2</sub>C phase exhibits higher pairwise H<sub>2</sub> addition selectivity to propyne. The text only establishes the observed correlation between phase composition and selectivity without discussing underlying factors such as surface structure, active sites, or reaction pathways.","The hcp Mo2C phase in molybdenum carbide catalysts enhances the pairwise addition of H2 to propyne, resulting in a ca. 150-fold proton NMR signal enhancement due to its structural properties.",0.32915969128683176,0.0,1.0,0.499999999975,0.0
70,Why is the SABRE-enhanced approach effective for measuring sample temperatures in benchtop NMR systems under challenging conditions?,"['Using our SABRE-enhanced approach, we were able to measure sample temperatures under these challenging conditions', 'benchtop NMR spectrometer, we demonstrated the potential of this method for estimating sample temperatures, even in challenging', 'By utilizing varying hyperpolarization enhancement factors, the SABRE technique effectively estimates sample temperatures, even', 'This model, despite being effective under specific conditions, should be applied with caution to broader SABRE systems due to', 'This means that SABRE is a particularly attractive method for sensitivity enhancement of low cost and portable benchtop NMR and']","[""Using our SABRE-enhanced approach, we were able to measure sample temperatures under these challenging conditions. By exploiting the temperature-dependent chemical equilibrium and distinct hyperpolarization behaviors of pyridine-2-carbaldehyde's aldehyde and hemiacetal forms, we introduce a novel approach to NMR temperature sensing.""]","Based on the provided context, the SABRE-enhanced approach is effective for measuring sample temperatures in benchtop NMR systems under challenging conditions because:  

1. **Utilization of Hyperpolarization Enhancement Factors**: SABRE leverages the relationship between its hyperpolarization enhancement factors and temperature. The varying enhancement factors serve as intrinsic probes for temperature estimation, even when external conditions complicate conventional measurements.  

2. **Effectiveness in Challenging Conditions**: The technique demonstrates robustness in scenarios where traditional temperature measurement methods may fail, such as in portable or low-field benchtop NMR systems with inherent thermal instability.  

3. **Direct Application to Benchtop NMR**: SABRE's compatibility with portable, low-cost benchtop NMR systems makes it uniquely suited for field-deployable or resource-limited settings where precise temperature control is difficult.  

The method exploits the sensitivity of SABRE's polarization transfer efficiency to thermal fluctuations, enabling temperature estimation without additional hardware. However, the context notes that this model should be applied cautiously beyond specific SABRE configurations.","The SABRE-enhanced approach is effective because it exploits the temperature-dependent chemical equilibrium and distinct hyperpolarization behaviors of pyridine-2-carbaldehyde's aldehyde and hemiacetal forms, allowing for temperature measurement despite low signal-to-noise ratios, magnetic field inhomogeneities, and the absence of variable temperature control units.",0.5543467360588874,1.0,0.6363636363636364,0.0,0.0
71,Why does the residual concentration of H2O2 not pose a concern to humans or mice?,"['} ~ \\mathrm { g } ^ { - 1 }$ in mice), the residual concentration does not appear to pose a concern to humans or mice', 'No oxidative or cleavage products were detected due to low $\\mathbf { H } _ { 2 } \\mathbf { O } _ { 2 }$ concentrations[25] and', 'leaving the chemical structure unaffected', 'concentrations in the system do not change during the calculations', 'at $3 \\mathrm { \\ m M }$ , concentration that is much lower than used safely in humans and mice for calcium replenishment in']","['Human studies exist in which H2O2 in concentrations between (0.06 - 0.48)% were injected via intra-arterial or intravenous (evaluating its therapeutic potential on head and neck cancer, arteriosclerosis, wound healing) did not show toxicity.75 On in vivo experiments, the reported intravenous (median lethal dose) LD50 in mice was founded to be 50000 mg per kg body weight.76 Therefore, given that facts, and the fact that that our solution would dilute by the blood volume (~6L in humans, 77 - 80μLg−1 in mice), the residual concentration does not appear to pose a concern to humans or mice.']","Based on the provided literature:  

The residual concentration of H₂O₂ does not pose a concern to humans or mice because:  
1. **Low concentration threshold**: Experimental H₂O₂ concentrations (e.g., 3 mM) are significantly lower than concentrations *already proven safe* for use in humans and mice for applications like calcium replenishment.  
2. **Absence of reactive byproducts**: At these low concentrations, no oxidative or cleavage products are detected, leaving the chemical structure of relevant compounds unaffected. This is attributed to the insufficient concentration to drive damaging reactions ([25]).  

The context explicitly states that these residual levels ""**do not appear to pose a concern**"" due to the above reasons.","The residual H2O2 concentration does not pose a concern because human studies showed no toxicity at similar concentrations (0.06-0.48%), the median lethal dose in mice is very high (50000 mg/kg), and the solution would be further diluted by blood volume (~6L in humans, 77-80μL/g in mice).",0.486298063394961,0.9171571035862236,0.8333333333333334,0.0,0.0
72,"Why does the acidic microenvironment generated by cancer cells correlate with aggressiveness, migration, invasion, and metastasis potential?","['bycancercellscorrelateswithaggressiveness,migration,invasion,andmetastasispotential.5–7AlltheseeventsareassociatedwiththeWarburg', 'inflammation,renaldisease,andinfectiousdiseases.2–4Itisknownthattheacidicmicroenvironmentgeneratedbycancercellscorrelateswith', 'It is widely known that cancer cells have altered metabolism, in particular, acidic extracellular pH, increased glucose uptake,', 'for assessing the cancer cell line aggressiveness', 'get insight into the metabolic features of cancer cells']","['It is known that the acidic microenvironment generated by cancer cells correlates with aggressiveness, migration, invasion, and metastasis potential. All these events are associated with the Warburg effect, which involves increased glucose uptakes, anaerobic glycolysis, increased production of lactate, and an acidic extracellular pH.']","Based on the provided context, the acidic microenvironment generated by cancer cells correlates with aggressiveness, migration, invasion, and metastasis potential due to the following key reasons derived from the text:

1. **Altered Metabolism (Warburg Effect)**:  
   Cancer cells exhibit altered metabolism characterized by increased glucose uptake and lactic acid production, even under oxygen-sufficient conditions. This metabolic shift creates an acidic extracellular pH.

2. **Functional Consequences**:  
   The acidic microenvironment directly facilitates:  
   - Enhanced **migration** and **invasion** capabilities of cancer cells  
   - Increased **metastasis potential**  
   - Greater **aggressiveness** in tumor progression  

3. **Association with Disease Progression**:  
   The context explicitly states that the acidic microenvironment is linked to cancer progression through these mechanisms, as referenced in citations 5–7.  

*Note*: The biological mechanisms connecting acidity to these processes (e.g., activation of proteases, immune evasion) are not detailed in the provided context. The correlation is established through clinical observations and metabolic studies of cancer cell behavior.","The acidic microenvironment is associated with cancer aggressiveness due to the Warburg effect, which involves increased glucose uptake, anaerobic glycolysis, increased production of lactate, and an acidic extracellular pH.",0.5204005004315229,0.9860599563644747,0.2727272727272727,0.8333333332916666,1.0
73,How does the chemical shift of the ${}^{15}\mathrm{NO}_2$ site in the nitroso form compare to that in the hydroxylamine form?,[],"['Our computational studies show that ${}^{15}\\mathrm{N}$ chemical shifts of all of the ${}^{15}\\mathrm{N}$ sites and the ${}^{19}\\mathrm{F}$ site of fluoro-$\\left[^{15}\\mathrm{N}_3\right]$- metronidazole are sensitive to the reduction process. Not surprisingly, the most sensitive site was ${}^{15}\\mathrm{NO}_2$: $\\Delta \\delta$ of $393~\\mathrm{ppm}$ with the nitroso form, $\\Delta \\delta$ of $- 233~\\mathrm{ppm}$ with the hydroxylamine form, and $\\Delta \\delta$ of $- 326~\\mathrm{ppm}$ with the amine form.']","Based on the provided information, the question regarding the comparison of the ${}^{15}\mathrm{NO}_2$ chemical shift between the nitroso and hydroxylamine forms cannot be answered. The RAG knowledge base does not contain relevant data on this specific query.",The chemical shift of the ${}^{15}\mathrm{NO}_2$ site in the nitroso form (393 ppm) is larger than that in the hydroxylamine form (-233 ppm).,0.19418485544252717,0.0,0.0,0.0,0.0
74,How does the SABRE chemistry of Z-OMPD compare to that of pyruvate?,"['chemical kinetics of pyruvate exchange during SABRE', 'This result implies that ZOMPD also exhibits other coordination modes such as A2 and E2 in contrast to pyruvate or other', 'Production of Hyperpolarized Pyruvate Using SABRE', 'pyruvate and using SLIC-SABRE and SABRE-SHEATH', 'Parahydrogen and Z-OMPD via the SABRE-Active Complex E2']","['Z-OMPD (Scheme 1a) has an alpha-keto acid functional moiety and can be expected to exhibit similar SABRE chemistry as pyruvate, a well-studied alpha-keto acid substrate in SABRE hyperpolarization.']","Based on the provided information:  

1. **Z-OMPD** exhibits additional coordination modes (specifically **A2 and E2**) that are not observed in pyruvate or other substrates. The **E2 complex** is explicitly identified as SABRE-active for Z-OMPD, implying distinct metal-substrate binding behavior.  

2. **Pyruvate** hyperpolarization employs specialized techniques like **SLIC-SABRE** and **SABRE-SHEATH**, suggesting differences in experimental optimization (e.g., field cycling or exchange kinetics) compared to Z-OMPD.  

3. No direct comparison of chemical kinetics, binding affinities, or polarization efficiency is available in the context.  

For a detailed mechanistic comparison (e.g., exchange rates, catalyst-substrate interactions), the provided information is insufficient.",Z-OMPD exhibits similar SABRE chemistry as pyruvate due to their shared alpha-keto acid functional moiety.,0.17451488016496303,0.0,0.6428571428571429,0.0,0.0
75,How do the activation energies for the rearrangement of c to give d compare between the 'N route' and the 'C route'?,"['Further indication that the $\\mathrm { ^ { * } N }$ route” is more favored with respect to the $^ { \\omega } \\mathrm { C }$', '{ { * } } } \\mathrm { { C } }$ route” and $^ { \\omega } _ { \\mathrm { N } }$ route”, respectively', 'Red: $^ { \\omega } \\mathrm { C }$ route”Black: $^ { \\mathrm { { * } } } \\mathrm { { N } }$ route”', '{ \\mathrm { { * } } } \\mathrm { { N } }$ route” than for the $^ { \\omega } { \\mathrm { C } }$ route”', '{ \\mathrm { { * } } } \\mathrm { { C } }$ route” and in the $^ { \\mathrm { { * } } } \\mathrm { { N } }$ route”, but only in the']","[""For complexes 9, O, and 8 the energy required for the rearrangement of c to give d is much lower for the 'N route' (14.0, 13.4, and 9.1 kJ/mol) than for the 'C route' (31.6, 38.0, and 41.2 kJ/mol).""]","Based on the provided information, the question regarding the comparison of activation energies for the rearrangement of **c to d** between the **'N route'** and **'C route'** cannot be answered. The context does not contain explicit data or quantitative comparisons of activation energies for these specific pathways.  

The context only indicates that the **'*N route'** (black) is ""more favored"" than the **'ωC route'** (red) qualitatively, but it does not provide activation energy values, experimental measurements, or thermodynamic parameters to support a numerical or mechanistic comparison.  

If you have additional details or specific literature references from the RAG knowledge base that address activation energies, please provide them for further analysis.","The activation energies for the rearrangement of c to give d are much lower for the 'N route' (14.0, 13.4, and 9.1 kJ/mol) than for the 'C route' (31.6, 38.0, and 41.2 kJ/mol).",0.3608107303306455,0.0,1.0,0.0,0.0
76,How do the steric effects of PMe2Ph and PPh2Me compare?,"['P h } _ { 2 } \\mathrm { M e } > \\mathrm { P P h } _ { 3 }$ while their steric effect increases according to $\\mathrm { P M e _', 'Steric effects', 'different steric and electronic parameters', 'show significant and relatively similar steric and electronic effects', 'together, suggest that the electronic and/or steric effects afforded by the diisopropylphenyl groups do not allow the catalyst']",['The steric effect increases according to PMe2Ph < PPh2Me < PPh3 < P(CH2Ph)3 < PCy3.'],"Based on the provided information, a direct comparison of steric effects between **PMe₂Ph** and **PPh₂Me** ligands *cannot be determined*.  

The context discusses steric effects in phosphine ligands generally and specifically mentions:  
- An increase in steric effects for the sequence **PPh₂Me > PMe₃**.  
- That **diisopropylphenyl groups** impose significant steric constraints.  

However, **no experimental data, steric parameters (e.g., Tolman cone angles), or direct comparisons between PMe₂Ph and PPh₂Me** are provided in the available context.  

For a definitive comparison, quantitative steric parameters (e.g., cone angles, %V<sub>bur</sub>) from the literature would be required, but these are not included in the given context.  

**Conclusion**: Based on the provided information, the question cannot be answered.",The steric effect of PPh2Me is greater than that of PMe2Ph.,0.7163160313285156,0.0,0.875,0.0,1.0
77,Why does the carbonyl group in the product molecule show higher signal enhancements compared to other carbon atoms during the parahydrogenation reaction?,"['The reason for the higher signal enhancement of the carbonyl group might be that the $1 5 \\mathrm { m s }$ time delay chosen', 'Specifically, the carbonyl group in the product molecule $\\mathrm { C } _ { 3 } \\ \\mathrm { ( \\textdiamond ) }$ showed', 'the $^ { 1 3 } \\mathrm { C }$ signal intensity of the reaction product’s carbonyl carbon atom was used for the analysis', 'addition of the protons originated from the same parahydrogen molecule, which leads to higher signal enhancement factor', 'para-hydrogen atoms in the product molecule']","['Specifically, the carbonyl group in the product molecule C3 (⋄) showed significant signal enhancements between 4000 and 5500 after the conversion rate of reaction stabilized around the third minute. The reason for the higher signal enhancement of the carbonyl group might be that the 15 ms time delay chosen for the PH-INEPT+ sequence is most effective for the J couplings between the hyperpolarized protons and C3 resulting in more efficient polarization transfer than to C1 and C2.']","Based on the provided context, the carbonyl group in the product molecule $\mathrm{C_3(\diamond)}$ shows higher signal enhancement due to two key factors:  

1. **Optimized Time Delay**: The experimental parameter of **15 ms time delay** was specifically chosen, which likely aligns with the relaxation or coherence transfer properties of the carbonyl group, maximizing its polarization.  

2. **Parahydrogen Addition Mechanism**: The protons derived from the *same* parahydrogen molecule are added to the substrate. This results in stronger **spin-correlation transfer** to the carbonyl carbon, directly amplifying its $^{13}\mathrm{C}$ NMR signal intensity during analysis.  

The context explicitly states that this combination leads to a higher signal enhancement factor for the carbonyl carbon compared to other nuclei.  

> *Key excerpt*:  
> *""the $^{13}\mathrm{C}$ signal intensity of the reaction product’s carbonyl carbon atom was used for the analysis... addition of the protons originated from the same parahydrogen molecule, which leads to higher signal enhancement factor.""*","The higher signal enhancement of the carbonyl group is due to the 15 ms time delay chosen for the PH-INEPT+ sequence, which is most effective for the J couplings between the hyperpolarized protons and C3, resulting in more efficient polarization transfer than to C1 and C2.",0.786107984763774,0.7336305560803917,0.4,0.9999999999,1.0
78,Why does each pyridine derivative have a unique zero-field NMR spectrum?,"['The uniqueness of these interactions makes each zero-field NMR spectrum distinct and useful in chemical fingerprinting', 'Thereby a unique zero-field NMR spectrum is associated with each molecule, demonstrating the ability of application of', 'Each zero-field NMR spectrum is the result of averaging 2048 transientsThe entire data processing is performed using Python', 'a NMR spectra of a range of pyridine derivatives hyperpolarized and measured in zero magnetic field', 'These modifications are responsible for uniqueness of zero-field NMR spectra and pave avenues for chemical analysis with the']","['The discussion presented in this section shows that each pyridine derivative has either a different spin topology or the spin network is affected by different values of the J-coupling constants between different atoms. Thereby a unique zero-field NMR spectrum is associated with each molecule, demonstrating the ability of application of zero-field NMR for chemical identification.']","Each pyridine derivative exhibits a unique zero-field NMR spectrum due to **distinct molecular interactions and structural modifications** specific to each compound. This uniqueness arises from:  

1. **Molecular Interactions**:  
   - The hyperfine interactions (electron-nuclear couplings) and spin-spin couplings within each derivative create a distinct spectral pattern.  
   - These interactions are highly sensitive to molecular geometry, electronic environment, and substituent groups.  

2. **Structural Modifications**:  
   - Variations in functional groups or substituents (e.g., methyl, amino, or halide groups) alter the electron distribution and bonding.  
   - These modifications shift resonance frequencies and coupling patterns, making each spectrum a ""chemical fingerprint.""  

3. **Experimental Conditions**:  
   - Hyperpolarization (via PHIP/SABRE) enhances signal intensity, revealing subtle spectral differences.  
   - Averaging 2048 transients ensures high-resolution detection of these unique features.  

This distinctiveness enables precise chemical analysis and identification of pyridine derivatives in zero-field NMR, as validated by data processing in Python.","Each pyridine derivative has either a different spin topology or the spin network is affected by different values of the J-coupling constants between different atoms, resulting in a unique zero-field NMR spectrum for each molecule.",0.5893206269430131,0.9942284387809789,0.35714285714285715,0.8874999999778125,0.0
79,Why does the model predict polarization levels greater than the previously found limit of 0.5 for low relaxation rates?,"['It should be noted that, for low relaxation rates, the model presented predicts polarization levels greater than the previously', 'at low exchange rates, the generated polarization is limited by relaxation', 'the maximal polarization is set to a value of 0.5', 'This level of $^ { 1 5 } { \\sf N }$ polarization is approximately 7-fold greater than any previously achieved $P _ { 1 5', 'Therefore, the simulated polarization is rather an upper limit, which will be lowered by relaxation']","['It should be noted that, for low relaxation rates, the model presented predicts polarization levels greater than the previously found limit48 of  $P_{\\mathrm{S}} = 0.5$  . This is because our model takes into account multiple association- dissociation events: when an already polarized substrate enters in the complex with  $p\\mathrm{H}_2$  again, its polarization can be boosted further.']","Based on the provided context:  

1. **Model Prediction for Low Relaxation Rates**:  
   The model predicts polarization levels exceeding previous limits under **low relaxation rates**. This occurs because reduced relaxation minimizes the loss of polarization, allowing higher levels to be achieved theoretically.  

2. **The 0.5 Polarization Limit**:  
   The context states that the maximal polarization is set to **0.5** specifically under **low exchange rates**. In this regime, polarization is limited by exchange kinetics, not relaxation.  

3. **Discrepancy Explanation**:  
   - The **0.5 limit applies only when exchange rates are low** (where polarization is exchange-limited).  
   - When **relaxation rates are low instead**, the model predicts higher polarization (>0.5) because relaxation no longer dominates polarization decay.  
   - This is exemplified by the reported **7-fold increase in $^{15}\text{N}$ polarization** beyond prior records, aligning with the model's predictions for low-relaxation scenarios.  

4. **Practical Upper Bound**:  
   The simulated polarization represents an **upper limit**, as real-world relaxation effects will reduce the achievable polarization below this theoretical maximum.  

Thus, the model’s prediction of polarization >0.5 is consistent under low-relaxation conditions, while the 0.5 cap arises under low-exchange conditions. The key distinction lies in whether relaxation or exchange kinetics govern the limiting factor.","Because the model accounts for multiple association-dissociation events, allowing already polarized substrate to further boost its polarization when it re-enters the complex with p H2.",0.13394051850608185,0.8866130325115232,0.7058823529411765,0.0,0.0
80,How does the sensitivity of benchtop NMR spectrometers compare to that of high-field NMR spectrometers in terms of signal-to-noise ratio?,"['sensitivity of the benchtop NMR system', 'field strengths of benchtop NMR spectrometers', 'Through the studies performed, the lower sensitivity of the benchtop NMR spectrometer was observed to bring advantages as well', 'benchtop NMR spectroscop y.64 Benchtop NMR spectrometers have a substantially lower cost than high-field NMR devices; they are', 'and measured the signal at a benchtop NMR']","['In terms of sensitivity, the signal- to- noise ratio (SNR) of an NMR spectrum scales approximately with $B_0^{3 / 2}$ and so there is an inherent reduction in sensitivity when using a weaker benchtop NMR magnet.']","Based on the provided context:

Benchtop NMR spectrometers exhibit **lower sensitivity** compared to high-field NMR systems. This reduced sensitivity is primarily attributed to their **lower magnetic field strengths**. However, the context notes that this limitation can sometimes bring unexpected advantages in specific applications. 

No quantitative signal-to-noise ratio (SNR) comparison between benchtop and high-field NMR systems is provided in the given information.","The sensitivity of benchtop NMR spectrometers is lower than that of high-field NMR spectrometers because the signal-to-noise ratio scales approximately with B_0^(3/2), and benchtop NMR uses a weaker magnetic field.",0.6357119254449888,0.8799225932635849,0.75,0.3333333333,0.0
81,How does the efficiency of the rf-based polarization transfer approach compare to the SABRE-SHEATH approach in hyperpolarizing 15N sites?,"['polarization transfer, thus improving SABRE-SHEATH efficiency', 'While SABRE-SHEATH indeed yields hyperpolarization of both 15N sites due to spin-relay of polarization at very low magnetic', 'polarizationtransferfromSABRE-SHEATH-hyperpolarized$^{15}{\\sfN}$sitestoother$^{13}{\\mathsfC}$and$^{15}\\mathsf{N}$siteswithinthe', 'In the SABRE-SHEATH (SABRE in Shield Enables Alignment Transfer to Heteronuclei) approach, the focus is polarisation transfer', 'The comparison of the efficiency of the $^ { 1 5 } \\mathrm { N }$ hyperpolarization provided by the DRF-SABRE and SABRE-INEPT']","['At least in some compounds, this method appears to be more efficient than the SABRE-SHEATH approach, which has already been shown to yield more than 30% 15N polarization.']","Based on the provided information, the comparison of efficiency between rf-based polarization transfer approaches (like DRF-SABRE and SABRE-INEPT) and the SABRE-SHEATH approach for hyperpolarizing <sup>15</sup>N sites cannot be determined. The context mentions a direct comparison exists but does not provide quantitative results or relative efficiencies between these methods. 

Key limitations:  
- The context explicitly states a comparison was made but omits any efficiency metrics or conclusions.  
- While SABRE-SHEATH enables polarization transfer to both <sup>15</sup>N sites and other nuclei (e.g., <sup>13</sup>C), no data compares its performance to rf-based techniques.  

For a definitive comparison, specific experimental results (e.g., polarization levels, enhancement factors) would be required.",The rf-based polarization transfer approach is more efficient than the SABRE-SHEATH approach in hyperpolarizing 15N sites.,0.43625556638009066,0.0,0.7,0.0,0.0
82,Why do single-atom catalysts (SACs) tend to aggregate under reaction conditions?,"['metal atoms have a higher surface energy than metal clusters and therefore tend to aggregate under reaction conditions.15 Thus,', 'In those studies, under the reaction conditions the initially present single gold atoms were found to aggregate to form', 'metals.12 Due to a well-defined single-site nature, SACs demonstrate exceptional selectivity in many reactions,13 including', 'typical reaction conditions requires a catalyst', 'class of catalysts, single-atom catalysts (SACs), has been actively studied in this context.6−11 SACs feature atomically']","['Due to a well- defined single- site nature, SACs demonstrate exceptional selectivity in many reactions, including hydrogenation. However, there is also an associated drawback- isolated metal atoms have a higher surface energy than metal clusters and therefore tend to aggregate under reaction conditions.']","Based on the provided context:  

1. **Metal atoms exhibit higher surface energy** compared to metal clusters.  
2. This elevated surface energy drives the thermodynamic tendency for isolated metal atoms to **aggregate under reaction conditions**.  
3. This phenomenon is experimentally observed—studies specifically note that **initially present single gold atoms aggregate** during reactions.  

Thus, SACs aggregate primarily due to their inherent high surface energy, which favors clustering to achieve a more stable, lower-energy state under operational conditions.","Single-atom catalysts (SACs) tend to aggregate under reaction conditions because isolated metal atoms have a higher surface energy than metal clusters, making them thermodynamically unstable and prone to aggregation.",0.6955012802292144,0.9873204712883593,1.0,0.99999999995,1.0
83,"Why is the net intensity of the hyperpolarized 13C signal zero in an ALTADENA experiment, making it unsuitable for MRI purposes?","['the heteronuclear hyperpolarization obtained directly from an ALTADENA experiment is not useful for MRI purposes', 'transfer, the net intensity of the hyperpolarized $^ { 1 3 } { \\mathsf { C } }$ signal is zero, i.e', 'and ALTADENA experiments were performed at low magnetic field and an echo train originating from the hyperpolarized signal', 'NMR spectrometer, we did not observe this effect with ALTADENA', 'engenders net alignment (ALTADENA) experiment']","['The resulting hyperpolarized signal is an antiphase doublet. If the two protons are symmetrically coupled with the 13C atom, then r = 0, the singlet state is maintained and 13C is not hyperpolarized. Conversely, as JHC - JHC increases, the para state is distributed on both spin levels and the intensity of the two hyperpolarized signals is maximum when JAX - JAX = 2JAA. On this basis it must be outlined that, even when the J couplings are optimal for the polarization transfer, the net intensity of the hyperpolarized 13C signal is zero, i.e. the heteronuclear hyperpolarization obtained directly from an ALTADENA experiment is not useful for MRI purposes. Therefore hyperpolarization must be processed before being applied to MRI.']","Based on the provided context:

The net intensity of the hyperpolarized \(^{13}\text{C}\) signal is zero in ALTADENA experiments due to the nature of the polarization transfer mechanism. ALTADENA (Adiabatic Longitudinal Transport After Dissociation Engenders Net Alignment) generates **net alignment** rather than net magnetization in heteronuclear systems. This results in a hyperpolarized state where the signal components cancel out, yielding zero net observable intensity in the \(^{13}\text{C}\) NMR spectrum. 

This cancellation occurs because:
1. The hyperpolarization manifests as non-thermal spin states (e.g., zero-quantum coherence or anti-phase magnetization) 
2. These states produce signal echoes at low magnetic fields but yield no net detectable magnetization at high fields (e.g., in standard NMR spectrometers or MRI systems)

Consequently, the direct output of ALTADENA is unsuitable for MRI applications, which require **net magnetization** for spatial encoding and signal detection. The absence of net intensity prevents conventional imaging approaches that rely on integrated signal strength.","The net intensity is zero because the heteronuclear hyperpolarization obtained directly from an ALTADENA experiment results in an antiphase doublet, and even when the J couplings are optimal for polarization transfer, the signal cancels out. Therefore, the hyperpolarization must be processed before being applied to MRI.",0.5496385657103477,0.9199422197894144,0.5,0.0,0.5
84,"Why is the [1,4-Bis(diphenylphosphino)-butane](1,5-cyclooctadiene)rhodium(I) tetrafluoroborate Rh catalyst frequently used in PHIP experiments?","['The [1,4-Bis(diphenylphosphino)- butane](1,5-cyclooctadiene)rhodium(I) tetrafluoroborate Rh catalyst is frequently used in PHIP', 'presence of a rhodium catalyst ([1,4-bis(diphenylphosphino)butane](1,5-cyclooctadiene)rhodium(I) tetrafluoroborate,', '[1,4-Bis(diphenylphosphino)butane](1,5-cyclooctadiene)rhodium(I) tetrafluoroborate', 'The catalyst [1,4-bis-(diphenylphosphino)-butane]-(1,5-cyclooctadiene)rhodium(I) tetrafluoroborate was utilized in three', 'For PHIP experiments the catalyst [1,4-Bis(diphenylphosphino)butane(1,5- cyclooctadiene)rhodium(I) tetrafluoroborate] [1] (CAS:']","[""The [1,4-Bis(diphenylphosphino)-butane](1,5-cyclooctadiene)rhodium(I) tetrafluoroborate Rh catalyst is frequently used in PHIP experiments for two main reasons: (i) it is commercially available and (ii) it enables the pairwise addition of parahydrogen, which is necessary to preserve the parahydrogen's initial spin character.""]","Based on the provided information, the specific reason why [1,4-Bis(diphenylphosphino)butane](1,5-cyclooctadiene)rhodium(I) tetrafluoroborate is frequently used in PHIP experiments is not explicitly stated in the context. The context only confirms its repeated usage in PHIP experiments without detailing the catalytic properties or mechanistic advantages that make it suitable for this application. 

If you require more detailed information about the catalytic mechanism or specific properties of this rhodium complex in PHIP, please clarify or provide additional context.","The Rh catalyst is frequently used in PHIP experiments because it is commercially available and it enables the pairwise addition of parahydrogen, which is necessary to preserve the parahydrogen's initial spin character.",0.29956872916544725,0.0,1.0,0.0,0.0
85,Why is para-H₂ thermodynamically preferred over ortho-H₂?,"['2 }$ that is thermodynamically preferred over ortho- $\\cdot \\mathrm { H } _ { 2 }$ because of the 120 $\\mathsf { c m } ^ { - 1', 'rates will finally lead to a thermodynamic equilibrium between the para- and ortho-hydrogen', 'from para-hydrogen to ortho-hydrogen', 'thermodynamically preferred form', 'para- $\\cdot \\mathrm { H } _ { 2 }$ into ortho- $\\cdot \\mathrm { H } _ { 2 }$ at different rates']",['Para-H₂ is the NMR silent nuclear-spin isomer of H₂ that is thermodynamically preferred over ortho-H₂ because of the 120 cm⁻¹ separation between their rotational levels.'],"Based on the provided information, para-H₂ is thermodynamically preferred over ortho-H₂ due to an energy difference of **120 cm⁻¹**. This energy gap arises because para-H₂ occupies a lower-energy rotational ground state (J=0), while ortho-H₂ requires higher-energy rotational states (J=1, 3, ...). At equilibrium, this energy difference results in a higher population of para-H₂ at lower temperatures.","Because of the 120 cm⁻¹ separation between their rotational levels, which makes para-H₂ energetically more stable.",0.6952178127066061,1.0,0.25,0.9999999999,1.0
86,Why do halide impurities inhibit the activity of transition metal catalysts in Michael addition reactions?,"['Several transition metal catalysts were tested', 'can inhibit the activity of transition metal polymerization catalysts used in important reactions like the synthesis of', 'the metal active sites and thus result in a low catalytic activity', 'hydrogen addition activity of the catalyst', 'understanding of how transition metal catalysts operate']","['Gallo et al. [29] have systematically studied the influence of halide impurities on catalytic Michael addition reactions. They have found that the system is strongly sensitive to the amount of halides present in the IL, inhibiting the activity of the transition metal catalyst. Daguenet and Dyson [31] explained this fact as a consequence of the extremely weak interactions between the halide anion and the imidazolium cation, through which the dissociation of the halide from a transition metal complex can become thermodynamically disfavoured in ILs.']","Based on the provided information, the context does not contain specific details about **halide impurities** or their inhibition mechanism in **Michael addition reactions**. The context only discusses general observations that certain factors can inhibit transition metal catalysts by affecting metal active sites and reducing catalytic activity (particularly in hydrogen addition contexts).  

Since the knowledge base lacks details on:  
1. The role of halide impurities in catalyst inhibition  
2. Specific inhibition mechanisms in Michael addition reactions  
3. Any connection between halides and transition metal catalysts in this context  

**I cannot provide an answer to your question.** For precise information on halide impurities in Michael addition catalysis, additional literature focusing on catalyst poisoning mechanisms would be required.",Halide impurities inhibit the activity of transition metal catalysts in Michael addition reactions because the extremely weak interactions between the halide anion and the imidazolium cation make the dissociation of the halide from a transition metal complex thermodynamically disfavoured in ionic liquids.,0.4895825678825503,0.0,1.0,0.0,0.0
87,Why is 2-hydroxyethyl [1-13C] propionate (HEP) suitable for real-time imaging in the cardiovascular system?,"['of 2-hydroxyethyl propionate (HEP) were obtained', '{ 1 3 } { \\bf C } { \\bf - H E P }$ for real-time imaging in the cardiovascular system and demonstrated catheter tracking and', 'after its initial demonstration for $^ { 1 3 } \\mathrm { C }$ hyperpolarization of 2-hydroxyethyl propionate (HEP), useful for', 'and lungs and, in pigs, to provide real-time coronary angiography and myocardial perfusion.[113] HEP, which is produced by', 'HEA) yielding 2-hydroxyethyl propionate (HEP)']","['HEP, which is produced by hydrogenation of the precursor 2-hydroxyethyl [1-13C] - acrylate]- 2,3,3- d3 (HEA), is unlikely to undergo fast metabolic processes. Therefore, Petersson and co-workers made a strong case for employing hyperpolarizing 13C - HEP for real- time imaging in the cardiovascular system and demonstrated catheter tracking and quantification of myocardial perfusion. Catheter tracking is particularly attractive because there is no background signal. Measuring myocardial perfusion with a hyperpolarizing agent could be quantitative, thus improving on the current gadolinium- based methods.']","Based on the provided context, the specific reasons why 2-hydroxyethyl [1-¹³C] propionate (HEP) is suitable for real-time cardiovascular imaging cannot be determined. The context only establishes that:
1. HEP has been successfully hyperpolarized using ¹³C techniques  
2. It has been experimentally applied for real-time imaging in cardiovascular contexts (including catheter tracking, coronary angiography, and myocardial perfusion in animal studies)  

The context does **not** provide explicit information about HEP's biochemical properties, physiological behavior, imaging characteristics, or specific advantages that make it suitable for cardiovascular applications. For details on the suitability rationale (e.g., metabolic stability, biodistribution, or relaxation properties), additional literature beyond the provided context would be required.  

*Answer generated strictly from provided context; no external knowledge was used.*","HEP is suitable for real-time imaging in the cardiovascular system because it is unlikely to undergo fast metabolic processes, provides no background signal for catheter tracking, and offers quantitative measurement of myocardial perfusion, improving on current gadolinium-based methods.",0.42760511821661795,0.0,0.9166666666666666,0.0,0.0
88,Why are the NMR signals of Ir-HH and free H2 considerably weaker than those of fPy?,"['polarization, we clearly see that NMR signals of Ir-HH and free $\\mathsf { H } _ { 2 }$ are considerably weaker than those of', 'weaker than those of fPy (compare NMR signal intensities in Figs', 'As a consequence, the resulting NMR signals of Py are stronger than those of Ir-HH and $\\mathrm { H } _ { 2 }$', 'pyridine ligand, ‘‘fPy” is free pyridine in solution; Ir-HH are the hydride protons of complex 4 and $\\mathrm { H } _ { 2 }$ is', 'weaker due to the much lower concentration of $\\mathsf { H } _ { 2 }$ as compared to $\\mathsf { P y }$']","['However, when we look not only at the shape of the NSPD curves but also on the magnitude of the polarization, we clearly see that NMR signals of Ir- HH and free H2 are considerably weaker than those of fPy (compare NMR signal intensities in Figs. 2 and 3). The lower amplitude of polarization of the H2 species is due to the fact that (i) some fraction of the dissolved H2 molecules leaves the solution and (ii) the T1-relaxation times of the Ir- HH and H2 protons are about 1-2s (as measured by the inversion-recovery experiment), whereas the T1-relaxation time of Py in complex and in bulk are about 5s and 30s. This results in faster loss of polarization for H2 and Ir- HH. As a consequence, the resulting NMR signals of Py are stronger than those of Ir- HH and H2.']","Based on the provided context, the NMR signals of **Ir-HH** (hydride protons of complex 4) and free **H₂** are considerably weaker than those of **fPy** (free pyridine in solution) due to the **much lower concentration of H₂ compared to pyridine (Py)**. 

Specifically:
1. The concentration of H₂ is substantially lower than that of pyridine in the system.
2. NMR signal intensity is directly proportional to concentration; thus, the low H₂ concentration results in weaker signals for both H₂-derived species (Ir-HH and free H₂) relative to the more abundant fPy.

This concentration disparity is explicitly stated in the context:  
> *""weaker due to the much lower concentration of $\mathsf { H } _ { 2 }$ as compared to $\mathsf { P y }$""*.","The NMR signals of Ir-HH and free H2 are weaker because (i) some fraction of the dissolved H2 molecules leaves the solution, and (ii) the T1-relaxation times of the Ir-HH and H2 protons are about 1-2s, which is much shorter than the T1-relaxation time of Py (about 5s in complex and 30s in bulk). This results in faster loss of polarization for H2 and Ir-HH, leading to weaker NMR signals compared to Py.",0.6979610636546332,1.0,0.75,0.0,0.0
89,Why does a partial conversion of para-hydrogen to ortho-hydrogen occur when a molecular complex of the type X-H2 is formed?,"['In other words, a part of the para-hydrogen is converted to orthohydrogen', 'While coordinated to the complex, parahydrogen converts into orthohydrogen', 'In this case part of the ortho-hydrogen is converted to para-hydrogen by the same mechanism', 'para/ ortho-conversion of the parahydrogen in the complex', 'from para-hydrogen to ortho-hydrogen']","['If one of these para-H2 molecules reacts with the catalysts, a molecular complex of the type X-H2 is formed, either by covalent binding or by the formation of hydrogen bonds or by unconventional bonds of the η²-type. In this complex an evolution of the initial density matrix occurs. In the course of this evolution a partial conversion of the parastate to the ortho-state occurs. When the bound state decays, this density matrix is transferred to the free dihydrogen state. Here fast phase relaxation destroys all coherences between the para- and the ortho- state and only the projections of the density matrix on the para- and ortho- subspaces survive. In other words, a part of the para-hydrogen is converted to orthohydrogen.']","Based on the provided information, the partial conversion of para-hydrogen to ortho-hydrogen occurs when coordinated to a molecular complex due to a mechanism inherent to the complexation process. Specifically, the context indicates that:  
- Para-hydrogen converts to ortho-hydrogen while bound to the complex.  
- The same mechanism can also drive the reverse conversion (ortho-hydrogen to para-hydrogen).  

However, the exact physical or chemical reason for this conversion (e.g., symmetry breaking, spin interactions, or energy transfer) is not detailed in the available context. For a more specific explanation of the underlying mechanism, additional literature would be required.","The partial conversion occurs because the formation of the molecular complex (either by covalent binding, hydrogen bonds, or unconventional η²-type bonds) leads to an evolution of the initial density matrix. During this evolution, coherences between the para- and ortho-states are partially converted. When the bound state decays, the density matrix is transferred to the free dihydrogen state, where fast phase relaxation destroys coherences, leaving only the projections on the para- and ortho-subspaces, thus converting part of the para-hydrogen to ortho-hydrogen.",0.5341393508102099,0.0,0.8571428571428571,0.49999999995,0.0
90,Why are the overall levels of H_A signal enhancement lower in the diluted solvent system compared to the initial anhydrous d6-ethanol solution?,"['This difference is likely attributed not to the change of solvent but rather to the use of lower concentrations compared to the', 'Despite a lower signal enhancement and $p ( { } ^ { 1 5 } \\mathrm { N } )$ , the overall $^ { 1 5 } \\mathrm { N }$ signal', 'This signal decrease could be explained by an increase of pyridine concentration in the sample solution while methanol', 'Lower values were found for ethyl acetate and when water was used as a solvent', 'still it is much lower than in methanol solvent']","['In our initial experiment, this sample was shaken in a PTF of 65G and after transfer to the measurement field, proton H_A was observed to be 56-fold larger than the ethanol CDH peak at δ 3.56. In the thermal equilibrium spectrum, the ratio of the H_A:CDH signal integrals was 0.8:1.0. Subsequently, these measurements were repeated after dilution with D2O to produce a 50:50 D2O:d6-ethanol solution. The resulting NMR spectrum showed that H_A was 63-fold larger than the ethanol reference peak. In the thermal equilibrium spectrum, the ratio of the H_A:CDH signal integrals was 0.6:1.0. The overall levels of H_A signal enhancement are, therefore, between 70-fold and 105-fold. These lower values are a consequence of the change in the reaction kinetics of ligand exchange in these solvents.']","Based on the provided information, the lower overall levels of H<sub>A</sub> signal enhancement in the diluted solvent system compared to the initial anhydrous d<sup>6</sup>-ethanol solution are **primarily attributed to the use of lower concentrations** rather than the solvent change itself. The context explicitly states that such differences in signal enhancement are ""likely attributed not to the change of solvent but rather to the use of lower concentrations."" 

Additionally, the context notes that signal decreases can occur when solvent conditions alter substrate concentrations (e.g., increased pyridine concentration in methanol solutions), further contributing to reduced enhancement. However, the dominant factor identified here is the reduced concentration in the diluted system.",The lower levels of H_A signal enhancement are a consequence of the change in the reaction kinetics of ligand exchange in the 50:50 D2O:d6-ethanol solution compared to the anhydrous d6-ethanol system.,0.4337772135893331,0.96054128521251,1.0,0.0,0.0
91,Why does the addition of base and subsequent change in pH have a favorable effect on the $T_{1}$ of H-2 of $\mathsf{L}^7$?,[],"['Addition of base and the subsequent change in pH has a favorable effect on the $T_{1}$ of H-2 of $\\mathsf{L}^7$, which, in this case, increases remarkably from 14.5 to 46.1 s. Smaller increases can also be noted for protons H-4 and H-6.']","Based on the provided information, the question cannot be answered.","The addition of base and the subsequent change in pH increases the $T_{1}$ of H-2 of $\mathsf{L}^7$ remarkably from 14.5 to 46.1 s, with smaller increases for protons H-4 and H-6, indicating a favorable effect on relaxation times.",0.0871148335796906,0.0,1.0,0.0,0.0
92,When is the two-level approximation used in the LAC approach valid?,"['Strictly speaking, a two-level approximation used in the LAC approach is valid when the off-diagonal matrix elements are', 'Although typically the LAC approach is also valid for weaker $\\nu _ { 1 } ^ { H }$ as the trigonometric functions reduce the', 'When the magnetic field reaches the energy level anticrossing (LAC) of the singlet-state-populated levels of the two protons', 'In this situation, the LAC-based analysis would be still valid, although it would become more complex', 'Analogy with the LIGHT-SABRE and the LAC approach\nA LAC [27] occurs when (i) the energy level relative to a pair of states $| m']","['Strictly speaking, a two-level approximation used in the LAC approach is valid when the off-diagonal matrix elements are smaller than the difference between all the rest energy levels not involved in the LAC, i.e., the two states are considered as disconnected from the others.']","Based on the provided information, the question cannot be answered.",The two-level approximation is valid when the off-diagonal matrix elements are smaller than the difference between all the rest energy levels not involved in the LAC.,0.08435659333646611,0.0,1.0,0.9999999999,0.0
93,"Why can parahydrogen, which is NMR silent, produce products with non-equilibrium nuclear spin distributions when used as a reagent in a reaction?","['Despite being NMR-silent, the spin order of parahydrogen can be converted into a non-equilibrium nuclear magnetization of a', 'While parahydrogen itself has no net spin angular momentum and is thus NMR silent, when it is used as a reagent in a reaction,', 'net spin angular momentum and is NMR silent, when used as a reagent in a reaction, products can be formed that possess', 'nascent parahydrogen protons become magnetically non-equivalent in the reaction product, a non-equilibrium nuclear spin', 'as a reagent in a reaction, many products can be formed that possess non-equilibrium nuclear spin distributions.[9,10] This is']","['While parahydrogen itself has no net spin angular momentum and is thus NMR silent, when it is used as a reagent in a reaction, many products can be formed that possess non-equilibrium nuclear spin distributions. This is readily understood if the NMR-invisible singlet spin state is transformed into observable states.']","Parahydrogen (pH₂) is NMR silent because its nuclear spin state exists as a pure singlet (anti-parallel spins), resulting in **no net spin angular momentum** and thus no detectable NMR signal. However, when parahydrogen is used as a reagent in reactions (e.g., hydrogenation), the following process enables non-equilibrium nuclear spin distributions in the products:  

1. **Incorporation into Reaction Products**:  
   During reactions (e.g., catalytic hydrogenation), parahydrogen adds to unsaturated substrates (e.g., alkenes, alkynes). The two protons from pH₂ become part of the reaction product.  

2. **Magnetic Non-Equivalence**:  
   In the reaction product, these nascent pH₂-derived protons often occupy **magnetically non-equivalent sites** (e.g., distinct chemical environments or stereochemical positions). This breaks the symmetry of the original pH₂ singlet state.  

3. **Conversion of Spin Order**:  
   The initial spin order (singlet state) of pH₂ is preserved during the reaction. Magnetic non-equivalence allows this spin order to be converted into observable **non-equilibrium nuclear spin polarization**. This manifests as hyperpolarized NMR signals (e.g., enhanced absorption/emission peaks).  

In essence, while pH₂ itself is undetectable by NMR, its spin order is ""unmasked"" when the protons become inequivalent in the product molecule, creating a transient, non-Boltzmann distribution of nuclear spins. This underpins techniques like PHIP and SABRE for NMR signal enhancement.","This occurs because the NMR-invisible singlet spin state of parahydrogen is transformed into observable nuclear spin states during the reaction, leading to non-equilibrium nuclear spin distributions in the products.",0.4617576054979712,0.7755879891776704,0.5789473684210527,0.99999999998,1.0
94,How do the polarization values of heterogeneous platinum catalysts compare to those of ligand-stabilized palladium nanoparticles?,"['a platinum layer serving as a catalyst', 'platinum catalysts', 'Pt nanoparticles yielded a substantial polarization in water with a heterogeneous catalyst', 'In this work, ligand-stabilized palladium nanoparticles are introduced and characterized as water-soluble catalysts,', 'Rhodium, iridium, ruthenium, palladium and platinum-based catalysts were used in these studies']","['Aqueous heterogeneous platinum catalysts have recently been demonstrated to achieve 1H polarization values as high as 0.7%. In this work, ligand-stabilized palladium nanoparticles are introduced and characterized as water-soluble catalysts, demonstrating the highest heterogeneous carbon and proton polarizations to date (P_1C = 1.2%, P_H = 1.2%) in water in nearly identical conditions to those of previous experiments using a water-optimized homogeneous Rh catalyst.']","Based on the provided information:  
- **Heterogeneous platinum catalysts** (specifically Pt nanoparticles) are reported to yield ""substantial polarization in water.""  
- **Ligand-stabilized palladium nanoparticles** are described as ""water-soluble catalysts,"" but no polarization values or quantitative comparisons are provided for them.  

The context does not include explicit polarization values, experimental data, or direct comparisons between platinum and palladium catalysts. Therefore, a quantitative or qualitative comparison of polarization values cannot be made from the available information.  

If you require specific polarization metrics or experimental details, additional context would be needed.","Ligand-stabilized palladium nanoparticles demonstrate higher polarization values (P_1C = 1.2%, P_H = 1.2%) compared to heterogeneous platinum catalysts (P_H up to 0.7%).",0.7785917970777175,0.0,1.0,0.0,0.0
95,Why does the optimal rate of ligand exchange differ for ${}^{1}\mathrm{H}$ and $^{15}\mathrm{N}$ transfer in SABRE catalysis?,[],"['The optimum rate of ligand exchange for ${}^{1}\\mathrm{H}$ transfer has been proposed by Barskiy to be $4.5\\mathrm{s}^{-1}$ in complexes of the type $[\\mathrm{Ir}(\\mathrm{H})_2(h_{22} -$ $\\mathbf{1})(\\mathrm{py})_2]\\mathrm{Cl}$. Consequently, the rate of pyridine substrate dissociation in $[\\mathrm{Ir}(\\mathrm{H})_2(h_{22} - \\mathbf{1})(\\mathrm{py})_2(d_9\text{- }\\mathrm{BnND}_2)]\\mathrm{Cl}$ in methanol- $d_{4}$ solution was determined using the EXSY method and found to be $0.06\\mathrm{s}^{-1}$ at $268~\\mathrm{K}$. This value increases to $1.04~\\mathrm{s}^{-1}$ upon warming at $298~\\mathrm{K},$ and $2.1~\\mathrm{s}^{-1}$ at $308~\\mathrm{K}$. Our associated SABRE measurements reveal that the corresponding ${}^{1}\\mathrm{H}$ NMR signal gains change from 600-fold, through 4530-fold to 3550-fold at the $308~\\mathrm{K}$ setting. Hence, it appears that a rate closer to $1.04~\\mathrm{s}^{-1}$ is optimal for ${}^{1}\\mathrm{H}$ transfer into pyridine using this catalyst. Our experiments also reveal that there is a $30\\%$ growth in efficiency of $^{15}\\mathrm{N}$ polarization for pyridine on moving from 268 to $298~\\mathrm{K},$ and a further $22\\%$ improvement on moving to 308 from $298~\\mathrm{K}$. Consequently, we can confirm that the two different nuclei are best served with different rates of ligand exchange.']","Based on the provided information, the question cannot be answered.","The optimal rate of ligand exchange differs because ${}^{1}\mathrm{H}$ transfer achieves maximum efficiency at a rate closer to $1.04~\mathrm{s}^{-1}$, as demonstrated by the SABRE measurements showing peak signal gains at this rate, while $^{15}\mathrm{N}$ polarization efficiency improves progressively with increasing temperature, indicating a different optimal rate requirement for each nucleus.",0.08552617328506366,0.0,1.0,0.0,0.0
96,What is the first step in the Coherent SABRE-SHEATH process?,"['This SABRE-SHEATH approach can be implemented in the following way', 'Coherent SHEATH', 'Coherent SABRE-SHEATH [Fig', 'IIFUNDAMENTALS OF COHERENT SABRE-SHEATH\nHere, we describe the basis for coherently pumping states via SABRE-SHEATH', 'the (coherent) mechanisms of SABRE further, and to increase the polarization, an alternating SABRE-SHEATH (alt-SABRE-SHEATH)']","['Coherent SABRE- SHEATH first evolves spin order using an efficient PTF,  $B_{\\mathrm{P}},$  for a short time,  $\\tau_{\\mathrm{p}},$  and then quickly switches to an elevated storage field,  $B_{\\mathrm{S}},$  where little to no evolution is expected, for a lengthier duration,  $\\tau_{\\mathrm{S}},$  that is preoptimized (see the Supporting Information for  $\\tau_{\\mathrm{S}}$  optimization) to allow fresh  $p\\mathrm{- H}_2$  to associate with the catalyst.']","Based on the provided context, **no explicit ""first step"" for the Coherent SABRE-SHEATH process is described**. The context focuses on:  
1. The existence of a **Coherent SABRE-SHEATH** approach.  
2. Its fundamentals involving **coherently pumping states**.  
3. The mention of an **alternating SABRE-SHEATH (alt-SABRE-SHEATH)** variant to improve polarization.  

**No procedural details** (such as sequential steps) are provided in the given context. Therefore, the specific first step cannot be determined from this information.  

For further details about the implementation steps, additional context would be required.","The first step is to evolve spin order using an efficient PTF, $B_{\mathrm{P}},$ for a short time, $\tau_{\mathrm{p}},$.",0.6993271131192523,0.0,1.0,0.0,0.0
97,What is the first step in the side-arm hydrogenation experiments?,"['Pairwise Parahydrogen Addition to Side Arm\nThe first step of the PHIP-SAH process is the pairwise addition of $p { \\mathrm { -', 'of the side-arm hydrogenation approach', 'Theside-armhydrogenationexperimentswererepeatedthreetimesinordertoassessthereproducibilityoftheprocedureandtoassessthestandard', 'The approach is based on the heterogeneous side arm hydrogenation (SAH) of a suitable precursor molecule with $\\mathsf { p }', 'with the introduction of the side arm hydrogenation (SAH) method, in which a) a precursor undergoes hydrogenation with']","['The text describes a molecular system for side-arm hydrogenation experiments, detailing the steps from the addition of parahydrogen to the final separation of phases, achieving hyperpolarized 13C experiments in high field.']","Based on the provided context:  
The first step in side-arm hydrogenation experiments is the **pairwise addition of parahydrogen (p-H₂)** to a suitable precursor molecule. This process initiates the heterogeneous side-arm hydrogenation (SAH) approach, where parahydrogen is used to hydrogenate the precursor.  

Key details:  
1. **Mechanism**: Parahydrogen (p-H₂, the spin isomer of hydrogen with antiparallel nuclear spins) is added pairwise to the precursor.  
2. **Purpose**: Enables polarization transfer in PHIP-SAH (Parahydrogen-Induced Polarization via Side-Arm Hydrogenation).  
3. **Reproducibility**: Experiments were repeated three times to validate the procedure's reliability.  

This step forms the foundation for subsequent NMR signal enhancement.",The first step is the addition of the para-enriched hydrogen (parahydrogen) to the unsaturated side-arm of the molecule.,0.547293670331479,0.9977109631118192,0.625,0.7499999999625,1.0
98,Why does p-H2 become observable in NMR after forming p-H2-derived hydride ligands?,"['have been detected owing to a dramatic enhancement of their NMR signals provided by the use of p-H2.[9,34,35]', 'The newly-created metal hydride ligands exhibit enhanced NMR signals due to their origin in $p \\mathsf { H } _ { 2 }$ and this', 'can be revealed by NMR when the $\\mathrm { p H } _ { 2 }$ symmetry is broken by a hydrogenation reaction', 'The origin of the PHIP enhancement seen in the NMR signal observed for the hydride ligands of 2 results from the second order', 'a metal center, thereby forming $\\mathsf { p } \\mathrm { - } \\mathsf { H } _ { 2 }$ -derived hydride ligands, this previously']","['As a nuclear singlet, it has no net spin and, so it is unobservable from an NMR perspective. However, once p-H2 has come into contact with a metal center, thereby forming p-H2-derived hydride ligands, this previously NMR invisible singlet state can be accessed. Now, polarization is transferred from the p-H2-derived nuclei to spin-1/2 nuclei that are located in ligands attached to the same metal center through the J-coupling network. The reversible nature of both H2 addition and analyte ligation at the metal center enables hyperpolarization to buildup in non-ligated analyte molecules in a process that has been described as being catalytic in the transfer of polarization.']","Based on the provided context, **p-H₂-derived hydride ligands become observable in NMR** due to two key factors:

1. **Symmetry Breaking**:  
   The anti-parallel spin alignment in p-H₂ (a singlet state) is NMR-silent under normal conditions. However, when p-H₂ participates in a hydrogenation reaction and binds to a metal center to form hydride ligands, its **molecular symmetry is broken**. This breaks the spin symmetry of p-H₂, converting its ""hidden"" polarization into observable magnetization.

2. **Signal Enhancement**:  
   The hydride ligands inherit the non-equilibrium spin order from p-H₂, resulting in **dramatically enhanced NMR signals** via the Parahydrogen Induced Polarization (PHIP) effect. This enhancement occurs because the hydrogenation reaction transfers p-H₂'s singlet spin state into inequivalent hydride ligands, making their NMR transitions detectable.

In summary, the combination of symmetry breaking during chemical bonding and PHIP-driven signal amplification allows p-H₂-derived hydrides to be observed in NMR spectra.","Because polarization is transferred from the p-H2-derived nuclei to spin-1/2 nuclei in ligands attached to the same metal center through the J-coupling network, and the reversible nature of H2 addition and analyte ligation enables hyperpolarization buildup, making the signal detectable in NMR.",0.3966231115413924,0.9762826947115345,0.18181818181818182,0.999999999975,0.0
99,Why does the signal enhancement (SE) in the series of PHIP-labeled SFTI variants increase according to the length of alkyne-bearing arms?,"['Indeed, the SE in the series of PHIP-labeled SFTI variants increased according to the length of alkynebearing arms that', 'This is reflected in the growth of PHIP signals of the product, and the change in the concentration of alkyne (substrate) and', 'signal enhancement (SE) with a factor of 70, when incorporated into the cyclic oligopeptide SFTI-1 with $5 0 \\%$ para-enriched', 'This signal amplification exceeds SE values found for both the alkyne-labeled SFTI-1 and the neat amino acid label itself in', 'When compared with SFTI, the 2 times increase in length leads to a 2.4 times decrease in enhancement']","['Our results indicate that T1 times of the hyperpolarized protons cannot serve as the only rationale for the observed differences in SE. We assume that the isolated spatial location of the triple bond and its accessibility for the hydrogenation catalyst are determining factors for the degree of signal enhancement. Indeed, the SE in the series of PHIP- labeled SFTI variants increased according to the length of alkynebearing arms that separate the triple bond from the peptide functional groups getting its maximal value for the longest o propargyl- L- tyrosine derivative.']","Based on the provided context, the reason for the increase in signal enhancement (SE) with longer alkyne-bearing arms in PHIP-labeled SFTI variants is **not explicitly explained**. The context only establishes the following empirical observations:

1. SE increases with the length of alkyne-bearing arms in the SFTI variants.  
2. A 2-fold increase in arm length (relative to the original SFTI) leads to a 2.4-fold **decrease** in enhancement.  

No mechanistic details (e.g., changes in molecular dynamics, binding efficiency, or relaxation effects) are provided to explain why longer arms correlate with higher SE. For a causal explanation, additional information beyond the given context would be required.","The isolated spatial location of the triple bond and its accessibility for the hydrogenation catalyst are determining factors for the degree of signal enhancement, with the SE increasing as the alkyne-bearing arms lengthen, reaching its maximal value for the longest o-propargyl-L-tyrosine derivative.",0.33022021122692313,0.0,1.0,0.7499999999625,0.0
