,user_input,retrieved_contexts,reference_contexts,response,reference,answer_correctness,answer_relevancy,faithfulness,context_precision,context_recall
0,Why is the performance of immobilized Rh complexes and other Wilkinson's type catalysts relatively poor in liquid-solid and gas-solid processes?,"['The use of other immobilized Wilkinson’s type catalysts in similar studies has been reported by others as well [9, 10]PHIP effects were also observed with several cationic Rh complexes immobilized on silica gel [5, 6, 8]However, in most, if not all, cases, the performance of the catalysts was relatively poor because of metal leaching in liquid–solid processes and chemical degradation in gas–solid reactions at elevated temperatures in the presence of $\\mathrm { H } _ { 2 }$', 'This was achieved as well, based on the hydrogenation of propylene into propane over silica-immobilized cationic Rh complex or Wilkinson’s catalyst (Figure 2b)Leaching of the metal complex is not possible in such gas-solid hydrogenation processes performed in the absence of any liquid phase', 'The immobilized binuclear Rh complex had a very poor activity in the hydrogenations, and no PHIP was observed for this catalystElevating the temperature above $7 0 ^ { \\circ } \\mathrm { C }$ leads to the reduction of all examined immobilized Rh catalysts under reaction conditions in the gas-phase hydrogenations', 'catalytic activity, however, with a relatively high loss of rhodium content.[9i] Moreover, Rh–N type immobilized Wilkinson’s type catalysts were employed in the hydrogenation of triple bonds at room temperature as efficient catalysts showing nonsignificant leaching.[11] This led us assume that the relatively large loss of Rh in the work of Huang et al', 'This drawback generally limits the application of immobilized catalysts to solid/gas reactions, and only a few examples of their use in solid/liquid reactions are known.[45,46,58] A second limiting factor concerning the use of immobilized catalysts for PHIP application, especially in the case of mesoporous materialbased systems, is their catalytic activity, which is controlled by transport and exchange processes']","['However, in most, if not all, cases, the performance of the catalysts was relatively poor because of metal leaching in liquid-solid processes and chemical degradation in gas-solid reactions at elevated temperatures in the presence of H2.']","Based on the provided context, the performance of immobilized Rh complexes and Wilkinson's type catalysts is relatively poor due to two distinct mechanisms depending on the reaction phase:

1.  **In liquid–solid processes:**  
    The primary issue is **metal leaching**, where the Rh complex detaches from the solid support into the liquid phase. This leads to a significant loss of catalytically active metal, reducing activity.

2.  **In gas–solid reactions at elevated temperatures:**  
    The primary issue is **chemical degradation**, specifically the **reduction of the immobilized Rh catalysts** under reaction conditions in the presence of H₂. This degradation occurs when temperatures exceed **70 °C**.

This drawback generally limits the application of these immobilized catalysts, particularly for PHIP applications.",The performance is poor because of metal leaching in liquid-solid processes and chemical degradation in gas-solid reactions at elevated temperatures in the presence of H2.,0.7266444262244285,0.8421007100906411,1.0,0.8333333332916666,1.0
1,Why does the interaction at the LAC depend on the values of the J-coupling constants?,"['In one of the two spin manifolds shown in Fig1 there is an LACThe interaction at the LAC depends on the values of the J-coupling constantsNote that there is also an LAC exactly at zero field, which is, however, unimportant in SABRE experiments presented here (although it is relevant for zero-field SABRE experiments, see, for instance, Ref[35])', 'When the magnetic field is higher or lower than $B _ { \\mathsf { L A C } } ,$ the mixing efficiency of the crossing states decreases while the rate of polarization transfer increases (or decreases) since there is no complete match of the Zeeman interaction and $J .$ coupling constants. alt-SABRE SHEATH reproduces this LAC analysis (Figure 2c).', 'For the $C _ { \\mathrm { B } }$ nucleus, the $J _ { C H }$ coupling constant is $1 3 7 \\ : \\mathrm { H z }$ , so that the LAC regions are narrower, which makes the adiabaticity condition harder to fulfil during the switchingIn this case, the optimal profile, which suggests slow passage through the LACs, increases the maximal efficiency of polarization transfer by $1 0 \\%$', 'Hence, from (5-6) it is clear that $^ { 1 5 } \\mathrm { N }$ polarization is formed along the effective fieldIn SABRE the following relation holds between the spin-coupling constants: $| J _ { N H } | \\geq | J _ { N N } |$ , $| J _ { H H } |$ , therefore, the width of LAC’s (5-6) is larger than the splitting between themIt means that if RF field parameters match LAC (5), they simultaneously match LAC (6), and vice versa', '[47]The similarity of the field dependent curves for various ligands (see Ref[48]) is essentially due to the fact that the LAC positions are mainly determined by the large chemical shift differences $\\left( \\delta _ { M } - \\delta _ { A } \\right) \\approx 3 0$ ppm, and the large $J _ { A P } ^ { \\mathrm { } }$ and $J _ { A A ^ { \\prime } }$ couplingsThe relatively smaller $J _ { A M } , J _ { M M ^ { \\prime } }$ and $J _ { M P } ^ { }$ couplings modulate the LAC positions only slightly']","['When the energies of two levels approach each other and there is interaction between them, they would repel each other. In one of the two spin manifolds shown in Fig. 1 there is an LAC. The interaction at the LAC depends on the values of the J- coupling constants.']","The interaction at a Level Anti-Crossing (LAC) depends on the values of J-coupling constants due to their role in determining the energy-level structure and mixing efficiency between spin states. This relationship arises from the following principles:

1. **LAC Formation**: LACs occur when two spin states approach degeneracy under the combined influence of Zeeman interactions (magnetic field-dependent) and scalar J-couplings. The J-couplings provide off-diagonal terms in the spin Hamiltonian that enable state mixing at the crossing point.

2. **Coupling-Dependent LAC Width**:  
   - Larger J-couplings (e.g., |J<sub>NH</sub>| ≳ |J<sub>NN</sub>|, |J<sub>HH</sub>|) create broader LAC regions, facilitating simultaneous matching of multiple LACs under similar conditions.  
   - Smaller J-couplings (e.g., J<sub>CH</sub> = 137 Hz) yield narrower LAC regions, making adiabatic passage more challenging and reducing polarization transfer efficiency.

3. **Adiabaticity and Polarization Transfer**:  
   - At magnetic fields deviating from B<sub>LAC</sub>, mismatches between Zeeman interactions and J-couplings reduce state mixing.  
   - Optimal polarization transfer requires adiabatic passage through LACs, where the switching rate must align with J-coupling magnitudes to maintain coherence (e.g., slower switching for smaller J-couplings improves efficiency by 10%).

4. **LAC Position Modulation**:  
   - Primary LAC positions are governed by large chemical shift differences (e.g., δ<sub>M</sub> - δ<sub>A</sub> ≈ 30 ppm) and dominant J-couplings (e.g., J<sub>AP</sub>, J<sub>AA'</sub>).  
   - Smaller couplings (e.g., J<sub>AM</sub>, J<sub>MM'</sub>, J<sub>MP</sub>) only slightly perturb LAC positions.

In summary, J-couplings dictate the energy gaps and coupling strengths between spin states, directly controlling the width, position, and adiabatic accessibility of LACs, which are critical for efficient polarization transfer in SABRE.","The interaction at the LAC depends on the values of the J-coupling constants because when the energies of two levels approach each other and there is interaction between them, they repel each other, and this interaction is influenced by the J-coupling constants.",0.37299431386725834,0.853172711215776,1.0,0.8041666666465626,0.0
2,Why do weakly binding substrates limit hyperpolarisation efficiency in SABRE?,"['We report here on the use of co-ligands to allow the NMR hyperpolarisation of weakly binding N-heterocyclic derived substrates with functionality in the ortho-position that have proven to be routinely inaccessible to the SABRE technique (Fig1d)${ } ^ { 1 } \\mathrm { H }$ signal gains of up to $1 4 4 2 \\pm 8 4$ -fold were obtained for some of these substituted pyridines at $9', 'pyridine as coligands were found to increase the polarization of weakly binding compounds such as diazirines, and imidazole and indazole.[24,25] Dimethyl sulfoxide (DMSO) as a coligand enables the hyperpolarization of pyruvate, thereby expanding the range of SABRE active substrates to a molecule with an oxygen instead of a nitrogen donor for binding to the catalyst.[26] Acetonitrile also increases the attainable spin polarization of aromatic amines such as aniline, which do not activate the SABRE catalyst', 'Nonetheless, SABRE often generates lower levels of hyperpolarization and has a more limited substrate scope compared to DNP', 'One limitation on the range of analytes whose NMR signals can be efficiently enhanced by SABRE is the need for three molecules of the substrate to bind to form the active SABRE catalyst (Fig13)This form of the active catalyst is not suitable for substrates that are sterically hindered, or those which prefer a bidentate binding mode [168–170]In addition, for weakly binding substrates, multiple catalyst species are often observed in solution, including solvent adducts [171]', 'SABRE is a technique with which nuclear spin hyperpolarization can be obtained for substrate molecules that weakly associate to a suitable metal complex together with ${ p \\mathrm { - } } \\mathrm { H } _ { 2 }$']","['For weakly binding substrates, multiple catalyst species are often observed in solution, including solvent adducts [171]. The presence of multiple catalyst species leads to more complex kinetics in solution and may limit hyperpolarisation efficiency.']","Based on the provided context, weakly binding substrates limit hyperpolarization efficiency in SABRE for the following reasons:

1. **Active Catalyst Formation Requirement**:  
   SABRE requires three molecules of the substrate to bind to the metal complex to form the active catalyst. Weakly binding substrates cannot effectively compete with solvents or other ligands to achieve this stoichiometry.

2. **Steric and Binding Constraints**:  
   Substrates with steric hindrance (e.g., ortho-functionalized N-heterocycles) or those preferring bidentate binding modes fail to accommodate the required three-substrate coordination geometry.

3. **Competing Catalyst Species**:  
   Weak binding leads to equilibrium mixtures of inactive catalyst species (e.g., solvent adducts or partially bound intermediates), diluting the pool of active SABRE catalysts available for polarization transfer.

4. **Reduced Polarization Transfer Efficiency**:  
   Even when weakly bound substrates form catalyst complexes, their transient association reduces the efficiency of spin polarization transfer from *p*-H₂ to the substrate nuclei.

The context explicitly states that these limitations result in lower hyperpolarization levels compared to techniques like DNP and restrict the substrate scope of SABRE. Strategies like co-ligands (e.g., pyridine, DMSO) are used to mitigate these issues by stabilizing the active catalyst complex.","Because weakly binding substrates lead to the formation of multiple catalyst species in solution, including solvent adducts, which complicates the kinetics and reduces hyperpolarisation efficiency.",0.4488018399039148,0.9935521453128585,1.0,0.249999999975,1.0
3,How does the detection sensitivity of NMR with parahydrogen enhancement compare to other NMR techniques?,"['4Outlook and perspectives\nWith the present review we wanted to demonstrate that parahydrogen-based hyperpolarization techniques have become efficient tools for the sensitivity enhancements of NMR and MRIWith their typical signal enhancement factors of 1000 and above they drastically reduce the time or amount of substance necessary for obtaining high-resolved NMR spectra', 'NMR is certainly one of the key analytical techniques that is widely used in fundamental catalysis research, which is able to provide useful information on the mechanisms and kinetics of various catalytic processesHowever, compared to other techniques, NMR is often limited by its relatively low detection sensitivity associated with the weak interaction of nuclear spins with permanent and oscillating magnetic fields that are used in NMR', 'One route that increases the sensitivity of the NMR experiment involves the use of parahydrogen $\\left( p \\mathbf { - } \\mathbf { H } _ { 2 } \\right)$ .11 This leads to the observation of substantially enhanced signals for nuclei that originate in the ${ p \\mathrm { - } } \\mathrm { H } _ { 2 }$ molecule or couple to these nuclei', 'Among various ways to increase NMR sensitivity, one particular approach based on the combination of NMR with the use of parahydrogen $\\left( \\mathsf { p } \\cdot \\mathrm { H } _ { 2 } \\right)$ is rather unique and is particularly suitable for studying reactions that involve molecular hydrogenAn important prerequisite is that the two H atoms of a p- $\\cdot \\mathrm { H } _ { 2 }$ molecule do not lose each other in a catalytic cycle and end up in the same product molecule or a reaction intermediate', '3. Applications of parahydrogen in NMR']","['However, compared to other techniques, NMR is often limited by its relatively low detection sensitivity associated with the weak interaction of nuclear spins with permanent and oscillating magnetic fields that are used in NMR. Among various ways to increase NMR sensitivity, one particular approach based on the combination of NMR with the use of parahydrogen is rather unique and is particularly suitable for studying reactions that involve molecular hydrogen.']","Based on the provided information, the detection sensitivity of NMR with parahydrogen enhancement significantly outperforms conventional NMR techniques in specific applications:

1. **Enhancement magnitude**:  
   Parahydrogen-based hyperpolarization (PHIP/SABRE) provides signal enhancement factors of **≥1000×** compared to conventional NMR. This dramatically reduces either the measurement time or the required sample amount for high-resolution NMR spectra.

2. **Fundamental limitation addressed**:  
   Conventional NMR suffers from inherently low detection sensitivity due to weak interactions between nuclear spins and magnetic fields. Parahydrogen enhancement overcomes this limitation by transferring the spin order from parahydrogen (p-H₂) to target nuclei, generating non-Boltzmann polarization states.

3. **Application specificity**:  
   This technique is uniquely suited for studying reactions involving molecular hydrogen, provided the two H-atoms from a single p-H₂ molecule are incorporated into the same product molecule or intermediate without separation during the catalytic cycle.

In summary, NMR with parahydrogen enhancement achieves sensitivity improvements of ≥3 orders of magnitude over standard NMR methods for hydrogen-involving processes, enabling studies impractical with conventional approaches.",NMR with parahydrogen enhancement has higher detection sensitivity compared to other NMR techniques.,0.8117273626412155,0.9832865137806183,0.9,0.8055555555287036,1.0
4,Why does the silica-supported vanadium oxo organometallic complex demonstrate significant NMR signal enhancements in the hydrogenation of propylene and propyne with parahydrogen?,"['CONCLUSIONS\nIn conclusion, we have examined a new silica-supported vanadium oxo organometallic complex VCAT in hydrogenation and dehydrogenation reactions in the presence of para- $\\cdot \\mathrm { H } _ { 2 }$ It was found that the catalyst provides the formation of hyperpolarized propane in propene hydrogenation by means of PHIP, demonstrating significant NMR signal enhancements of more than two orders of magnitude compared to thermal polarization', 'For instance, a silica-supported vanadium oxo organometallic complex was tested in the hydrogenation of propyne and propylene with parahydrogen [1]This group 5 metal catalyst demonstrated NMR signal enhancements of 200–300-fold in the case of propylene hydrogenation to propane and ca1300-fold in the case of propyne hydrogenation to propylene (Fig4).', 'In summary, we have demonstrated for the first time that heterogeneous hydrogenation of an alkene (propylene) with supported metal catalysts $\\mathrm { ( P t / A l _ { 2 } O _ { 3 } }$ , $\\mathrm { P d } / { \\mathrm { A l } _ { 2 } } \\mathrm { O } _ { 3 }$ ) leads to an observation of enhanced signals in the $\\mathrm { ^ { 1 } H }$ NMR spectra of the reaction product (propane) when hydrogen enriched in the para- $\\cdot \\mathrm { H } _ { 2 }$ spin isomer is used in the reaction', '[](images/b869e1ac6e780a1033991f7876bdf6ee6a40df3ea5e284c3d952e7a2ca1f48a1.jpg) \nFig4: The reaction scheme for propyne hydrogenation with $\\mathsf { p } { \\cdot } \\mathsf { H } _ { 2 }$ over silica-supported vanadium oxo organometallic complex (VCAT), and the corresponding 1H NMR spectra detected in the ALTADENA experimentThe reaction was performed at $5 0 0 ^ { \\circ } { \\mathsf C }$ by supplying a 1:4 propyne:p- ${ \\sf H } _ { 2 }$ mixture to the reactor at the flow rate of $2', 'Vanadium-based catalysts are used in a number of important industrial processes.14−17 Recent developments led to a vanadium oxo organometallic complex supported on silica as a new efficient catalyst for non-oxidative dehydrogenation of propane (Scheme 1).18 This catalyst, designated in the text as']","['For instance, a silica- supported vanadium oxo organometallic complex was tested in the hydrogenation of propyne and propylene with parahydrogen [1]. This group 5 metal catalyst demonstrated NMR signal enhancements of 200- 300- fold in the case of propylene hydrogenation to propane and ca. 1300- fold in the case of propyne hydrogenation to propylene (Fig. 4).']","Based on the provided context, the silica-supported vanadium oxo organometallic complex (designated as **VCAT**) demonstrates significant NMR signal enhancements in propylene and propyne hydrogenation with *parahydrogen* due to its ability to facilitate **Parahydrogen Induced Polarization (PHIP)**. Specifically:

1.  **PHIP Mechanism**: VCAT enables the **pairwise transfer** of *p*-H₂-derived hydrogen atoms to propylene and propyne during hydrogenation. This pairwise addition preserves the spin order of *parahydrogen*, generating non-Boltzmann nuclear spin polarization in the reaction products (propane and propylene, respectively).
2.  **Observed Enhancements**:
    *   **Propylene Hydrogenation → Propane**: NMR signal enhancements of **200–300-fold** compared to thermal polarization.
    *   **Propyne Hydrogenation → Propylene**: NMR signal enhancements of **~1300-fold**.
3.  **Experimental Setup**: The reactions were performed using a flow reactor (ALTADENA conditions) with a gas mixture of substrate (propyne or propylene) and *p*-H₂ at 500°C. The significant enhancements were observed in the resulting ¹H NMR spectra of the products.

In essence, VCAT acts as an effective heterogeneous catalyst that allows the PHIP effect to occur for these substrates, leading to the observed large signal amplifications in NMR detection.","The silica-supported vanadium oxo organometallic complex, as a group 5 metal catalyst, provides efficient performance in the catalytic processes, leading to NMR signal enhancements of 200-300-fold in propylene hydrogenation to propane and approximately 1300-fold in propyne hydrogenation to propylene.",0.4529414807577019,0.8526944864413819,0.8235294117647058,0.99999999995,1.0
5,What is the second step in setting up the gas circulation system in the TCA?,"['In future setups, we plan to improve the pressure ratings of the circulation system, so that 150–200 bar can be reachedIn addition to the pressure capabilities, the gas circulation system is used to purge the TCA with argon or nitrogen and thus to guarantee inert conditions prior to a chemical reaction', 'A second capillary \\~H in Fig5! is affixed to the TCA cap yet reaching only into the gas phase above the solution \\~Fig4!This second capillary is necessary for controlling the pressure, and to facilitate gas circulation in a closed cycle similar to a probe design presented earlier.5 Accordingly, the two capillaries are connected to a rotary vane pump \\~GK 02-M, Brey, Memmingen, Germany! and a gas distribution line through which gas is added up to the desired pressure', '5! and is used to vigorously bubble gas into the solutionFor ease of mounting this capillary, the contact disk contains large slots that are also used so that excess gas bubbles raise to the gas/liquid interface above the contact diskA second capillary \\~H in Fig5! is affixed to the TCA cap yet reaching only into the gas phase above the solution \\~Fig4!', 'After the TCA is charged with a solution and the cap \\~F in Fig5! is tightly screwed onto the autoclave body, two PEEK capillaries \\~G and H! are inserted through the cap and pressure-sealed by Rathke’s feedthrough designOne of the capillaries \\~G! leads through the contact disk down to the bottom of the sample volume \\~Fig5! and is used to vigorously bubble gas into the solution', 'Because the pressure control instruments are integrated into the circulation system, the central conductor does not need to be fabricated from capillary tubing for pressure transductionThe gas circulation arrangement in its current version is safe up to 40 bar, allowing a continuous admission and recycling of reactive gasIn future setups, we plan to improve the pressure ratings of the circulation system, so that 150–200 bar can be reached']","['The text describes the setup and operation of a gas circulation system in a TCA, detailing the steps involved in ensuring proper gas flow, pressure control, and inert conditions for chemical reactions.']","Based on the provided context, the second step in setting up the gas circulation system in the TCA (Titration Calorimetry Autoclave) is:  
**Inserting two PEEK capillaries (G and H) through the cap and pressure-sealing them using Rathke’s feedthrough design**.  

### Key details from the context:  
1. **Prerequisite step** (first step):  
   - The TCA is charged with a solution, and the cap (F) is tightly screwed onto the autoclave body.  

2. **Second step**:  
   - Two capillaries (G and H) are inserted through the cap.  
   - Capillary **G** extends through the contact disk to the bottom of the sample volume for vigorous gas bubbling.  
   - Capillary **H** reaches only into the gas phase above the solution for pressure control and gas circulation.  
   - Both are sealed pressure-tight using **Rathke’s feedthrough design**.  

This setup enables gas circulation, pressure control, and inert purging (with argon/nitrogen) for NMR experiments under controlled conditions.","Affixing a second capillary (H) to the TCA cap, which reaches into the gas phase above the solution for pressure control and gas circulation.",0.384589681445386,0.9305681811893457,0.4,0.6388888888675925,1.0
6,How do the relative energies of the E1 and A1′ complexes compare in the singly deprotonated state?,"['Relative to E2, the E1 and $\\mathbf { A 1 } ^ { \\prime }$ complexes are slightly favored in the singly deprotonated state compared to the fully deprotonated state as shown in Figure S3A (relative energies of E1 and $\\mathbf { A 1 } ^ { \\prime }$ are 5.458 and $3 6 2 4 ~ \\mathrm { \\ k c a l / m o l }$ for singly deprotonated compared to 7.372 and $7 0 1 1 \\mathrm { \\ k c a l / m o l }$ for fully deprotonated)', '[](images/3c33995d6699afb978dbd417ac5a0fad518f5fdaeb93bc999ee64be3814babd7.jpg) \nFigure 2(A) Three-dimensional structures of the optimized geometry of axial complexes A1−A3 and equatorial complexes E1−E3(B) Plot of relative energies of structures A1−A3, $\\mathbf { A 1 ^ { \\prime } { - } A 3 ^ { \\prime } }$ , and E1−E3 with respect to E2 for both the deprotonated and singly protonated state of Z-OMPD', 'It should be noted that for singly deprotonated ZOMPD complexes, $\\mathbf { A 1 } ^ { \\prime }$ is energetically favored compared to E1; however, axial complexes (such as $\\mathbf { A 1 } ^ { \\prime }$ ) contain spin topology that do not allow for efficient polarization transfer.70,74 Although more studies are still necessary to determine the identity of all of the SABRE-active Z-OMPD complexes, the evidence discussed above suggests that E2 and E1 are the primary active SABRE complexes, where E2 drives the', 'The relative energy of each complex is presented in Figure 2BEach ZOMPD complex was optimized for both the fully deprotonated carboxylates (at C-1 and C-5) and the singly deprotonated carboxylate (at C-1)In computing the relative Gibbs free energies, we set the lowest energy for each protonation state to be zero because a direct comparison between these two sets of complexes is challenging given that they have different number of atoms', 'For example, the energies of complexes A1 and A2 are adjusted according to Equations (1) to enable physical energy comparison between the two molecules']","['Relative to E2, the E1 and A1′ complexes are slightly favored in the singly deprotonated state compared to the fully deprotonated state as shown in Figure S3A (relative energies of E1 and A1′ are 5.458 and 3.624 kcal/mol for singly deprotonated compared to 7.372 and 7.011 kcal/mol for fully deprotonated).']","Based on the provided context:

- In the **singly deprotonated state**, the relative energy of **E1** is **5.458 kcal/mol**, while **A1′** has a relative energy of **3.624 kcal/mol** (both relative to E2, set as the zero reference).  
- Thus, **A1′ is energetically favored** over E1 in this state, as its relative energy is lower by approximately **1.834 kcal/mol**.  

This aligns with the explicit statement in the context: ""for singly deprotonated ZOMPD complexes, $\mathbf{A1}^{\prime}$ is energetically favored compared to E1.""",The A1′ complex has a lower relative energy (3.624 kcal/mol) than the E1 complex (5.458 kcal/mol) in the singly deprotonated state.,0.8119529002957258,0.8274770982526564,1.0,0.99999999995,1.0
7,Why do carbene intermediates play a role in the trans-hydrogenation of alkynes?,"['Relevance of the Carbene Intermediates for Catalysis. Collectively, the data outlined above show that heteroatom substituents in proximity to the triple bond to be hydrogenated steer the regiochemical course of carbene formation and massively impact their lifetime. This raised the crucial question as to whether metastable carbenes such as 6, 7, 9, 10, or 12 have any relevance for alkyne trans-hydrogenations or if they are nothing but unreactive sinks off the catalytic cycle.', 'In summary, we have shown that the trans-hydrogenation of internal alkynes competes with a formal gem-hydrogenation process; this latter reactivity mode has hardly any precedent in organic chemistry.[24,25] The resulting ruthenium carbene intermediates seem to be the very origin of the side reactions that can plague catalytic trans-reductions at this stage of methodological development. Our ongoing attempts at optimizing this valuable transformation will be guided by this insight.', 'Experimental and computational data concur in that the conversion of $\\mathbf { D }$ to product as well as to the side products proceeds via an associative mechanism, in which a second $\\mathrm { H } _ { 2 }$ molecule needs to be ligated to the ruthenium center to lower the barriers.[13] On the other hand, one can envisage that purposeful carbene formation by gem-hydrogenation allows alkynes to be used as surrogates for hazardous carbene sources such as diazo derivatives or cyclopropenes', 'The remarkable stabilities of 6 and 9 raise the question as to whether these species play any role in the trans-hydrogenation or whether they are merely thermodynamic sinks off the catalytic cycleThe latter possibility was ruled out by additional PHIP NMR experiments with the metastable carbene 7 b (Figure 4)', 'The fact that an alkyne is transformed into a carbene upon hydrogenation is remarkable in conceptual termsIn a formal sense, the triple bond behaves as a 1,2-dicarbene synthon:41 one “carbene” center is intercepted by the $[ \\mathrm { C p ^ { * } R u } ]$ fragment, whereas the vicinal “carbene” site oxidatively inserts into the $_ \\mathrm { H - H }$ bond']","['The remarkable stabilities of 6 and 9 raise the question as to whether these species play any role in the trans- hydrogenation or whether they are merely thermodynamic sinks off the catalytic cycle. The latter possibility was ruled out by additional PHIP NMR experiments with the metastable carbene 7b (Figure 4). Specifically, cross peaks in a  $2\\mathrm{D}^{1}\\mathrm{H}$  - OPSY- EXSY experiment[29] definitely linked this hyperpolarized species to  $E$  - alkene 5b;[30] importantly though, the same spectrum also unmistakably connected 7b to the isomerized product 10 as well as to alkane 11, which is formed by overreduction.[31] To better understand the role and fate of the carbene intermediates, a detailed computational study was carried out at the M06/def2- TZVP/SMD  $\\mathrm{(CH_2Cl_2)}$  //M06/def2- TZVP level of theory (for computational details, see the Supporting Information).']","Carbene intermediates play a critical role in the trans-hydrogenation of alkynes due to the following mechanistic insights derived from the context:  

1. **Competing Pathways**:  
   - Trans-hydrogenation competes with a formal *gem*-hydrogenation process, where the alkyne triple bond behaves as a **1,2-dicarbene synthon**. One carbene center binds to the ruthenium catalyst (e.g., [Cp*Ru]), while the adjacent site oxidatively inserts into the H–H bond.  
   - This process generates ruthenium carbene intermediates (e.g., **6**, **7**, **9**, **10**, or **12**), which are metastable but catalytically active.  

2. **Role in Side Reactions**:  
   - These carbene intermediates are implicated in **side reactions** that complicate catalytic trans-hydrogenations. Their formation and stability depend on heteroatom substituents near the alkyne triple bond.  

3. **Catalytic Relevance Confirmed by PHIP**:  
   - **PHIP NMR experiments** (specifically with carbene **7b**) demonstrated that carbenes are *not* mere thermodynamic sinks but participate directly in the catalytic cycle. This rules out their role as off-cycle dead ends.  

4. **Associative Mechanism**:  
   - Carbene conversion to products (or side products) proceeds via an **associative mechanism**, requiring a second H₂ molecule to coordinate to the ruthenium center to lower energy barriers.  

5. **Utility as Carbene Surrogates**:  
   - Purposeful carbene formation via *gem*-hydrogenation allows alkynes to serve as **safer alternatives to hazardous carbene sources** (e.g., diazo compounds or cyclopropenes).  

In summary, carbene intermediates are mechanistically essential because they underpin both the desired trans-hydrogenation pathway and competing side reactions, with their reactivity and stability directly influencing catalytic efficiency. Experimental validation via PHIP NMR confirms their active participation in the cycle.","Carbene intermediates play a role in trans-hydrogenation because computational and experimental studies, including PHIP NMR experiments and M06/def2-TZVP level calculations, confirm their involvement in the catalytic cycle. These intermediates are linked to the formation of hyperpolarized species and the isomerized product, ruling out the possibility of them being mere thermodynamic sinks.",0.420996131171885,0.9746211404006327,1.0,0.249999999975,0.5
8,Why does complex 3 form from the reaction of the proposed intermediate 5 with H2?,"['We speculate that 3 forms from a reaction of the proposed, but not directly observed, $\\sigma$ -propane intermediate [Rh$( ^ { t } \\mathrm { B u } _ { 2 } \\mathrm { P C H } _ { 2 } \\mathrm { C H } _ { 2 } \\mathrm { P } ^ { t } \\mathrm { B u } _ { 2 } ) ( \\mathrm { C } _ { 3 } \\mathrm { H } _ { 8 } ^ { - } ) ] [ \\hat { \\mathrm { B A r } ^ { \\mathrm { F } } } _ { 4 } ]$ 5 with $\\operatorname { H } _ { 2 } ,$ that itself is formed on initial hydrogenation of 1', 'We conclude that 3 is not formed on the NMR timescale by the direct addition of $\\mathrm { H } _ { 2 }$ to 2 and propose that exchange of free $\\mathrm { H } _ { 2 }$ into 3 proceeds via reversible halide bridge rupture to form 5, $[ \\mathrm { R h ( H ) } _ { 2 } ( \\mathrm { P P h } _ { 3 } ) _ { 2 } ( \\mu \\mathrm { - C l } ) \\mathrm { R h C l ( H ) } _ { 2 } ( \\mathrm { P P h } _ { 3 } ) _ { 2 } ]$ , which subsequently undergoes rapid $\\mathrm { H } _ { 2 }$ exchange before reformation of 3', 'This observation can be explained by the fact that complex 3 rapidly quenches the ${ p \\mathrm { - } } \\mathrm { H } _ { 2 }$ reservoir due to its extremely high reactivity', 'h } _ { 3 } ) _ { 2 } ] _ { 2 }$ .[2] This complex has been shown to react with hydrogen according to UV and $^ { 3 1 } \\mathrm { P }$ NMR spectroscopy to form $\\smash { [ \\mathrm { R h ( H ) } _ { 2 } ( \\mathrm { P P h } _ { 3 } ) _ { 2 } ( \\mu - }$ $\\mathrm { C l ) _ { 2 } R h } ( \\mathrm { P P h } _ { 3 } ) _ { 2 } ]$ rather than $\\left[ \\mathrm { R h ( H ) } _ { 2 } ( \\mathrm { P P h } _ { 3 } ) _ { 2 } ( \\mu \\mathrm { - } \\mathrm { C l } ) \\right] _ { 2 }$ as originally proposed by Wilkinson', 'complex1haspreviouslybeenisolatedfromhydrochloricacidsolutionsof$\\mathrm{RhCl}_{3}$and$\\mathrm{\\SnCl}_{2}$andidentifiedwiththistechnique.[3]Reactionsofthesecomplexeswithtertiaryphosphaneshavealsobeenstudiedwith${}^{31}\\mathrm{P}\\mathrm{-}$and$^1\\mathrm{H}$-NMRspectroscopy,anduponadditionofdihydrogentothesesystemstheformationoftwodihydridocomplexes2and3wasdetected(Scheme1).[4]']","['We speculate that 3 forms from a reaction of the proposed, but not directly observed, r-propane intermediate [Rh(^tBu2PCH2CH2P^tBu2)C3H8)][BAr^F4] 5 with H2, that itself is formed on initial hydrogenation of 1. In support of this assignment, the very close analogue of 5, crystallographically characterized, but short-lived at 25°C, propane σ complex [Rh(Cy2PCH2CH2PCy2)[C3H8)}][BAr^F4] has been prepared by solid/gas hydrogenation,44 while the more stable σ-alkane complex 2 reacts rapidly in CD2Cl2 to also give complex 3 (Scheme 2).39']","Based on the provided context, complex 3 forms from the reaction of intermediate 5 with H₂ through the following mechanism:  

1.  **Reversible Halide Bridge Rupture**: Intermediate 5, proposed as \([ \mathrm{Rh(H)_2(PPPh_3)_2(\mu \mathrm{-Cl})RhCl(H)_2(PPPh_3)_2 ]\), undergoes reversible cleavage of its chloride bridge.  
2.  **Rapid H₂ Exchange**: After bridge rupture, free H₂ rapidly exchanges into the system at the Rh centers.  
3.  **Reformation of Complex 3**: Following H₂ exchange, the chloride bridge reforms to regenerate complex 3, \([ \mathrm{Rh(H)_2(PPPh_3)_2(\mu \mathrm{-Cl})_2Rh(PPPh_3)_2 ]\).  

The context explicitly states:  
> *""exchange of free \(\mathrm{H}_2\) into 3 proceeds via reversible halide bridge rupture to form 5, ... which subsequently undergoes rapid \(\mathrm{H}_2\) exchange before reformation of 3.""*  

This pathway explains why direct addition of H₂ to complex 2 does not form complex 3 on the NMR timescale. Instead, the reaction proceeds through the transient intermediate 5.","Complex 3 forms from the reaction of the proposed intermediate 5 with H2 because intermediate 5 is itself formed on the initial hydrogenation of 1, and the reaction of 5 with H2 leads to the formation of 3. This is supported by the observation of a close analogue of 5 and the rapid reaction of the more stable σ-alkane complex 2 to also give complex 3.",0.465435964014455,0.9474787979301706,0.9,0.99999999995,0.5
9,What is the second reason for choosing ethyl acetate (EA) for NMR hyperpolarization using parahydrogen-induced polarization (PHIP)?,"['We employ parahydrogen-induced polarization $\\mathbf { ( P H I P ) } ^ { [ 3 6 , 3 7 ] }$ to induce NMR hyperpolarization in ethyl acetate (EA). Our rationale for choosing EA is threefold. First, acetate can be hyperpolarized using both $\\mathrm { P H I P ^ { [ 3 8 ] } }$ and DNP.[39] Second, HP acetate has demonstrated in vivo utility.[39] Finally, HP acetate was already imaged in vivo using proton detection.[40]', '1Introduction\nParahydrogen induced polarization (PHIP) [1,2] is one of the simplest ways of achieving NMR hyperpolarization due to its relatively low hardware requirements, and its range of applications experiments a continuous growthIn the field of chemistry, it results specially helpful in the research related to reaction kinetics as well as catalysts design [3–6]', 'INTRODUCTION\nParahydrogen $\\left( { p / { - } \\mathrm { { H } } _ { 2 } } \\right)$ -induced polarization (PHIP) is a source of signal enhancement in nuclear magnetic resonance (NMR); it may be used to provide information about reaction products and short-lived intermediates in catalytic hydrogenation reactions1 and also to increase the sensitivity of detection of alkene- or alkyne-appended biomolecules2 in magnetic resonance imaging (MRI) in a biomedical context', 'Introduction\nParahydrogen-induced polarization (PHIP) is an important nuclear spin hyperpolarization method with an ability to enhance the NMR sensitivity by 4–5 orders.1,2 Typically, parahydrogen $\\left( p \\mathbf { - } \\mathbf { H } _ { 2 } \\right)$ is utilized as a polarization source by participating in a pairwise addition process to unsaturated molecules, where two protons from the same ${ p \\mathrm { - } } \\mathrm { H } _ { 2 }$ molecule end up in magnetically nonequivalent positions of the same', 'Introduction\nParahydrogen Induced Polarization (PHIP) [1–3] is an efficient technique to elevate the limited sensitivity of NMR spectroscopyPHIP stems from the rational usage of parahydrogen, $\\mathrm { \\ p H } _ { 2 } ,$ , which is a $\\mathrm { H } _ { 2 }$ molecule in its nuclear singlet spin stateEven though $\\mathrm { p H } _ { 2 }$ molecule itself is NMR silent, the conversion of its non-equilibrium spin order into the magnetization of the target substrate yields detectable NMR signal enhancement']","['The text explains the rationale for choosing ethyl acetate (EA) for NMR hyperpolarization using parahydrogen-induced polarization (PHIP). The reasons are: 1) acetate can be hyperpolarized using both PHIP and DNP, 2) HP acetate has demonstrated in vivo utility, and 3) HP acetate was already imaged in vivo using proton detection.']","Based on the provided context, the second reason for choosing ethyl acetate (EA) for NMR hyperpolarization using parahydrogen-induced polarization (PHIP) is:  

**""HP acetate has demonstrated in vivo utility.""**  

This is explicitly stated in the context as the second of three reasons for selecting EA. The term ""HP acetate"" refers to hyperpolarized acetate, which has shown practical applications in biological systems (*in vivo*).",HP acetate has demonstrated in vivo utility.,0.731112951867353,1.0,1.0,0.9999999999,1.0
10,Why was the relative design efficiency of the circuit biased to the low frequency channel?,"['The relative design efficiency of this circuit was biased to the low frequency channel in order to compensate for the inherently reduced sensitivity at 128 versus $5 1 0 \\mathrm { k H z }$ The $Q$ -factor at 128 and $5 1 0 \\mathrm { k H z }$ was 13.9 and 36.1, respectively and reflected losses on resonance were estimated to be less than one percent', '[](images/0aeb7f0424004b364a02b27c77efc8c8b19519bc6f5be7df44cfca8724e69dbf.jpg) \nFig2NMR Probe RF Circuit(A) The RF design consists of two single channel circuits with common ground tuned for $\\mathrm { ^ 1 H }$ at the high frequency and $^ { 1 3 } { \\sf C } / ^ { 1 5 } { \\sf N }$ at the low frequency(B) Frequency sweep response showing $\\mathrm { ^ 1 H }$ circuit resonating at $2 0 2 \\mathrm { M H z }$ , $^ { 1 3 } { \\mathsf { C } }$ at $0', 'In summary, due to a combination of unknown potential peculiarities in the much lower fields of interest $( 1 2 \\mathrm { m T } )$ than were present in the literature, and to enable maximum flexibility for translation to additional nearby (low) fields as application warrants, we preferred the capability of independently matching on each channel from the outset and developed a circuit specifically tailored to our application', '3Results and discussion\nThe purpose of this study was to design and construct a probe circuit for performing heteronuclear NMR experiments at low field with a single channel consoleThis probe was developed to be used in conjunction with PANORAMIC waveforms to expand the reach of a single channel console to enable simultaneous and phase coherent rotations at heteronuclear frequencies with a centrally placed, constant carrier frequency', '5 1 \\mathrm { W }$ input powers respectively, and in qualitative accord with the initial design efficiency specificationsFor reference, this circuit enabled acquisition of traditional (on-resonant) spin-echoes on the high frequency channel with signal to noise ratios of approximately 75 from 1024 repetitions (Fig3)In Fig']","['The relative design efficiency of this circuit was biased to the low frequency channel in order to compensate for the inherently reduced sensitivity at 128 versus $510\\mathrm{kHz}$. The Q- factor at 128 and $510\\mathrm{kHz}$ was 13.9 and 36.1, respectively and reflected losses on resonance were estimated to be less than one percent.']","Based on the provided context:  
The relative design efficiency of the circuit was biased to the low frequency channel **to compensate for the inherently reduced sensitivity at 128 kHz compared to 510 kHz**.  

### Key reasons:  
1. **Inherent Sensitivity Disparity**:  
   - The low frequency channel (128 kHz, for \(^{13}\text{C}\)/\(^{15}\text{N}\)) suffers from reduced sensitivity compared to the high frequency channel (510 kHz, for \(^1\text{H}\)).  
   - This is reflected in the lower Q-factor at 128 kHz (13.9) versus 510 kHz (36.1), indicating higher energy losses at the lower frequency.  

2. **Practical Application Needs**:  
   - The circuit was designed for low-field NMR (12 mT), where sensitivity challenges are amplified.  
   - Biasing efficiency toward the low frequency channel ensures balanced performance for heteronuclear experiments (e.g., simultaneous \(^1\text{H}\) and \(^{13}\text{C}\)/\(^{15}\text{N}\) detection) on a single-channel console.  

This design choice directly addresses the physical limitations of low-frequency NMR detection, enabling effective signal acquisition across both channels.",The relative design efficiency was biased to the low frequency channel to compensate for the inherently reduced sensitivity at 128 kHz compared to 510 kHz.,0.5017062901362324,1.0000000000000002,1.0,0.9999999999,1.0
11,Why are deviations observed in the reaction monitoring methodology when the rate of equilibration exceeds the rate of H₂ addition?,"['Importantly, as the rate of equilibration exceeds the rate of $\\mathbf { H } _ { 2 }$ addition, these deviations would be observed regardless of the reaction monitoring method that is applied and were revealed here by the sensitivity boost provided by the $p \\mathrm { H } _ { 2 }$ hyperpolarisation.', 'While discrepancy between the conversion and the SLIC signal can be treated as a disadvantage for a general applicability of the presented method for low-field monitoring of hydrogenation reactions, this observation is advantageous for probing the pairwise nature of ${ p \\mathrm { - } } \\mathrm { H } _ { 2 }$ addition (i.e., reaction selectivity) for HP NMR and MRI', 'The results here demonstrate that the reaction monitoring methodology is able to obtain kinetic information for multiple species formed simultaneouslyWhile the apparent rate constants in this system were found to be faster than those measured for the complexes in isolation when a simple addition model was used, the inclusion of a competitive pathway equilibrating the starting complexes resulted in good experimental fits to the model', 'The delay is caused by the time required for saturation of a liquid with $\\mathsf { p } { \\mathrm { - } } \\mathsf { H } _ { 2 }$ During the reaction, the signals of the hyperpolarized product decay, as their intensity depends on the rate of ${ p \\mathrm { - } } { \\mathsf { H } } _ { 2 }$ addition', 'While the rate of reaction would be invariant to a decrease in $\\boldsymbol { \\% } p \\mathbf { H } _ { 2 }$ , due to the total concentration of $\\mathbf { H } _ { 2 }$ remaining in excess, the observed rate of reaction would appear faster due to the reduction in the observed hyperpolarised signal levels throughout the time course of the reaction']","['Importantly, as the rate of equilibration exceeds the rate of H₂ addition, these deviations would be observed regardless of the reaction monitoring method that is applied and were revealed here by the sensitivity boost provided by the p-H₂ hyperpolarization.']","Based on the provided context, deviations are observed in reaction monitoring when the rate of equilibration exceeds the rate of H₂ addition due to the following reasons:

1. **Kinetic Competition**:  
   The equilibration process (e.g., competitive pathways between reaction intermediates) occurs faster than the addition of H₂. This imbalance distorts the apparent reaction kinetics, as the system reaches equilibrium before H₂ incorporation completes. Consequently, the observed signal intensities in NMR or MRI no longer directly correlate with the reaction conversion rate.

2. **Hyperpolarization Sensitivity**:  
   The enhanced sensitivity from *para*-hydrogen (p-H₂) hyperpolarization amplifies these deviations. While p-H₂ boosts detection of hyperpolarized products, the signal decay depends on the rate of p-H₂ addition. When equilibration outpaces H₂ addition, the hyperpolarized signals decay faster than expected, making discrepancies more pronounced regardless of the monitoring method.

3. **Reaction Selectivity Insight**:  
   Though these deviations may limit general low-field reaction monitoring, they advantageously reveal the pairwise nature of p-H₂ addition. This allows probing of reaction selectivity (e.g., how p-H₂ distributes spin polarization during hydrogenation), which is critical for hyperpolarized NMR and MRI applications.

In summary, the deviations arise from kinetic misalignment between equilibration and H₂ addition, amplified by p-H₂ hyperpolarization. This effect is intrinsic to the system and not an artifact of the monitoring technique.","These deviations are observed because the rate of equilibration between the starting complexes is faster than the rate of H₂ addition, and the sensitivity boost provided by the p-H₂ hyperpolarization reveals these deviations regardless of the reaction monitoring method applied.",0.45539674227134064,0.9753191898874434,0.8947368421052632,0.7499999999625,1.0
12,How does the ratio of free linear to branched aldehyde compare between the early stages of the reaction (using p-H2 enhanced signals) and the end of the experiment (using normal magnetization)?,"['These data are indicated with the ( ) labelIt can be seen that the ratio of free linear to branched aldehyde follows the same trend as that obtained from ${ p \\mathrm { - } } \\mathrm { H } _ { 2 }$ enhanced signals that are seen at early stages in the reactionThis validates the approach and suggests meaningful trends might be observed when the intensities of $p { \\mathrm { - } } \\mathrm { H } _ { 2 }$ enhanced signals are compared', 'In order to establish that the ${ p \\mathrm { - } } \\mathrm { H } _ { 2 }$ based signal strength trends are meaningful, we also measured the linear/branched aldehyde ratio at the end of the experiment when the associated signals arise from “normal” magnetisationThese data are indicated with the ( ) label', 'In addition, these data reveal for the $\\mathrm { P M e } _ { 2 } \\mathrm { P h }$ and $\\mathrm { P P h } _ { 2 } \\mathrm { M e }$ systems that the ratio of the corresponding linear and branched intermediates hardly changes over the temperature range $3 6 8 -$ $3 9 3 \\mathrm { ~ K ~ }$ In contrast, there is a much higher change in the free aldehyde product ratioThese data must therefore mask a further trendThis process is revealed in Fig', 'The terminal methyl resonance seen for the branched acyl containing species 4b was used to obtain the data represented by the ( ) labelpara-Hydrogen enhanced signals were also used to probe the branched to linear $\\left( \\sqsubseteq \\right)$ free aldehyde composition at very early stages in the reaction', 'Here, the PHIP enhanced signal profile of the PHIP enhanced products proved to provide information about the relative rates of key steps in the linear and branched hydroformylation products.36 The $\\mathsf { P P h } _ { 2 } \\mathsf { M e }$ system proved to yield one of the largest differences in signal strength for the two aldehyde products, while producing $\\mathsf { C o } ( \\mathsf { C O } ) _ { 3 } ( \\mathsf { P P h } _ { 2 } \\mathsf { M e } ) \\cdot$ - $\\left( \\mathsf { C O C H } _ { 2 } \\mathsf { C H']",['It can be seen that the ratio of free linear to branched aldehyde follows the same trend as that obtained from p-H2 enhanced signals that are seen at early stages in the reaction. This validates the approach and suggests meaningful trends might be observed when the intensities of p-H2 enhanced signals are compared.'],"Based on the provided context:

1.  **Early Stages (using p-H₂ enhanced signals):** The ratio of free linear to branched aldehyde was measured using para-hydrogen (p-H₂) enhanced signals at the very early stages of the reaction.
2.  **End of Experiment (using normal magnetization):** The linear/branched aldehyde ratio was measured at the end of the experiment using ""normal"" magnetization (i.e., signals arising from thermal equilibrium magnetization, not enhanced by p-H₂).
3.  **Comparison:** The context states that the ratio of free linear to branched aldehyde observed using p-H₂ enhanced signals at early stages **""follows the same trend""** as the ratio obtained from the normal magnetization signals measured at the end of the experiment. This agreement validates the use of p-H₂ enhanced signals to observe meaningful trends in the aldehyde ratio.

**In summary:** The ratio of free linear to branched aldehyde is consistent between the early stages (measured via p-H₂ enhanced signals) and the end of the reaction (measured via normal magnetization), demonstrating the same trend.",The ratio of free linear to branched aldehyde follows the same trend at both the early stages of the reaction (using p-H2 enhanced signals) and the end of the experiment (using normal magnetization).,0.8492793672502639,0.7897931995222668,0.8571428571428571,0.99999999995,1.0
13,How does the efficiency of OPSY-⋅d compare to OPSY-𝒵 in terms of thermal signal suppression?,"['As an example of a sequence including the OPSY building block, a gradient assisted HMBC experiment has been developed, where the first $\\pi / 2 \\mathrm { - } ^ { 1 } \\mathrm { H }$ pulse is replaced with an OPSY sequence as shown in Fig5The correct choice of sequence to be employed will depend on the actual experimental requirementsFor signals enhanced using a PASADENA experiment OPSY- $\\cdot d$ is more efficient at thermal signal suppression while OPSY- $z$ has twice the inherent sensitivity', 'Thus for homonuclear experiments OPSY-d will represent the more robust starting point while OPSY- $z$ is superior when heteronuclear signals are to be encoded in experiments where the need for background suppression is less demanding', 'OPSY-d experiment after reaction with no para-hydrogen present; (d) spectrum illustrating efficiency of thermal signal suppression; (e) OPSY- $\\cdot z$ experiment after and (b) revealing poorer background signal suppression $^ { ( * ) }$ than OPSY-d', 'The OPSY-z variant $\\mathrm { ^ 1 H }$ NMR spectrum shown in Fig. 2e contains a number of extra signals that are indicated by $^ *$ arising from the additional cholesterol acetate in the sample. These results therefore reveal that the OPSY- $z$ variant is less efficient at suppressing thermal magnetization.', 'Experimentally, the OPSY- $d$ pulse sequence is very efficient in removing the signal originated from thermally polarized spinsOn the other hand, for eddy current considerations, the $( + g , - 2 g )$ gradient configuration represents the best alternativeAs a result, the whole sequence acts as a filter for thermal polarization, and at the acquisition time only polarization coming from PHIP will contribute to the signal']",['using a PASADENA experiment OPSY-⋅d is more efficient at thermal signal suppression while OPSY-𝒵 has twice the inherent sensitivity.'],"Based on the provided context:

1. **OPSY-d efficiency**:  
   The OPSY-d pulse sequence is described as ""very efficient in removing the signal originated from thermally polarized spins"" and provides superior thermal signal suppression. It acts as a filter such that ""only polarization coming from PHIP will contribute to the signal."" Experimental results confirm its robustness, especially in homonuclear experiments.

2. **OPSY-z efficiency**:  
   OPSY-z is explicitly stated to be ""less efficient at suppressing thermal magnetization,"" evidenced by extra signals in its \( ^1 \text{H} \) NMR spectrum arising from thermally polarized spins (e.g., cholesterol acetate in samples). It shows ""poorer background signal suppression"" compared to OPSY-d.

### Summary of Comparison:
- **Thermal Suppression**: OPSY-d is **significantly more efficient** than OPSY-z.  
- **Trade-off**: While OPSY-d excels at thermal suppression, OPSY-z offers higher inherent sensitivity (twice that of OPSY-d) but is preferable only when background suppression is less critical (e.g., heteronuclear experiments).",OPSY-⋅d is more efficient at thermal signal suppression than OPSY-𝒵.,0.8226859817149456,0.9659738794600985,0.9333333333333333,0.99999999998,1.0
14,Why do loosely integrating CrA destabilize the nanocarriers and leak out when in contact with cryptophane-free solution?,"['However, the loosely integrating CrA can destabilize the nanocarriersThey also leak out of the nanocarriers whenever they are in contact with cryptophane-free solution due to insufficient anchoring', 'Based on this behavior, CrA units can be assembled into liposomes (Schnurr et al., 2015) or micelles (Schnurr et al., 2020)The liposomal nanocarrier approach demonstrated improved biocompatibility for cell labeling compared with incubation with bare CrA cagesOverall, this is a strategy that opens up opportunities to include all the well-known protocols to tailor functions of liposomal nanocarriers (Torchilin, 2014)However, the loosely integrating CrA can destabilize the nanocarriers', 'But liposomal carriers with high CrA loading are not necessarily the best-performing onesThe right balance between CrA units and the immediate surrounding Xe reservoir minimizes unwanted back exchange where already saturated Xe re-enters the cages before being released from the nanocarriers where Xe is detected in the surrounding aqueous phaseTuning the microenvironment improved the CEST performance by two orders of magnitude compared to freely dissolved CrA', 'In particular cryptophane-A, CrA, is often used for conferring a distinct chemical shift to bound Xe ca130 ppm upfield from the signal of free Xe in aqueous solution', 'A recent study illustrates that the release of CrA units from liposomes can be prevented with an improved anchoring via a CrA-lipopeptide building block (Jost & Schröder, 2022)But liposomal carriers with high CrA loading are not necessarily the best-performing ones']","['However, the loosely integrating CrA can destabilize the nanocarriers. They also leak out of the nanocarriers whenever they are in contact with cryptophane- free solution due to insufficient anchoring.']","Based on the provided literature:  

1. **Destabilization Mechanism**:  
   Loosely integrating CrA (cryptophane-A) lacks sufficient anchoring within nanocarriers (e.g., liposomes or micelles). This weak integration disrupts structural integrity, leading to destabilization.  

2. **Leakage in Cryptophane-Free Solution**:  
   When exposed to a cryptophane-free solution, CrA units leak out due to concentration-driven diffusion. The absence of covalent or strong non-covalent bonds allows CrA to passively diffuse out of the nanocarrier into the surrounding solution.  

3. **Key Evidence**:  
   - Insufficient anchoring permits rapid exchange between bound and free states.  
   - High CrA loading exacerbates instability, as the nanocarrier struggles to retain unanchored cages.  
   - Improved anchoring strategies (e.g., CrA-lipopeptide conjugates) prevent leakage by enhancing structural integration (Jost & Schröder, 2022).  

4. **Consequence**:  
   Leakage reduces the local Xe reservoir concentration, impairing hyperpolarized <sup>129</sup>Xe CEST NMR signal amplification.  

For optimal performance, studies indicate that balancing CrA density with anchoring stability is critical, rather than maximizing CrA loading.",The loosely integrating CrA destabilizes the nanocarriers and leaks out when in contact with cryptophane-free solution due to insufficient anchoring.,0.6906330927393416,0.8292671325588225,0.6153846153846154,0.699999999965,1.0
15,Why do magnetic field inhomogeneities quench the hyperpolarization achieved by PHIP?,"['pulseWhen dealing with PHIP antiphase multiplets, broader lines have an extra consequence: a partial cancellation of the hyperpolarizationThe area under the spectrum is no longer constant when the inhomogeneities increased the linewidths.[22] In other words, the presence of magnetic field inhomogeneities may quench the hyperpolarization achieved by PHIP to the point of making it barely observable', 'Resolution, on the other hand, plays an important role in PHIP experimentsThe spin state right after the chemical reaction, a longitudinal two spin order in PASADENA experiments [29], appears as a doublet in the NMR spectrum with both peaks in antiphase, separated by the $J .$ -coupling constantThe line broadening due to magnetic field inhomogeneities produces signal cancelling, and most of the achieved hyperpolarization can be lost [30]This imposes strict conditions on the set-ups for PHIP experiments', 'However, low spin density, fast diffusion, and short relaxation times of gases along with magnetic field inhomogeneities associated with heterogeneous catalytic systems complicate such studies and compromise achievable sensitivitySpin hyperpolarization techniques in general and parahydrogen-induced polarization (PHIP) in particular provide a major increase in the intensity of nuclear magnetic resonance (NMR) signals', 'Para hydrogen induced polarization (PHIP) is a powerful hyperpolarization technique, which increases the NMR sensitivity by several orders of magnitudeHowever the hyperpolarized signal is created as an anti-phase signal, which necessitates high magnetic field homogeneity and spectral resolution in the conventional PHIP schemes', 'Abstract: Parahydrogen induced polarization (PHIP) is a chemistry based, cheap and easy to handle hyperpolarization method that allows to increase the sensitivity of magnetic resonance signals of several orders of magnitude. This powerful tool has not coalesced in the field of biomedical studies due to the lack of suitable hyperpolarization substrates, of commercial parahydrogen polarizers and to the']","['The antiphase character of the PHIP associated signals after a pairwise hydrogenation reaction is one of the most remarkable fingerprints of PASADENA experiments. In contrast to the spin systems on thermal equilibrium with the static magnetic field, the density operator describing the spin state of the former parahydrogen nuclei is dominated by a longitudinal two spin order.[17,24,25] Therefore, after an excitation r.f. pulse, usually a  $45^{\\circ}$  pulse, the characteristic antiphase peaks show up in the spectrum at the corresponding chemical shift frequencies in the product molecule. This shape is especially sensitive to line broadening introduced by magnetic field inhomogeneities. In thermally polarized systems, the line broadening produces resolution loss, but the area under the spectrum is not perturbed because it is related to the transverse magnetization immediately after the r.f. pulse. When dealing with PHIP antiphase multiplets, broader lines have an extra consequence: a partial cancellation of the hyperpolarization. The area under the spectrum is no longer constant when the inhomogeneities increased the linewidths.[22] In other words, the presence of magnetic field inhomogeneities may quench the hyperpolarization achieved by PHIP to the point of making it barely observable.']","Magnetic field inhomogeneities quench PHIP hyperpolarization due to **signal cancellation in antiphase multiplets**. Here's the mechanism:

1. **Antiphase Signal Nature**  
   PHIP generates hyperpolarization as a **longitudinal two-spin order** (e.g., in PASADENA experiments), which appears in NMR spectra as an **antiphase doublet**. The two peaks exhibit opposite phases (±) and are separated by the J-coupling constant.

2. **Line Broadening Effect**  
   Magnetic field inhomogeneities broaden the NMR resonance lines. When the linewidth increases beyond the J-coupling separation, the positive and negative peaks of the antiphase doublet overlap significantly.

3. **Signal Cancellation**  
   The overlapping positive and negative signals undergo **destructive interference**, causing partial or near-complete cancellation. This reduces the net observable hyperpolarization, potentially rendering it undetectable.

4. **Quantitative Impact**  
   The integrated area under the NMR spectrum decreases as inhomogeneities increase, violating the expectation of constant hyperpolarization. This imposes strict **homogeneity requirements** for PHIP experiments to preserve signal integrity.

*Reference: Context excerpts on line broadening and antiphase cancellation [22,29,30].*","Magnetic field inhomogeneities increase the linewidths of the antiphase multiplets in PHIP, leading to a partial cancellation of the hyperpolarization. This results in the area under the spectrum no longer being constant, which can quench the hyperpolarization to the point of making it barely observable.",0.6982948280598802,0.9268322971482617,1.0,0.9166666666361111,1.0
16,Does the spectroscopic response scale linearly with concentration over a specific range?,"['In order to demonstrate an analytical use for these $^ { 1 5 } \\mathrm { N }$ signals, results were presented to demonstrate that the magnitude of the resulting NMR response scales linearly with concentration over the range $2 2 \\mathrm { - } 7 0 \\ \\mathrm { m M } .$ This means that such SABRE-derived data can be used to quantify their amount in the solution when set against a suitable reference trace', '4 \\mathrm { T }$ in single NMR observations through ${ > } 5 0 \\% \\ ^ { 1 5 } \\mathrm { { N } }$ polarization levelsThese signals allow for rapid and precise reagent quantification via a response that varies linearly over the $2 { - } 7 0 ~ \\mathrm { m M }$ concentration range', 'Note, however, that the signal does not scale linearly with the concentration of the analyte but is dependent on many parameters such as exchange rates and the concentrations of parahydrogen, catalyst, and analyte.', 'The SABRE effect may yield enhanced signals for which the intensity does not scale linearly with concentrationWhen 2 mM Ir (IMes)(COD)Cl is used as a catalyst, with pyridine as a substrate, in methanol as a solvent, the enhancements decrease when the pyridine concentration decrease to 1 mM or less.[38] This observation may be explained by the role of the solvent, which competes with the substrate as a ligand', 'results over the range $\\mathbf { 0 - 2 0 \\ m M }$ . The clear linear relationship suggests that, with careful calibration, SABRE-Relay could be used to quantitatively determine the concentration of small amounts of glucose in a single scan; such an experiment would take no more than 2 minutes. This behaviour is not unexpected as Tessari et al. has illustrated that the SABRE response is linear at low analyte concentrations.82']",['The magnitude of the resulting NMR response scales linearly with concentration over the range 2.2 - 70mM.'],"Based on the provided context, the spectroscopic response in SABRE experiments **does scale linearly with concentration over specific ranges**, but this behavior is conditional and analyte-dependent. Key observations include:

1. **Linear ranges confirmed**:
   - **2–70 mM range**: The NMR response scales linearly for certain reagents, enabling quantitative concentration determination when calibrated against a reference.
   - **0–20 mM range**: For glucose in SABRE-Relay experiments, a clear linear relationship allows quantitative determination of small concentrations in single scans (e.g., <2 minutes per experiment).

2. **Non-linear behavior under certain conditions**:
   - The response **does not universally scale linearly** and depends on factors such as:
     - Exchange rates
     - Concentrations of parahydrogen, catalyst, and analyte
     - Competition with solvent molecules (e.g., methanol competing with pyridine at ≤1 mM)
   - Example: For pyridine using 2 mM Ir(IMes)(COD)Cl catalyst, enhancements **decrease below 1 mM** due to solvent interference.

3. **Theoretical support**:
   - Linearity at low analyte concentrations aligns with observations by Tessari et al., suggesting predictable quantification is feasible within defined ranges under controlled conditions.

In summary, linear scaling occurs in specific concentration windows (e.g., 0–20 mM or 2–70 mM) but is not guaranteed across all experimental setups or analytes. Calibration and careful control of parameters are essential for quantitative applications.","Yes, the spectroscopic response scales linearly with concentration over the range 2.2 - 70mM.",0.305140905376987,0.8364012409227469,1.0,0.99999999995,1.0
17,How does the performance of aqueous/organic biphasic systems compare to biphasic IL/organic solvent systems in the hydrogenation of arenes?,"['Employing these ILs, it was first tested whether PHIP experiments can be successfully performed in an organic solvent-free homogeneous catalyst/substrate system initiated by small amounts of IL. Next, the hydrogenation efficacy in IL systems, where the IL acts as solvent for the catalyst and forms a biphasic liquid–liquid system with the substrate and product, was studied.', 'Experiments in biphasic systems\nFinally it was tested whether ILs can be employed as an efficient hydrogenation system for medical applications. This necessitates the hydrogenation of a precursor of the drug, followed by facile catalyst–product separation, i.e. a biphasic system. For these studies the tetrafluoroborate system was chosen, featuring a miscibility gap of the IL with ethyl acrylate and ethyl propionate.', 'These findings clearly demonstrate that the hydrogenation reaction is feasible in such biphasic IL systems and that they can be used in principle for PHIP enhancement of medical systemsPresently, in this non-optimized system, the time constant of the reaction is too slow for application in a medical PHIP reactionOn the one hand, a reactor featuring a higher surface area which increases the rate of reaction due to better mass transport should be developed', 'Other routes using biphasic catalysis, catalyst-separated hyperpolarization (CASH-SABRE),27 and redissolution16 have been explored wherein the catalyst remains in an organic phase while the hyperpolarized substrate partitions into an aqueous phase; however, significant contamination of the aqueous phase by the iridium catalyst and/or the organic solvent was still generally observed', 'Experiments in biphasic systems\nTo prove the suitability of this ethyl acrylate/IL system for biphasic liquid–liquid hydrogenation reactions, a batch reaction was carried out after determining maximum solubility of ethyl acrylate and ethyl propionate (1.10 and $0 4 5 ~ \\mathrm { m L }$ per $\\mathrm { m L }$ of IL, i.eapprox65 and $4 2 \\mathrm { m o l } \\%$ , respectively, at $2 0 ^ { \\circ } \\mathrm { C } )$ In $0']","['The use of ILs can also be superior to that of classical organic solvents in the hydrogenation of arenes. In present industrial applications, this reaction is performed in aqueous/organic biphasic systems [54], precluding the use of water- sensitive catalysts. The use of a biphasic IL/organic solvent system can overcome these problems [55].']","Based on the provided context, the comparison between aqueous/organic biphasic systems and biphasic IL/organic solvent systems for **arene hydrogenation** cannot be answered. The context does not discuss hydrogenation of arenes at all.  

However, the context provides insights about biphasic systems for **ethyl acrylate hydrogenation**:  
1. **IL/organic biphasic systems**:  
   - Tetrafluoroborate-based ILs form a biphasic system with ethyl acrylate/ethyl propionate.  
   - Hydrogenation is feasible but has a slow reaction rate (non-optimized system), limiting medical PHIP applications.  
   - Improvements require reactors with higher surface area for better mass transport.  

2. **Aqueous/organic biphasic systems**:  
   - Methods like CASH-SABRE involve catalyst retention in an organic phase while hyperpolarized substrates partition into an aqueous phase.  
   - Significant contamination of the aqueous phase by iridium catalysts and/or organic solvents was observed.  

**Conclusion**: The context lacks data on *arene hydrogenation* and does not directly compare the performance of aqueous/organic vs. IL/organic systems for this reaction. For ethyl acrylate hydrogenation, IL systems show promise but require optimization, while aqueous systems face contamination issues.  

**Answer**: Based on the provided information, the performance comparison for *arene hydrogenation* cannot be addressed.","The biphasic IL/organic solvent system is superior to aqueous/organic biphasic systems in the hydrogenation of arenes, as it overcomes the problems associated with water-sensitive catalysts.",0.560615796045962,0.0,1.0,0.0,0.0
18,What are the benefits and drawbacks of the QUASR-SABRE method?,"['2 \\times 1 0 ^ { 5 }$ and $P _ { \\mathrm { 1 5 N } } \\approx$ $0 2 \\%$ for SABRE-SHEATH, respectivelySee the SI for detailsWith regards to the limitations of the QUASR-SABRE method, it remains to be seen if QUASR-SABRE is capable of hyperpolarization of long-range spin sites in the substrate compoundsMoreover, future systematic experimental and theoretical studies are certainly needed to further optimize the efficiency of the QUASR-SABRE technique', 'This means that SABRE is a particularly attractive method for sensitivity enhancement of low cost and portable benchtop NMR and MRI devices where the detection fields are typically limited to 1 2 T.[9] Finally, the implementation of a SABRE experiment is relatively straight forward, fast, and not technologically demanding compared to other hyperpolarisation methods such as dissolution dynamic nuclear polarisation.[4]', 'NMR experiments\nThe SABRE method has the major advantage of being compatible with multiple consecutive repetitions; in contrast to D-DNP, it is not necessarily a single-shot methodThe simplest implementation of SABRE, which involves manually shaking the sample before insertion in the detection magnet, is not generally compatible with multi-scan experiments; the entire process may be repeated multiple times, but not with sufficient stability', 'It is important to note that the QUASR-SABRE signals are approximately 2.6-fold smaller than the signal obtained by conventional SABRE (Figure 2)This is well understood as the ramifications of various experimental detailsFirst, because the rapid coherent oscillations induced by the QUASR-pulse will average under exchange toward the center of these oscillations, the hyperpolarization generated by each pulse is significantly damped', 'Further experimental and theoretical studies are certainly warranted in the future to maximize the efficiency of the QUASR-SABRE approach described here']","['With regards to the limitations of the QUASR- SABRE method, it remains to be seen if QUASR- SABRE is capable of hyperpolarization of long- range spin sites in the substrate compounds. Moreover, future systematic experimental and theoretical studies are certainly needed to further optimize the efficiency of the QUASR- SABRE technique. For example, more advanced shaped forms (e.g., sine, exponential, trapezoid, etc.) and strategies (adiabatic pulses) can be envisioned.']","Based on the provided context, the benefits and drawbacks of QUASR-SABRE are as follows:

**Benefits:**  
1. **Compatibility with low-field NMR/MRI:** QUASR-SABRE retains SABRE's advantage of enabling sensitivity enhancement for low-cost, portable benchtop NMR/MRI devices operating at detection fields as low as 1–2 T.  
2. **Repetition compatibility:** Like SABRE, QUASR-SABRE supports multiple consecutive repetitions, unlike single-shot methods such as dissolution DNP.  

**Drawbacks:**  
1. **Reduced signal intensity:** QUASR-SABRE signals are **2.6-fold smaller** than conventional SABRE signals. This attenuation occurs because rapid coherent oscillations induced by the QUASR pulse dampen hyperpolarization through exchange-driven averaging.  
2. **Uncertainty in long-range polarization:** It remains unclear whether QUASR-SABRE can effectively hyperpolarize long-range spin sites in substrate molecules.  
3. **Need for optimization:** Systematic experimental and theoretical studies are required to maximize the technique’s efficiency, indicating current limitations in its performance.  

These conclusions are derived directly from the experimental limitations and comparative signal analysis described in the context.","The drawbacks of the QUASR-SABRE method include its current inability to hyperpolarize long-range spin sites in substrate compounds and the need for further optimization through systematic experimental and theoretical studies. The benefits include the potential for future improvements, such as the use of more advanced shaped forms (e.g., sine, exponential, trapezoid) and strategies (adiabatic pulses) to enhance efficiency.",0.45937209953365077,0.9432758047763427,0.5833333333333334,0.699999999965,0.5
19,How does the rate of conversion of parahydrogen to normal hydrogen compare between the Rh₂C and Rh⁰/C catalysts?,"['While the catalysts ${ \\mathsf { R h } } _ { 2 } { \\mathsf { C } }$ and ${ \\mathsf { R h } } ^ { \\circ } / { \\mathsf { C } }$ differ notably in the rate of conversion of parahydrogen to normal hydrogen as well as in terms of hydrogenation activity, our findings suggest that the carbide phase does not play a significant role in the pairwise ${ \\sf H } _ { 2 }$ addition route on rhodium catalysts.', 'The pairwise selectivity is comparable and less than $1 \\%$ for both catalystsThus, the $\\mathsf { R h } _ { 2 } \\mathsf { C }$ phase (or surface layers) is not responsible for observing PHIP effects over Rhbased heterogeneous catalystsAt the same time, $\\mathsf { R h } _ { 2 } \\mathsf { C }$ is characterized by a higher relative rate of conversion of parahydrogen to normal $\\mathsf { H } _ { 2 } ,$ i', 'In addition, changes were observed in the conversion rate of parahydrogen to normal hydrogen, with $\\mathsf { R h } _ { 2 } \\mathsf { C }$ converting $\\mathsf { p } \\mathrm { - } \\mathsf { H } _ { 2 }$ to $0 \\cdot \\mathsf { H } _ { 2 }$ measurably faster than ${ \\mathsf { R h } } ^ { \\circ } / { \\mathsf { C } }$ .', 'Hydrogenation experiments\nFor gas phase hydrogenation experiments, the Rh/chitosan catalyst was placed in a $1 0 \\mathsf { m m }$ NMR tube positioned inside the NMR spectrometer magnet and maintained at $1 0 0 ^ { \\circ } \\mathsf { C }$ throughout the experimentAll experiments were performed with parahydrogen, with an initial ratio of ortho and para isomers of approximately 1:1, and normal hydrogen, with an initial ratio of ortho and para isomers of approximately 3:1', 'When parahydrogen and the target nucleus transiently associate with the iridium catalyst, these states are combined to give an initial density matrix of $5 0 \\% \\mid S _ { \\mathrm { H } } a _ { \\mathrm { L } } \\rangle$ and $5 0 \\% \\mid S _ { \\mathrm { H } } \\beta _ { \\mathrm { L } } \\rangle$ This can be written as']","['While the catalysts Rh₂C and Rh⁰/C differ notably in the rate of conversion of parahydrogen to normal hydrogen as well as in terms of hydrogenation activity, our findings suggest that the carbide phase does not play a significant role in the pairwise H₂ addition route on rhodium catalysts.']","Based on the provided information:  

1.  **Rh₂C catalyst** exhibits a **higher relative rate** of conversion from parahydrogen (p-H₂) to normal hydrogen (n-H₂) compared to the **Rh⁰/C catalyst**.  
2.  Specifically, **Rh₂C converts p-H₂ to n-H₂ measurably faster** than Rh⁰/C.  

This difference in conversion rate is explicitly stated in the context as a key distinguishing property between the two catalysts.","The Rh₂C and Rh⁰/C catalysts differ notably in the rate of conversion of parahydrogen to normal hydrogen, with Rh⁰/C showing a different rate compared to Rh₂C.",0.8147062502067098,0.951964600034492,1.0,0.9999999999666667,1.0
20,How does the SABRE enhancement of isoniazid in ethanol compare to that in DMSO when both are measured relative to methanol-d4?,"['1 ^ { \\circ } \\mathsf C$ The SABRE enhancement of isoniazid shows similar solvents dependence as that of pyrazinamideCompared to methanol- ${ \\bf \\cdot d } _ { 4 }$ , the enhancements in methanol were slightly lower, in ethanol about a half, and in DMSO about one fifth, making it a less suitable solvent in which to polarize isoniazid via SABRE.', 'In methanol, ethanol and DMSO, the best enhancements were $- 9 6 0$ , $- 3 2 0$ and $^ { - 4 0 }$ respectivelyFor isoniazid, the best enhancements in methanol- ${ \\bf \\cdot d } _ { 4 }$ , methanol, ethanol and DMSO were 230, 140, $- 1 2 0$ and $- 3 4$ respectively in a magnetic field of $6 5 \\mathrm { G }$ The enhancement of proton 3 was only $5 0 \\mathrm { - } 7 0 \\%$ of that of proton 2', 'Compared to methanol- $\\mathbf { \\cdot d } _ { 4 }$ , the enhancements in methanol were reduced to a half and in ethanol to a quarter, while those in DMSO were an order of magnitude smaller and thus less suitable to polarize pyrazinamide.', '[](images/0a7bfdc4df37996f4c9f4f1fb6fb0eabcc5a9226628c381b88bd85c0f756c265.jpg) \nFig. 5. Dependence of the signal enhancement of pyrazinamide on polarization temperature in methanol (a), ethanol (b) and DMSO (c) in a magnetic field of $6 5 \\mathrm { G }$ . Notice the different vertical scales. \nFig. 6. Dependence of enhancement of isoniazid in methanol- ${ \\bf \\cdot d } _ { 4 }$ on polarization magnetic field strength at room temperature.', '[](images/1fac94b33f40ac0065e46e69ee35ca6526975657a6ac8cff9f178e7806d502ea.jpg) \nFig. 8. Polarization transfer field dependence for the $\\mathrm { ^ 1 H }$ signal enhancement of isoniazid in (a) methanol, (b) ethanol at room temperature, and (c) DMSO at $3 7 . 5 ^ { \\circ } \\mathsf C .$']","['The SABRE enhancement of isoniazid shows similar solvents dependence as that of pyrazinamide. Compared to methanol-d4, the enhancements in methanol were slightly lower, in ethanol about a half, and in DMSO about one fifth, making it a less suitable solvent in which to polarize isoniazid via SABRE.']","Based on the provided context:

1. **Enhancement in ethanol**: The SABRE enhancement of isoniazid in ethanol is approximately **half** (about 50%) of the enhancement observed in methanol-d₄. Specifically, the enhancement value in ethanol is -120 (magnitude: 120), compared to methanol-d₄ at 230.  
   - *Calculation*: 120 / 230 ≈ 0.52 (52%).  

2. **Enhancement in DMSO**: The enhancement in DMSO is approximately **one-fifth** (about 20%) of the enhancement in methanol-d₄. The enhancement value in DMSO is -34 (magnitude: 34).  
   - *Calculation*: 34 / 230 ≈ 0.15 (15%).  

**Comparison**:  
- The enhancement in ethanol (**52%** of methanol-d₄) is roughly **3.5 times greater** than in DMSO (**15%** of methanol-d₄).  
- This solvent dependence aligns with the context stating that DMSO is ""less suitable"" for polarizing isoniazid via SABRE compared to ethanol or methanol-d₄.  

**Experimental conditions**: All data were measured at **65 G** and room temperature (unless specified otherwise for DMSO in Figure 8c).","The SABRE enhancement of isoniazid in ethanol is about a half of that in methanol-d4, while in DMSO it is about one fifth, making ethanol a better solvent for polarization than DMSO but still less effective than methanol-d4.",0.4154823554067187,0.9620577639593583,1.0,0.94999999997625,1.0
21,Why does the signal gain in SABRE-Relay catalysis vary with changes in alcohol concentration?,"['When the concentration of alcohol or carrier is varied from these optimal conditions, the corresponding $^ { 1 3 } \\mathrm { C }$ signal gains decrease in the same fashion as the $^ 1 \\mathrm { H }$ signal enhancements (see $\\mathrm { E S I \\dagger } _ { \\mathrm { \\Phi } }$ )We also note that for 3-methyl-1-butanol, the use of ${ \\mathrm { N H } } _ { 3 }$ (A) as a carrier is necessary to observe SABRE-Relay hyperpolarization in the $^ { 1 3 } \\mathrm { C }$ responses in a single scan', 'At low relative concentrations of alcohol, the $\\mathrm { O C } H _ { 2 }$ signal gain was reducedFor example, when just 0.4 eq(2 mM) of 1-propanol was present in the SABRE-Relay catalysis, a signal gain of 128-fold was quanti\ue103edAs the relative amount of alcohol is increased to 5 equivalents, the $\\mathrm { O C } H _ { 2 }$ signal gain increases to reach a maximum of 723-fold per protonIncreasing the alcohol concentration further then leads to a decrease in signal gain', 'Effect of amine and alcohol concentration\nSABRE derived signal enhancements are known to be highly dependent on the ratio of catalyst to substrate with lower concentrations typically yielding higher signal gains.49,50 It is accepted that this is a consequence of the available ${ p \\mathrm { - } } \\mathrm { H } _ { 2 }$ derived polarization pool being shared across a \ue103nite number of spins', 'Additionally, an 88-fold $^ 1 \\mathrm { H }$ signal gain for the $\\mathrm { O C } H _ { 2 }$ resonance was quanti\ue103edThese signal gains are signi\ue103cantly reduced when compared to 1-propanol or 3-methyl-1-butanol and may be indicative of the alcohol being too acidic for SABRE-Relay with ${ \\bf N H } _ { 3 }$ A further screen of less basic carrier amines may thus yield improved results.', 'The detection of alcohols by magnetic resonance techniques is important for their characterization and the monitoring of chemical changeHyperpolarization processes can make previously inpractical measurements, such as the determination of low concentration intermediates, possibleHere, we investigate the SABRE-Relay method in order to define its key characteristics and improve the resulting $^ 1 \\mathsf { H }$ NMR signal gains which subsequently approach $1 0 ^ { 3 }$ per proton']","['At low relative concentrations of alcohol, the  $\\mathrm{OCH}_2$  signal gain was reduced. For example, when just 0.4 eq. (2 mM) of 1- propanol was present in the SABRE- Relay catalysis, a signal gain of 128- fold was quantified. As the relative amount of alcohol is increased to 5 equivalents, the  $\\mathrm{OCH}_2$  signal gain increases to reach a maximum of 723- fold per proton. Increasing the alcohol concentration further then leads to a decrease in signal gain.']","The signal gain in SABRE-Relay catalysis varies with alcohol concentration due to the following principles derived from the provided context:

1. **Polarization Pool Sharing**:  
   SABRE signal enhancements depend critically on the ratio of catalyst to substrate. At low alcohol concentrations, the finite polarization pool derived from *para*-H₂ is shared across fewer substrate molecules, resulting in higher per-proton signal gains. For example:
   - At **0.4 equivalents (2 mM)** of 1-propanol, the OCH₂ signal gain was **128-fold**.  
   - At **5 equivalents**, the gain peaked at **723-fold** per proton.

2. **Optimal Concentration Window**:  
   Increasing alcohol concentration initially improves signal gain by providing more substrate for polarization transfer. However, beyond an optimal point (e.g., >5 equivalents for 1-propanol), further increases cause:
   - **Dilution of Polarization**: The fixed *p*-H₂-derived polarization is distributed across more substrate spins, reducing per-molecule polarization.
   - **Reduced Signal Gain**: Excess alcohol saturates the system, diminishing efficiency.

3. **Acidity and Carrier Dependence**:  
   Signal gains also depend on alcohol acidity and the choice of carrier amine (e.g., NH₃). For instance, 3-methyl-1-butanol required NH₃ as a carrier for observable ¹³C hyperpolarization. Excessively acidic alcohols show reduced gains due to suboptimal relay efficiency.

### Key Experimental Evidence:
- **Low Concentration**: 0.4 eq alcohol → 128-fold gain (suboptimal polarization transfer).  
- **Optimal Concentration**: 5 eq alcohol → 723-fold gain (peak efficiency).  
- **High Concentration**: >5 eq alcohol → decreased gain (polarization dilution).  

This concentration-dependent behavior aligns with the fundamental SABRE principle that hyperpolarization is maximized when substrate availability balances the polarization pool size.","The signal gain varies because at low alcohol concentrations, the signal gain is reduced, while increasing the alcohol concentration up to a certain point (5 equivalents) maximizes the signal gain. Further increases in alcohol concentration beyond this point lead to a decrease in signal gain.",0.768438421960217,0.9590393521963213,0.9166666666666666,0.99999999995,1.0
22,What is the second step in the process of transferring a hyperpolarized sample to the NMR spectrometer?,"['A typical SABRE hyperpolarization experiment is carried out in two stepsFirst, the reversible exchange reaction with $\\mathrm { p } { \\cdot } \\mathrm { H } _ { 2 }$ is carried out over a few seconds in a weak magnetic field $( \\mathrm { n T - m T } )$ in order to build-up hyperpolarization on the target substrate in solutionSecond, the sample is rapidly transferred into a high-field NMR spectrometer $( \\geq 1 \\mathrm { T } )$ for signal detection', 'Second, the sample is rapidly transferred into a high-field NMR spectrometer $( \\geq 1 \\mathrm { T } )$ for signal detectionThe practical implementation of this two-step process, either using the manual shaking of the sample in an NMR tube or using an automated flow approach [26–29], is straight-forward, but it limits our ability to directly observe the polarization transfer that is at the heart of the SABRE process', 'For hyperpolarisation experiments, the pulse sequences are applied immediately following the SABRE-hyperpolarisation step and sample transfer into the benchtop NMR spectrometer.', 'After hyperpolarization the sample is transferred into NMR spectrometer for detection(B) para- $\\cdot \\mathrm { H } _ { 2 }$ and $^ { 1 5 } \\mathrm { N } .$ - pyridine $\\scriptstyle ( { } ^ { 1 5 } \\mathrm { N - P y } )$ in exchange with $\\mathrm { \\small { [ I r H _ { 2 } ( ^ { 1 5 } N - P y ) _ { 3 } ( \\bar { I } M e s ) ] ^ { + } } }$ On the catalyst para- $\\cdot \\mathrm { H } _ { 2 }$ transfers its hyperpolarization to $^ { 1 5 } \\mathrm { N \\mathrm { - P y } }$ through the Jcoupling network', 'As in the semi-automated approach, $\\boldsymbol { p } \\mathrm { H } _ { 2 }$ is first bubbled through the sample in a reaction cell held inside an electromagnet at $B _ { \\mathrm { P T F } }$ Following the build-up of hyperpolarisation, the sample is pneumatically transferred (under nitrogen gas pressure) into the benchtop NMR spectrometer for detection']","['The text describes the procedure for transferring a hyperpolarized sample to an NMR spectrometer after generating nuclear spin polarization in the solid state. Key steps include dissolving the sample, transporting it (manually or automatically), and maintaining a magnetic field during transport to prevent polarization loss.']","Based on the provided context, the second step in the process is:  
**The sample is rapidly transferred into a high-field NMR spectrometer (≥1 T) for signal detection.**  

Key details from the context:  
1. This transfer occurs immediately after hyperpolarization buildup.  
2. Methods include:  
   - Manual shaking of the sample in an NMR tube.  
   - Automated pneumatic transfer under nitrogen gas pressure (in benchtop NMR systems).  
3. The purpose is to detect the hyperpolarized NMR signal in a high-field environment.  

No other intermediate steps are described between hyperpolarization and detection.",Dissolve the sample rapidly by injection of hot solvent.,0.5882169600669858,0.6264718212975965,1.0,0.0,0.0
23,Why does the average SNR decrease within the first usable spectrum at each %pH2 level?,"['Of note is the reduction in average SNR observed within the first usable spectrum at each $\\boldsymbol { \\% } p \\mathbf { H } _ { 2 }$ levelThe decrease in SNR is due to the reduced proportion of $p \\mathrm { H } _ { 2 }$ present at lower $\\boldsymbol { \\% } p \\mathbf { H } _ { 2 }$ enrichment levels as this produces a comparatively lower proportion of hyperpolarised product complexes during each evolution delay', 'In region I the pyridine concentration is lower than the para-hydrogen concentration, thus making the amount of pyridine the limiting factorAs the concentration of pyridine is decreased, the SNR decreases as wellIn other words, the dependency of the SNR on the concentration is a result of the turn-over frequency of the catalyst, the three body collision between para- ${ \\bf \\cdot H } _ { 2 }$ , catalyst and pyridine and the concentration dependency of $T _ { 1 }$', 'This is due to the lower sensitivity of', '6 \\mathrm { H z }$ has an SNR of ${ \\sim } 1 5$ At that concentration, smaller peaks that are $1 0 { - } 3 0$ times weaker than the main peak have an SNR on the order of one, and spectral information is lost at lower concentrationsAt the expense of spectral information, it is possible to go to even lower concentrations, as demonstrated in ref 25', 'SABRE SNR values are reported as the average over three repeat measurementsFluorine SNR enhancement factors $\\left( \\varepsilon _ { \\mathrm { S N R } } \\right)$ are calculated as the ratio of the average SNR of the SABRE spectra and the SNR per one scan of the reference spectrum']",['Of note is the reduction in average SNR observed within the first usable spectrum at each %pH2 level. The decrease in SNR is due to the reduced proportion of pH2 present at lower %pH2 enrichment levels as this produces a comparatively lower proportion of hyperpolarised product complexes during each evolution delay. This will impact the number of data points able to be collected prior to loss of NMR signal into the spectral noise.'],"The average SNR decreases within the first usable spectrum at each %pH<sub>2</sub> level due to the **reduced proportion of para-hydrogen (pH<sub>2</sub>)** present at lower enrichment levels. This lower proportion results in a comparatively smaller fraction of hyperpolarized product complexes formed during each evolution delay, directly diminishing the signal intensity and thus reducing the SNR.","The decrease in SNR is due to the reduced proportion of pH2 present at lower %pH2 enrichment levels, which produces a comparatively lower proportion of hyperpolarised product complexes during each evolution delay, impacting the number of data points able to be collected prior to loss of NMR signal into the spectral noise.",0.711027093187443,0.9797862817078765,0.6,0.9999999999,1.0
24,Why are hyperpolarization levels afforded by supported metals and metal-oxide catalysts limited to only a few percent in PHIP?,"['The ease of separation of the hyperpolarized product from the polarizing agent is a key advantage of PHIP by heterogeneous catalysis.[15–23] However, hyperpolarization levels afforded by supported metals and metal-oxide catalysts have up to now been limited to only a few percent owing to the low pairwise selectivity of hydrogenation on metal surfacesPHIP is observed only if the two protons incorporated into the substrate originate from the same ${ \\sf H } _ { 2 }$ molecule', 'However, the systematic investigations of pairwise hydrogen addition selectivity for various heterogeneous catalysts revealed that hyperpolarization levels afforded by supported metals like Pt [20], Pd [21], Rh [17], and Ir [22, 23] are limited to a few percents due to a low degree of pairwise $\\mathrm { H } _ { 2 }$ addition on metal surfaces', 'While supported metals do work in PHIP experiments, at present the achieved polarizations normally do not exceed a few percent in experiments where significant product yields have been achievedTherefore, an active search for better heterogeneous catalysts continues', 'Note that the nature of the heterogeneous solid catalyst can have a significant impact on the polarization level, and titaniasupported metal catalysts were shown to exhibit larger PHIP effects compared to metals on other supports.[215] The polarization level for ${ \\mathsf { H P } }$ gases produced over supported metal catalysts can be several percent,[28b,216] and it can change with the variation of the size of the supported metal nanoparticles.[217] Larger polarizations are observed for smaller Pt', 'The observation of parahydrogen-induced polarization with supported metal catalysts should not be limited to the Pt and Pd catalysts onlyOur preliminary results demonstrate that other supported metals can produce parahydrogeninduced polarization as wellThe PHIP phenomenon can thus be potentially employed to develop highly sensitive approaches for advancing mechanistic and kinetic studies of reactions catalyzed by supported metal catalysts']","['However, hyperpolarization levels afforded by supported metals and metal- oxide catalysts have up to now been limited to only a few percent owing to the low pairwise selectivity of hydrogenation on metal surfaces. PHIP is observed only if the two protons incorporated into the substrate originate from the same  $\\mathsf{H}_{2}$  molecule. However, if  $\\mathsf{H}_{2}$  chemisorbs on a metal such as  $\\mathsf{Pt}$ , it dissociates into separate H atoms that rapidly diffuse and comingle with other H atoms on the surface. This kills the PHIP effect.']","The hyperpolarization levels achieved with supported metals and metal-oxide catalysts in PHIP are limited to a few percent primarily due to **low pairwise selectivity during hydrogenation on metal surfaces**. This limitation arises because:  

1. **Pairwise addition requirement**: PHIP relies on the incorporation of two hydrogen atoms from the *same* para-H₂ molecule into the substrate. On metal surfaces, hydrogenation often proceeds via non-pairwise pathways, where the two H atoms originate from *different* H₂ molecules. This dilutes the spin correlation needed for polarization.  

2. **Catalyst surface dynamics**: Metal nanoparticles (e.g., Pt, Pd, Rh, Ir) exhibit heterogeneous active sites that favor random H-atom addition, reducing the fraction of pairwise-selective reactions. Smaller nanoparticle sizes and specific supports (e.g., TiO₂) can improve polarization but still cap gains at a few percent.  

3. **Experimental evidence**: Systematic studies confirm that polarization levels remain low (typically ≤5%) despite high product yields, as seen in Pt, Pd, Rh, and Ir catalysts.  

Research continues to address this limitation through catalyst design (e.g., optimizing support materials or nanoparticle size), but pairwise selectivity remains a fundamental challenge for metal-based heterogeneous catalysts in PHIP.  

---  
*Answer derived from principles of PHIP and catalyst behavior described in the provided context.*","Hyperpolarization levels are limited because the low pairwise selectivity of hydrogenation on metal surfaces causes the H2 molecules to dissociate into separate H atoms that rapidly diffuse and comingle with other H atoms on the surface, which kills the PHIP effect.",0.4925525119320839,0.9882188838595257,1.0,0.99999999995,1.0
25,Why can rf fields be used to eliminate thermally polarized signals in SABRE experiments?,"['A basic principle is to use rf fields to produce LAC conditions in the rotating frame as suggested in rf-SABRE,[51] low-irradiation generation of high Tesla-SABRE (LIGHTSABRE),[52] and rf-SABRE with adiabatic passage through LAC.[53] Unlike a static external magnetic field, the rf field has two adjustable parameters: amplitude and frequency, which can be used as another handle to manipulate the transfer of polarizationFor example, it can be utilized to eliminate all the thermally polarized signal (e.g', 'Using strong RF-fields also enables considerable suppression of NMR signals of all thermally polarized molecules, which is advantageous in many applicationsOur method can also be applied in the opposite way: initial net polarization can be converted into long-lived polarization by adiabatically switching on a strong RF-field with a properly set frequency thus populating the LLS', 'Using RF-fields can make SABRE a high-field technique that does not require fieldcycling; this can be advantageous for NMR and MRI applications', 'Such approaches are standard in thermal based MRS, but successful implementation takes time, requires a localized voxel shimming approach, and uses high flip angle pulses.61-65 High flip angle RF pulses, when applied during a SABRE based experiment could potentially attenuate the desired hyperpolarization signal (especially in vivo where field shimming is compromised) and therefore would be somewhat detrimental', '{ 1 5 } { \\sf N }$ NMR spectra were recorded using $^ 1 \\mathsf { H }$ decoupling and $9 0 ^ { \\circ }$ RF pulse. $^ 1 \\mathsf { H }$ NMR spectra (used for analysis of the the composition of Ir hydride complexes, see Figures S1–S2) were acquired using $4 5 ^ { \\circ }$ RF pulse for high-field SABRE experiments and $9 0 ^ { \\circ }$ RF pulse for the spectra of thermally polarized samples.']","['Unlike a static external magnetic field, the rf field has two adjustable parameters: amplitude and frequency, which can be used as another handle to manipulate the transfer of polarization. For example, it can be utilized to eliminate all the thermally polarized signal (e.g. from  $\\mathrm{H}_2\\mathrm{O}$ ) to leave only the hyperpolarized signal, which significantly improves the spectral appearance.']","Based on the provided context, RF fields can eliminate thermally polarized signals in SABRE experiments due to two key mechanisms:  

1. **Selective Suppression via RF Amplitude/Frequency Control**:  
   RF fields enable manipulation of polarization transfer by adjusting amplitude and frequency. Strong RF fields specifically suppress NMR signals of thermally polarized molecules while leaving hyperpolarized SABRE signals intact. This selective suppression occurs because the RF field creates level anti-crossing (LAC) conditions in the rotating frame, which disrupts thermal polarization pathways without affecting the hyperpolarized state generated via SABRE.  

2. **Adiabatic Population Transfer**:  
   When a strong RF field is applied adiabatically (with appropriate frequency), it converts net polarization into long-lived spin states (e.g., long-lived singlet states). This process depopulates thermally polarized states, effectively eliminating their NMR signals.  

### Experimental Advantages:  
- **High-Field Compatibility**: RF fields allow SABRE to operate at high magnetic fields without field-cycling, avoiding technical challenges like shimming.  
- **Signal Purity**: Eliminating thermal signals enhances contrast for hyperpolarized targets, crucial for applications like *in vivo* NMR/MRI where thermal background obscures detection.  

The context does not specify the exact quantum mechanical details of the suppression mechanism but confirms that RF parameters (amplitude/frequency) are key to this effect.","Rf fields have adjustable amplitude and frequency, which can be manipulated to eliminate thermally polarized signals, leaving only the hyperpolarized signal and thus improving spectral appearance.",0.5276997479510095,0.9344522708979585,0.35,0.99999999995,1.0
26,What is the first step in imaging the hyperpolarized malate that formed from the metabolism?,"['To image the hyperpolarized malate that formed from the metabolism, we applied OPE-s90 to selectively excite the malate protons, immediately followed by a $9 0 ^ { \\circ }$ rf pulse to return the magnetization back to the $z$ -axis, and then applied a fast low-angle shot (FLASH) sequence[62] with centric reordering to acquire a $6 4 \\times 6 4$ pixel imageThe complete imaging sequence is shown in Figure 5b', 'Since the fumarate protons originate from parahydrogen, the malate becomes hyperpolarized, and the resulting enhanced NMR signals are antiphaseThese PASADENA (Parahydrogen And Synthesis Allow Dramatically Enhanced Nuclear Alignment) signals can be observed by applying a $4 5 ^ { \\circ }$ rf pulse.[17] The formation and metabolism of fumarate are shown in Figure 1, alongside a comparison between PASADENA and thermal equilibrium $\\mathrm { ^ { 1 } H }$ NMR spectra of malate', 'We study two model processes: the conversion of fumarate into malate, which is used in vivo as a marker of cell necrosis,18 and the conversion of pyruvate into lactate, which is by far the most widely studied metabolic process in hyperpolarization-enhanced imaging.19 Hyperpolarized $^ { 1 3 } \\mathrm { C } .$ - labeled metabolites were prepared via parahydrogen-induced polarization (PHIP),20,21 which involves chemically reacting a precursor molecule with molecular hydrogen in the nuclearspin singlet state', 'One step in this cycle is the dehydrogenation of succinate to fumarate by the enzyme succinate dehydrogenase, which in turn is converted to malate by the enzyme fumarase [57]This last step is of particular interest for hyperpolarized in\xa0vivo imaging, and has been used to probe the efficacy of cancer therapies [58, 59]Employing $^ { 1 3 } \\mathrm { C }$ -DNP hyperpolarization, Gallagher et\xa0al', 'Introduction\nHyperpolarized magnetic resonance imaging is a rapidly emerging field of molecular imaging intended to explore metabolically impaired diseases such as cancerNMR hyperpolarization increases nuclear spin alignment by several orders of magnitude1, an outcome that can be exploited by preparation of exogenous metabolic contrast agents, which can interrogate the metabolism in living organisms']","['To image the hyperpolarized malate that formed from the metabolism, we applied OPE-s90 to selectively excite the malate protons, immediately followed by a 90° rf pulse to return the magnetization back to the ξ-axis, and then applied a fast low-angle shot (FLASH) sequence[62] with centric reordering to acquire a 64×64 pixel image.']","Based on the provided context, the first step in imaging hyperpolarized malate formed from metabolism is:  
**Applying OPE-s90 to selectively excite the malate protons.**  

This step is immediately followed by a 90° rf pulse to return magnetization to the z-axis, and then a FLASH sequence with centric reordering for image acquisition. The complete imaging sequence is illustrated in Figure 5b of the source material.",The first step is to apply OPE-s90 to selectively excite the malate protons.,0.4863171144179369,0.986446357325928,1.0,0.9999999999,1.0
27,Why is the preparation of medical-grade $1 - ^{13}\mathrm{C}$ - VP-d6 significantly more challenging and expensive compared to its standard synthesis?,[],"['With such high yields, the synthesis can be scaled up to industrial production. $1 - ^{13}\\mathrm{C}$ - VP- d6 can also be prepared at relatively low costs (several thousand euros per gram). However, the preparation of medical- grade $1 - ^{13}\\mathrm{C}$ - VP- d6 will likely be significantly more challenging and expensive.']","Based on the provided information, the question cannot be answered. The RAG knowledge base does not contain specific details regarding the synthesis challenges or cost factors of medical-grade $1 - ^{13}\mathrm{C}$ - VP-d6 compared to its standard synthesis.","The preparation of medical-grade $1 - ^{13}\mathrm{C}$ - VP-d6 is more challenging and expensive because it requires stricter purity and safety standards, which involve additional processes and quality controls not needed for standard synthesis.",0.19492638195322076,0.0,0.3333333333333333,0.0,0.0
28,What is the third step in the experimental procedure described?,"['III. EXPERIMENTAL', 'We would like to highlight that the experimental procedure for the polarization transfer step in the field sweep experiments differs from that used in the pressure and temperature sweep experiments (for spe\xad cific details, refer to Step 5 in the High-pressure SABRE Experimental Procedure section of the supplementary information)The differences in polarization results between these two methods also reflect the inherent limitations of the high-pressure SABRE experiment', '3. Experimental section', 'Experimental Section\nThe precatalyst, [Ir(IMes)(COD)Cl] (COD stands for 1,5-cyclooctadiene), was synthesized using the procedure described in reference[18] and $^ { 1 5 } { \\sf N }$ -enriched ABZ was synthesized as described in', 'This procedure was repeated again to get the results for the third cycleThe filtrate of each cycle was kept to investigate the leaching properties according to the above described procedure.']","['The solution was first precooled to $0^\\circ \\mathrm{C}$ for a minute, placed in a polarization transfer field (PTF) of $0.4\\mu \\mathrm{T}$ and bubbled at room temperature $(\\sim 20^{\\circ}\\mathrm{C})$ with a flow rate of 120 sccm.']","Based on the provided information, the specific steps of the experimental procedure are not enumerated in the context. The text mentions:

1. Reference to ""Step 5 in the High-pressure SABRE Experimental Procedure"" (without describing earlier steps)
2. A repetition of a procedure for the third cycle
3. Retention of filtrate for leaching analysis

However, no explicit first, second, or third steps of the core experimental procedure are described in the available text. The context does not provide sufficient detail to identify a distinct ""third step"" in the experimental workflow.

Therefore, based on the provided information, the question cannot be answered.",The third step is placing the solution in a polarization transfer field (PTF) of 0.4μT and bubbling at room temperature.,0.13478240733733515,0.0,1.0,0.0,0.0
29,Why does the melting point of ionic liquids vary with the choice of anion and cation?,"['A more general idea can be derived from these results: solubility problems of catalysts can be overcome by alteration of either the ligand structure or the counter-ion in case of ionic homogeneous catalysts. The preparative effort of anion exchange can thus be circumvented using ILs, which offer a large portfolio of anion and cation variations. A soluble, liquid and hence highly active catalyst system is formed in situ after addition of an IL excess (with respect to the catalyst).', 'This difference is possibly due to the very different reaction conditions (gas vsliquid phase and temperatures)', 'for the $[ \\mathsf { S C N } ] ^ { - }$ , $\\left[ \\mathrm { C F } _ { 3 } \\mathrm { C O } _ { 2 } \\right] ^ { - }$ and $\\mathrm { [ C H _ { 3 } C O _ { 2 } ] ^ { - } }$ anions the solubility decreases in this order, probably due to their hydrogen bond acceptor properties.43', 'In the second series, the calcination temperature was varied', 'Ionic liquids [153–155] have become an attractive option for the possible replacement of conventional molecular solventsFeatures that make ionic liquids attractive include their lack of vapour pressure and the great versatility of their chemical and physical propertiesA further advantage is the possibility of biphasic catalysisThis can be achieved where the catalyst and reactants are miscible in the ionic liquid and the products are insoluble']","[""With a given cation, the choice of anion has a strong effect on the melting point. Coordinating and hydrophilic anions like the halides lead to high melting points, whereas weakly coordinating and hydrophobic anions result in low melting points. By variation of the alkyl chain length in the cation, fine-tuning of the melting point can be achieved. Symmetrically substituted cations can crystallise easily and therefore often lead to 'ionic solids' (i.e., high melting points). Low symmetry in substitution can prevent easy crystallisation, resulting in low melting points.""]","Based on the provided information, the specific reason why the melting point of ionic liquids varies with anion and cation choice is not addressed in the context. The context focuses on solubility, catalytic activity, and physicochemical properties like vapor pressure, but does not discuss melting points or their dependence on ion selection.  

If you have questions about ionic liquids in the context of PHIP/SABRE-NMR (e.g., their role in solubility enhancement, biphasic catalysis, or polarization transfer), I can provide further details based on the available information.","The melting point varies because coordinating and hydrophilic anions (e.g., halides) lead to high melting points, while weakly coordinating and hydrophobic anions result in low melting points. Additionally, symmetrically substituted cations crystallise easily, leading to high melting points, whereas low symmetry and longer alkyl chains (up to a certain limit) prevent easy crystallisation, resulting in lower melting points.",0.18152342341710123,0.0,0.6666666666666666,0.0,0.0
30,How does the chemical conversion of 1′ compare to that of 2′ and 3′ in the PR-above experiment?,"[""30 s and lasting over 1 min after thatThis pattern of signals was successfully reproduced for HP product 1 during the PR-above experiment on another day, so this behavior is likely caused by higher chemical conversion of $\\mathbf { \\delta } _ { \\mathbf { l } ^ { \\prime } }$ compared to $\\mathbf { \\delta } _ { 2 ^ { \\prime } }$ and 3'"", '{ P P h } _ { 3 }$ were observed (same chemical shift, signal intensity, and $ { { } ^ { 1 } \\mathrm { H } } - { { } ^ { 3 1 } \\mathrm { P } }$ couplings)', '\\mathrm{Rh(H)}_{2}(\\mathrm{PR}_{3})_{2}(\\mu\\mathrm{-}\\mathrm{X})_{2}\\mathrm{Rh(CO)(PR}_{3})]$.[40]However,uponreplacing$\\mathrm{PPh}_{3}$by$\\mathrm{PMe}_{3}$,complexeswithabridginghydride,$[\\mathrm{H}(\\mathrm{X})\\mathrm{Rh}(\\mathrm{PMe}_{3})_{2}(\\mu\\mathrm{-}\\mathrm{H})(\\mu\\mathrm{-}\\mathrm{X})\\mathrm{Rh}(\\mathrm{PMe}_{3})$', 'Reactionsof$[\\mathbf{RhCl}(\\mathbf{CO})(\\mathbf{PMe}_{3})_{2}]$with$\\mathbf{H}_{2}.$–Demonstrationofaroleforbinucleardihydridecomplexesduringhydrogenationcatalysis:Inanumberofrelatedstudiesithasbeenshownthatthecomplexes$[\\mathrm{RhX(CO)}(\\mathrm{PR}_{3})_{2}]$$[\\mathbf{X}=\\mathbf{C}]$,Br,I;$\\mathbf{R}=\\mathrm{Ph}]$reactthermallywith$\\mathrm{H}_{2}$toformbinuclearcomplexesofthetype$[\\mathrm{Rh(H)}_{2}(\\mathrm{PR}_{3})_{2}(\\mu\\mathrm{-}\\mathrm{X})_{2}\\mathrm{Rh(CO)(PR}_{3})]$.[40]However,uponreplacing$\\mathrm', '1) and takes around 19 s in totalOur experiments show that after the polarization transfer (but before cleavage) $7 1 \\%$ $^ { 1 3 } \\mathrm { C }$ polarization is obtained at the site of interestAfter cleavage and phase extraction we achieved $4 3 \\% \\ ^ { 1 3 } \\mathrm { C }$ polarization of $\\mathbf { 1 } \\ \\mathrm { m M }$ pyruvate in the aqueous phaseThus, PR-SAH could be a potentially useful cost-effective approach to perform hyperpolarized $^ { 1 3 } \\mathrm { C }$ experiments entirely in high field']",['This behavior is likely caused by higher chemical conversion of 1′ compared to 2′ and 3′. Higher chemical conversion leads to larger molar polarization of nascent HA and HB protons which results in stronger PRINOE- mediated polarization of the 1c proton.'],"Based on the provided context:  

> **""This pattern of signals was successfully reproduced for HP product 1 during the PR-above experiment on another day, so this behavior is likely caused by higher chemical conversion of $\mathbf { \delta } _ { \mathbf { l } ^ { \prime } }$ compared to $\mathbf { \delta } _ { 2 ^ { \prime } }$ and 3'""**  

The chemical conversion of **1'** (denoted as $\mathbf { \delta } _ { \mathbf { l } ^ { \prime } }$) is **higher** than that of **2'** ($\mathbf { \delta } _ { 2 ^ { \prime } }$) and **3'**. This difference in conversion rates was experimentally observed in the PR-above experiment and is attributed to the described signal behavior.",The chemical conversion of 1′ is higher than that of 2′ and 3′ in the PR-above experiment.,0.6348702030599193,0.7419644910371477,1.0,0.9999999999,1.0
31,Why do heterogeneous catalysts operating at high temperature result in weak polarizations and low efficiencies when generating hyperpolarized propane?,"['The development of PHIP methods for generating hyperpolarized propane, by propene hydrogenation, is also of significant interest in human lung imaging,24 reactor and microfluidic device visulation,25−27 and high-resolution MRI detection.28 Here, heterogeneous catalysts operating at high temperature have been extensively used to generate hyperpolarized propane, often under experimentally challenging flow conditions ,29−31 for example, supported heterogeneous catalysts that operate at $1 0 0 ~ ^ { \\circ }', 'The utilization of heterogeneous catalysts in such processes is essential because homogeneous metal complexes are very difficult to remove rapidly and completely from the reaction medium after reaction is completed to produce a biocompatible injectable solution of a hyperpolarized metaboliteLarge scale batch mode production of hyperpolarized propane has been also demonstrated [72], which has certain potential for future biomedical lung imaging applications', 'However relatively weak polarizations normally result ${ \\bf \\tilde { \\rho } } _ { \\sim 3 }$ to $1 1 \\% ) ^ { 3 2 - 3 4 }$ and catalyst efficiencies normally remain low $( \\sim \\mathrm { i } 0 \\% ) , ^ { 3 5 - 3 8 }$ which combined lead to low overall catalytic flux', 'The fact that polarization levels observed are not high could be the result of the paramagnetic nature of the catalyst, which is expected to lead to a significant relaxation of polarization in the reaction intermediates as well as the product (propane) before it can be detectedIn addition, low conversion of propene also limits the amount of polarized propane produced in the reaction', 'The main disadvantage of homogeneous hydrogenation for production of hyperpolarized (HP) products is the difficulty of their separation from the dissolved catalystWhile the separation may be realized by cation-exchange filtration,21 complete removal of the dissolved metal complex requires extra time, and avoiding partial loss of polarization is hardly possibleWith PHIP based on heterogeneous catalysts, the catalyst can be easily removed, reused, or recycled, or the process may be run in a continuous mode']","[""Here, heterogeneous catalysts operating at high temperature have been extensively used to generate hyperpolarized propane, often under experimentally challenging flow conditions,29- 31 for example, supported heterogeneous catalysts that operate at  $100^{\\circ}\\mathrm{C}$  or above. However relatively weak polarizations normally result  $(\\sim 3$  to  $11\\%$  32- 34 and catalyst efficiencies normally remain low  $(\\sim 10\\%)$  35- 38 which combined lead to low overall catalytic flux. As propane's  ${}^{1}\\mathrm{H}$  and  ${}^{13}\\mathrm{C}$ $T_{1}$  relaxation times are short, rapid and efficient creation of a high flux of hyperpolarized product is critical if operando catalytic methods or imagining applications using PHIP are to be developed.25,33""]","Based on the provided context, heterogeneous catalysts operating at high temperature for hyperpolarized propane production exhibit weak polarizations and low efficiencies due to two interrelated factors:

1. **Paramagnetic catalyst-induced relaxation**:  
   The paramagnetic nature of these catalysts promotes rapid relaxation of nuclear spin polarization in reaction intermediates and the final propane product. This occurs before detection, significantly diminishing the observed polarization levels (typically 3-11%).

2. **Low propene conversion**:  
   The reaction suffers from limited substrate conversion, directly restricting the quantity of hyperpolarized propane generated. This contributes to low overall catalytic flux and efficiencies (typically ∼10%), despite the operational advantages of heterogeneous systems.

These limitations collectively result in suboptimal polarization transfer and reduced catalytic output. The context does not provide further details on alternative mitigation strategies beyond these identified factors.","Because propane's 1H and 13C relaxation times are short, making rapid and efficient creation of a high flux of hyperpolarized product critical for operando catalytic methods or imaging applications using PHIP.",0.1745334351748584,0.9333435355339273,0.9166666666666666,0.0,0.0
32,What is the first step in the PhD-PHIP experiment described?,"['The PHIP experiments corroborate the finding that the catalysts need an initial activation step. Whereas after the first hydrogenation (PHIP1) no PHIP activity of $[ \\mathsf { S i O } _ { 2 }$ –Py–Wilk] was visible, slight activity in the hydrogenation with parahydrogen was observed after the second hydrogenation step (PHIP 2), and finally a much higher activity was observed in the third and the fourth step (PHIP 3 and PHIP 4).', 'This simple experiment shows that PhD-PHIP is an extremely sensitive tool to monitor chemical reactions at low magnetic fields even with a poor degree of homogeneity.', 'In Figure $3 \\mathsf { b } ,$ , the variable $\\mathbf { t } _ { \\mathrm { r } }$ measures the time since the beginning of the reaction and the normalized intensity comes exclusively from the signal in the central part of the spin-echo spectraThe data point marked as $"" 1 ""$ was acquired just before the first bubblingEvery experiment consists of a bubbling period followed by acquisition with the PhD-PHIP sequence', 'In the original parahydrogen-induced polarisation (PHIP) experiments, the chemical addition of ${ \\mathsf { p H } } _ { 2 }$ onto the substrate releases its spin order, in the form of population differences across observable transitions that are significantly enhanced compared to their thermal equilibrium value.[4] This PHIP approach, however, involves an irreversible chemical modification of the substrate', 'The properties listed above suggest the feasibility of considering the PhD-PHIP sequence as an independent acquisition block after the single $4 5 ^ { \\circ }$ pulse customarily used in PHIP signalsIn what follows, we provide a simple explanation of the mechanism behind PhD-PHIP, including details on the implementation and possible limitationsWe show experiments performed at high and low magnetic fields where the performance and potentiality of the sequence are demonstrated']",['Every experiment consists of a bubbling period followed by acquisition with the PhD-PHIP sequence.'],"Based on the provided context, the first step in the PhD-PHIP experiment is:  
**a bubbling period with parahydrogen**, followed by acquisition using the PhD-PHIP sequence.  

This is explicitly stated in the context:  
> *""Every experiment consists of a bubbling period followed by acquisition with the PhD-PHIP sequence.""*  

Additionally, the initial activation step for the catalyst (observed in PHIP1) occurs during this first bubbling phase, though no PHIP activity is visible until subsequent steps.",A bubbling period followed by acquisition with the PhD-PHIP sequence.,0.5575615763457863,0.9835662548621972,0.6666666666666666,0.3333333333,1.0
33,Why does varying contact time have little effect on propene selectivity for the single-atom Pd1/ND@G catalyst?,"['However, it should be stressed that for the single-atom $\\mathrm { P d _ { 1 } } / \\mathrm { N D } @ \\mathrm { G }$ catalyst, varying contact time has little effect on propene selectivity, which remains at the $9 7 -$ $1 0 0 \\%$ levelBy analogy with acetylene hydrogenation and performed DFT calculations,17 one may conclude that the energy barrier to further hydrogenation to propane is much higher than that for the desorption of adsorbed propene to the gas phase', 'As shown in Fig7, changing the catalyst loading has little influence on the propane selectivity, while the propene conversion is largely enhanced with a higher catalyst loadingInterestingly, the average SEF follows a decreasing trend as the catalyst amount increases, which is 56.1, 49.0 and 31.2 for the reactions with $1 0 \\ \\mathrm { m g }$ (Fig7a), $3 0 ~ \\mathrm { m g }$ (Fig5b) and $6 0 ~ \\mathrm { m g }$ (Fig7b) catalyst, respectively', 'At a higher flow rate (220 $\\mathrm { m L _ { n } } / \\mathrm { m i n } )$ , this effect leveled off, and the selectivity was $8 5 \\%$ , indicating that the selectivity to propene directly depends on the contact time of both propyne and propene with the catalyst', 'These observations are consistent with the previous studies of the $\\mathrm { P d / N D } @ \\mathrm { G }$ catalysts in selective hydrogenation of acetylene17 and phenylacetylene.42 The high selectivity of the $\\mathrm { P d } _ { \\mathrm { 1 } } / \\mathrm { N D } @ \\mathrm { G }$ catalyst can be associated with the single-atom nature of active Pd', '\\mathrm { p } { - } \\mathrm { H } _ { 2 } \\right.$ to propene and is likely favored by the confinement effect and decreased hydride mobility, yet the propene conversion is lowIn addition, the varying binding strengths of propene, propane, and key reaction intermediates on $\\mathrm { R a } ^ { \\delta - }$ and ${ \\bar { \\mathrm { R u } } } ^ { 0 }$ sites may also contribute to the observed increase in the pairwise selectivity of $\\mathsf { p } { \\mathrm { - } } \\mathsf { H } _ { 2 }$ addition']","['For both catalysts, higher gas flow rates result in a lower total propyne conversion, which is directly related to shorter contact times with the catalyst. However, it should be stressed that for the single-atom Pd1/ND@G catalyst, varying contact time has little effect on propene selectivity, which remains at the 97-100% level. By analogy with acetylene hydrogenation and performed DFT calculations, one may conclude that the energy barrier to further hydrogenation to propane is much higher than that for the desorption of adsorbed propene to the gas phase.']","Based on the provided literature, varying contact time has little effect on propene selectivity for the single-atom **Pd<sub>1</sub>/ND@G** catalyst due to the following reasons:  

1. **Single-Atom Nature of Pd**:  
   The isolated Pd atoms in **Pd<sub>1</sub>/ND@G** exhibit an energy barrier for further hydrogenation of propene to propane that is **significantly higher** than the energy barrier for desorption of propene into the gas phase. This thermodynamic preference ensures that propene desorbs before being over-hydrogenated to propane.  

2. **Reaction Pathway Energetics**:  
   DFT calculations confirm that the energy barrier for propane formation is much higher than that for propene desorption. Consequently, propene selectivity remains consistently high (97–100%) regardless of contact time variations.  

3. **Analogous Behavior in Hydrogenation Reactions**:  
   This behavior aligns with prior studies on **Pd/ND@G** catalysts in acetylene and phenylacetylene hydrogenation, where single-atom Pd sites similarly suppress over-hydrogenation due to their distinct electronic and geometric properties.  

In summary, the single-atom structure intrinsically favors propene desorption over sequential hydrogenation, making selectivity insensitive to contact time adjustments.",Because the energy barrier to further hydrogenation to propane is much higher than that for the desorption of adsorbed propene to the gas phase.,0.8652365499298698,1.0,1.0,0.9999999999,1.0
34,What is the first step in the SABRE method for spin-polarizing samples for zero-field NMR measurements?,"['Since no magnetic field is present during the zero-field NMR measurements, samples need to be spin-polarized prior to the measurementsThis can be achieved by remote thermal prepolarization with a permanent magnet located outside of the zero-field (detection) region11This is a universal approach, providing, however, low sensitivity of the measurements', 'In this review, we present the physical principles of the SABRE (Signal Amplification By Reversible Exchange) methodSABRE is a promising hyperpolarization technique that enhances NMR signals by transferring spin order from parahydrogen (an isomer of the $\\mathrm { H } _ { 2 }$ molecule that is in a singlet nuclear spin state) to a substrate that is to be polarized', '[13] better suits for polarizing free SABRE substrates in solution; here we name it SABRE-INEPTThe last sequence, proposed here for the first time, is designed for 2D-NMR spectroscopyImportantly, in the last sequence we introduce a variable delay $\\tau _ { m }$ before the last pulse, see Scheme 2dThis modification of SABRE-INEPT enables collecting 2D data by measurements with a stepwise incremented variable delay $\\tau _ { m }$ , which gives an access to the ‘‘indirect domain” [12] in 2D-NMR', 'In high-field NMR, nuclear spins are polarized by the large magnetic field; in zero-field NMR of bulk samples, an external source of nuclear spin polarization is required', 'Such identification was performed for the first time using hyperpolarized samples at natural isotopic abundanceAlong with the measurements, the experimental setup was constructed, allowing long-term in-situ SABRE experiments performed under zero-field conditions']","['The text describes the SABRE method for spin-polarizing samples for zero-field NMR measurements, detailing the steps involving the catalyst, substrate, and para-hydrogen interaction to achieve high spin polarization.']","Based on the provided context, the first step in the SABRE method for spin-polarizing samples for zero-field NMR measurements is:  

**Transferring spin order from parahydrogen to the substrate.**  

This is achieved through reversible exchange, where parahydrogen (an isomer of H₂ in a singlet nuclear spin state) donates its spin order to the target molecule, enabling polarization prior to zero-field NMR detection.  

*(Source: Context section describing SABRE as a hyperpolarization technique that ""enhances NMR signals by transferring spin order from parahydrogen... to a substrate that is to be polarized"")*.",The first step is the formation of an active iridium-based catalyst from a precatalyst.,0.827629260212656,1.0000000000000002,0.8571428571428571,0.0,0.0
35,Why are nitrogen atoms present in graphene in the catalysts?,"['The source of nitrogen atoms in graphene is palladium nitrate used as a precursor in catalyst preparationThe relatively high oxygen atomic concentration on the surface is consistent with XPS analysis of the $\\mathrm { N D } @ \\mathrm { G }$ support in the previous work and can be associated with the defectiveness of graphene.17', 'Atomic concentrations of Pd, C, N, and O are presented in Table 3We assume that nitrogen atoms on the surface are from graphene or nanodiamonds\ue0d5the value of BE for N 1s and reasonably constant atomic concentrations confirm this assumptionThe source of nitrogen atoms in graphene is palladium nitrate used as a precursor in catalyst preparation', 'Recently, a promising catalyst for the selective acetylene hydrogenation was proposed, in which Pd atoms are anchored on defective sites of graphene.17 The enhanced stability and selectivity of such single-atom Pd catalysts compared to Pd clusters are explained by the strong interaction of Pd atoms with the support as a result of embedding of Pd atoms in the graphene defects through bonding with C atoms.', 'For catalyst preparation, the defective nanodiamond/graphene $( \\mathrm { N D } @ \\mathrm { G } )$ carbon material was used; it was shown earlier that this material contains a thin graphene shell with abundant defects formed during the annealing of nanodiamonds.36 By varying Pd metal loading, the dispersion of Pd was controlled: Pd with monoatomic distribution $\\left( \\mathrm { P d } _ { \\mathrm { 1 } } / \\mathrm { N D } @ \\mathrm { G } \\right)$ was formed at 0.11 wt $\\%$ and Pd clusters $\\left( \\mathrm {', 'CONCLUSIONS\nPropyne selective hydrogenation with parahydrogen was studied over Pd catalysts supported on a defective nanodiamond/graphene material $( { \\mathrm { N D } } \\ @ \\mathrm { G } )$']",['The source of nitrogen atoms in graphene is palladium nitrate used as a precursor in catalyst preparation.'],"Based on the provided context:  

1.  **Source:** The nitrogen atoms present in the graphene component of the catalysts originate from **palladium nitrate (PdNO₃)**, which is used as the precursor during the preparation of the Pd-based catalysts.
2.  **Confirmation:** This assignment is supported by X-ray photoelectron spectroscopy (XPS) analysis. The binding energy (BE) position of the N 1s peak and the reasonably constant atomic concentration of nitrogen measured by XPS are consistent with nitrogen being incorporated into the graphene structure from the precursor.","The nitrogen atoms in graphene come from palladium nitrate, which was used as a precursor in the preparation of the catalysts.",0.6177729494833206,0.9371896226023918,0.8,0.99999999995,1.0
36,What is the first step in investigating the effect of changing the % pH2 enrichment level on the observed rate constant?,"['3.4 $\\pmb { p } \\mathbf { H } _ { 2 }$ enrichment\nThe final parameter investigated was the effect of changing the $p \\mathrm { H } _ { 2 }$ enrichment level $\\left( { \\% } p \\mathbf { H } _ { 2 } \\right)$ on the observed rate constant', 'The different enrichment levels (between $9 9 \\%$ and $6 0 \\%$ ) were created by changing the temperature of the $p \\mathrm { H } _ { 2 }$ generator, using the procedure described by Richardson et al.67 At each $\\boldsymbol { \\% } p \\mathbf { H } _ { 2 }$ enrichment level, the reaction was repeated three times and the resulting $k _ { 2 }$ rate constants are given in Table 2', 'As observed from this data, there is a high level of consistency within the values obtained between $9 9 \\%$ and $7 0 \\%$ This indicates that the $\\boldsymbol { \\% } p \\mathbf { H } _ { 2 }$ enrichment level and the determined $k _ { 2 }$ rate constant are independent of each other and thus the exact $p \\mathrm { H } _ { 2 }$ generator used does not affect the observed kinetics', 'To investigate this, the reaction monitoring experiment was repeated using variable $\\boldsymbol { \\% } p \\mathbf { H } _ { 2 }$ enrichment levels', 'The rate of $\\mathbf { H } _ { 2 }$ exchange within 2 was found to be independent of sulfoxide concentration when the sulfoxide is in excess (6–14 equivalents relative to iridium)43 in accordance with the first step of this process being the dissociative loss of sulfoxideTherefore, we expect that changing sulfoxide concentration must have a greater effect on exchange between 2 and 3, however this process could not be quantified using EXSY methods']","['The text describes a procedure for investigating the effect of % pH2 enrichment on the rate constant, including defining % pH2, ensuring rate constant independence, and repeating experiments with variable enrichment levels.']","Based on the provided context, the first step in investigating the effect of changing the % pH<sub>2</sub> enrichment level on the observed rate constant is:  
**Creating different enrichment levels (between 99% and 60%) by changing the temperature of the pH<sub>2</sub> generator**, using the procedure described by Richardson et al.  

### Key details from the context:
1. **Method**: The % pH<sub>2</sub> enrichment levels were varied by adjusting the temperature of the pH<sub>2</sub> generator.  
2. **Range**: Enrichment levels spanned 99% to 60%.  
3. **Reference**: This procedure followed the methodology established by Richardson et al. (reference 67 in the context).  

After this step, the reaction was repeated three times at each enrichment level to determine the rate constant (\(k_2\)), as shown in Table 2 of the source material.",The first step is defining % pH2 as the proportion of H2 that is in the para spin state based on the absolute populations of pH2 and oH2 in the mixture.,0.14994840896376055,0.966065756258171,0.9,0.0,0.0
37,Why does heating the sample to 353K result in polarized signals after every bubbling of parahydrogen?,"['After the full conversion, the polarization effects disappeared completelyWe note, however, that upon heating the sample to $3 5 3 \\mathrm { ~ K ~ }$ we observe the polarized signals repeatedly after every bubbling of parahydrogen (FigS2 in $\\mathrm { E S I \\dag } \\$ )The enhanced signals observed in both ${ } ^ { 1 } \\mathrm { H }$ and $^ { 3 1 } \\mathrm { P }$ NMR spectra were similar to those described above', 'Thus, parahydrogen was constantly bubbled through the solution during measurements', 'III. METHOD\nThe bubbling of parahydrogen gas into the sample solution is a crucial stage in the liquid-phase parahydrogen hyperpolarization process. The $ { p } \\mathrm { H } _ { 2 }$ bubbling must be interrupted prior to data acquisition to avoid disrupting the magnetic field homogeneity and spectral quality, otherwise impeding the structural characterization and quantification of products. In addition, the hyperpolarized signal undergoes considerable relaxation losses over time.', 'In the beginning of the parahydrogenation reaction, a buildup of hyperpolarized signal is observed, which is caused by the increasing conversion of the hydrogenation once the parahydrogen flow is switched on and the sample tube thermally equilibrates after insertion into the probe of the spectrometer heated to $8 0 ^ { \\circ } \\mathrm { C } .$ Towards the end of the reaction the intensity of the hyperpolarized signals decreases owing to lower amounts of starting material in the reaction mixture', 'An optimum temperature of $5 0 ~ ^ { \\circ } \\mathrm { C }$ was found for the hyperpolarization process by varying the temperature of the water bath employed for sample heating during ${ p \\mathrm { - } } \\mathrm { H } _ { 2 }$ bubbling at the Earth’s magnetic fieldSimilarly, polarization buildup studies were performed by varying the time of ${ p \\mathrm { - } } \\mathrm { H } _ { 2 }$ bubbling after heating the samples at a fixed temperatureAn exemplary hydrogenation kinetic study is shown in Figure 1b']",['upon heating the sample to 353K we observe the polarized signals repeatedly after every bubbling of parahydrogen (Fig. S2 in ESI†). The enhanced signals observed in both 1H and 31P NMR spectra were similar to those described above. It is highly likely that this implies that the reaction becomes reversible enough for the new portions of parahydrogen to react with a considerable fraction of available free [P(μ - NTer)]2. This means that effectively the elevated temperature allows the replacement of the relaxed hydrogens in the [HP(μ - NTer)]2 within a shorter time frame than that needed for the full relaxation of the hyperpolarization.'],"Heating the sample to 353 K (80°C) facilitates the hydrogenation reaction or reversible exchange process required for parahydrogen-induced hyperpolarization. At this elevated temperature:  
1. **Reaction kinetics are enhanced**: The thermal energy overcomes activation barriers, enabling efficient transfer of polarization from parahydrogen to target molecules during bubbling. This regenerates hyperpolarized signals after each parahydrogen introduction.  
2. **Catalyst/substrate activity is maintained**: The heat ensures the catalyst (e.g., in SABRE-like systems) or substrate remains reactive, allowing repeated polarization transfer. This is evidenced by the reappearance of enhanced signals in both $^{1}\mathrm{H}$ and $^{31}\mathrm{P}$ NMR spectra after every bubbling cycle.  
3. **Thermal equilibration enables signal buildup**: As described, inserting the sample into a probe heated to 353 K allows thermal equilibration, which—combined with parahydrogen flow—triggers transient hyperpolarization. The signals diminish after full reaction conversion but reappear with new bubbling due to ongoing/renewed reactivity at this temperature.  

This temperature-specific behavior aligns with observations that polarization vanishes after complete reaction conversion but resurfaces with fresh parahydrogen at 353 K, indicating thermal optimization for polarization transfer efficiency.","Heating the sample to 353K makes the reaction reversible enough for new portions of parahydrogen to react with a considerable fraction of available free [P(μ - NTer)]2, allowing the replacement of relaxed hydrogens in [HP(μ - NTer)]2 within a shorter time frame than needed for full relaxation of hyperpolarization.",0.9097883072677675,0.8322480691856331,0.5454545454545454,0.9999999999,0.0
38,Why did ansa-phosphinoborane 6 not react with hydrogen or water?,"['The ansa-phosphinoborane does not react with molecular hydrogen or water at room or elevated temperatureAccording to performed DFT studies, heterolytic splitting of water or hydrogen by the phosphinoborane are both endergonic but close in thermodynamicsIn polar solvents, such as in methanol or acetonitrile, addition of hydrogen is energetically more favorable than of water', 'Abstract: The new ansa-phosphinoborane (dicyclohexyl(2- (dimesitylboryl)phenyl)phosphine was synthesized via an one-pot protocol in $67 \\%$ yieldThe compound has been characterized by $^ { 1 } \\mathrm { H }$ , $^ { 1 3 } \\mathrm { C }$ , $\\mathrm { { ^ { 1 1 } B } }$ and $\\mathrm { ^ { 3 1 } P }$ NMR, and its solid-state structure determined by a single crystal X-ray diffraction analysisThe ansa-phosphinoborane does not react with molecular hydrogen or water at room or elevated temperature', 'To our surprise, 6 did not react with water as well, neither at ambient not at elevated temperatures', '[](images/caacfe65e81621b35ecc5714c86ae44acab10458666a844c4f36a58a2719c4c7.jpg) \nFig. 2:\u2002Synthesis of ansa-phosphinoborane 6, and its inertness to hydrogen or water.', '6 4$ ppm, revealing that there is no P–B interaction [26]Because 6 is structurally close to the previously reported ansa-aminoborane 2a and proton affinities of isostructural N,N-dimethylaniline and dimethylphenylphosphine are close [27], we expected to detect 7, the product of dihydrogen addition to 6However, prolonged exposure of a solution of 5 to pressurized hydrogen (10 bar) in a gas-tight NMR tube revealed no evidence of the phosphonium borate 7']","['Unlike in 4a- c, there is no dative bond between B and P atoms (3.1773 (17) Å distance) in 6 as established by the single crystal X- ray diffraction analysis (Fig. 3). In  $\\mathrm{CD}_{2}\\mathrm{Cl}_{2}$ ,  ${}^{11}\\mathrm{B}$  and  ${}^{31}\\mathrm{P}$  NMR signals of 6 appear as singlets at 75.68 (broad) and  $- 0.64\\mathrm{ppm}$ , revealing that there is no P- B interaction [26]. However, prolonged exposure of a solution of 5 to pressurized hydrogen (10 bar) in a gas- tight NMR tube revealed no evidence of the phosphonium borate 7. To our surprise, 6 did not react with water as well, neither at ambient not at elevated temperatures.']","Based on the provided context, **ansa-phosphinoborane 6** does not react with molecular hydrogen (H₂) or water (H₂O) due to the following reasons:  

1. **Thermodynamic Barrier (DFT Studies)**:  
   - Heterolytic splitting of H₂ or H₂O by the phosphinoborane is **endergonic** (thermodynamically unfavorable) at room or elevated temperatures.  
   - While both reactions are close in energy, neither proceeds spontaneously.  

2. **Experimental Observations**:  
   - No reaction occurred with H₂ even under high pressure (10 bar) for prolonged periods, as confirmed by NMR.  
   - Similarly, no reaction was observed with water at ambient or elevated temperatures.  

3. **Solvent Effects**:  
   - In polar solvents (e.g., methanol or acetonitrile), H₂ addition is thermodynamically **more favorable than water addition**, yet still insufficient to drive the reaction.  

### Key Insight:  
The **lack of reactivity** stems primarily from the **unfavorable thermodynamics** of heterolytic cleavage, as predicted by DFT calculations and experimentally validated. No kinetic or catalytic pathways were identified to overcome this barrier.","Ansa-phosphinoborane 6 did not react with hydrogen or water because it lacks a dative bond between B and P atoms, as evidenced by the P-B distance of 3.1773(17) Å and the absence of P-B interaction in NMR signals, making it inert under the tested conditions.",0.3986943967511093,0.9621398878336805,0.8235294117647058,0.19999999998,1.0
39,Why is polarization transfer from protons to heteronuclei more efficient in low magnetic fields compared to strong magnetic fields?,"['Using typical NMR parameters we can conclude that polarization transfer among protons is efficient at mT or even tesla fields, whereas for the transfer to heteronuclei much lower fields are required, which are in the $\\mu \\mathrm { T }$ or even nT rangeThis motivates running experiments at ultralow field: such polarization transfer experiments are nowadays frequently used in various applications of PHIP.', 'In contrast, in the high field of a superconducting magnet $4 . 6 \\mathrm { T }$ in our case), the efficiency of polarization transfer to heteronuclei is low, because now the difference in resonance frequency of $^ 1 \\mathrm { H }$ and $^ { 1 3 } { \\cal C }$ (or other heteronuclei) is significant and typically exceeds the magnitude of the coupling constants. In this latter case, polarization transfer can be achieved more effectively by appropriate pulse sequences, e.g., via cross-polarization.13', 'The major advantage of the transfer in high fields is its experimental simplicity, as it does not require any field cycling equipment and is thus feasible on almost any modern NMR or MRI system, and substantial levels of heteronuclear polarization in high field have been reported.22,23 However, low fields often prove to be more efficient for PHIP transfer.24,27 This is partly due to lower polarization losses induced by singlet-triplet mixing at low magnetic fields when the two protons stemming from', 'Polarization transfers between protons at high magnetic \ue103eld are energy conserving with respect to the dominating Zeeman interaction and occur fast under the in\ue104uence of the scalar interactions. In contrast, transfers from protons to heteronuclei such as e.g., $^ { 1 5 } \\mathrm { N }$ , are inefficient, as the Zeeman energy is not conserved.', 'magnetic fields are employed to promote polarization transfer from $\\mathrm { p } { \\cdot } \\mathrm { H } _ { 2 }$ derived protons to heteronuclei']","[""In the strong field of an NMR magnet the precession frequencies of protons differ considerably from those of all heteronuclei; therefore, a polarization transfer from the protons to heteronuclei is less likely to occur. If, however, PHIP experiments are conducted in low magnetic fields, e.g., in the stray field of an NMR spectrometer or in the Earth's magnetic field, the precession frequencies of all nuclei in a molecule will be rather similar, rendering an efficient energy transfer between them more likely and consequently more efficient.""]","Based on the provided information, polarization transfer from protons to heteronuclei is more efficient in low magnetic fields due to the following reasons:

1. **Energy Conservation Constraints**:  
   In high magnetic fields (e.g., 4.6 T), polarization transfer to heteronuclei (e.g., $^{13}\mathrm{C}$, $^{15}\mathrm{N}$) is inefficient because the **Zeeman energy difference** between protons and heteronuclei is significant and exceeds the scalar coupling constants. This violates energy conservation requirements for efficient polarization transfer.

2. **Scalar Coupling Dominance at Low Fields**:  
   At ultralow fields (µT to nT range), the energy gap between protons and heteronuclei becomes small enough for **scalar spin-spin couplings** to effectively mediate polarization transfer. This allows efficient polarization transfer from protons to heteronuclei without energy conservation barriers.

3. **Singlet-Triplet Mixing Advantages**:  
   Low fields reduce polarization losses caused by singlet-triplet mixing, which is more pronounced at higher fields. This preserves polarization during transfer to heteronuclei in PHIP applications.

4. **Experimental Evidence**:  
   Studies confirm that low-field polarization transfer outperforms high-field methods for heteronuclei in PHIP, as high-field transfers require complex pulse sequences (e.g., cross-polarization) to overcome inefficiencies, whereas low fields enable simpler, intrinsic transfer mechanisms.

In contrast, high magnetic fields favor proton-proton polarization transfer due to conserved Zeeman energy, but they are suboptimal for heteronuclear transfer.","In low magnetic fields, the precession frequencies of all nuclei in a molecule are rather similar, which meets the resonance condition required for efficient energy transfer between nuclear spins. In contrast, in strong magnetic fields, the precession frequencies of protons differ considerably from those of heteronuclei, making polarization transfer less likely.",0.33081225308319484,0.9795402432674716,1.0,0.9999999999666667,1.0
40,Why does deuteration at the 2- and 5- positions in molecules 4b and 5b result in significantly improved relaxation times and SABRE polarization levels?,"['Analogues b d, with more isolated $^ 1 \\mathrm { H }$ spin systems, might therefore be predicted to have higher $T _ { 1 }$ valuesIn support of this, we found that deuteration at the 2 and 5 positions (4b and 5b) does indeed result in significantly improved relaxation times and SABRE polarization levels (Figure 5)Now, the $T _ { 1 }$ values are over 60 s for methyl $2 , 5 \\ – d _ { 2 } .$ isonicotinate 4b, which compare to $1 4 \\mathrm { ~ s ~ }$ for protio 4', 'Conclusions\nWe have undertaken a systematic SABRE study of the substrates pyrazinamide (1), methyl pyrazine-2-carboxylate (3) and isoniazid (2) and a series of their deuterated analoguesAs a consequence, we have shown that the selective partial deuteration of these tuberculosis drug scaffolds results in both a dramatically improved SABRE response and significantly improved relaxation times', 'For these ester and amide substrates, deuteration at the 2 and 3 positions (4a and 5a) resulted in limited changes in their relaxation times relative to their $^ 1 \\mathrm { H }$ counterpart and somewhat similar polarization levels as a result of SABRE were observed (Table 2)These results indicate that relaxation within these molecules is driven by interactions between the adjacent $^ 1 \\mathrm { H }$ nuclei', 'This is beneficial because it concentrates the available polarisation on fewer sites and it increases the relaxation times of the remaining protons.45 Finally, the use of a partially deuterated SABRE catalyst further improves the efficiency of the polarisation transfer.56 It is postulated that this is due to the combined effect of increasing the NMR relaxation times of the target molecules bound to the catalyst and limiting the distribution of ${ p \\mathrm { - } } \\mathrm { H } _ { 2 } .$ -derived', 'These polarizations are approximately 2 and 6 times higher than those previously reported for protonated SABRE-polarized $\\big [ 1 - ^ { 1 3 } \\mathrm { C } \\big ]$ - and $\\left[ 2 \\mathrm { - } ^ { 1 3 } \\mathrm { C } \\right]$ pyruvateWe attribute this improvement to deuteration reducing the degree of intramolecular dipole− dipole relaxation, which prolongs the $^ { 1 3 } \\mathrm { C }$ polarization lifetimes']","['For these ester and amide substrates, deuteration at the 2- and 3- positions (4a and 5a) resulted in limited changes in their relaxation times relative to their 1H counterpart and somewhat similar polarization levels as a result of SABRE were observed (Table 2). These results indicate that relaxation within these molecules is driven by interactions between the adjacent 1H nuclei. Analogues b−d, with more isolated 1H spin systems, might therefore be predicted to have higher T1 values. In support of this, we found that deuteration at the 2- and 5- positions (4b and 5b) does indeed result in significantly improved relaxation times and SABRE polarization levels (Figure 5).']","Based on the provided context, deuteration at the 2- and 5-positions in molecules **4b** and **5b** improves relaxation times (\(T_1\)) and SABRE polarization levels due to the following mechanisms:  

1. **Reduction of intramolecular dipole-dipole relaxation**:  
   - Deuteration isolates the remaining \(^1\text{H}\) spin systems by replacing protons with deuterons, which have a much smaller magnetic moment. This reduces relaxation driven by interactions between adjacent \(^1\text{H}\) nuclei.  
   - The context explicitly states: *""relaxation within these molecules is driven by interactions between the adjacent \(^1\text{H}\) nuclei""*. Deuteration at positions 2 and 5 disrupts these interactions.  

2. **Prolonged polarization lifetimes**:  
   - For **methyl 2,5-\(d_2\)-isonicotinate (4b)**, \(T_1\) increases from **14 s** (protio form) to **over 60 s**.  
   - This extended \(T_1\) allows hyperpolarization from SABRE to persist longer, resulting in higher observed polarization levels.  

3. **Concentration of polarization on fewer nuclei**:  
   - Deuteration reduces the number of protons, concentrating the available \(p\text{-H}_2\)-derived polarization on the remaining \(^1\text{H}\) sites. This amplifies the per-proton signal intensity.  

4. **Synergy with deuterated SABRE catalysts**:  
   - Partially deuterated SABRE catalysts further enhance polarization by extending relaxation times during the reversible binding phase and limiting \(p\text{-H}_2\)-derived polarization loss.  

**Experimental evidence**:  
- The context directly links 2,5-deuteration to improved outcomes: *""deuteration at the 2 and 5 positions (4b and 5b) does indeed result in significantly improved relaxation times and SABRE polarization levels""*.  
- In contrast, deuteration at adjacent positions (e.g., 2 and 3 in **4a/5a**) showed minimal \(T_1\) changes, confirming that relaxation is dominated by *non-adjacent* \(^1\text{H}\)-\(^1\text{H}\) interactions (e.g., between H2 and H5).  

In summary, strategic deuteration at **positions 2 and 5** suppresses dominant intramolecular relaxation pathways, thereby extending \(T_1\) and enhancing SABRE-derived polarization.","Deuteration at the 2- and 5- positions isolates the 1H spin systems, reducing interactions between adjacent 1H nuclei, which are the primary drivers of relaxation. This isolation leads to higher T1 values and improved SABRE polarization levels.",0.7065898688814982,0.953742431942727,0.8148148148148148,0.94999999997625,1.0
41,How does the reaction rate of the monometallic catalyst 12 compare to that of the bimetallic complexes in converting phenylacetylene?,"['Remarkably, the monometallic catalyst 12 converts phenylacetylene signi\ue103cantly slower than all tested bimetallic complexes, with a rate of $k _ { \\mathrm { o b s } } = 9 5 \\times 1 0 ^ { - 3 } \\mathrm { h } ^ { - 1 }$ (Table 3, entry 4)We speculate that the second metal serves as an electron reservoir which helps to avoid the formation of an inert trop$\\mathrm { \\bf R h } \\big ( \\mathrm { I I I } \\big ) { \\mathrm { \\bf d } } ^ { 6 }$ species58 formed by oxidative addition of dihydrogen', 'Bimetallic dirhodium complexes 7–9 and the monometallic catalyst 12 were then tested as catalysts for the semihydrogenation of phenylacetylene ( $5 \\%$ catalyst loading, $2 5 ~ ^ { \\circ } \\mathbf { C } ,$ Fig3, for details see ESI†)No activation period was observed (FigS41†)', '[](images/e24be029de3bc9bc265569f251134341c4856e9efcd76d38a10e241af4ebd944.jpg) \nFig. 3 Catalytic semihydrogenation of phenylacetylene by bimetallic catalysts 7–9 and the benchmark monometallic catalyst 12 $( L _ { n }$ is $C D _ { 3 } C N _ { 3 }$ , $\\{ ( \\mathsf { T M S } ) { \\mathsf { C } } { \\equiv } { \\mathsf { C } } \\} _ { 2 } \\mathsf { t r o p p p p h } _ { 2 }$ ligand is simplified for clarity).', 'Bimetallic complex 127 was compared against monometallic complexes 128 and 129 in the $\\beta$ -alkylation of 1-phenylethanol with primary alcohols (Fig14)While complexes 128 and 129 showed similar activities, their related bimetallic complex 127 brought about remarkably higher yields for all the combinations of alcohols tested in this work', 'The only reaction product of propylene hydrogenation over both catalysts was propane (Figure 1), and no other products were observedMonometallic Rh catalyst demonstrated higher activity, providing $67 \\%$ conversion compared to $1 7 \\%$ for bimetallic Rh−In under identical reaction conditions $\\langle 1 0 0 ^ { \\circ } \\mathrm { C } ,$ 300 sccm, the propylene: $\\mathrm { H } _ { 2 }$ molar ratio of 1:4)']","['Remarkably, the monometallic catalyst 12 converts phenylacetylene significantly slower than all tested bimetallic complexes, with a rate of \\(k_{\\mathrm{obs}} = 9.5 \times 10^{- 3} \\mathrm{~h}^{- 1}\\) (Table 3, entry 4).']","Based on the provided context, the reaction rate of the monometallic catalyst **12** in converting phenylacetylene is **significantly slower** than all tested bimetallic complexes (specifically, complexes **7–9**). 

### Key Details:
1. **Observed Rate Constant for Catalyst 12**:  
   \( k_{\mathrm{obs}} = 95 \times 10^{-3}  \mathrm{h}^{-1} \) (Table 3, entry 4).  
   This rate is explicitly described as slower than all bimetallic catalysts tested.

2. **Comparison to Bimetallic Complexes**:  
   - Bimetallic complexes **7–9** exhibit faster reaction rates, as no activation period was observed during catalysis (Fig. S41†).  
   - The context states: *""Remarkably, the monometallic catalyst 12 converts phenylacetylene significantly slower than all tested bimetallic complexes""*.  

3. **Proposed Reason for Difference**:  
   The second metal in bimetallic complexes acts as an **electron reservoir**, preventing the formation of an inert Rh(III) species that would hinder catalysis. This advantage is absent in the monometallic system.

### Summary:
| Catalyst Type       | Relative Rate in Phenylacetylene Conversion |
|---------------------|---------------------------------------------|
| Monometallic (**12**) | Slower (\( k_{\mathrm{obs}} = 0.095  \mathrm{h}^{-1} \)) |
| Bimetallic (**7–9**) | Faster (exact rates not provided)           |

For further experimental details (e.g., conditions: 25°C, 5% catalyst loading), see Fig. 3 and the ESI† referenced in the context.",The monometallic catalyst 12 converts phenylacetylene significantly slower than all tested bimetallic complexes.,0.38717857379415493,0.9550758280204222,0.8666666666666667,0.9999999999666667,1.0
42,How does the time needed for production of a hyperpolarized sample compare between PHIP and d-DNP?,"['Experimental benchmarking. To compete with dDNP, PHIP should offer a similar polarization, concentration, and sample size. The rate of production of PHIP-SAH polarized samples is significantly higher and semicontinuous hyperpolarization is possible already, i.e., we can repeat experiments every few minutes without \xadautomation14.', 'DNP is the most frequently used hyperpolarisation technique, but it has significant drawbacks of long polarization cycles $( \\sim 2 0 - 1 0 0 \\mathrm { m i n } )$ and quite expensive equipment4In contrast, the PHIP technique allows one to produce hyperpolarised (HP) substances in less than 1\u2009min and is relatively inexpensive11', 'In the D-DNP experiment the polarization process depletes the singlet state, which would lead to a relative malate signal intensity of $- 1 / 3$ , as discussed in the Supporting Information, as well as in ref[4]Beyond the highest achievable signal enhancement, PHIP stands out as being significantly less expensive than D-DNP, and is able to produce boluses of hyperpolarized material at a much higher turnover rate.', 'Solutions of hyperpolarized contrast agents (HCAs) that can be used for in vivo studies can be obtained by means of dissolution-DNP (d-DNP)[10] and PHIP. The d-DNP technique developed in about a decade from its proof of principle to the first clinical study.[11] Major limitations to a wide exploitation of this powerful tool are the high cost of the polarizer and the relatively slow hyperpolarization procedure (from 0.5 to 2 hours depending on the substrate).', 'When compared to DNP, the PHIP approach appears definitely cheaper and more easily applicable, as it does not require the very low temperatures needed in the DNP methodHowever, the major advantage of DNP is that, in principle, it can be applied to hyperpolarize any molecule, while the PHIP procedure has specific structural requirements for the substrates to be hyperpolarized']","['d- DNP and SEOP require sophisticated and expensive equipment limiting their widespread use and suffer from the long time needed for production of a hyperpolarized (HP) sample and the low duty cycles. In contrast, PHIP and SABRE are the faster and more affordable alternatives. PHIP and SABRE allow one to obtain more than  $50\\%$  nuclear spin polarization within seconds22,23 and with high duty cycles.']","Based on the provided information:

**PHIP hyperpolarization time:**
- Takes **less than 1 minute** to produce hyperpolarized substances
- Allows **semicontinuous production** with repeat experiments every **few minutes** (without automation)

**d-DNP hyperpolarization time:**
- Requires **20-100 minutes** per polarization cycle
- Typically takes **0.5 to 2 hours** (depending on substrate)
- Has **slow turnover** due to lengthy polarization procedure

**Key comparison:**
PHIP is **significantly faster** than d-DNP, with PHIP sample production being **>20× quicker** than the shortest d-DNP cycles. This enables PHIP to generate hyperpolarized samples at a **much higher turnover rate**.",PHIP is faster than d-DNP in producing a hyperpolarized sample.,0.5674348735238364,0.9242762141811514,0.875,0.99999999998,1.0
43,Why does Dynamic Nuclear Polarization (DNP) increase the level of $^{13}\mathrm{C}$ polarization in pyruvic acid to $64\%$?,[],"[""Dynamic Nuclear Polarization (DNP) [14] is currently one of hyperpolarization's most successful approaches having been shown to increase the level of $^{13}\\mathrm{C}$ polarization in pyruvic acid to $64\\%$ [15]. Golman has used the differences to good effect to produce $^{13}\\mathrm{C}$ MR Images of animals injected with $^{13}\\mathrm{C}$ enriched hyperpolarized materials such as pyruvate, where contributions from the background are minimal because of the vast signal amplification of the hyperpolarized substrate [16].""]","Based on the provided information, the question about **Dynamic Nuclear Polarization (DNP)** increasing $^{13}\mathrm{C}$ polarization in pyruvic acid to $64\%$ **cannot be answered**. The RAG knowledge base specializes exclusively in **Parahydrogen Induced Polarization (PHIP)** and **Signal Amplification by Reversible Exchange (SABRE)** techniques for NMR spectroscopy. DNP falls outside this scope, and no relevant data or principles about DNP in pyruvic acid are available in the consulted literature.  

For inquiries strictly about PHIP or SABRE, please provide additional details.","Because the vast signal amplification of the hyperpolarized substrate minimizes contributions from the background, allowing for a significant increase in polarization levels.",0.11974594825806575,0.0,0.0,0.0,0.0
44,Why does decoupling of NMR spectra by refocusing result in a drop in the signal-to-noise ratios of the quaternary $^{13}\mathbb{C}$ signals?,[],"['Whilst decoupling of these NMR spectra was achieved by refocusing, there is a resulting drop in the signal- to- noise ratios of the quaternary  $^{13}\\mathbb{C}$ - signals although those for the CH groups are increased.']","Based on the provided information, the question cannot be answered.","Decoupling of NMR spectra by refocusing results in a drop in the signal-to-noise ratios of the quaternary $^{13}\mathbb{C}$ signals because the process of refocusing redistributes the signal intensity, leading to a reduction in the signal-to-noise ratio for quaternary carbons while increasing it for CH groups.",0.0837925212098271,0.0,1.0,0.0,0.0
45,What is the first step in the SABRE demonstration experiment?,"['A typical SABRE hyperpolarization experiment is carried out in two stepsFirst, the reversible exchange reaction with $\\mathrm { p } { \\cdot } \\mathrm { H } _ { 2 }$ is carried out over a few seconds in a weak magnetic field $( \\mathrm { n T - m T } )$ in order to build-up hyperpolarization on the target substrate in solutionSecond, the sample is rapidly transferred into a high-field NMR spectrometer $( \\geq 1 \\mathrm { T } )$ for signal detection', 'The SABRE experiment was first carried out on a Micro-5 Bruker NMR probe head, by preparing a high concentration test solution inside a 5 NMR tubeCapillaries were inserted through the mounted PTFE cap, to provide an inlet and outlet for ${ p \\mathrm { - } } \\mathbf { H } _ { 2 }$ gasThe assembled probe head was placed inside a wide-bore 11.74 Tesla magnet ( $\\mathbf { 5 0 0 \\ M H z ^ { \\ 1 } H }$ frequency)', 'SABRE experiments were carried out at the high field of a ${ 2 0 0 } \\mathrm { M H z }$ spectrometer (magnetic field $B _ { 0 } = 4 7$ Tesla) in the following way: first we let the system relax to its thermal equilibrium at $\\boldsymbol { B } = \\boldsymbol { B } _ { 0 }$ After that the $\\mathbf { H } _ { 2 }$ gas enriched in its para-component $9 2 \\%$ parahydrogen) is bubbled through the sample for $6 \\ \\mathrm { \\bf ~ s } .$ During this period the dihydrogen gas is efficiently dissolved in the sample', 'In their simplest implementation, SABRE experiments consists of mixing the substrate, a suitably chosen metal complex and parahydrogen in a gas-tight NMR tube, and manually shaking the sample in the stray field of the NMR magnetThe sample is then quickly inserted into the NMR magnet for detection', 'Continuous $\\mathsf { \\Omega } ^ { 1 } \\mathsf { H }$ SABRE has been detected at high field previously,[13,14] but the current demonstration with the STAR system is the first continuous SABRE-SHEATH implementationContinuous pumping of HP solution through the NMR tube eliminates recycle delays enabling fast averaging to build additional SNR quickly in any NMR experiment and gives access to any standard multidimensional experiment']","['The text describes a series of steps for conducting SABRE demonstration experiments, starting with the preparation of the sample in a Pyrex NMR tube, followed by degassing, adding pH2 gas, shaking in a magnetic field, and finally obtaining NMR spectra.']",The first step in a typical SABRE hyperpolarization experiment is the reversible exchange reaction with parahydrogen (p-H₂) carried out over a few seconds in a weak magnetic field (ranging from nT to mT). This step builds up hyperpolarization on the target substrate in solution.,Add about 14mg of 4 (corresponding to about 0.0015mmol of the iridium complex) to a custom stopcock-sealed 5mm Pyrex NMR tube with 200μL [D4]MeOH and 0.03mmol [H5] pyridine ([H5]Py).,0.11329258265568676,0.8638366431131493,1.0,0.0,0.0
46,Why is the lower magnetic field of the benchtop NMR spectrometer beneficial in this scenario?,"['}$ Indeed the accuracy of the experiment decreases due to the reduction in the signal that passes through the OPSY filterTherefore, in this case, the lower magnetic field of the benchtop NMR spectrometer is a benefit, because the absence of observable non-hyperpolarised signals from the product allows the simpler and more sensitive $4 5 ^ { \\circ }$ pulse detection scheme to be used', 'Because of its lower magnetic field strength, benchtop $^ { 1 } \\mathrm { H }$ NMR spectra can be acquired in the presence of a protonated solvent without the need to actively suppress the solvent signal', '5 \\ \\mathrm { H z } ,$ have emerged as a promising alternative to traditional high-field NMR spectrometers for applications where instrument size and/or cost are a limiting factor and for use in nontraditional environments, such as within a fume cupboard in a synthetic lab.1−5 While benchtop NMR spectrometers benefit from increased portability and lower purchase and maintenance costs, they suffer from reduced sensitivity and chemical shift dispersion due to their lower magnetic field strengths.6 The', 'However, due to their lower magnetic fields, benchtop NMR spectrometers inherently produce weaker signal intensitiesHere, PHIP is a well-established solution to this challengeConsequently, we are expanding our cost-effective PHIP setup from a high-field NMR spectrometer (11.7 T) to include an additional benchtop NMR spectrometer (1.4 T), thereby enabling concurrent execution of PHIP experiments and measurements', 'Benchtop NMR spectrometers operating with low magnetic fields of $\\scriptstyle 1 - 2 { \\textsf { T } }$ at sub-ppm resolution show great promise as analytical platforms that can be used outside the traditional laboratory environment for industrial process monitoringOne current limitation that reduces the uptake of benchtop NMR is associated with the detection fields’ reduced sensitivity']","['This is because, unlike the high- field NMR spectra, there is no observable NMR signal from the non- hyperpolarised product once the reaction has reached completion due to the lower inherent sensitivity of the benchtop NMR system. Therefore, in this case, the lower magnetic field of the benchtop NMR spectrometer is a benefit, because the absence of observable non- hyperpolarised signals from the product allows the simpler and more sensitive 45° pulse detection scheme to be used.']","Based on the provided context, the lower magnetic field of the benchtop NMR spectrometer is beneficial for two key reasons:  

1. **Elimination of non-hyperpolarized signals**:  
   The reduced field strength suppresses signals from non-hyperpolarized products. This allows the use of a simpler, more sensitive **45° pulse detection scheme** without interference from background signals.  

2. **No solvent suppression needed**:  
   At lower fields (e.g., 1.4 T), protonated solvents do not produce observable signals that require active suppression. This simplifies experimental setups for PHIP applications.  

The context explicitly states:  
> *""the lower magnetic field of the benchtop NMR spectrometer is a benefit, because the absence of observable non-hyperpolarised signals from the product allows the simpler and more sensitive 45° pulse detection scheme to be used""*  
and  
> *""benchtop \(^1\mathrm{H}\) NMR spectra can be acquired in the presence of a protonated solvent without the need to actively suppress the solvent signal.""*",The lower magnetic field is beneficial because the absence of observable non-hyperpolarised signals from the product allows the simpler and more sensitive 45° pulse detection scheme to be used.,0.5366391345953181,0.947881560019394,0.7777777777777778,0.9999999999,1.0
47,What is the first step in conducting an ALTADENA-type experiment with para-hydrogen?,"['3Theoretical approach\nExperiments with para-hydrogen are generally performed in one of three ways to take advantage of either or both of the ALTADENA or PASADENA effects [4,21,31,32]To produce the so called PASADENA enhancement the reaction is started and performed inside the magnetTo conduct an ALTADENA-type experiment, an NMR tube fitted with a Young’s style tap and charged with the reaction mixture is first pressurized with para-hydrogen, then shaken and introduced into the magnet', 'The first logical step to establish para-hydrogen as a contrast agent is to react biochemically relevant, isotopically labeled compounds with para-hydrogen thereby polarizing the labeled species as highly as possible and subsequently making use of high polarization and long relaxation times in the experiment of choiceThis approach has already been realized [20] and we shall therefore discuss the PHIP and SABRE mechanisms as potential polarization methods for in vivo molecular disease targeting agents next.', '3.2Experimental procedure employing Setup 1\nBefore the experiment a sufficient amount of parahydrogen has to be prepared and stored in the parahydrogen generator partThe first step in the operation of Setup 1 is the preparation of the $5 0 \\%$ para-enriched hydrogen (in the following denoted as parahydrogen)Thermal hydrogen is taken from a supply line (15 bar)By a pressure regulator the hydrogen pressure is reduced to typically 2–3 bars and the hydrogen is introduced into the U-tube', 'Initially two different ways of performing the experiment were reportedThe PASADENA mechanism (para-hydrogen and synthesis allow dramatically enhanced nuclear alignment) is observed when hydrogenation reactions are performed in high magnetic fields [3] whereas in the ALTADENA experiment (adiabatic longitudinal transport after dissociation engenders net alignment) hydrogenation occurs in low magnetic fields, followed by adiabatic transfer and subsequent detection in high magnetic fields [11]', 'In PASADENA experiments,4 the hydrogenation reaction is run directly at the high magnetic field of a NMR spectrometer; in the ALTADENA case,5 parahydrogen is attached to the substrate at low field (presumably, the earth field); subsequently the polarized reaction product is transported to the high detection field where the NMR spectrum is takenIn both cases, one obtains strongly enhanced NMR lines of the reaction product although the appearance of the spectra is different']","[""To conduct an ALTADENA-type experiment, an NMR tube fitted with a Young's style tap and charged with the reaction mixture is first pressurized with para-hydrogen, then shaken and introduced into the magnet.""]","Based on the provided context, the first step in conducting an ALTADENA-type experiment is:  
**Pressurizing an NMR tube (fitted with a Young’s-style tap and charged with the reaction mixture) with *para*-hydrogen.**  

This is explicitly stated in the context:  
> *""To conduct an ALTADENA-type experiment, an NMR tube fitted with a Young’s style tap and charged with the reaction mixture is **first pressurized with para-hydrogen**...""*  

After pressurization, the protocol specifies shaking the tube and then introducing it into the magnet for detection. This sequence ensures hydrogenation occurs at low magnetic fields (e.g., Earth's field), enabling adiabatic transfer to high fields for NMR observation—characteristic of the ALTADENA effect.",The first step is to pressurize the NMR tube fitted with a Young's style tap and charged with the reaction mixture with para-hydrogen.,0.511997514912079,0.9052303357961736,1.0,0.9999999999,1.0
48,Why is the nuclear spin polarization (P) on the order of 10^{-6} to 10^{-4} under thermal equilibrium conditions at 298 K and a magnetic field of several Tesla?,"['The sensitivity problem originates from the weak interaction of nuclear spins with the external magnetic \ue103eld and, consequently, low spin polarization, $P _ { \\mathrm { : } }$ , at thermal equilibrium conditions, being typically about ${ { 1 0 } ^ { - 4 } }$ or lowerSince the NMR signal is directly proportional to $P$ , one loses at equilibrium conditions a factor of more than 10 000 in signal intensity', 'Nuclear Polarization (d-DNP) technique[7–10] provides nuclear spin polarization of tens $\\%$ corresponding to NMR signal enhancement by 4–5 orders of magnitude at magnetic fields of several tesla', 'N wMidRelsyp etrmopslcoypeyd tod smtaugdiy s(trMucRtIu)rea, vuenrcstaitoilne, aonlds dynamicsNMR signal intensity is directly proportional to nuclear spin polarization $P _ { \\cdot }$ , which characterizes the degree of nuclear spin alignment with applied static magnetic fieldIn practice, $P$ is on the order of $1 0 ^ { - 5 }$ to $1 0 ^ { - 6 }$ under thermal equilibrium conditions of $2 9 8 \\mathrm { ~ K ~ }$ and a magnetic field of several TeslaFor example, $P$ is $1', 'At thermal equilibrium, the nuclear spin polarization value is a very small numberThis is not surprising given the energy difference between nuclear spin states, equal to $\\hbar \\gamma _ { N } B _ { 0 }$ for a spin- $^ { 1 / 2 }$ particle with a nuclear gyromagnetic ratio $\\gamma _ { N }$ in an external magnetic field $B _ { 0 }$', 'A|s shown schematically in Fig2a, the difference in population at thermal equilibrium at room emperature s very small $( 3 5 \\mathrm { p p m T ^ { - 1 } }$ for $^ 1 \\mathrm { H }$ at 295 K)This is because the difference in energy between the two nuclear spin states is small compared to the available thermal energyUnder hyperpolarisation conditions, one of these states is overpopulated, as shown schematically in Fig2b, generating polarisation levels up to tens of percent']","['NMR signal intensity is directly proportional to nuclear spin polarization P∥ which characterizes the degree of nuclear spin alignment with applied static magnetic field. In practice, P is on the order of 10^{-6} to 10^{-4} under thermal equilibrium conditions of 298 K and a magnetic field of several Tesla. For example, P is 1.0×10^{-5} for 1H and 2.6×10^{-6} for 13C nuclei at room temperature and 3T, the magnetic field of a modern MRI scanner.']","Based on the provided context, the nuclear spin polarization (\(P\)) at thermal equilibrium is low (on the order of \(10^{-6}\) to \(10^{-4}\)) under standard conditions (298 K and several Tesla) due to the following reasons:

1. **Weak interaction with magnetic fields**: Nuclear spins exhibit weak interactions with external magnetic fields (\(B_0\)), resulting in minimal energy differences between spin states. The energy difference is quantified as \(\hbar \gamma_N B_0\), where \(\gamma_N\) is the nuclear gyromagnetic ratio. For typical NMR conditions (e.g., \(B_0 = 1-10\) T), this energy gap is extremely small.

2. **Dominance of thermal energy**: At room temperature (298 K), the available thermal energy (\(k_B T\), where \(k_B\) is Boltzmann's constant) vastly exceeds the nuclear spin energy difference. This thermal energy promotes nearly equal population of spin states, limiting polarization.  
   - Example: For \(^1\text{H}\) at 295 K, the population difference is only \(\sim 35\) ppm per Tesla (i.e., \(3.5 \times 10^{-5}\) per Tesla). At several Tesla, \(P\) remains \(\sim 10^{-5}\) to \(10^{-6}\), as thermal fluctuations prevent significant alignment.

3. **Mathematical consequence**: The polarization \(P\) follows Boltzmann statistics, where \(P \propto \frac{\hbar \gamma_N B_0}{k_B T}\). Since \(\hbar \gamma_N B_0 \ll k_B T\) under standard conditions, \(P\) is intrinsically small. 

In summary, the low polarization arises from the negligible energy difference between nuclear spin states compared to thermal energy, resulting in near-equilibrium populations and weak NMR signals. Hyperpolarization techniques (e.g., PHIP/SABRE) overcome this by artificially creating non-equilibrium spin alignments.","The nuclear spin polarization (P) is low under thermal equilibrium conditions because the degree of nuclear spin alignment with the applied static magnetic field is minimal at room temperature (298 K) and typical magnetic field strengths (several Tesla). For instance, P is 1.0×10^{-5} for 1H and 2.6×10^{-6} for 13C nuclei at these conditions.",0.5913600690396131,0.8430904423591966,0.8571428571428571,0.8041666666465626,0.5
49,Why does compound 2 play a role in the hyperpolarisation step?,"['Role for 2 in the hyperpolarisation step\nThe effect that leads to the detection of PHIP enhanced resonances in 2 plays a vital role in this workPrevious studies have shown that this complex is formed by the reaction of [PdĲH)Ĳbcope)]OTf with $\\mathbf { P h - C } \\mathbf { \\equiv } \\mathbf { C - P h }$ and $\\mathbf { H } _ { 2 }$', 'This is because polarization now flows optimally from the hydride ligands of the catalyst into receptor protons of the bound substrates that relax more slowlyConsequently, when $\\mathrm { \\small { [ I r C l ( C O D ) ( I M e s ) ] } }$ is used as the catalyst precursor, $10 \\%$ polarization in 2b is achieved for H-2 according to NMR spectroscopy measurementHowever, because the catalyst also relaxes the hyperpolarization it creates $^ 2 \\mathrm { H }$ labeling of it is also highly beneficial', 'Para- $\\cdot \\mathrm { H } _ { 2 }$ serves as both a chemical reagent and the source of hyperpolarisation at the same time', 'To observe the hyperpolarization, $\\mathbf { H } _ { 2 }$ activation must be pairwise, i.e., the pair of H atoms must not be separated completely at least at the initial step.19', 'Hyperpolarization protocol']","['The three alkyl proton signals of 2 are enhanced through PHIP, whilst those of the vinyl protons of $3\\mathrm{- CD_3OD}$ and 3- CO, which contain a single $p\\text{- }\\mathrm{H}_{2}$ derived proton, exhibit the one- proton- PHIP effect described by Eisenberg. In this case, this is a result of their formation from a monohydride complex, such as $\\mathrm{[Pd(H)(bcope)(CO)]OTf}$ (4- CO, see later), which is formed after stilbene loss from 2.']","Based on the provided information, compound 2 plays a role in the hyperpolarization step for the following reasons:

1. **Receptor for Polarization Transfer**: Compound 2 acts as a substrate that binds to the catalyst (e.g., [IrCl(COD)(IMes)]), enabling optimal transfer of hyperpolarization from the catalyst's hydride ligands to its own protons. This occurs because the receptor protons in compound 2 relax more slowly, allowing efficient polarization flow and retention.

2. **High Polarization Efficiency**: Experimental results show that compound 2 achieves significant hyperpolarization levels (e.g., 10% polarization at the H-2 position in derivative 2b when using [IrCl(COD)(IMes)] as the catalyst precursor). This demonstrates its effectiveness in receiving and maintaining polarization from the pairwise activation of parahydrogen ($p \cdot \text{H}_2$).

3. **Role in PHIP Detection**: Compound 2 is integral to observing PHIP-enhanced resonances, as the bound substrate facilitates the conversion of $p \cdot \text{H}_2$-derived polarization into detectable NMR signal enhancements. The pairwise transfer of hydrogen atoms from $p \cdot \text{H}_2$ (which acts as both a reagent and hyperpolarization source) is critical here.

In summary, compound 2 serves as a key substrate that binds to the catalyst, receives hyperpolarization via reversible exchange, and enables high-polarization detection in NMR due to its favorable relaxation properties.","Compound 2 plays a role in the hyperpolarisation step because its alkyl proton signals are enhanced through PHIP (Para-Hydrogen Induced Polarization), which is a result of its formation from a monohydride complex after stilbene loss. This enhancement is visible in the NMR spectrum and contributes to the hyperpolarisation effect.",0.4011790408183432,0.9758832646680805,0.9333333333333333,0.9999999999,0.5
50,"Why do ionic liquids (ILs) exhibit ambiguous polarity behavior, interacting with both polar and non-polar substrates?","['In principle, one can expect that the PHIP activity decreases with increasing viscosity, due to lower transport ratesThird, it is well known that the IL structure influences the solubility to a great extent: increasing the alkyl substituent on the cation and/or choosing an anion of low coordinating ability leads to an increase in the solubility of non-polar substrates such as alkenes,37 while the hydrogen solubility is generally very low (e.g', 'Ionic liquids (ILs) have shown promise as an alternative to organic solvents to overcome these solubility problems due to their variable solvation propertiesIn this context, it has been recently demonstrated that small amounts of ILs can help to increase the catalytic activity and influence the selectivity of catalysts, for example, in hydrogenation reactions.33 Furthermore, ILs possess in general low vapor pressures, which facilitates product separation using extraction or distillation', 'Homogeneous hydrogenation reactions were among the first being studied in ionic liquids (ILs) as the solvents.9,10 To quite a surprise, even substrates with very limited solubility gave remarkable results. In the following, ionic liquids proved especially valuable for biphasic processes in which the catalyst was heterogenized in the ionic phase. Consequently, hydrogenation reactions in ILs should be perfectly suitable to be studied using PHIP NMR spectroscopy (Figure 1).', 'excess pyridine). This phenomenon is presumably linked to the need of a strong base promoter for the catalytic action of these compounds and of the iridium analogues in the ionic hydrogenation of polar unsaturated substrates.14,22', 'Furthermore, the absence of an organic solvent would be beneficial with respect to reducing separation effortsIn organic solvents, however, a low solubility of the (ionic) catalyst in non-polar unsaturated starting material is encountered']","[""Their polarity is normally in the range of acetonitrile or methanol, depending on the method used for its determination [18, 19, 22]. Still, there is an ongoing discussion about the 'right' way to determine solvent polarities, especially for ILs [8]. It has been shown, for example, that with use of ILs as the stationary phase in gas chromatography, strong interactions with polar substrates as well as with non-polar substrates could be detected [23]. This ambiguity also reflects in their ability to dissolve polar as well as non-polar molecules.""]","Based on the provided context, the ambiguous polarity behavior of ionic liquids (ILs) arises from their **tunable solvation properties** and **structural versatility**. Key factors include:

1. **Cation/Alkyl Chain Effects**:  
   Increasing the alkyl substituent length on the cation enhances solubility of non-polar substrates (e.g., alkenes) by introducing hydrophobic character.

2. **Anion Coordination Influence**:  
   Selecting anions with low coordinating ability reduces polar interactions, further promoting dissolution of non-polar molecules.

3. **Polarity Limitations**:  
   Despite this adaptability, ILs exhibit intrinsically low solubility for certain non-polar gases (e.g., hydrogen), demonstrating their complex solvent behavior.

4. **Structural Tunability**:  
   The ability to modify cation/anion combinations allows ILs to bridge polar and non-polar solvation regimes, enabling interactions with diverse substrates.  

This structural flexibility explains their dual affinity but also highlights constraints, such as poor hydrogen solubility.","The ambiguous polarity behavior of ILs arises because their polarity is typically within the range of acetonitrile or methanol, but there is ongoing debate about the correct method to determine their polarity. This ambiguity is reflected in their ability to interact strongly with both polar and non-polar substrates, as demonstrated in gas chromatography studies where ILs showed interactions with both types of substrates.",0.5198282795806689,0.917714788852261,0.3333333333333333,0.0,0.0
51,How do the $\mathrm{Co - C_{allyl}}$ bond lengths of species 7 compare to those of species 1?,[],"['The $\\mathrm{Co - C_{allyl}}$ bond lengths of 7 are 1.987(3), 1.987(3) and 2.082(3) $\\mathring{\\mathrm{A}}$ and therefore slightly shorter than those seen for both 1 and 4.']","Based on the provided information, the question about comparing the $\mathrm{Co - C_{allyl}}$ bond lengths between species 7 and species 1 cannot be answered. The available context does not contain structural data or experimental measurements for these species.","The $\mathrm{Co - C_{allyl}}$ bond lengths of species 7 (1.987(3), 1.987(3), and 2.082(3) $\mathring{\mathrm{A}}$) are slightly shorter than those seen for species 1.",0.7628731351205997,0.0,0.0,0.0,0.0
52,How does the Rh-Rh distance measured by EXAFS compare to that measured by single-crystal X-ray diffraction?,"['monomer/dimer transformations are known in organometallic chemistry.48,49 The $\\mathrm { R h - R h }$ distance of 2.64(2) Å compares favorably with independently synthesized 4: EXAFS, 2.66(2) Å and single-crystal $\\mathrm { \\Delta X }$ -ray diffraction, 2.6575(5) $\\mathring { \\mathrm { A } } ^ { 3 9 }$ Inclusion of Rh−Rh bonding was essential to fit the obtained data, confirming the dimeric nature of the solid.50 The ${ } ^ { 3 1 } \\mathrm { P } \\{ { } ^ { 1 } \\mathrm { H } \\}$ SSNMR spectrum of complex 4', 'Distances determined by using EXAFS are generally slightly longer than those obtained by using X-ray, but shorter than those determined by using DFT; the difference is due to the phase (gas for DFT, frozen solution for EXAFS).', '0 1 6 0 3 \\textrm { \\AA }$ The analysis of $1 ^ { + }$ gave some interesting resultsDFT predicts and EXAFS confirms a more explicit difference between cis and trans ligand than can be derived from the known crystal structure of complex $1 ^ { + }$ It was necessary to include the hydride ligands in the EXAFS simulation, resulting in $1 r - H$ distances longer than those derived from crystallography, but shorter than those calculated by DFT', 'Results should be handled with caution in the case of mixtures of both ligands and when coordination of the solvent is involvedWe compared the distance determined with EXAFS with that obtained by using X-ray crystallography, and, when available, DFT-derived geometriesDFT predicts a distinct difference between cis and trans ligands, which is not so pronounced in known X-ray structures but is clearly observed with EXAFS', 'Complexes 6–8 were characterized by single crystal X-ray diffraction methodsAll complexes possess a distorted square planar geometry around Rh1 and a nearly ideal square planar environment around Rh2 ( $\\tau _ { \\mathrm { { R h } 1 } } = 0 2 9$ , 0.46 and 0.37, and $\\tau _ { \\mathrm { R h } 2 } =$ 0.06, 0.01 and 0.03 for 6, 7 and 8 respectively).44 The Rh–Rh contact in monomeric 7 is $2 6 2 9 7 ( 2 ) \\mathring { \\mathbf { A } } .$ , that is $0']","['The Rh- Rh distance of 2.64(2) A compares favorably with independently synthesized 4: EXAFS, 2.66(2) A and single- crystal X- ray diffraction, 2.6575(5) A.39']","Based on the provided context, the comparison of Rh-Rh distances measured by EXAFS and single-crystal X-ray diffraction is as follows:  

1.  **General trend**:  
    Distances determined by EXAFS are consistently **slightly longer** than those obtained by single-crystal X-ray diffraction. This difference arises because EXAFS typically analyzes samples in **frozen solution**, while X-ray diffraction studies **crystalline solids**.  

2.  **Specific example (Complex 4)**:  
    - **EXAFS**: 2.66(2) Å  
    - **Single-crystal X-ray diffraction**: 2.6575(5) Å  
    Here, the EXAFS measurement is **0.0025 Å longer** than the X-ray value.  

3.  **Underlying factors**:  
    - The phase difference (solid vs. solution) contributes to the observed discrepancy.  
    - For complexes involving hydride ligands or mixed ligands, EXAFS-derived Rh-H distances are longer than crystallographic values but shorter than DFT predictions.  

4.  **Caution**:  
    Comparisons require care when samples involve ligand mixtures or solvent coordination, as these can influence distance measurements.  

**Conclusion**: EXAFS consistently reports Rh-Rh distances that are marginally longer (by ~0.01–0.03 Å) than single-crystal X-ray diffraction, as demonstrated for complex 4.",The Rh-Rh distance measured by EXAFS (2.66(2) Å is slightly larger than that measured by single-crystal X-ray diffraction (2.6575(5) Å).,0.6956456683267345,0.9948282247286598,0.9333333333333333,0.8874999999778125,1.0
53,Why are the highest signal gains for the OCH₂ resonance of 1-propanol observed when between 5-8 equivalents of d₇-BnNH₂ are employed?,"['This study showed that the highest signal gains seen for the $\\mathrm { O C } H _ { 2 }$ resonance of 1-propanol were observed when between 5–8 equivalents $d _ { \\mathrm { 7 } } \\mathrm { - B n N H _ { 2 } }$ was employed and this corresponds to an amine concentration of $2 5 \\mathrm { - } 4 0 ~ \\mathrm { m M }$ (see ESI†)', 'Furthermore, by reducing the concentrations of these analytes below the concentration of $\\mathrm { N H } _ { 3 } ,$ it is possible to improve on SABRE-RELAY efficiencyThis is beneficial when studying low-concentration analytes because when propanol was studied, the $\\mathrm { ^ { 1 } H N M R }$ signal gains seen for its OH resonance increased by $1 0 0 \\%$ on moving from a 15 to $1 5 \\mathrm { m M }$ concentration (figS4), whereas its CH resonances showed a ca', 'For example, at 5 equivalents of $d _ { \\mathrm { 7 } } \\mathrm { - B n N H _ { 2 } }$ a 718-fold signal gain for the $\\mathrm { O C } H _ { 2 }$ was recorded whereas at 8 equivalents a comparable signal gain of 695-fold was quanti\ue103edThe $\\mathrm { O C } H _ { 2 }$ signal gain decreases to ca58-fold with the highest amine concentration of $1 2 5 ~ \\mathrm { m M }$', 'This increase is attributed to a corresponding increase in the NH signal gain of the free amine (108 compared to 391-fold per proton for Q and R respectively)Introducing an ether linkage to give phenoxyethylamine (S) also improves the signal gains seen in 1-propanol above those with benzylamineNow the signal enhancements were quanti\ue103ed to be 255, 258, 261 and 165-fold for the ${ \\bf O } H _ { ; }$ , $\\mathrm { O C } H _ { 2 }$ , $\\mathbf { C } H _ { 2 }$ and $\\mathbf { C } H _ { 3 }$ resonances respectively', '4 \\mathrm { T }$ on a $5 \\mathrm { m m }$ inverse probe was 18 for the $\\mathrm { O C H } _ { 2 }$ resonanceWe note that the conditions required to achieve the highest $^ 1 \\mathrm { H }$ signal gains for 3-methyl-1-butanol discussed earlier also result in the highest $^ { 1 3 } \\mathrm { C }$ signal gains']","['SABRE derived signal enhancements are known to be highly dependent on the ratio of catalyst to substrate with lower concentrations typically yielding higher signal gains. It is accepted that this is a consequence of the available p-H₂ derived polarization pool being shared across a finite number of spins. Co-ligands have therefore been employed to reduce spin-dilution and often provide improved signal gains. For example, at 5 equivalents of d₇-BnNH₂ a 718-fold signal gain for the OCH₂ was recorded whereas at 8 equivalents a comparable signal gain of 695-fold was quantified.']","Based on the provided context, the highest signal gains for the $\mathrm{OCH_2}$ resonance of 1-propanol are observed at 5–8 equivalents of $d_7$-$\mathrm{BnNH_2}$ due to **optimal amine concentration** and **SABRE-RELAY efficiency**. Key reasons include:

1. **Concentration Optimization**:  
   - The range of 5–8 equivalents corresponds to an amine concentration of **25–40 mM**, which maximizes signal enhancement.  
   - Experimental data show peak signal gains of **718-fold at 5 equivalents** and **695-fold at 8 equivalents** for $\mathrm{OCH_2}$.  
   - Higher concentrations (e.g., 125 mM) reduce gains to ~58-fold, indicating a narrow optimal window.

2. **SABRE-RELAY Efficiency**:  
   - Reducing analyte concentrations below that of $\mathrm{NH_3}$ improves polarization transfer efficiency.  
   - For 1-propanol, lowering its concentration from 15 mM to 1.5 mM increased $\mathrm{OH}$ resonance gains by **100%** (supporting the importance of concentration balance).

3. **Competitive Effects**:  
   - Excess amine may compete with 1-propanol for binding sites on the polarization catalyst, diluting polarization transfer efficiency.  
   - The drop in $\mathrm{OCH_2}$ gains at 125 mM confirms saturation or inhibitory effects at high amine concentrations.

This optimization balances amine-driven polarization transfer with analyte accessibility during reversible exchange.","The highest signal gains are observed at 5-8 equivalents of d₇-BnNH₂ because the available p-H₂ derived polarization pool is shared across a finite number of spins, and lower concentrations reduce spin-dilution, leading to improved signal gains.",0.4699190180148467,0.9323225605930744,0.7857142857142857,0.3333333333,0.0
54,Why is there a two orders of magnitude difference between the enhancements obtained for  $^{1}$ H and  $^{19}$ F?,"['The two orders of magnitude difference between the enhancements obtained for $^ 1 \\mathsf { H }$ and $^ { 1 9 } \\mathsf { F }$ can be explained by taking into account the short longitudinal relaxation times of $^ { 1 9 } \\mathsf { F } ,$ which range between 3 and $5 s$ at $1 1 7 4 \\intercal$ for all of the ligands investigated here', 'Although the results of the $^ { 1 9 } \\mathsf { F }$ hyperpolarization studies are very promising and exhibit enhancement values high enough to allow for high-resolution images (with the exception of $L ^ { 9 } )$ to be recorded (see below), they are two orders of magnitude lower than those obtained for $^ 1 \\mathsf { H }$ This is a remarkable decrease considering the high sensitivity of $^ { 1 9 } \\mathsf { F } ,$ which is very close to that of proton', 'This enhancement value is about 2.5 times higher than the best previously reported numbers for $^ 1 \\mathrm { H }$ HET-SABRE,[23] although the better comparison is to the 5-fold enhancement values in Ref[22], where the catalyst support particles were closer in size to those used here (indicating a larger enhancement than what would be explained simply by the circa 10- fold decrease in gyromagnetic ratio for $^ { 1 5 } \\mathrm { N }$ compared to $^ 1 \\mathrm { H }$ )', 'Because of the exclusive occupation of, and the large energy difference between, the rotational states in $\\mathrm { H } _ { 2 }$ (vide supra), $\\mathrm { \\ t { - } H } _ { 2 }$ already carries a spin polarization of $1 2 \\times 1 0 ^ { - 3 }$ [cfEq(3)]This value is about two orders of magnitude larger than the thermal polarization in a typical hydrogenation product $[ 1 6 3 \\times \\bar { 1 0 } ^ { - 5 }$ , Eq(5)]', '3 \\mathrm { M }$ , which is approximately two orders of magnitude lower than the proton concentration in liquid waterThe PHIP hyperpolarization technique is suitable for direct $\\mathrm { ^ 1 H }$ NMR signal enhancement of the propane, when the chemical shift difference between ${ p \\mathrm { - } } \\mathsf { H } _ { 2 }$ -nascent protons is significantly greater than the $^ 3 J _ { \\mathrm { H H } }$ -coupling between them']","['The two orders of magnitude difference between the enhancements obtained for  $^{1}$ H and  $^{19}$ F can be explained by taking into account the short longitudinal relaxation times of  $^{19}$ F, which range between 3 and 5 s at 11.74 T for all of the ligands investigated here.']","Based on the provided literature, the two orders of magnitude difference in enhancements between $^{1}$H and $^{19}$F is primarily attributed to the **shorter longitudinal relaxation times ($T_1$) of $^{19}$F nuclei**. Specifically:

1. **$^{19}$F relaxation limitations**:  
   The longitudinal relaxation times of $^{19}$F nuclei range between **3–5 seconds** at 11.74 T for the ligands studied. This short $T_1$ causes rapid decay of hyperpolarization before detection, significantly reducing the observable signal enhancement.  

2. **Contrast with $^{1}$H**:  
   Protons ($^{1}$H) generally exhibit longer $T_1$ relaxation times, allowing hyperpolarized states to persist longer and resulting in higher observed enhancements. The difference persists despite $^{19}$F having intrinsic sensitivity nearly equivalent to $^{1}$H.  

3. **Experimental evidence**:  
   The data explicitly states that $^{19}$F enhancements are **two orders of magnitude lower** than $^{1}$H enhancements under comparable conditions, emphasizing the critical role of relaxation dynamics.  

This relaxation-driven limitation is a key factor in the reduced efficacy of $^{19}$F hyperpolarization compared to $^{1}$H in these studies.  

---  
*Source: Analysis of hyperpolarization dynamics in the provided context, focusing on relaxation time disparities.*","The difference can be explained by the short longitudinal relaxation times of  $^{19}$ F, which range between 3 and 5 s at 11.74 T for all of the ligands investigated here.",0.41814022143081986,0.9677425630905901,1.0,0.9999999999,1.0
55,What is the second step in the process of testing Rh2C in propyne hydrogenation experiments?,"['To probe the electronic states of ${ \\mathsf { R h } } _ { 2 } { \\mathsf { C } }$ after the catalytic tests with propyne, two additional control experiments were performed: in the first one $\\mathsf { R h } _ { 2 } \\mathsf { C }$ was tested in propyne hydrogenation only up to $1 0 0 ^ { \\circ } \\mathsf C ,$ and in the second one $\\mathsf { R h } _ { 2 } \\mathsf { C }$ was tested at temperatures up to $2 0 0 ^ { \\circ } \\mathsf C$ In these tests, no subsequent reduction was performed, and the post-reaction', 'Subsequently, $\\mathsf { R h } _ { 2 } \\mathsf { C }$ was pretreated in a flow of undiluted ${ \\sf H } _ { 2 }$ at $1 5 0 ^ { \\circ } \\mathsf C$ for two hours to form Rh0/C in situ (this material is denoted as post-Rh2C(150-H2), where the prefix post indicates that the reduction was performed after the first catalytical testing)Subsequently, the temperature was lowered to $5 0 ^ { \\circ } \\mathsf { C }$ without termination of the ${ \\sf H } _ { 2 }$ flow, and the catalytic testing was repeated', 'Conclusions\nThe ${ \\mathsf { R h } } _ { 2 } { \\mathsf { C } }$ phase was tested for the hydrogenation of unsaturated hydrocarbons, and its catalytic performance was compared to that of ${ \\mathsf { R h } } ^ { \\circ } / { \\mathsf { C } }$ A higher conversion in propyne hydrogenation was observed for a catalyst having a more significant fraction of $\\mathsf { R h } _ { 2 } \\mathsf { C }$', 'Results and discussion\nAs the first step, all of the prepared immobilized catalysts $( \\mathrm { I r } ^ { \\mathrm { N } } , \\mathrm { I r } ^ { \\mathrm { P } } , \\mathrm { R h } ^ { \\mathrm { N } }$ , and $\\mathrm { R h } ^ { \\mathrm { { P } } }$ ) were tested in the gas-phase hydrogenation of propyne using ${ p \\mathrm { - } } \\mathrm { H } _ { 2 }$', 'Consequently, much less heat was released in propyne hydrogenation compared to propene hydrogenation despite the larger exothermicity of the former reactionAs a result, it was possible to first test ${ \\mathsf { R h } } _ { 2 } { \\mathsf { C } }$ in the propyne hydrogenation experiments at temperatures not exceeding $1 0 0 ^ { \\circ } \\mathsf { C }$']","['The text describes a series of experiments involving the hydrogenation of propyne using Rh2C, detailing the steps taken to test and pretreat the catalyst.']","Based on the provided context:  
**The second step in testing $\mathsf{Rh_2C}$ in propyne hydrogenation experiments involved:**  
1. Pretreating $\mathsf{Rh_2C}$ in a flow of undiluted $\mathsf{H_2}$ at $\mathsf{150^\circ C}$ for two hours to form $\mathsf{Rh^0/C}$ *in situ*.  
   - This material is denoted as **post-$\mathsf{Rh_2C(150\text{-}H_2)}$** (where ""post"" indicates reduction occurred after the first catalytic test).  
2. Subsequently lowering the temperature to $\mathsf{50^\circ C}$ **without terminating the $\mathsf{H_2}$ flow**.  
3. Repeating the catalytic testing under these conditions.  

This pretreatment step (reduction to $\mathsf{Rh^0/C}$) directly follows the initial propyne hydrogenation test at ≤$\mathsf{100^\circ C}$, as described in the Results and Discussion section.",Pretreating Rh2C in a flow of undiluted H2 at 150°C for two hours to form Rh0/C in situ.,0.4996902553937305,0.9270479240086588,0.8571428571428571,0.49999999995,1.0
56,How do the hyperpolarization levels and substrate scope of SABRE compare to those of DNP?,"['Nonetheless, SABRE often generates lower levels of hyperpolarization and has a more limited substrate scope compared to DNP', 'Continuous production of hyperpolarised molecules produced by SABRE\nAn advantage that SABRE has over DNP is that the level of polarisation can be surveyed prior to using the hyperpolarised material for its desired purposeThis is because the rehyperpolarisation of a sample by SABRE takes a few seconds, whereas the same process with respect to DNP takes a lot longerHövener et al', 'For many practical applications, SABRE has substantial advantages compared to competing hyperpolarization methods such as high-field dynamic nuclear polarization (DNP) [21–27], which necessitates very expensive technical equipment and operates only at low temperatures around $1 0 0 \\mathrm { K }$ or the Parahydrogen Induced Polarization (PHIP) [28–37] technique, which is produced via a chemical modification of the substrate, which afterwards cannot be used for PHIP again.', 'Though SABRE-SHEATH is limited in terms of substrate scope and polarization levels when compared to more widely used d-DNP methods, the technology package required for SABRE-SHEATH is compact, fast, and easy to set up.41,47−50 In recent years, the hyperpolarization of the central HP MRI agent, pyruvate, has also attracted much attention.51−53', 'Particularly, SABRE has attracted a great deal of attention due to the fast hyperpolarization (compared to dissolution DNP) and because it does not require chemical conversion of the substrates under investigation (such as in PHIP)SABRE provides enhanced nuclear spin polarization for small molecules in solution, based on their reversible interaction with para-hydrogen $( p \\mathrm { - } \\mathsf { H } _ { 2 } )$ at an iridium metal center']","['Nonetheless, SABRE often generates lower levels of hyperpolarization and has a more limited substrate scope compared to DNP. Thus, significant effort has been made by the SABRE community to not only optimize the hyperpolarization process for distinct substrate groups but also expand the substrate scope to various biologically relevant molecules.']","Based on the provided information:  

1. **Hyperpolarization Levels**:  
   SABRE generally produces **lower levels of hyperpolarization** compared to DNP (dynamic nuclear polarization). This limitation is explicitly noted for both standard SABRE and SABRE-SHEATH implementations.  

2. **Substrate Scope**:  
   SABRE exhibits a **more limited substrate scope** relative to DNP. While DNP accommodates a broader range of molecules, SABRE's applicability is restricted to specific small molecules that can reversibly bind to the iridium metal center during polarization transfer.  

### Additional Context from the Comparison:  
- **Advantages of SABRE**: Despite these limitations, SABRE offers faster hyperpolarization (seconds vs. hours/minutes for DNP), operates at ambient temperatures, and requires less expensive equipment than DNP (which needs cryogenic conditions near 100 K).  
- **SABRE vs. PHIP**: Unlike PHIP, SABRE does not chemically modify substrates, allowing reuse.  

For further details on experimental setups or specific substrates, please refine your query.",SABRE generates lower levels of hyperpolarization and has a more limited substrate scope compared to DNP.,0.3875279325848931,0.8889740977708577,0.9166666666666666,0.7499999999625,1.0
57,Why does a slight low-field shift of the ${}^{13}\mathrm{C}$-resonances occur in the aromatic region of the PHIP spectrum during the hydrogenation of phenylethyne?,[],"[""A slight low-field shift of the ${}^{13}\\mathrm{C}$ - resonances in the aromatic region of the PHIP spectrum of the product molecules recorded during the hydrogenation of phenylethyne could be observed. A similar effect had been observed before in the ${}^{1}\\mathrm{H}$ - PHIP NMR spectra recorded during the hydrogenation of styrene derivatives using cationic $\\mathrm{Rh(I)}$ catalysts and could be explained with the occurrence of a so- called 'product attachment' during the catalytic cycle of the hydrogenation reaction [22, 23]. This term implies that the hydrogenation product binds to the metal center of the catalyst immediately after its formation via a $\\pi$ - complex between the aromatic system of the phenyl ring and one of the $d$ - orbitals of the transition metal complex (Fig. 5). The strength of this attachment depends on the electronic structure of the product and the catalyst, and it either leads to a shift of resonances to higher or lower frequencies in the respective NMR spectrum.""]","Based on the provided information, the question regarding the low-field shift of \(^{13}\mathrm{C}\)-resonances in the aromatic region during phenylethyne hydrogenation in PHIP cannot be answered. The RAG knowledge base does not contain specific details on this phenomenon.","The low-field shift occurs due to the 'product attachment' phenomenon, where the hydrogenation product binds to the metal center of the catalyst via a $\pi$-complex between the aromatic system of the phenyl ring and one of the $d$-orbitals of the transition metal complex. This attachment alters the electronic environment, leading to a shift in the NMR resonances.",0.1563181155752884,0.0,0.0,0.0,0.0
58,Why does the HP gas signal experience a fast decay after injection?,"['When the HP gas injection was completed, the HP gas signal experienced a fast decay due to $T _ { 1 }$ relaxation and also due to the depolarizing effect of the RF pulsesThe “effective” $T _ { 1 }$ constant was measured to be $0 6 7 \\pm 0 4 0$ (Figure S6), $0 6 8 \\pm$ 0.39 (Figure S8), and $0 6 4 \\pm 0 4 7$ (Figure S10), additionally highlighting the reproducibility, albeit with large $T _ { 1 }$ error bars', 'Following each injection of HP $[ 1 - ^ { 1 3 } \\mathrm { C } ]$ ketoisocaproate, the recorded $^ { 1 3 } { \\cal C }$ signal decayed due to $T _ { 1 }$ relaxation and the application of RF excitation pulsesNo metabolism was anticipated, which would otherwise manifest in the appearance of additional HP resonances', 'Each imaging sequence was initiated before gas injection in the phantom and repeated 32 or more times to capture the HP gas delivery into a phantom, followed by HP gas decay due to RF excitation and $T _ { 1 }$ decaySee Supporting Inforamtion for imaging sequence details', 'In this operation mode, we noted an initial bump in the HP signal, which we attribute to a temporary NMR tube overpressurizationNext, the HP signal plateau is established, which is followed by the decay of the HP signal due to the decreasing flow rate, which results in polarization losses during gas transfer from the reactor to the NMR detector', 'For example, the current time for injection of HP contrast agents in humans is around $5 5 \\ \\mathsf { s } , \\mathsf { { [ 4 7 ] } }$ which causes an approximate three-fold decay of the $^ { 1 3 } { \\mathsf C }$ polarization level, whereas the $^ { 1 5 } { \\mathsf { N O } } _ { 2 }$ polarization of HP $[ ^ { 1 5 } \\mathsf { N } _ { 3 } ]$ metronidazole will decay only by roughly 1.1- fold in that time, that is, it will experience a negligible loss']","[""When the HP gas injection was completed, the HP gas signal experienced a fast decay due to T1 relaxation and also due to the depolarizing effect of the RF pulses. The 'effective' T1 constant was measured to be 0.67±0.40 (Figure S6), 0.68±0.39 (Figure S8), and 0.64±0.47 (Figure S10), additionally highlighting the reproducibility, albeit with large T1 error bars.""]","Based on the provided context, the hyperpolarized (HP) gas signal experiences a fast decay after injection due to two primary mechanisms:  

1. **$T_1$ Relaxation**:  
   The HP signal decays due to spin-lattice relaxation ($T_1$). Experimental measurements of the effective $T_1$ constant yielded values of:  
   - $0.67 \pm 0.40$ (Figure S6),  
   - $0.68 \pm 0.39$ (Figure S8),  
   - $0.64 \pm 0.47$ (Figure S10).  
   These short $T_1$ values (despite large error bars) directly contribute to rapid signal decay.  

2. **Depolarization by RF Excitation Pulses**:  
   The application of radiofrequency (RF) pulses during NMR imaging sequences actively depolarizes the HP state, accelerating signal loss. Each imaging sequence involved repeated RF excitations (32+ times) to capture gas delivery and decay, further enhancing depolarization.  

Additional factors noted in the context:  
- **Flow Rate Effects**: During gas transfer from the reactor to the NMR detector, decreasing flow rates cause polarization losses.  
- **Overpressurization Artifact**: An initial signal ""bump"" occurs due to temporary overpressurization in the NMR tube, but this is distinct from the subsequent decay.  

Metabolism was explicitly ruled out as a factor, as no new HP resonances appeared. The decay is thus attributed to physical processes ($T_1$ relaxation and RF depolarization), not biochemical conversion.",The HP gas signal decays quickly due to T1 relaxation and the depolarizing effect of the RF pulses.,0.6242583854285664,0.9191209010320408,1.0,0.9999999999666667,1.0
59,Why does dissolving hyperpolarized propane in organic solvents at high magnetic fields extend its lifetime?,"['Therefore, this work logically follows from a number of our previous studies31,34,38 t hat concentrated on the development of $^ { 1 } \\mathrm { H }$ magnetic resonance imaging of propane, including hyperpolarized (HP) propane, for potential application in functional lung imagingHere, we address the issue of the short lifetime of HP propane and demonstrate that it is possible to extend the lifetime of the hyperpolarized state of propane at high magnetic fields by dissolving the propane in organic solvents', 'The previously demonstrated approach for extending the lifetime of the HP propane state through long-lived spin states allows the HP propane lifetime to be increased by a factor of ${ \\sim } 3 .$ Here, we demonstrate that a remarkable increase in the propane hyperpolarization decay time at high magnetic field (7.1 T) can be achieved by its dissolution in deuterated organic solvents (acetone- $d _ { 6 }$ or methanol- $d _ { 4 }$ )The approximate values', 'A potential solution to extend the lifetime of HP propane is to populate its long-lived spin states (LLSS) using parahydrogen-induced polarization (PHIP), which can significantly increase relaxation times (as much as orders of magnitude).[12] Long-lived spin states of propane are created by the use of the low magnetic field of $0 0 4 7 5 \\intercal ,$ which is $\\sim 1 0 0$ times lower than the $4', 'Despite the limitations associated with a relatively short nuclear spin relaxation time that characterizes the lifetime of the enhanced NMR signals, hyperpolarized propane can be successfully used to obtain images with relatively high spatial resolutionThe lifetime of propane hyperpolarization is substantially longer in low magnetic fields [56, 57], which is advantageous for low-field MRI studies [58]', 'Most liquid-state PHIP agents significantly benefit from the increase in the PHIP yield and lifetime achieved upon deuteration of their molecular precursors.13,24 Here, we investigate the utility of the deuterated propene precursor for the PHIP-based production of hyperpolarized propane- $d _ { 6 }$ and its use in NMR at high and low magnetic fields']","['Here, we address the issue of the short lifetime of HP propane and demonstrate that it is possible to extend the lifetime of the hyperpolarized state of propane at high magnetic fields by dissolving the propane in organic solvents. We found that the estimated values of hyperpolarization decay times for propane are 35.1 and 28.6 s for the CH2 group and the CH3 group, respectively, which are about 1- 2 orders of magnitude greater than the T1 times for gaseous propane.']","Based on the provided context, dissolving hyperpolarized propane in deuterated organic solvents (e.g., acetone-d₆ or methanol-d₄) at high magnetic fields (7.1 T) extends its hyperpolarization lifetime due to **reduced spin relaxation mechanisms**. The key reasons are:

1. **Deuterated solvents minimize proton-driven relaxation**:  
   Deuterium (²H) in solvents like acetone-d₆ and methanol-d₄ has a lower magnetic moment and slower relaxation dynamics compared to protons (¹H). This reduces dipolar coupling between propane's hyperpolarized protons and solvent protons, a major pathway for polarization decay.

2. **Suppression of intramolecular relaxation**:  
   The deuterated environment attenuates spin-rotation and dipole-dipole interactions within propane molecules, particularly when long-lived spin states (LLSS) are populated via parahydrogen-induced polarization (PHIP). This extends the hyperpolarized state lifetime.

3. **High-field stabilization**:  
   While hyperpolarized propane naturally exhibits longer lifetimes at low fields (<0.05 T), dissolution in deuterated solvents enables significant lifetime extension even at high fields (7.1 T), where relaxation rates are typically faster. The context reports a ""remarkable increase"" in decay time under these conditions.

The mechanism leverages deuteration to reduce solvent-induced relaxation, preserving the hyperpolarized state for applications like high-field MRI.",Dissolving hyperpolarized propane in organic solvents at high magnetic fields extends its lifetime because the hyperpolarization decay times for propane in this state are about 1-2 orders of magnitude greater than the T1 times for gaseous propane.,0.5090140684488561,0.9405450879880705,0.5789473684210527,0.49999999995,0.0
60,Why does warming to 305K allow the detection of new species like the acyl intermediate 8 in the NMR signals?,"['We note, that the intensity of the resulting PHIP enhanced NMR signals are again strongly temperature sensitive, and at $3 0 4 4 \\mathrm { ~ K ~ }$ signals for $\\mathbf { 3 - C H _ { 3 } O H }$ and 3-CO are visible alongside those of a new species, 9, at $\\delta 5 0 8$ Upon warming to $3 0 6 6 \\mathrm { ~ K ~ }$ the signals for $\\mathbf { 3 - C H _ { 3 } O H }$ and 3-CO reduce in size with those of the ester 6 appearing at $\\delta \\ 7 8 4$ alongside that of 9', '8 8$ and 2.64, with those of cis and trans-stilbene becoming clearly visible in the corresponding OPSY NMR experimentAt $3 6 8 \\mathsf { K }$ signals for metal complexes 8 and 9 a are again seen but those for 3 still dominateHence, we conclude that warming changes the rate of hydrogen turnover, thereby providing insight into the mechanism of this processFurther justification for these deductions will be given below.', 'At $3 2 8 \\mathsf { K } ,$ the signals for 3 and $\\mathsf { R u } ( \\mathsf { H } ) _ { 2 } ( \\mathsf { C O } ) _ { 2 } ( \\mathsf { P P h } _ { 3 } ) _ { 2 }$ now dominate the hydride region of the resulting NMR spectra with cis-stilbene signals dominating the organic regionWhen the temperature reaches $3 3 8 \\mathsf { K } ,$ signals for 8 appear at $\\phantom { - } 8 2 8 8$ and 2.64, with those of cis and trans-stilbene becoming clearly visible in the corresponding OPSY NMR experiment', 'The broadening of the NMR signals for these ligands, seen at room temperature, is due to this rapid exchangeNMR signals for the free ligand were also present in these spectra, although no exchange into them was observed at this temperature, or upon warming to 298 KThis is therefore an intramolecular process', 'Reaction of these complexes with both CO and $\\mathrm { H } _ { 2 }$ leads to the detection of linear acyl containing species $\\mathrm { C o ( C O C H _ { 2 } C H _ { 2 } C H _ { 3 } ) ( C O ) _ { 3 } ( P R _ { 2 } R ^ { \\prime } ) }$ and branched acyl complexes $\\mathrm { C o ( C O C H ( C H _ { 3 } ) _ { 2 } ) ( C O ) _ { 3 } }$ - $( \\mathrm { P R } _ { 2 } \\mathbf { R } ^ { \\prime } )$ via the PHIP effect']","['Upon warming to 305K, these signals all roughly double in intensity in accordance with an increase in reaction turnover. This simple change, however, also allows the NMR signals for a number of further species to be detected. First, in the organic region, a weakly polarized doublet of doublets appears at δ7.99 as shown in Fig. 3. This emission signal collapses into singlet on 31P decoupling and is therefore metal based. Phosphorus couplings in this resonance were measured at 22Hz and 3.5Hz with the associated 31P resonances occurring at δ36.0 and δ43.2 respectively. Furthermore, when mono-13C labelled Ph-13C≡C-Ph was used, further 13C couplings of 156Hz and 3Hz were observed on this proton signal. This new product is therefore assigned to the acyl intermediate [Pd(CO-CPh=CHPh)(bcope)(CO)]OTf 8) whose formation is implicated in the earlier methanol-d4 reaction.']","Based on the provided context, warming to temperatures like 305 K (specifically referenced at 306.6 K and 338 K) allows detection of new species like acyl intermediate **8** in NMR signals due to **changes in hydrogen exchange kinetics**. The key mechanistic insights are:

1.  **Temperature-Dependent Exchange Rates**:  
    Warming accelerates the rate of hydrogen turnover (exchange), which alters the dynamic equilibrium between species. At lower temperatures, rapid exchange broadens NMR signals beyond detection for certain intermediates. At higher temperatures (e.g., 306.6 K), this exchange slows sufficiently to resolve signals for transient species like **8**.

2.  **Signal Resolution for Intermediates**:  
    At 338 K, distinct signals for **8** appear at **δ –8.88 and –2.64**, alongside signals for *cis*- and *trans*-stilbene. This confirms that warming ""changes the rate of hydrogen turnover,"" shifting the equilibrium to favor observable concentrations of **8** and reducing signals for precursors like **3-CH\(_3\)OH** and **3-CO**.

3.  **Competitive Pathway Activation**:  
    Warming activates parallel reaction pathways. For instance, at 306.6 K, signals for ester **6** (δ 7.84) emerge concurrently with **9**, indicating thermal promotion of acyl intermediate formation (e.g., **8**) and subsequent esterification.

4.  **Suppression of Dominant Species**:  
    Complexes like **3** dominate NMR spectra at lower temperatures (e.g., 328 K) but diminish upon warming, allowing less stable intermediates like **8** to become detectable.

In summary, thermal energy modulates exchange kinetics, resolving otherwise broadened signals and stabilizing reactive intermediates like acyl complex **8** for NMR observation.","Warming to 305K increases the reaction turnover, which leads to the formation of the acyl intermediate 8, detectable via NMR signals due to its specific couplings and resonances.",0.48262923155046156,0.9520850604865595,0.45,0.9999999999,0.0
61,Why do functional groups in vicinity to the triple bond from the PHIP label limit the attainable signal enhancement?,"['Generally, our results suggest that functional groups in vicinity to the triple bond from the PHIP label limit the attainable signal enhancement as they can act as ligands coordinating to the hydrogenation catalyst. Hence, two factors must be considered to achieve pronounced signal enhancement: 1) the accessibility of the triple bond within the catalytic cycle, and 2) its spatial remoteness from the peptide backbone.', 'These results showcase that functional groups in the vicinity of the triple bond exert a massive influence on the reaction coordinateFor 8b as the substrate, the ruthenium carbene 9b $( = \\mathbf { C } 2 )$ actually represents a thermodynamic sink, which explains why we managed to isolate this species', 'In order to achieve higher and more stable enhancements, Sauer et al.190 systematically searched for PHIP-markers suitable for the hyperpolarization of larger peptides, in aqueous solution, i.e., under biocompatible conditionsEmploying various tripeptides as test-systems, they could show that an isolated spatial location of the triple bond within the respective label and its accessibility for the hydrogenation catalyst are essential factors for the amount of signal enhancement', 'Indeed, the SE in the series of PHIP-labeled SFTI variants increased according to the length of alkynebearing arms that separate the triple bond from the peptide functional groups getting its maximal value for the longest $O$ - propargyl-l-tyrosine derivative', 'These influences can result in strongly decreased PHIP signal enhancement']","['Generally, our results suggest that functional groups in vicinity to the triple bond from the PHIP label limit the attainable signal enhancement as they can act as ligands coordinating to the hydrogenation catalyst. Hence, two factors must be considered to achieve pronounced signal enhancement: 1) the accessibility of the triple bond within the catalytic cycle, and 2) its spatial remoteness from the peptide backbone.']","Functional groups near the triple bond in PHIP labels limit attainable signal enhancement due to two interrelated factors:

1. **Catalyst coordination interference**  
Functional groups (e.g., amines, carboxylates in peptide backbones) act as ligands that coordinate to the hydrogenation catalyst (e.g., ruthenium complexes). This coordination:
   - Occupies catalytic sites needed for alkyne hydrogenation
   - Alters the reaction pathway, potentially creating stable intermediates (e.g., ruthenium carbenes) that become thermodynamic sinks
   - Disrupts parahydrogen's polarization transfer efficiency

2. **Steric/electronic accessibility constraints**  
Proximity to the peptide backbone restricts:
   - Physical access of the catalyst to the triple bond
   - Optimal spatial orientation required for effective hydrogenation
   - Freedom of motion needed for polarization transfer dynamics

**Experimental evidence** shows signal enhancement (SE) increases significantly when the triple bond is separated from functional groups using extended spacer arms (e.g., maximal SE achieved with longest *O*-propargyl-l-tyrosine derivatives). This demonstrates that spatial isolation of the triple bond from coordinating moieties is essential for efficient PHIP hyperpolarization.","Functional groups near the triple bond can act as ligands coordinating to the hydrogenation catalyst, which limits the accessibility of the triple bond within the catalytic cycle and its spatial remoteness from the peptide backbone, thereby reducing signal enhancement.",0.4990106620642902,0.9679534026268909,0.6875,0.8041666666465626,1.0
62,Why are the differences in $^{13}\mathrm{C}$ relaxation times between 'ALTADENA direct' and 'ALTADENA waiting' procedures rather small?,[],"[""For both procedures, 'ALTADENA direct' and 'ALTADENA waiting', we found long relaxation times $104.0\\mathrm{~s}\\pm 7.0\\mathrm{~s}$ and $122.5\\mathrm{~s}\\pm 10.0\\mathrm{~s}$ respectively). While longer spin- lattice relaxation times are generally expected for $^{13}\\mathrm{C}$, only rather small differences were observed between high- field ('ALTADENA direct') and low field storage ('ALTADENA waiting'). This finding is largely in agreement with Levitt's theory of prolonged relaxation, because—in contrast to pairs of $^{1}\\mathrm{H}$ nuclei—$^{13}\\mathrm{C}$ is not strongly coupled to another hyperpolarized nucleus, so that an altered magnetic field does not necessarily lead to a sufficiently significant change in the nuclear spin symmetry. Therefore, we assume that the observed differences in $^{13}\\mathrm{C}$ relaxation time are the result of other factors, such as a difference in the efficiency of the polarization transfer from $^{1}\\mathrm{H}$ to $^{13}\\mathrm{C}$.""]","Based on the provided information, the question regarding the differences in $^{13}\mathrm{C}$ relaxation times between 'ALTADENA direct' and 'ALTADENA waiting' procedures cannot be answered. The RAG knowledge base lacks specific experimental data or theoretical explanations addressing this comparison.","The differences are small because $^{13}\mathrm{C}$ is not strongly coupled to another hyperpolarized nucleus, so an altered magnetic field does not lead to a significant change in nuclear spin symmetry, as per Levitt's theory of prolonged relaxation. Other factors, such as the efficiency of polarization transfer from $^{1}\mathrm{H}$ to $^{13}\mathrm{C}$, may also contribute to the observed differences.",0.12818319706535253,0.0,0.0,0.0,0.0
63,Can the HET-SABRE catalyst be used to hyperpolarize other biological molecules besides pyridine and nicotinamide in aqueous media?,"['The newly developed HET-SABRE catalyst here was also used to induce the real-time hyperpolarization of pyridine and nicotinamide in aqueous media. This will ultimately enable hyperpolarized biomolecules in biomedical water.51,52 Indeed, our efforts not only improve signal enhancement through these experimental optimizations but also identify SABRE-based real-time hyperpolarization of biological/biomedical materials in a heterogeneous system.', 'Furthermore, other substrates beyond those studied here can be potentially hyperpolarized in aqueous media, including recently reported tuberculosis drugs pyrazinamide and isoniazid.18 Finally, it may be possible to combine aqueous SABRE hyperpolarization with HETSABRE,20 potentially allowing the preparation of pure aqueous hyperpolarized contrast agents with a recyclable catalyst', 'Here, we report a new HET-SABRE catalyst with unprecedented efficiency and regenerative hyperpolarization on pyridine and nicotinamide in methanol and water. The $\\mathrm { { I r } ( I ) }$ SABRE catalyst was attached to a polymeric resin (TentaGel', 'The catalyst described here also has the potential for future modifications to render its hyperpolarization in aqueous media,[55–57] which is highly synergistic with recent demonstrations of $^ { 1 5 } \\mathrm { N }$ SABRE-SHEATH in an aqueous medium[58] and would ultimately pave the way to production of pure (from catalyst) $^ { 1 5 } \\mathrm { N }$ hyperpolarized biomolecules in aqueous media for biomedical use.[59] Indeed, our efforts will be directed not only toward improving enhancements via such', 'Motivated by the biomedical utility of hyperpolarization techniques, SABRE hyperpolarization of nicotinamide in aqueous media was tested owing to the molecule’s biological relevance (it belongs to the vitamin B group)Here, Ir-IMes was activated with nicotinamide in ethanol- $d _ { 6 } ,$ achieving hyperpolarization on the four aromatic protons located on the pyridine ring via SABRE at $6 \\pm 4 ~ \\mathrm { m T }$ detected at $9 4 \\mathrm { ~ T ~ }$ (Figure 5a)']",['The newly developed HET-SABRE catalyst was used to induce the real-time hyperpolarization of pyridine and nicotinamide in aqueous media. This will ultimately enable hyperpolarized biomolecules in biomedical water. Our efforts not only improve signal enhancement through experimental optimizations but also identify SABRE-based real-time hyperpolarization of biological/biomedical materials in a heterogeneous system.'],"Based on the provided information:  
**Yes**, the HET-SABRE catalyst shows potential for hyperpolarizing other biological molecules beyond pyridine and nicotinamide in aqueous media. Specifically:  

1. **Explicitly mentioned targets**: Tuberculosis drugs **pyrazinamide** and **isoniazid** are identified as potential candidates for hyperpolarization in aqueous media using this approach.  
2. **Broader applicability**: The catalyst's design enables potential modifications to target additional biomolecules in aqueous environments, which is critical for biomedical applications.  
3. **Future directions**: Combining HET-SABRE with aqueous SABRE hyperpolarization may allow recyclable production of pure hyperpolarized contrast agents for biomedicine.  

The context explicitly states:  
> *""other substrates beyond those studied here can be potentially hyperpolarized in aqueous media, including recently reported tuberculosis drugs pyrazinamide and isoniazid.""*  

This indicates the catalyst’s versatility for biologically relevant molecules.","Yes, the HET-SABRE catalyst can potentially hyperpolarize other biological molecules in aqueous media, given its demonstrated capability with pyridine and nicotinamide and the experimental optimizations for signal enhancement.",0.5972153251146581,0.9753433267551136,0.8571428571428571,0.99999999998,1.0
64,Why is Parahydrogen Induced Polarization (PHIP) used to monitor hydrogenation reactions?,"['ABSTRACT: Parahydrogen-induced polarization (PHIP) is an NMR hyperpolarization technique with the ability to increase the NMR sensitivity by serval ordersThe generation of hyperpolarization in hydrogenation reactions is associated with a pairwise addition behavior, which is sensitive to the properties of catalysts and the reaction process, making it a powerful tool for the characterization of catalyst properties and elucidation of reaction mechanisms', 'Parahydrogen-induced polarization (PHIP) is a powerful technique for studying hydrogenation reactions in gas and liquid phasesPairwise addition of parahydrogen to the hydrogenation substrate imparts nuclear spin order to reaction products, manifested as enhanced $^ 1 \\mathsf { H }$ NMR signals from the nascent proton sites', 'ABSTRACT: Parahydrogen-induced polarization (PHIP) is an efficient technique for mechanistic investigations of homogeneous and heterogeneous catalytic hydrogenations', 'The enhancement under discussion can be obtained through reversible interaction (SABRE – Signal Amplification by Reversible Exchange)[6] or by hydrogenation with $\\mathsf { p } \\mathrm { - } \\mathsf { H } _ { 2 }$ (PHIP – Parahydrogen Induced Polarization).[7] The latter method is an excellent way to monitor hydrogenation reactions, which are among the most important chemical reactions in industry and research.[8] Indeed, one-dimensional (1D) NMR with PHIP, on both low-field BT and high-field', 'INTRODUCTION\nParahydrogen-induced polarization (PHIP) is a nuclear spin hyperpolarization technique based on the use of parahydrogenenriched $\\mathrm { H } _ { 2 }$ (para- ${ \\mathrm { H } } _ { 2 , } ^ { \\ \\cdot \\ }$ ) in catalytic reactions.1−3 Upon hydrogenations with para- $\\mathrm { H } _ { 2 } ,$ strong NMR signals of specific shape amplified by several orders of magnitude can be observed, revealing the high nuclear spin hyperpolarization in the reaction products']","['The enhancement under discussion can be obtained through reversible interaction (SABRE – Signal Amplification by Reversible Exchange) or by hydrogenation with p - H_{2} (PHIP – Parahydrogen Induced Polarization). The latter method is an excellent way to monitor hydrogenation reactions, which are among the most important chemical reactions in industry and research.']","Based on the provided context, Parahydrogen Induced Polarization (PHIP) is used to monitor hydrogenation reactions for the following reasons:

1. **Mechanistic Sensitivity**  
   PHIP relies on pairwise addition of parahydrogen (p-H₂) to substrates, which is highly sensitive to catalyst properties and reaction pathways. This enables detailed characterization of catalyst behavior and reaction mechanisms.

2. **NMR Signal Enhancement**  
   The pairwise hydrogen transfer imparts nuclear spin order to reaction products, amplifying ¹H NMR signals by several orders of magnitude. This allows detection of nascent protons in hydrogenation products that would otherwise be undetectable with conventional NMR.

3. **Reaction Monitoring Capability**  
   PHIP provides real-time insight into hydrogenation processes in both homogeneous and heterogeneous catalysis. The amplified signals reveal molecular-level details of reaction intermediates and products, making it particularly valuable for studying industrial hydrogenation reactions.

4. **Versatility**  
   The technique works effectively in gas and liquid phases, supporting investigations across diverse catalytic systems and reaction conditions.

The context emphasizes PHIP's unique ability to convert the nuclear spin order of p-H₂ into observable hyperpolarized NMR signals, creating a powerful analytical tool for hydrogenation studies.","PHIP is used to monitor hydrogenation reactions because it enhances NMR signals by up to a few orders of magnitude, making it an excellent method for observing these reactions, which are among the most important chemical reactions in industry and research.",0.34611128242960576,0.9924658041128777,1.0,0.8874999999778125,1.0
65,Why are rf-based methods lagging behind in the context of SABRE?,"['One likely explanation as to why rf-based methods are lagging behind in the context of SABRE is the reliance on conventional high-field NMR spectrometers with small coils that only encompass a small fraction of the liquid sample in a 5 mm NMR tube14 that is continuously bubbled with ${ p \\mathrm { - } } \\mathrm { H } _ { 2 }$ gas25 These factors result in major rf inhomogeneities', 'In 2023, an alternative approach has been proposed,31–33 which relies on RF excitation of nuclear spins at low magnetic fields (close to the Earth’s field) and provides high polarization transfer efficiency without magnetic field cyclingHowever, the necessity of using sophisticated instrumentation to attain high polarization levels remains a bottleneck for the widespread application of SABRE', 'Therefore, some recent efforts in the SABRE field are focused on developing polarization-transfer methods from HP proton sites in SABRE contrast agents to $^ { 1 3 } \\mathrm { C } ^ { 3 3 , 3 4 }$ as well as the development of radiofrequency (RF)-based approaches for direct polarization of $^ { 1 5 } \\mathrm { N }$ sites with SABRE directly within the NMR or MRI scanne r.46,47 While these methods may potentially lead to high levels of hyperpolarization on longlived heteronuclear sites in SABRE HP contrast', 'In summary, an rf-based polarization transfer approach has been presented for hyperpolarization of $^ { 1 5 } \\mathrm { N }$ sitesAt least in some compounds, this method appears to be more efficient than the SABRE-SHEATH approach, which has already been shown to yield more than $3 0 \\%$ $^ { 1 5 } \\mathrm { N }$ polarization.24 This is remarkable because in all previous demonstrations of rfSABRE approaches yielded significantly lower polarization than static field matching/field cycling approaches', '1Introduction\nThe SABRE (Signal Amplification By Reversible Exchange) technique[1] is becoming a popular method for significant enhancement of NMR (Nuclear Magnetic Resonance) signalsSABRE belongs to the PHIP (Para-Hydrogen Induced Polarization) family[2] of spin hyperpolarization methods, which make use of the non-thermal spin order of parahydrogen $( p \\mathsf { H } _ { 2 } ,$ the ${ \\sf H } _ { 2 }$ molecule in its singlet nuclear spin state)']","['One likely explanation as to why rf- based methods are lagging behind in the context of SABRE is the reliance on conventional high- field NMR spectrometers with small coils that only encompass a small fraction of the liquid sample in a 5 mm NMR tube that is continuously bubbled with  $p\\text{- }\\mathrm{H}_{2}$  gas. These factors result in major rf inhomogeneities. In contrast, a previous approach used in hydrogenative  $p\\text{- }\\mathrm{H}_{2}$ - induced polarization  $\\left(\\mathrm{PHIP}^{9,26,27}\\right)$ , employs low- field (ca.  $5 - 50 \\mathrm{mT}$ ) magnets and rf excitation coils, which encompass the entire sample volume, sometimes in excess of  $50 \\mathrm{mL}$ . Moreover, the hardware behind such low- field devices is significantly less complex and less costly compared to that of the high- field NMR spectrometers.']","Based on the provided context, rf-based methods lag behind in SABRE applications due to the following reasons:

1. **RF Inhomogeneities in Conventional Setups**:  
   These methods rely on high-field NMR spectrometers with small coils that only encompass a small fraction of the liquid sample in a standard 5 mm NMR tube. This setup, combined with continuous bubbling of parahydrogen gas, causes significant radiofrequency (rf) inhomogeneities, reducing polarization transfer efficiency.

2. **Instrumentation Complexity**:  
   Alternative rf-based approaches (e.g., low-field excitation near Earth's magnetic field) require sophisticated instrumentation to achieve high polarization levels. This complexity remains a bottleneck for widespread adoption in SABRE applications.  

These limitations hinder the efficiency and scalability of rf-based methods compared to field-cycling approaches like SABRE-SHEATH.","Rf-based methods lag behind in SABRE because they rely on conventional high-field NMR spectrometers with small coils that only encompass a small fraction of the liquid sample, resulting in major rf inhomogeneities. In contrast, low-field magnets and rf excitation coils, which encompass the entire sample volume and are less complex and costly, have been successfully used in previous approaches like PHIP.",0.4993495642979696,0.9646633053619741,0.6923076923076923,0.9999999999,0.5
66,What is the first step in the process of analyzing spectra and calculating polarization levels?,"['This process requires the cooling to around $1 3 { \\sf K }$ of the material to be probed together with a radical, whereupon microwave irradiation drives the polarization transfer step.[5] Once sufficient polarization is transferred, the sample is thawed and moved to the spectrometer for interrogation by NMRThis very successful method has generated nuclear polarizations of $3 7 \\%$ for $^ { 1 3 } { \\mathsf { C } }$ and $7', 'Such direct comparisons of different methods highlight the efficiency and robustness of adiabatic transfer compared to other methodsNext, we demonstrate a facile route to optimize adiabatic sweep experiments by calculating the optimal profile of the field variationMore specifically, we suggest a two-step procedureIn the first step, we simulate and/or experimentally detect the field dependence of $^ { 1 3 } \\mathrm { C }$ polarization', 'This approach is step-wise, i.e., it allows one to calculate the effect of spin dynamics first by calculating the effect of the redistribution of polarization in the complex, and second, by calculating the effect of substrate dissociationWhile it does not specifically take into account chemical exchange, it allows one to demonstrate the main features of the polarization transfer process', 'Quantification of\xa0polarization in\xa0and\xa0ex situAfter RF-SOT, we used a $5 ^ { \\circ }$ excitation pulse to check the level of polarization (Fig.\xa04b) in\xa0situ\xa0(to determine the polarization level, one should measure a $^ { 1 3 } \\mathrm { C }$ -spectrum of the reagent before hydrogenation)', 'PHIP spectra for all compounds investigated are shown in Figure 2 and polarization levels are summarized in Table 1The polarization method used for each compound was match to the methods available to us that has been used in past reports[26] and the scalar coupling[33] to achieve detectable polarizationFollowing application of the ESOTHERIC pulse, $P _ { ^ { 1 5 } \\mathrm { N } }$ of $1 2 2 \\pm 2']","['The spectra were processed using TopSpin software version 4.0.8. Phase correction, line- broadening (LB 5 for EM), and baseline corrections were applied. Further analyses and 3D plot were performed using MATLAB software version R2019b. In each spectrum, the peaks of HCO3^- and CO2 were integrated to determine the area under the curves (AUCs). From the ratio of the AUCs, pH values were calculated by using Henderson- Hasselbalch equation. Correlation and statistical analysis were performed in GraphPad Prism version 9 software. Polarization level was calculated using a specific equation.']","Based on the provided context, the first step in analyzing spectra and calculating polarization levels is:  
**Measure the $^{13}\mathrm{C}$ NMR spectrum of the reagent *before* hydrogenation** to establish a reference baseline for polarization quantification.  

This step is explicitly stated in the context as essential for determining polarization levels:  
> *""to determine the polarization level, one should measure a $^{13}\mathrm{C}$-spectrum of the reagent before hydrogenation.""*  

This reference spectrum allows comparison with spectra obtained *after* polarization (e.g., post-hydrogenation or after techniques like RF-SOT) to quantify signal enhancement.","The first step is processing the spectra using TopSpin software with phase correction, line-broadening, and baseline corrections.",0.15645265811344056,0.993754114161686,0.8333333333333334,0.0,0.0
67,Why are the enhanced 1H NMR signals broadened relative to their thermally polarized counterparts in SABRE-Relay experiments?,"['When such SABRE-Relay experiments are performed, enhanced $^ 1 \\mathrm { H }$ NMR signals for $^ { 1 , ~ 2 , }$ or 3 can be observed (Figure 2a and b)These enhanced signals are broadened relative to their thermally polarized counterparts and this is likely related to sample movement and nonoptimal shimming using this manual sample shaking and insertion method', 'This technique is known as signal amplification by reversible exchange (SABRE) and is shown schematically in Figure 1.[3] It can enhance the signals detected by MRI and nuclear magnetic resonance (NMR) spectroscopy across a wide range of nuclei such as ${ } ^ { 1 } \\mathsf { H } , ~ { } ^ { 1 3 } \\mathsf { C } , ~ { } ^ { 1 5 } \\mathsf { N }$ and others.[4] It works by harnessing the latent polarization of ${ p \\mathrm { - } } { \\mathsf { H } } _ { 2 }$ through binding to a icity of the SABRE approach', 'A) Upper $^ 1 \\mathsf { H }$ NMR spectrum in the thermally polarized control, $\\times 8$ vertical expansion, relative to lower SABRE-RELAY spectrum(B) Single-scan SABRE-RELAY ${ } ^ { 1 } \\mathsf { H } \\mathsf { - } ^ { 1 3 } \\mathsf { C }$ refocused INEPT NMR spectrum (see figS8B for the corresponding thermal control trace)', 'Fig. 3 shows a 16 scan thermally polarized $\\mathrm { ^ { 1 } H }$ NMR spectrum of INAH at $1 \\mathrm { ~ T ~ }$ for comparison, alongside a single scan hyperpolarized trace whose vertical expansion is $\\times 1 / 1 6 ^ { \\mathrm { t h } }$ of the thermal spectrum. It is clear from this data that the ortho protons of INAH receive the strongest uplift in signal intensity through SABRE and that the effect of SABRE is substantial.', 'Signal amplification by reversible exchange (SABRE) is a promising method to increase the sensitivity of nuclear magnetic resonance (NMR) experimentsHowever, SABRE-enhanced ${ } ^ { 1 } \\mathsf { H N M R }$ signals are short lived, and SABRE is often used to record 1D NMR spectra onlyWhen the sample of interest is a complex mixture, this results in severe overlaps for $^ 1 \\mathsf { H }$ spectra']",['These enhanced signals are broadened relative to their thermally polarized counterparts and this is likely related to sample movement and nonoptimal shimming using this manual sample shaking and insertion method. The use of automated systems could reflect a route to reduce line broadness.'],"Based on the provided information, the enhanced $^1\mathrm{H}$ NMR signals in SABRE-RELAY experiments appear broadened relative to their thermally polarized counterparts due to two primary factors:

1. **Sample movement**: The physical agitation involved in the manual sample handling process introduces motion-related artifacts during NMR measurement.

2. **Nonoptimal shimming**: The manual sample shaking and insertion method compromises the homogeneity of the magnetic field (shimming quality), which directly contributes to line broadening in the observed spectra.

These experimental limitations are inherent to the described manual sample preparation technique and affect the spectral resolution of hyperpolarized signals despite their significant signal enhancement.",The broadening of enhanced 1H NMR signals is likely related to sample movement and nonoptimal shimming when using manual sample shaking and insertion methods.,0.69819756595347,0.9272355903953803,0.875,0.9999999999,1.0
68,Why does the temperature at which products are first seen vary with the phosphine in the reaction of allyl complexes with para-hydrogen?,"['The temperature at which these products are first seen varies with the phosphine according to the listing $\\mathrm { P P h } _ { 2 } \\mathrm { M e } < \\mathrm { P M e } _ { 2 } \\mathrm { P h } < \\mathrm { d p p m } < \\mathrm { d p p e } \\sim \\mathrm { P } ( \\mathrm { C H } _ { 2 } \\mathrm { P h } ) _ { 1 }$ 3 $< \\mathrm { P P h } _ { 3 } < \\mathrm { P C y } _ { 3 }$ These reactions proceed as a consequence of CO loss', 'At room temperature they are in a 3:1 ratio (due to the spin triplet/singlet ratio), but enrichment of the para isomer can be easily obtained.[1] Upon carrying out hydrogenation reactions with parahydrogen-enriched mixtures, the alteration of the spin-level populations yields dramatic changes in the $\\mathrm { ^ { 1 } H }$ NMR spectra of the hydrogenated products (parahydrogen-induced polarisation effect).[1–2]', 'Reactions of these allyl complexes with para-hydrogen $( p \\mathrm { - } \\mathbf { H } _ { 2 } )$ lead to the observation of para-hydrogen induced polarisation in both liberated propene and propane', 'Reactions of the allyl complexes with para-hydrogen $\\left( p \\mathbf { - } \\mathbf { H } _ { 2 } \\right)$ lead to the observation of para-hydrogen induced polarisation (PHIP) in both liberated propene and propane', 'Studies on how the appearance, and ratio, of the PHIP enhanced signals seen in these reaction vary as a function of reaction temperature and $\\mathrm { H } _ { 2 }$ to CO ratio have also been describedThese data revealed that the $\\mathrm { P M e } _ { 2 } \\mathrm { P h }$ and $\\mathrm { P P h } _ { 2 } \\mathrm { M e }$ based systems yield the highest selectivity for the linear hydroformylation products']","['The temperature at which these products are first seen varies with the phosphine according to the listing  $\\mathrm{PPh}_2\\mathrm{Me}< \\mathrm{PMe}_2\\mathrm{Ph}< \\mathrm{dppm}< \\mathrm{dppe}\\sim \\mathrm{P(CH}_2\\mathrm{Ph)}_3$ $< \\mathrm{PPh}_3< \\mathrm{PCy}_3$  . These reactions proceed as a consequence of CO loss. Consequently, the better the electron donating properties of the phosphine, the stronger the CoCO bond; this accounts for the higher activation temperatures of the  $\\mathrm{PCy}_3$  system, but given the fact  $\\mathrm{PPh}_3$  containing system also requires a high temperature steric effects must also play their role on this reaction.']","The temperature at which products are first observed varies with the phosphine ligand due to differences in **ligand steric and electronic properties**, which influence the **kinetics of CO dissociation**—a critical step in the reaction mechanism. According to the provided context:  

1. **Phosphine dependency order**:  
   The temperature threshold follows the sequence:  
   $$\mathrm{PPh_2Me < PMe_2Ph < dppm < dppe \sim P(CH_2Ph)_3 < PPh_3 < PCy_3}$$  

2. **Role of CO dissociation**:  
   The reaction proceeds via **CO loss** from the metal center. Phosphines that facilitate easier CO dissociation (e.g., smaller or less bulky ligands like $\mathrm{PPh_2Me}$ and $\mathrm{PMe_2Ph}$) lower the energy barrier for this step. This allows product formation (propene/propane) to initiate at **lower temperatures**.  

3. **Steric and electronic effects**:  
   - **Bulky phosphines** (e.g., $\mathrm{PCy_3}$ or $\mathrm{PPh_3}$) increase steric crowding and strengthen metal-CO binding, requiring **higher temperatures** for CO dissociation.  
   - **Smaller phosphines** (e.g., $\mathrm{PMe_2Ph}$) reduce steric hindrance, promoting CO loss and enabling reactions at lower temperatures.  

4. **Correlation with selectivity**:  
   Systems with $\mathrm{PMe_2Ph}$ and $\mathrm{PPh_2Me}$ exhibit the **highest selectivity for linear hydroformylation products**, further confirming their role in lowering activation barriers.  

In summary, the phosphine ligand modulates the **kinetics of CO dissociation**, directly determining the temperature at which reactive intermediates form and products are observed.","The temperature varies because the better the electron donating properties of the phosphine, the stronger the CoCO bond, which accounts for the higher activation temperatures required for the reaction to proceed.",0.34756675436181894,0.7278392687487333,0.3157894736842105,0.0,0.0
69,Why do molybdenum carbide catalysts with a dominating hcp Mo2C phase provide a higher contribution of pairwise H2 addition to propyne?,"['Specifically, the catalysts were produced using different synthetic procedures, and predominantly contained either a fcc $\\mathbf { M o C } _ { 1 - \\mathbf { x } }$ phase or a hcp $\\mathtt { M o } _ { 2 } \\mathtt { C }$ phaseIt was found in this study that the catalysts with the dominating hcp $\\mathtt { M o } _ { 2 } \\mathtt { C }$ phase provided a higher contribution of pairwise $\\mathrm { H } _ { 2 }$ addition to propyne, yielding a ca150-fold proton NMR signal enhancement (Fig11).', 'Abstract\nHerein, we have shown that the phase composition of molybdenum carbide catalysts has a pronounced effect on the pairwise hydrogen addition selectivity in the gas-phase propyne hydrogenation with parahydrogenMolybdenum carbide catalysts were prepared using either the Pechini method or temperature-programmed reduction with $\\mathrm { C H _ { 4 } / H _ { 2 } }$ carburizing gas mixture', '3 Conclusions\nMolybdenum carbide catalysts with different phase compositions were studied in the gas-phase propyne hydrogenation with parahydrogenIt was shown that $\\mathbf { M o } _ { 2 } \\mathbf { C }$ catalysts prepared by different techniques are able to implement pairwise hydrogen addition with the degree of pairwise selectivity similar to that of supported metal catalysts', 'Here, we have shown how the phase composition of molybdenum carbide catalysts affects the pairwise selectivity during heterogeneous propyne hydrogenation with parahydrogenImportantly, carbide catalysts were used for the first time for the PHIP effects observation', 'All the catalysts were found to be active in pairwise hydrogen addition; however the hcp- $\\mathbf { M } \\mathbf { o } _ { 2 } \\mathbf { C }$ phase exhibits a higher contribution of pairwise $\\mathrm { H } _ { 2 }$ addition providing $\\sim 1 5 0$ -fold proton NMR signal enhancement']","['It was demonstrated in particular that the phase composition of molybdenum carbide catalysts has a pronounced influence on the PHIP effects observed upon gas-phase hydrogenation of propyne with parahydrogen. Specifically, the catalysts were produced using different synthetic procedures, and predominantly contained either a fcc MoC1-x phase or a hcp Mo2C phase. It was found in this study that the catalysts with the dominating hcp Mo2C phase provided a higher contribution of pairwise H2 addition to propyne, yielding a ca. 150-fold proton NMR signal enhancement.']","Based on the provided context:

1.  **Phase Composition Effect:** The phase composition of molybdenum carbide catalysts (specifically the dominance of either the fcc $\mathbf{MoC}_{1-\mathbf{x}}$ phase or the hcp $\mathtt{Mo}_{2}\mathtt{C}$ phase) has a pronounced effect on the selectivity of pairwise hydrogen addition during propyne hydrogenation with parahydrogen.
2.  **Higher Pairwise Contribution:** Catalysts where the hexagonal close-packed (hcp) $\mathtt{Mo}_{2}\mathtt{C}$ phase dominates provide a significantly higher contribution of pairwise $\mathrm{H}_{2}$ addition to propyne.
3.  **Resulting Enhancement:** This higher pairwise selectivity directly translates into a much larger NMR signal enhancement, specifically a ~150-fold proton NMR signal enhancement.

**Reason Provided:** The context explicitly states the *observation* that the hcp $\mathtt{Mo}_{2}\mathtt{C}$ phase provides a higher contribution of pairwise $\mathrm{H}_{2}$ addition, leading to the large signal enhancement. **However, the context does not provide the specific mechanistic reason *why* this phase exhibits higher pairwise selectivity compared to the fcc $\mathbf{MoC}_{1-\mathbf{x}}$ phase.**

Therefore, based solely on the information provided, we can confirm that the hcp $\mathbf{Mo}_{2}\mathbf{C}$ phase catalysts *do* provide higher pairwise hydrogen addition contribution and signal enhancement, but the underlying reason for this difference in behavior between the phases is not explained in the given text.","The hcp Mo2C phase in molybdenum carbide catalysts enhances the pairwise addition of H2 to propyne, resulting in a ca. 150-fold proton NMR signal enhancement due to its structural properties.",0.7865331988490358,0.7894146737949277,1.0,0.99999999998,1.0
70,Why is the SABRE-enhanced approach effective for measuring sample temperatures in benchtop NMR systems under challenging conditions?,"['This method offers a potential solution for temperature measurement in benchtop NMR systems, where conventional techniques often face limitations due to low signal-to-noise ratios, magnetic field inhomogeneities, and the absence of variable temperature control unitsUsing our SABRE-enhanced approach, we were able to measure sample temperatures under these challenging conditions', 'These proof-of-concept experiments demonstrate the potential of leveraging reversible reactions in solventsBy utilizing varying hyperpolarization enhancement factors, the SABRE technique effectively estimates sample temperatures, even at extremely low concentrations, opening new avenues for NMR-based temperature sensing both in benchtop system and mixture samples.', 'We verified our method’s accuracy by comparison with $1 0 0 \\%$ HFIP (1,1,1,3,3,3-hexafluoro-2-propanol) as a chemical shift thermometer.32 Our SABRE-based approach determined the benchtop NMR sample temperature as $2 9 5 4 ~ \\mathrm { ~ K ~ } ,$ in excellent agreement with the HFIP measurementThis showcases our method’s potential for precise temperature monitoring in challenging NMR setups where conventional techniques may be impractical (see the details Supporting Information, Figures S9−S11)', 'This means that SABRE is a particularly attractive method for sensitivity enhancement of low cost and portable benchtop NMR and MRI devices where the detection fields are typically limited to 1 2 T.[9] Finally, the implementation of a SABRE experiment is relatively straight forward, fast, and not technologically demanding compared to other hyperpolarisation methods such as dissolution dynamic nuclear polarisation.[4]', 'In practice we find that, while SABRE-enhanced $^ { 1 9 } \\mathrm { F }$ $\\{ ^ { 1 } \\mathrm { H } \\}$ benchtop NMR spectra are simplified, no net SNR gain is observed (see Figure S3)In addition, the decoupling conditions were challenging to optimize and led to significant peak and baseline distortions in many cases']","[""Using our SABRE-enhanced approach, we were able to measure sample temperatures under these challenging conditions. By exploiting the temperature-dependent chemical equilibrium and distinct hyperpolarization behaviors of pyridine-2-carbaldehyde's aldehyde and hemiacetal forms, we introduce a novel approach to NMR temperature sensing.""]","Based on the provided context, the SABRE-enhanced approach is effective for temperature measurement in benchtop NMR systems under challenging conditions for the following reasons:  

1. **Overcomes Signal-to-Noise Limitations**:  
   SABRE leverages hyperpolarization to significantly enhance NMR signals, addressing the inherently low signal-to-noise ratios in benchtop NMR systems. This allows temperature measurements even at extremely low analyte concentrations.  

2. **Bypasses Magnetic Field Inhomogeneities**:  
   Conventional chemical shift thermometers require high field homogeneity for accurate readings. SABRE's reliance on *reversible exchange kinetics* and *hyperpolarization enhancement factors* makes it less sensitive to magnetic field inhomogeneities.  

3. **No Need for Dedicated Temperature Control**:  
   The method utilizes the temperature-dependent equilibrium of SABRE's reversible reaction (e.g., substrate-catalyst exchange) to infer temperature, eliminating reliance on external variable-temperature control units.  

4. **Validated Accuracy**:  
   Experiments confirmed a measured temperature of 295.4 K using SABRE, aligning precisely with independent measurements from a traditional chemical shift thermometer (100% HFIP).  

5. **Practical Implementation**:  
   SABRE is compatible with low-field (≤1.2 T) benchtop NMR/MRI systems, requires minimal technological overhead, and delivers results rapidly compared to other hyperpolarization methods like dissolution DNP.  

This approach transforms the SABRE hyperpolarization mechanism itself into a temperature sensor, enabling robust thermometry where conventional methods fail due to sensitivity or hardware constraints.","The SABRE-enhanced approach is effective because it exploits the temperature-dependent chemical equilibrium and distinct hyperpolarization behaviors of pyridine-2-carbaldehyde's aldehyde and hemiacetal forms, allowing for temperature measurement despite low signal-to-noise ratios, magnetic field inhomogeneities, and the absence of variable temperature control units.",0.3740467506622932,0.9861422865784412,0.7619047619047619,0.49999999995,0.0
71,Why does the residual concentration of H2O2 not pose a concern to humans or mice?,"['given that facts, and the fact that that our solution would dilute by the blood volume ( ${ \\bf \\tilde { \\rho } } _ { \\sim 6 \\mathrm { ~ L ~ } }$ in humans, $7 7 - 8 0 ~ \\mu \\mathrm { L } ~ \\mathrm { g } ^ { - 1 }$ in mice), the residual concentration does not appear to pose a concern to humans or mice', 'No oxidative or cleavage products were detected due to low $\\mathbf { H } _ { 2 } \\mathbf { O } _ { 2 }$ concentrations[25] and $\\mathsf { p H }$ environment under psychological conditionsFuture work will improve polarization and sensitivity[26] of the $^ { 1 5 } \\mathrm { N }$ tracers and further develop the concept that in vivo changes become detectable', '0 0 3 3 ~ \\mathrm { m g }$ per mouse, so side effects are unlikelyRespect to rhodium residuals, we have previously reported that the levels at the final solution after filtration is $( 1 7 \\pm 5 ) ~ { \\mu \\mathrm { M } }$ .56 This concentration have not generated any side effects in vivo or toxicity in cells experiments, even when double injection of the probe was used.34,56,59,65 Finally, acetate is expected to be present in the final solution', 'Regarding $\\mathbf { C a C l } _ { 2 }$ at the final solution, this is added during decarboxylation at $3 \\mathrm { \\ m M }$ , concentration that is much lower than used safely in humans and mice for calcium replenishment in arrhythmias associated with hypocalcemia, hyperkalemia, an antidote for magnesium poisoning, as co-adjuvant in hemostatic agents preparations, as well as, to resolve refractory hypotension and complete heart block, etc.77–81 Additionally, Kawai et al', 'The toxicity of iridium has posed a significant obstacle to the continued advancement of SABRE as a biologically compatible techniquePerfluorinated SABRE shows residual Ir levels after the Re-D SABRE method are reduced to a safe level for injection in humans']","['Human studies exist in which H2O2 in concentrations between (0.06 - 0.48)% were injected via intra-arterial or intravenous (evaluating its therapeutic potential on head and neck cancer, arteriosclerosis, wound healing) did not show toxicity.75 On in vivo experiments, the reported intravenous (median lethal dose) LD50 in mice was founded to be 50000 mg per kg body weight.76 Therefore, given that facts, and the fact that that our solution would dilute by the blood volume (~6L in humans, 77 - 80μLg−1 in mice), the residual concentration does not appear to pose a concern to humans or mice.']","Based on the provided context, the residual concentration of H₂O₂ does not pose a concern to humans or mice for the following reasons:  

1. **Dilution by Blood Volume**:  
   The injected solution is significantly diluted by blood volume (approximately 6 L in humans; 77–80 μL/g in mice). This reduces the residual H₂O₂ concentration to negligible levels.  

2. **Low Concentration and Physiological pH**:  
   Under physiological conditions:  
   - The H₂O₂ concentration is inherently low.  
   - The pH environment prevents oxidative or cleavage reactions.  
   As explicitly stated: *""No oxidative or cleavage products were detected due to low H₂O₂ concentrations and pH environment under psychological conditions""*.  

These factors ensure that residual H₂O₂ remains below thresholds of biological concern.","The residual H2O2 concentration does not pose a concern because human studies showed no toxicity at similar concentrations (0.06-0.48%), the median lethal dose in mice is very high (50000 mg/kg), and the solution would be further diluted by blood volume (~6L in humans, 77-80μL/g in mice).",0.6850475272890949,1.0,0.6666666666666666,0.9999999999,0.3333333333333333
72,"Why does the acidic microenvironment generated by cancer cells correlate with aggressiveness, migration, invasion, and metastasis potential?","['IntroductionpHisrobustlyregulatedinhealthytissuesandisessentialforphysiologicalprocessesincludingtissueoxygenation,properproteinstructure,andvariousbiochemicalreactions.1However,perturbationsofacid–basehomeostasisareacommonfeatureofseveralpathologicalconditionsincludingcancer,ischemia,inflammation,renaldisease,andinfectiousdiseases.2–4Itisknownthattheacidicmicroenvironmentgeneratedbycancercellscorrelateswithaggressiveness,migration,invasion,andmetastasispotential.5–7AlltheseeventsareassociatedwiththeWarburg', 'bycancercellscorrelateswithaggressiveness,migration,invasion,andmetastasispotential.5–7AlltheseeventsareassociatedwiththeWarburgeffect,whichinvolvesincreasedglucoseuptakes,anaerobicglycolysis,increasedproductionoflactate,andanacidicextracellularpH.8Moreover,itwasreportedthataberrantacidificationscouldcontributeto', 'The rates of these reactions strongly depend on the cellular conditions, particularly the redox potential and the oxygen concentrationIt is widely known that cancer cells have altered metabolism, in particular, acidic extracellular pH, increased glucose uptake, and increased production of lactate (this is referred to as the Warburg effect[185,186])', 'The abnormal cancer cell metabolism is at the basis of all major hallmarks for this disease, namely uncontrolled growth, survival under stress, evasion of immune attack, new blood vessels formation, resistance to treatment, metastasis to other sites [2]One of the most peculiar aspect of the altered cancer cell metabolism is represented by the Warburg Effect [3]', '{ ^ * \\mathrm { P } } < 0 0 5$ and $^ { * * } \\mathrm { P } < 0 0 1$ (c) Correlation between acidity score and number of lung metastases $\\mathrm { \\Phi } _ { \\mathrm { r } 2 } = 0 9 1$ , ${ ^ \\ast \\mathrm { P } } < 0 0 5 ^ { \\cdot }$ )(d) Representative tumour extracellular pH maps for TUBO, BALB-neuT, 4 T1 and TS/A tumours showing increased tumor acidification in more metastatic breast tumors (4 T1 and TS/A)Reproduced with permission from Anemone et alBritish Journal of Cancer 2021, 124:207–216 [17]']","['It is known that the acidic microenvironment generated by cancer cells correlates with aggressiveness, migration, invasion, and metastasis potential. All these events are associated with the Warburg effect, which involves increased glucose uptakes, anaerobic glycolysis, increased production of lactate, and an acidic extracellular pH.']","Based on the provided context, the acidic microenvironment generated by cancer cells correlates with aggressiveness, migration, invasion, and metastasis potential due to its association with the **Warburg effect**. This metabolic phenomenon involves:
1. **Increased glucose uptake**  
2. **Enhanced anaerobic glycolysis**  
3. **Elevated lactate production**  
4. **Resultant extracellular acidification**  

The acidic conditions (low pH) are linked to:
- Tumor aggressiveness and metastatic potential, as evidenced by correlations between acidity scores and lung metastasis counts (\( r^2 = 0.91, \, p < 0.05 \))  
- Increased acidification in highly metastatic breast tumors (e.g., 4T1 and TS/A models) compared to less metastatic variants  

The aberrant acidification contributes to key cancer hallmarks, including uncontrolled growth, survival under stress, immune evasion, angiogenesis, treatment resistance, and metastasis.  

*(Source: Anemone et al., British Journal of Cancer 2021, 124:207–216, within provided context)*","The acidic microenvironment is associated with cancer aggressiveness due to the Warburg effect, which involves increased glucose uptake, anaerobic glycolysis, increased production of lactate, and an acidic extracellular pH.",0.5947035320076999,0.923149388068634,1.0,0.999999999975,1.0
73,How does the chemical shift of the ${}^{15}\mathrm{NO}_2$ site in the nitroso form compare to that in the hydroxylamine form?,[],"['Our computational studies show that ${}^{15}\\mathrm{N}$ chemical shifts of all of the ${}^{15}\\mathrm{N}$ sites and the ${}^{19}\\mathrm{F}$ site of fluoro-$\\left[^{15}\\mathrm{N}_3\right]$- metronidazole are sensitive to the reduction process. Not surprisingly, the most sensitive site was ${}^{15}\\mathrm{NO}_2$: $\\Delta \\delta$ of $393~\\mathrm{ppm}$ with the nitroso form, $\\Delta \\delta$ of $- 233~\\mathrm{ppm}$ with the hydroxylamine form, and $\\Delta \\delta$ of $- 326~\\mathrm{ppm}$ with the amine form.']","Based on the provided information, the chemical shift of the ${}^{15}\mathrm{N}$ site differs significantly between the hydroxylamine and nitroso forms:

1. **Hydroxylamine form (HA)**:  
   - ${}^{15}\mathrm{N}$ chemical shifts range from **83.7 to 85.4 ppm** (across Compounds 1–3).  

2. **Nitroso form (NO)**:  
   - ${}^{15}\mathrm{N}$ chemical shift is consistently **375.3 ppm** (for all three compounds).  

### Key Observation:
The nitroso form exhibits a **strong downfield shift** (∼375 ppm) compared to the hydroxylamine form (∼84–85 ppm), reflecting the distinct electronic environments of the ${}^{15}\mathrm{N}$ site. This shift arises from the change in bonding:  
- Hydroxylamine: N in an amine-like environment ($\mathrm{NHOH}$).  
- Nitroso: N in a highly deshielded nitroso group ($\mathrm{N=O}$).  

*Note: Data sourced from experimental NMR results in the literature.*",The chemical shift of the ${}^{15}\mathrm{NO}_2$ site in the nitroso form (393 ppm) is larger than that in the hydroxylamine form (-233 ppm).,0.5179455309632517,0.9024277135584912,0.0,0.0,0.0
74,How does the SABRE chemistry of Z-OMPD compare to that of pyruvate?,"['As illustrated in Scheme 1, Z-OMPD (Scheme 1a) has an alpha-keto acid functional moiety and can be expected to exhibit similar SABRE chemistry as pyruvate, a well-studied alpha-keto acid substrate in SABRE hyperpolarization.59,67−71 Based on the known pyruvate binding modes, we first expected that, upon activation of the precatalyst in the presence of DMSO, Z-OMPD, and $\\mathrm { p H } _ { 2 } ,$ at least two activated SABRE complexes are formed.67 The first complex is equatorial complex E1 (Scheme 1a) in', 'In this first study, the polarization levels remained modest below $1 \\%$ This is similar to the first hyperpolarization levels for pyruvate when first established as a SABRE substrate, which subsequently was optimized to exceed $2 0 \\%$ $^ { 5 5 , 5 9 , 6 7 , 7 0 }$ Accordingly, we are hopeful that similarly high polarization levels will be enabled on Z-OMPD in the future', 'As presented in Figure 3C, we note an increase in polarization with increasing flow rate, consistent with previous studies using the pyruvate system.47 The highest $P _ { \\mathrm { 1 3 C } }$ for both free C-1 and C-5 Z-OMPD was achieved at a flow rate of 120 sccmAbove 120 sccm, we note a slight drop in the polarization due to the sample experiencing a wider range of magnetic fields in the SABRE-SHEATH setup as it moves up the NMR tube, decreasing magnetic field homogeneity and, consequently, SOT efficiency', 'To determine which complexes are responsible for the SABRE spin order transfer (SOT), we carried out DFT calculations on nine possible binding modes of Z-OMPD to the catalyst to compare their relative energiesThe optimized geometries of six complexes are presented in Figure 2A (see Figure S3 for the full set)', 'The required SABRE hyperpolarized pyruvate ( $\\mathrm { { \\dot { \\Omega } } _ { 1 S \\ m M } } )$ was produced by shaking 2 with 3 bar ${ p \\mathrm { - } } \\mathrm { H } _ { 2 }$ in a mu metal shield for 30 s before $\\mathrm { H } _ { 2 } \\mathrm { O } _ { 2 }$ was added (final concentration of $1 5 0 ~ \\mathrm { m M } ,$ ) and the sample was inserted into a $9 4 \\mathrm { T }$ spectrometer at 298 K']","['Z-OMPD (Scheme 1a) has an alpha-keto acid functional moiety and can be expected to exhibit similar SABRE chemistry as pyruvate, a well-studied alpha-keto acid substrate in SABRE hyperpolarization.']","Based on the provided context, the SABRE chemistry of Z-OMPD is **directly comparable** to that of pyruvate due to their shared structural and chemical properties. Key similarities include:  

1. **Functional Group Similarity**:  
   - Z-OMPD contains an **alpha-keto acid moiety**, identical to pyruvate, enabling analogous binding modes to the SABRE catalyst.  

2. **Catalytic Complex Formation**:  
   - Both substrates form **equatorial complexes** (e.g., *E1* for Z-OMPD, Scheme 1a) upon activation with the catalyst, DMSO, and *p*-H₂.  

3. **Polarization Behavior**:  
   - Initial polarization levels for Z-OMPD were **below 1%**, mirroring early pyruvate results (later optimized to >20%).  
   - Polarization for both increases with flow rate, peaking at **120 sccm** (Figure 3C), beyond which field inhomogeneity reduces efficiency.  

4. **Binding Mode Analysis**:  
   - DFT calculations identified **multiple binding modes** for Z-OMPD (Figure 2A), similar to pyruvate’s established binding diversity.  

5. **Hyperpolarization Protocol**:  
   - Both use **identical SABRE-SHEATH conditions**: catalyst activation under *p*-H₂, followed by rapid transfer to the NMR magnet.  

**Key Implication**:  
Z-OMPD is expected to follow pyruvate’s optimization trajectory, where polarization enhancements exceeding 20% were achieved through refined protocols.  

> No fundamental differences in SABRE chemistry are noted; the systems differ only in current polarization levels (Z-OMPD is in early development).",Z-OMPD exhibits similar SABRE chemistry as pyruvate due to their shared alpha-keto acid functional moiety.,0.4336439751745299,1.0,0.875,0.9999999999,1.0
75,How do the activation energies for the rearrangement of c to give d compare between the 'N route' and the 'C route'?,"['8 \\mathrm { k J / m o l }$ more stable than $\\mathbf { 0 } \\mathbf { c _ { N } }$ Therefore, the energy required for the rearrangement of 0c to give 0d is much lower for the $^ { \\mathrm { { * } } } \\mathrm { { N } }$ route” than for the $^ { \\omega } { \\mathrm { C } }$ route”', 'In the case of the $^ { \\mathrm { { * } } } \\mathrm { { N } }$ route” the involved activation energies are anyway very low, being between 14.2 and $2 4 5 \\mathrm { k J } / \\$ molThe monohydrogenated species $\\mathbf { c _ { C } }$ are more stable than the corresponding $\\mathbf { c _ { N } }$ onesThis is because the agostic $\\mathrm { R h { - } H }$ interaction is much stronger in $\\mathbf { c _ { C } }$ than in $\\mathbf { c _ { N } }$', 'For example, in $\\mathbf { 0 } \\mathbf { c } _ { \\mathbf { C } }$ and in $\\mathbf { 0 } \\mathbf { c _ { N } }$ the $\\mathrm { R h - H }$ distances are 2.070 and $2 3 6 3 \\mathrm { \\AA } ,$ and the just formed $\\mathrm { C - H }$ bond lengths are 1.135 and 1.092 ÅFor complexes 9, 0, and 8 the energy required for the rearrangement of c to give d is much lower for the $\\mathrm { ^ { * } N }$ route” (14.0, 13.4, and $9', 'Even though the $^ { \\mathrm { { * } } } \\mathrm { { C } }$ route” cannot completely be ruled out, there are strong indications that the operating mechanism follows the “N route”; i.e., the first hydrogen transfer occurs to the $\\alpha$ carbon atom of the alkeneA molecular rearrangement in the monohydrogenated intermediate c to give d occurs, and together with the second H transfer to yield the final fully hydrogenated products, it is the slowest reaction step', '[](images/3cb77a374c1da9adbc62214a5a9811391f343f372395c047d93b8746dd9031cb.jpg) \nFigure 6. Schematic energy diagram for the complete hydrogenation reaction, as from computational results. Red: $^ { \\omega } \\mathrm { C }$ route”. Black: $^ { \\mathrm { { * } } } \\mathrm { { N } }$ route”. $^ { * * }$ : the direct pathway from $\\mathbf { 0 . c }$ to 0e (no rearrangement) is possible but energetically unfavored.']","[""For complexes 9, O, and 8 the energy required for the rearrangement of c to give d is much lower for the 'N route' (14.0, 13.4, and 9.1 kJ/mol) than for the 'C route' (31.6, 38.0, and 41.2 kJ/mol).""]","Based on the computational results:  

### Activation Energies for Rearrangement (c → d):  
- **'N route'**:  
  - Very low activation energies, ranging between **14.2–24.5 kJ/mol**.  
  - Specific examples:  
    - Complex **9**: **14.0 kJ/mol**  
    - Complex **0**: **13.4 kJ/mol**  
    - Complex **8**: **9.0 kJ/mol**  

- **'C route'**:  
  - Significantly higher activation energies (exact values not quantified in the context).  
  - The energy required for rearrangement is **much lower for the 'N route'** compared to the 'C route'.  

### Key Insight:  
The 'N route' is the dominant mechanism due to its **lower energy barrier** for the rearrangement step (c → d), which is the rate-limiting step in the hydrogenation pathway. The 'C route' is energetically disfavored despite greater stability of its monohydrogenated intermediates (e.g., stronger Rh–H agostic interactions).  

*Source: Computational energy diagram (Figure 6) and mechanistic analysis.*","The activation energies for the rearrangement of c to give d are much lower for the 'N route' (14.0, 13.4, and 9.1 kJ/mol) than for the 'C route' (31.6, 38.0, and 41.2 kJ/mol).",0.6989573761011778,0.9284020970147552,1.0,0.3333333333,0.0
76,How do the steric effects of PMe2Ph and PPh2Me compare?,"['{ 2 } \\mathrm { M e } > \\mathrm { P P h } _ { 3 }$ while their steric effect increases according to $\\mathrm { P M e _ { 2 } P h } < \\mathrm { P P h } _ { 2 } \\mathrm { M e } < \\mathrm { P P h } _ { 3 } < \\mathrm { P } ( \\mathrm { C H } _ { 2 } \\mathrm { P h } ) _ { 3 } < \\mathrm { P C y } _ { 3 }$', 'This is consistent with the experimental observation that P–P mutual exchange has the lower activation barrierHowever, the experimental activation enthalpies are substantially lower than those calculated for both processes which suggests that a steric effect arising from the phenyl substituents is not fully represented in the calculations where they are replaced by hydrogen at the small iron centre', 'These steric effects are also reflected in the large angle between the two pyridines (Table 2)Although these steric effects were much less pronounced when placing two triazoles in the cis positions, less stabilizing dispersion and electrostatic energy terms made these complexes unfavorableThis leads to the preferential situation of placing both a pyridine and triazole in the cis positions and a pyridine trans (Figure 4)', '\\mathsf { C C C } } ) { \\mathsf { C o - p y } }$ catalyst) (Figures S4 and S25, Table S3).[28] These results together, suggest that the electronic and/or steric effects afforded by the diisopropylphenyl groups do not allow the catalyst to access PHIP-IE polarization to the same degree as the $( ^ { M e s } { \\mathsf { C C C } } ) { \\mathsf { C o - p y } }$ catalyst', 'Effect of varying the phosphine on the product distribution:\nWe have previously described how the two related hydrogen addition products $\\pmb { 2 } \\mathrm { - P M e } _ { 2 } \\mathrm { P h }$ and ${ \\bf 4 } { \\cdot } \\mathrm { P M e } _ { 2 } \\mathrm { P h }$ are observed when ${ p \\mathrm { - } } \\mathrm { H } _ { 2 }$ is added to the analogous cluster $[ \\mathrm { R u } _ { 3 } ( \\mathrm { C O } ) _ { 1 0 } -$ $( \\mathrm { P M e } _ { 2 } \\mathrm { P h } ) _ { 2 } ]$ .[30] Key NMR parameters for these']",['The steric effect increases according to PMe2Ph < PPh2Me < PPh3 < P(CH2Ph)3 < PCy3.'],"Based on the provided context, the steric effects of **PMe₂Ph** and **PPh₂Me** compare as follows:  
**PMe₂Ph exhibits lower steric bulk than PPh₂Me**.  

This is explicitly stated in the steric order:  
> *""their steric effect increases according to* **PMe₂Ph < PPh₂Me < PPh₃**...""  

### Key Details:
1. **Steric Order**:  
   - **PMe₂Ph** has the smallest steric profile.  
   - **PPh₂Me** is sterically larger than PMe₂Ph but smaller than PPh₃.  

2. **Experimental Relevance**:  
   - The lower steric demand of PMe₂Ph (vs. PPh₂Me) is linked to observed reaction outcomes, such as the formation of specific hydrogen addition products in ruthenium clusters (e.g., **2-PMe₂Ph** and **4·PMe₂Ph**).  

This steric distinction influences activation barriers, NMR observations, and ligand placement in coordination complexes, as noted in the context.",The steric effect of PPh2Me is greater than that of PMe2Ph.,0.8731685857185071,1.0,0.6153846153846154,0.9999999999,1.0
77,Why does the carbonyl group in the product molecule show higher signal enhancements compared to other carbon atoms during the parahydrogenation reaction?,"['The reason for the higher signal enhancement of the carbonyl group might be that the $1 5 \\mathrm { m s }$ time delay chosen for the PH-INEPT $+$ sequence is most effective for the $J$ couplings between the hyperpolarized protons and $\\mathbf { C } _ { 3 }$ , resulting in more efficient polarization transfer than to $\\mathbf { C } _ { 1 }$ and $\\mathbf { C } _ { 2 }$', 'They show the same time evolution as the proton signal and are stable for seven minutesSpecifically, the carbonyl group in the product molecule $\\mathrm { C } _ { 3 } \\ \\mathrm { ( \\textdiamond ) }$ showed significant signal enhancements between 4000 and 5500 after the conversion rate of reaction stabilized around the third minute', 'When the spectrum is recorded immediately after the parahydrogenation reaction (Figure 4a), polarization is observed only on the methyl signal $( 1 4 4 7 \\mathrm { \\ p p m } )$ , while the carbonyl $^ { 1 3 } \\mathrm { C }$ nucleus, which is also scalarly coupled with para-hydrogen protons, does not show any enhancement', 'Parahydrogen induced polarization that utilizes the parahydrogen’s singlet state to create enhanced signals is of particular interest since it allows to produce molecular imaging agents within secondsHerein, we present a strategy for signal enhancement of the carbonyl $^ { 1 3 } { \\mathsf C }$ in amino acids by using parahydrogen, as demonstrated for glycine and alanineImportantly, the hyperpolarization step is carried out in water and chemically unmodified canonical amino acids are obtained', 'based on the $\\mathrm { ^ { 1 } H }$ NMR spectra shown in Figures S1−3A higher signal enhancement with a lower PA yield was observed on SI-Pd1Au1 compared to IM-Pd1Au1 and DP-Pd1Au1 catalystsThe signal enhancements are increasing on all of the catalysts along with the reaction, while the PA yields show a reverse trendIn particular, the PHIP efficiency on SI-Pd1Au1 is more than three times higher than the other two catalysts']","['Specifically, the carbonyl group in the product molecule C3 (⋄) showed significant signal enhancements between 4000 and 5500 after the conversion rate of reaction stabilized around the third minute. The reason for the higher signal enhancement of the carbonyl group might be that the 15 ms time delay chosen for the PH-INEPT+ sequence is most effective for the J couplings between the hyperpolarized protons and C3 resulting in more efficient polarization transfer than to C1 and C2.']","The carbonyl group in the product molecule exhibits higher signal enhancements due to the optimization of the **PH-INEPT+ pulse sequence** for polarization transfer. Specifically:  

1. **J-coupling efficiency**: The 15 ms delay in the PH-INEPT+ sequence is tailored to match the scalar coupling (\(J\)) between the hyperpolarized protons and the carbonyl carbon (\(\ce{C3}\)). This results in more efficient polarization transfer to \(\ce{C3}\) compared to other carbons (\(\ce{C1}\) and \(\ce{C2}\)).  
2. **Stabilized reaction dynamics**: After the reaction stabilizes (around the 3-minute mark), the carbonyl signal enhancement peaks between 4000- and 5500-fold, while other carbons show lower enhancements due to suboptimal \(J\)-coupling matching.  
3. **Catalyst influence**: The **SI-Pd1Au1 catalyst** further amplifies this effect, achieving >3× higher PHIP efficiency than other catalysts (IM-Pd1Au1 and DP-Pd1Au1), even with lower product yields.  

This selective enhancement occurs despite the carbonyl carbon (\(\ce{C3}\)) being scalarly coupled to parahydrogen protons, confirming that pulse sequence timing and catalyst design critically govern polarization transfer efficiency.","The higher signal enhancement of the carbonyl group is due to the 15 ms time delay chosen for the PH-INEPT+ sequence, which is most effective for the J couplings between the hyperpolarized protons and C3, resulting in more efficient polarization transfer than to C1 and C2.",0.4273030029616724,0.88014174080913,1.0,0.9999999999,1.0
78,Why does each pyridine derivative have a unique zero-field NMR spectrum?,"['The discussion presented in this section shows that each pyridine derivative has either a different spin topology or the spin network is affected by different values of the $J .$ -coupling constants between different atomsThereby a unique zero-field NMR spectrum is associated with each molecule, demonstrating the ability of application of zero-field NMR for chemical identification', 'Conclusions\nIn this work, we investigated SABRE-polarization at zeromagnetic field for a range of molecules: pyridine derivatives at their natural isotopic abundanceUsing zero-field NMR, we analyzed the molecular spectral patterns and demonstrated their uniqueness with respect to both the substituent and its positionSuch identification was performed for the first time using hyperpolarized samples at natural isotopic abundance', 'Natural abundance SABRE at zero fieldFigure 3 presents zerofield NMR spectra of hyperpolarized pyridine derivatives: 3,5- dichloropyridine, 3-methoxypyridine, 4-methoxypyridine, 3- methylpyridine, 4-methylpyridine, and nicotinamideDue to the need for a heteronuclear coupling, the spectra exclusively correspond to $^ { 1 5 } \\mathrm { N }$ -pyridine, $^ { 1 5 } \\mathrm { N } { - } 3 { , } 5$ -dichloropyridine, $^ { 1 5 } \\mathrm { N }', 'This is the task that we undertake in this work by investigating a group of similar molecules –pyridine derivatives– in their natural isotopic abundance (containing $0 3 6 \\%$ of $^ { 1 5 } \\mathrm { N }$ with spin-1/2) using ZULF NMR and SABRE hyperpolarizationWe collect hyperpolarized zerofield spectra for natural abundant pyridine derivatives, not yet studied by ZULF NMR, and demonstrate that they can be distinguished by means of their zero-field spectra', '[](images/e71410ddd95339032c07159e3e44b1ba2c6457f357295c8c2372f87e93fb04eb.jpg) \nFig2 Time dependence of the zero-field NMR signal of SABRE-polarized pyridinea Zero-field spectrum of SABRE-polarized $^ { 1 5 } \\mathsf { N }$ -pyridine during prolonged para-hydrogen bubblingThe NMR signal amplitude increases as the SABRE catalyst activates (the spectra were shifted in the vertical direction for better visibility)']","['The discussion presented in this section shows that each pyridine derivative has either a different spin topology or the spin network is affected by different values of the J-coupling constants between different atoms. Thereby a unique zero-field NMR spectrum is associated with each molecule, demonstrating the ability of application of zero-field NMR for chemical identification.']","Each pyridine derivative exhibits a unique zero-field NMR spectrum due to two fundamental factors:  

1. **Distinct spin topology**:  
   The molecular structure variations introduced by different substituents (e.g., -Cl, -OCH₃, -CH₃) alter the network of coupled nuclear spins. This modifies the overall spin system architecture.  

2. **Variable J-coupling constants**:  
   The position-specific electronic effects of substituents change the through-bond spin-spin coupling constants (J) between atoms. These J-values directly govern the energy-level splittings observed in zero-field NMR spectra.  

These molecular fingerprints—demonstrated in hyperpolarized zero-field NMR studies of pyridine derivatives like 3,5-dichloropyridine, 3-methoxypyridine, and 4-methylpyridine—enable unambiguous identification of both the substituent type *and* its regiochemical position on the pyridine ring. The uniqueness persists even at natural isotopic abundance (0.36% ¹⁵N), as confirmed via SABRE hyperpolarization techniques.","Each pyridine derivative has either a different spin topology or the spin network is affected by different values of the J-coupling constants between different atoms, resulting in a unique zero-field NMR spectrum for each molecule.",0.6867049276630833,0.956521521281544,1.0,0.9999999999666667,1.0
79,Why does the model predict polarization levels greater than the previously found limit of 0.5 for low relaxation rates?,"['It should be noted that, for low relaxation rates, the model presented predicts polarization levels greater than the previously found limit18 of $P _ { \\mathrm { S } } = 0 . 5$ . This is because our model takes into account multiple association–dissociation events: when an already polarized substrate enters in the complex with $p \\mathrm { H } _ { 2 }$ again, its polarization can be boosted further.', 'The polarisation levels reported so far, however, are lower than for the low-field approach', 'The signal enhancement was also investigated as a function of the volume-flow rate (Fig4)The graphs for both nicotinamide and pyridine show the impact of different effects that give rise to a polarization maximumAt low flow rates, polarization is lost by relaxation whereas at high flow rates, the residence times in the reactor and spectrometer limit the polarization build-upThus, an optimum flow rate was found for the hyperpolarization of each substrate', 'At flow rates below the maximum, the time it takes for the hyperpolarised product to arrive at the sample chamber is greater than its relaxation timeTherefore, at very low flow rates, the product is formed upstream from the sample chamber and on the way, it undergoes relaxation processes', 'At these high concentrations $( \\mathsf { m } \\mathsf { M } )$ and optimized conditions, polarization levels of approx $5 - 1 0 \\%$ have been demonstrated.[5,8]']","['It should be noted that, for low relaxation rates, the model presented predicts polarization levels greater than the previously found limit48 of  $P_{\\mathrm{S}} = 0.5$  . This is because our model takes into account multiple association- dissociation events: when an already polarized substrate enters in the complex with  $p\\mathrm{H}_2$  again, its polarization can be boosted further.']","The model predicts polarization levels exceeding the previously established limit of \( P_S = 0.5 \) for low relaxation rates due to its incorporation of **multiple association-dissociation events**. Specifically:  

- When a substrate that is already polarized re-associates with parahydrogen (\( p\mathrm{H}_2 \)), the polarization can be further amplified in subsequent cycles.  
- This contrasts with earlier models that did not account for repeated polarization ""boosting"" through re-association.  

The effect is pronounced under low relaxation rates because polarization loss between association events is minimized, allowing cumulative enhancement beyond the \( 0.5 \) threshold.  

*(Source: Contextual analysis of polarization dynamics in PHIP/SABRE systems.)*","Because the model accounts for multiple association-dissociation events, allowing already polarized substrate to further boost its polarization when it re-enters the complex with p H2.",0.5964582106910581,0.9543434711427551,0.5714285714285714,0.9999999999,1.0
80,How does the sensitivity of benchtop NMR spectrometers compare to that of high-field NMR spectrometers in terms of signal-to-noise ratio?,"['In terms of sensitivity, the signal-to-noise ratio (SNR) of an NMR spectrum scales approximately with $B _ { 0 } ^ { 3 / 2 }$ and so there is an inherent reduction in sensitivity when using a weaker benchtop NMR magnet.39 Furthermore, the chemical shift dispersion in $\\mathbf { H z }$ increases linearly with $B _ { 0 }$ and so the chemical shift axis is compressed at lower fields', 'One limitation of benchtop NMR spectrometers is their diminished sensitivity, caused by lower magnetic field strength and consequently reduced polarization at thermal equilibrium compared to conventional high-field NMR spectrometersTo address these sensitivity challenges, a promising strategy involves leveraging non-thermal spin polarization', 'ABSTRACT: Benchtop NMR spectrometers provide a promising alternative to high-field NMR for applications that are limited by instrument size and/or cost$^ { 1 9 } \\mathrm { F }$ benchtop NMR is attractive due to the larger chemical shift range of $^ { 1 9 } \\mathrm { F }$ relative to $\\mathrm { ^ { 1 } H }$ and the lack of background signal in most applications', 'Furthermore, current limitations of low-field (or benchtop) NMR applications lie both in sensitivity and signal overlap', 'ABSTRACT: Benchtop NMR (btNMR) spectrometers are revolutionizing the way we use NMR and lowering the cost drasticallyMagnetic field cycling (MFC) experiments with precise timing and control over the magnetic field, however, were hitherto not available on btNMRs, although some systems exist for highfield, high-resolution NMR spectrometers']","['In terms of sensitivity, the signal- to- noise ratio (SNR) of an NMR spectrum scales approximately with $B_0^{3 / 2}$ and so there is an inherent reduction in sensitivity when using a weaker benchtop NMR magnet.']","Based on the provided information:  
The sensitivity of **benchtop NMR spectrometers** is **significantly lower** than that of high-field NMR spectrometers due to two interrelated factors:  

1. **Signal-to-Noise Ratio (SNR) Scaling**:  
   The SNR of an NMR spectrum scales approximately with \( B_0^{3/2} \), where \( B_0 \) is the magnetic field strength. Benchtop NMR systems operate at lower \( B_0 \) values, resulting in an inherent reduction in SNR.  

2. **Reduced Polarization**:  
   The lower magnetic field strength directly diminishes the thermal equilibrium polarization of nuclear spins, further reducing sensitivity.  

In contrast, high-field NMR spectrometers achieve superior sensitivity due to their stronger magnetic fields, which enhance both SNR and polarization.  

**Note**: The compressed chemical shift dispersion at lower fields (another consequence of reduced \( B_0 \)) exacerbates signal overlap issues but does not directly affect SNR.  

---  
*Summary: Benchtop NMR exhibits diminished sensitivity primarily due to SNR scaling as \( B_0^{3/2} \) and reduced polarization.*","The sensitivity of benchtop NMR spectrometers is lower than that of high-field NMR spectrometers because the signal-to-noise ratio scales approximately with B_0^(3/2), and benchtop NMR uses a weaker magnetic field.",0.4475331497630359,0.8930073903752792,0.8235294117647058,0.9166666666361111,1.0
81,How does the efficiency of the rf-based polarization transfer approach compare to the SABRE-SHEATH approach in hyperpolarizing 15N sites?,"['In summary, an rf-based polarization transfer approach has been presented for hyperpolarization of $^ { 1 5 } \\mathrm { N }$ sitesAt least in some compounds, this method appears to be more efficient than the SABRE-SHEATH approach, which has already been shown to yield more than $3 0 \\%$ $^ { 1 5 } \\mathrm { N }$ polarization.24 This is remarkable because in all previous demonstrations of rfSABRE approaches yielded significantly lower polarization than static field matching/field cycling approaches', 'We have recently presented a simple but effective strategy dubbed “SABRE-SHEATH” (Signal Amplification by Reversible Exchange in SHield Enables Alignment Transfer to Heteronuclei) for direct hyperpolarization of $^ { 1 5 } \\mathrm { N }$ during the SABRE process.48 This method has a significant advantage compared to RF-based hyperpolarization methods because it does not require a strong magnetic field or sophisticated RF probes; i.e., the engineering and cost requirements are significantly reduced for', 'The process is repeated, and the net $\\textbf { z }$ -magnetization increases during this “rf pumping” processThe resulting magnetization can be conveniently assessed by applying a broad-band excitation $( \\pi / 2 )$ rf pulse, Figure 1cWe compare the performance of this QUASR-SABRE approach with the SABRE-SHEATH approach (Figure 1d), which has been employed previously to obtain record-high $^ { 1 5 } \\mathrm { N }$ polarization in excess of 30%.23,24', 'The SABRE-SHEATH (Signal Amplification By Reversible Exchange in SHield Enables Alignment Transfer to Heteronuclei) technique, first demonstrated in 2015, allows for direct, efficient $1 > 2 0 \\%$ nuclear spin polarization), and fast (in under one minute) hyperpolarization of $^ { 1 5 } { \\sf N }$ sites', 'Despite the success of $^ { 1 5 } \\mathrm { N }$ SABRE-SHEATH, so far this new approach has been limited to hyperpolarization of $^ { 1 5 } \\mathrm { N }$ sites directly binding to the polarization-transfer catalyst']","['At least in some compounds, this method appears to be more efficient than the SABRE-SHEATH approach, which has already been shown to yield more than 30% 15N polarization.']","Based on the provided context:  

1. **Efficiency Comparison**:  
   The rf-based polarization transfer approach is described as **more efficient than SABRE-SHEATH** for hyperpolarizing \(^{15}\mathrm{N}\) sites in certain compounds. Specifically, the context states:  
   > *""At least in some compounds, this method appears to be **more efficient** than the SABRE-SHEATH approach.""*  

2. **SABRE-SHEATH Performance**:  
   SABRE-SHEATH has previously achieved record-high \(^{15}\mathrm{N}\) polarization levels exceeding **30%**, as noted in the text:  
   > *""SABRE-SHEATH [...] has been employed previously to obtain record-high \(^{15}\mathrm{N}\) polarization **in excess of 30%**.""*  

3. **Significance of rf-Based Approach**:  
   The efficiency of the rf-based method is highlighted as **remarkable** because prior rf-driven SABRE methods consistently yielded lower polarization than static field/field-cycling techniques (like SABRE-SHEATH). The context explicitly states:  
   > *""This is remarkable because in all previous demonstrations, rf-SABRE approaches yielded **significantly lower polarization** than static field matching/field cycling approaches.""*  

4. **Mechanistic Distinction**:  
   - **rf-Based Method**: Relies on repeated ""rf pumping"" to build net **z-magnetization** (detected via broadband \(\pi/2\) pulses).  
   - **SABRE-SHEATH**: Operates at **near-zero magnetic fields** (avoiding strong fields or complex RF probes), enabling direct polarization transfer to heteronuclei like \(^{15}\mathrm{N}\).  

In summary, the rf-based method demonstrates superior efficiency to SABRE-SHEATH for \(^{15}\mathrm{N}\) hyperpolarization in some systems, despite SABRE-SHEATH’s established capability for >30% polarization.",The rf-based polarization transfer approach is more efficient than the SABRE-SHEATH approach in hyperpolarizing 15N sites.,0.490265683146652,0.9732897194748155,0.9285714285714286,0.9999999999,1.0
82,Why do single-atom catalysts (SACs) tend to aggregate under reaction conditions?,"['to a well-defined single-site nature, SACs demonstrate exceptional selectivity in many reactions,13 including hydrogenation.14 However, there is also an associated drawback\ue0d5isolated metal atoms have a higher surface energy than metal clusters and therefore tend to aggregate under reaction conditions.15 Thus, the search for strategies for preparing robust and stable singleatom catalysts is a pressing challenge', 'In those studies, under the reaction conditions the initially present single gold atoms were found to aggregate to form clusters of 5–10 gold atoms that were highly active for the above-mentioned reaction.[14] The original material, containing isolated Au atoms and dimers on MWCNTs, has been used here in the heterogeneous hydrogenation of 1,3-butadiene and 1-butyne', 'search for more efficient catalysts with reduced amounts of the active metal.5 A new class of catalysts, single-atom catalysts (SACs), has been actively studied in this context.6−11 SACs feature atomically dispersed metal atoms anchored onto a support material, so the metal utilization can approach $1 0 0 \\%$ , which is especially important in the case of noble metals.12 Due to a well-defined single-site nature, SACs demonstrate exceptional selectivity in many reactions,13 including hydrogenation.14', '如图11所示77，基态反应物在光激发下形成三重态前体，只有单重态的前体能够重新结合成新的分子。在高磁场下三重态 $T _ { 0 }$ 与单重态S在超精细耦合的作用下会发生混合，混合速率受到原子核的自旋态和两个自由基电子Larmor频率之差影响。假设原子核处于 $\\beta$ 态的自由基会更快的转变为单重态，则重新结合的反应物(或重排产物)会出现$\\beta$ 态的富集产生发射峰。原子核处于 $\\boldsymbol { a }$ 态的三重态在扩散作用下与其它反应物的自由基结合生成产物，出现吸收峰。', 'This challenge is amplified under operando conditions where catalyst reconstruction can lead to changes in catalyst performance.7 Elegant solutions to controlling, and enhancing, activity in heterogeneous catalysis often comes at the nexus of molecular and extended solids through single atom catalysis,8−10 surface organometallic chemistry (SOMC),11,12 ligand coordinated single atom catalysts,13 or catalysts supported in mesoporous framework materials.14']","['Due to a well- defined single- site nature, SACs demonstrate exceptional selectivity in many reactions, including hydrogenation. However, there is also an associated drawback- isolated metal atoms have a higher surface energy than metal clusters and therefore tend to aggregate under reaction conditions.']","Based on the provided context, single-atom catalysts (SACs) tend to aggregate under reaction conditions due to **thermodynamic instability** arising from their high surface energy. Specifically:

1. **Higher Surface Energy of Isolated Atoms**:  
   Isolated metal atoms in SACs possess higher surface energy compared to metal clusters. This elevated energy state makes them thermodynamically unstable (as explicitly stated in the context: *""isolated metal atoms have a higher surface energy than metal clusters and therefore tend to aggregate under reaction conditions""*).

2. **Aggregation to Form Clusters**:  
   Under reaction conditions (e.g., during catalytic hydrogenation), the isolated atoms migrate and aggregate into clusters (e.g., clusters of 5–10 gold atoms) to achieve a lower-energy, more stable configuration. This behavior is experimentally observed, such as in gold SACs supported on multi-walled carbon nanotubes (MWCNTs) during hydrogenation reactions.

This instability remains a key challenge in SAC design, as aggregation reduces catalytic selectivity and metal utilization efficiency.","Single-atom catalysts (SACs) tend to aggregate under reaction conditions because isolated metal atoms have a higher surface energy than metal clusters, making them thermodynamically unstable and prone to aggregation.",0.76264893199253,1.0000000000000002,0.9,0.9999999999,1.0
83,"Why is the net intensity of the hyperpolarized 13C signal zero in an ALTADENA experiment, making it unsuitable for MRI purposes?","['On this basis it must be outlined that, even when the J couplings are optimal for the polarization transfer, the net intensity of the hyperpolarized $^ { 1 3 } { \\mathsf { C } }$ signal is zero, i.e. the heteronuclear hyperpolarization obtained directly from an ALTADENA experiment is not useful for MRI purposes. Therefore hyperpolarization must be processed before being applied to MRI.', 'Both schemes of the standard PHIP experiment, PASADENA and ALTADENA, are widely used in modern NMR;1–3 however, the range of potential PHIP applications can be limited by the fact that despite the strong signal enhancement of individual NMR lines, the total intensity of PHIP spectra integrated over all lines is zero, i.e., no net signal polarization is present', 'Here, in ALTADENA experiments, EA initially possesses net polarization of individual spins, but the signals of its $\\mathrm { \\Delta H _ { A } }$ and $\\mathrm { \\Delta H _ { B } }$ protons have different signs resulting in close to zero total net magnetization of the moleculeIn this case, the spontaneous NOE polarization transfers from $\\mathrm { \\Delta H _ { A } }$ and $\\mathrm { \\Delta H _ { B } }$ protons are expected to compensate each other leading to a zero total SPINOE', '2)Although all of these steps partially deplete the initial signal intensity, nonetheless [1-13C]pyruvate has been hyperpolarized by PHIP', ""Table1. 'H Polarization observed in ALTADENA experiments upon para- hydrogenation of 1 and 2 and 1³C polarization after the application of MFC.H Hb Hd 13C Ethyl lactate 3.4±0.1% 2.6±0.1% 2.0±0.1%[a] Allyllactate 7±0.5% 4±0.5% 3±0.5% 2.5±0.5%[a]Allyl lactate 4.5±0.5%[b] [a]'³C Hyperpolarization obtained using the same magnetic field cycle""]","['The resulting hyperpolarized signal is an antiphase doublet. If the two protons are symmetrically coupled with the 13C atom, then r = 0, the singlet state is maintained and 13C is not hyperpolarized. Conversely, as JHC - JHC increases, the para state is distributed on both spin levels and the intensity of the two hyperpolarized signals is maximum when JAX - JAX = 2JAA. On this basis it must be outlined that, even when the J couplings are optimal for the polarization transfer, the net intensity of the hyperpolarized 13C signal is zero, i.e. the heteronuclear hyperpolarization obtained directly from an ALTADENA experiment is not useful for MRI purposes. Therefore hyperpolarization must be processed before being applied to MRI.']","Based on the provided context:  

1. **Net Polarization Cancellation**: In ALTADENA experiments, the hyperpolarized protons (e.g., ΔH<sub>A</sub> and ΔH<sub>B</sub>) exhibit signals with **opposite signs**, resulting in a net magnetization close to zero for the molecule.  
2. **13C Signal Implications**: Even when polarization transfers optimally to <sup>13</sup>C nuclei (e.g., via J-couplings), the net intensity of the hyperpolarized <sup>13</sup>C signal remains **zero** because the opposing polarizations cancel each other.  
3. **MRI Suitability**: This zero net polarization is fundamentally incompatible with MRI, which requires detectable **net magnetization** to generate imaging contrast.  
4. **Resolution**: To make ALTADENA-derived hyperpolarization usable for MRI, additional processing (e.g., magnetic field cycles or pulse sequences) must break this symmetry to generate net polarization, as noted for [1-<sup>13</sup>C]pyruvate and Table 1 data.  

> ⚠️ **Key Limitation**:  
> *""The total intensity of PHIP spectra integrated over all lines is zero, i.e., no net signal polarization is present.""*  
> *""The heteronuclear hyperpolarization obtained directly from an ALTADENA experiment is not useful for MRI purposes.""*","The net intensity is zero because the heteronuclear hyperpolarization obtained directly from an ALTADENA experiment results in an antiphase doublet, and even when the J couplings are optimal for polarization transfer, the signal cancels out. Therefore, the hyperpolarization must be processed before being applied to MRI.",0.4179204325030252,0.8148493387892565,0.8571428571428571,0.9999999999666667,0.5
84,"Why is the [1,4-Bis(diphenylphosphino)-butane](1,5-cyclooctadiene)rhodium(I) tetrafluoroborate Rh catalyst frequently used in PHIP experiments?","['7 \\pm 2 5 }$ and $2 7 \\ \\pm \\ 1 \\%$ on the precursor molecule and free pyruvate, respectively)54 and was therefore the precursor of choice in the current investigationThe [1,4-Bis(diphenylphosphino)- butane](1,5-cyclooctadiene)rhodium(I) tetrafluoroborate Rh catalyst is frequently used in PHIP experiments for two main reasons: (i) it is commercially available and (ii) it enables the pairwise addition of parahydrogen, which is necessary to preserve the parahydrogen’s initial spin character', 'For PHIP experiments the catalyst [1,4-Bis(diphenylphosphino)butane(1,5- cyclooctadiene)rhodium(I) tetrafluoroborate] [1] (CAS: 79255-71-3, Strem Chemicals) was added to reach a concentration of $5 \\mathrm { { m m o l / L } }$', 'Hyperpolarization and non-enzymatic decarboxylation: procedure and equipment\n[1,4-Bis(diphenylphosphino)butane](1,5-cyclooctadien)rhodium(I)- tetrafluorborat (Sigma Aldrich, catalog # 79255-71-3) was dissolved in acetone- ${ \\bf d } _ { 6 }$ and used as catalyst for the PHIP procedure with a final concentration of $1 0 \\ \\mathrm { m M }$', 'Typically, PHIP-SAH studies employ cationic Rh complexes with bidentate phosphine ligands, for example, $[ \\mathsf { R h } ( \\mathsf { C O D } ) ( \\mathsf { d p p b } ) ] ^ { + }$ or $[ \\mathsf { R h } ( \\mathsf { N B D } ) ( \\mathsf { d p p b } ) ] ^ { + }$ (dppb $= 1$ ,4-bis(diphenylphosphino)butane), as hydrogenation catalyst precursors, which is understandable as they are commercially availableHowever, Itoda et al', 'dppb $\\mathbf { \\Lambda } = \\mathbf { \\Lambda } _ { 1 , 4 }$ -bis(diphenylphosphino)butane) has been employed in typical PHIP experiments, although the catalytic activity of this conventional cationic rhodium complex 1 (see Fig']","[""The [1,4-Bis(diphenylphosphino)-butane](1,5-cyclooctadiene)rhodium(I) tetrafluoroborate Rh catalyst is frequently used in PHIP experiments for two main reasons: (i) it is commercially available and (ii) it enables the pairwise addition of parahydrogen, which is necessary to preserve the parahydrogen's initial spin character.""]","Based on the provided context, the **[1,4-Bis(diphenylphosphino)butane](1,5-cyclooctadiene)rhodium(I) tetrafluoroborate** catalyst is frequently used in PHIP experiments for two primary reasons:  

1. **Commercial Availability**:  
   The catalyst is commercially available (CAS: 79255-71-3; suppliers include Strem Chemicals and Sigma-Aldrich), making it readily accessible for experiments.  

2. **Pairwise Hydrogen Addition**:  
   It enables the *pairwise addition of parahydrogen*, which is essential for preserving the initial spin character of parahydrogen and achieving the desired hyperpolarization.  

This catalyst is explicitly referenced in multiple PHIP studies for these advantages, with typical concentrations of 5–10 mM in solution.  

---  
**Supporting Context Excerpts**:  
> *""Rh catalyst is frequently used in PHIP experiments for two main reasons: (i) it is commercially available and (ii) it enables the pairwise addition of parahydrogen, which is necessary to preserve the parahydrogen’s initial spin character.""*  
> *""Typically, PHIP-SAH studies employ cationic Rh complexes with bidentate phosphine ligands, for example, [Rh(COD)(dppb)]⁺ (dppb = 1,4-bis(diphenylphosphino)butane), as hydrogenation catalyst precursors, which is understandable as they are commercially available.""*","The Rh catalyst is frequently used in PHIP experiments because it is commercially available and it enables the pairwise addition of parahydrogen, which is necessary to preserve the parahydrogen's initial spin character.",0.6637578166874335,0.9339815919892472,1.0,0.7499999999625,1.0
85,Why is para-H₂ thermodynamically preferred over ortho-H₂?,"['Para- $\\cdot \\mathrm { H } _ { 2 }$ is the NMR silent nuclear-spin isomer of $\\mathrm { H } _ { 2 }$ that is thermodynamically preferred over ortho- $\\cdot \\mathrm { H } _ { 2 }$ because of the 120 $\\mathsf { c m } ^ { - 1 }$ separation between their rotational levels', 'Normal ${ \\sf H } _ { 2 }$ consists of $7 5 \\%$ of ortho- and $2 5 \\%$ parahydrogenAs the latter is thermodynamically favored, it can be enriched starting from thermal hydrogen by cooling under the influence of a paramagnetic catalyst', 'Molecular hydrogen (H2) is comprised of two spin isomers, orthohydrogen $\\left( o \\mathrm { - } \\mathbf { H } _ { 2 } \\right)$ and parahydrogen $\\left( p \\mathbf { - } \\mathbf { H } _ { 2 } \\right)$ , referring to the alignment or anti-alignment of its nuclear spins.[1] At room-temperature equilibrium, $\\scriptstyle \\partial \\mathbf { - } \\mathbf { H } _ { 2 }$ and ${ p \\mathrm { - } } \\mathrm { H } _ { 2 }$ are present in a 3 : 1 ratio, a statistical abundance that reflects the degeneracy of the nuclear', 'This relationship has cost implications because the level of $\\scriptstyle p \\mathrm { - } \\mathrm { \\mathrm { H } } _ { 2 }$ enrichment is determined by the temperature at which the ortho-to-para conversion is achieved.36,40,41 For example, cooling $\\mathbf { H } _ { 2 }$ to $7 7 \\mathrm { ~ K ~ }$ via liquid ${ \\bf N } _ { 2 }$ is very inexpensive but only results in $\\sim 5 0 \\%$ ${ p \\mathrm { - } } \\mathrm { H } _ { 2 }$ enrichment, whereas conversion temperatures below $3 0 ~ \\mathrm { K }$ are', 'to maintain the temperature at $2 8 \\mathrm { ~ K ~ }$ The $\\mathbf { H } _ { 2 }$ gas is then passed over a para-magnetic catalyst to allow conversion between the para and ortho hydrogen states']",['Para-H₂ is the NMR silent nuclear-spin isomer of H₂ that is thermodynamically preferred over ortho-H₂ because of the 120 cm⁻¹ separation between their rotational levels.'],"Para-H₂ is thermodynamically preferred over ortho-H₂ due to **energy differences in their rotational quantum states**, specifically because:  

1. **Rotational energy separation**:  
   The rotational ground state (J=0) of para-H₂ lies **120 cm⁻¹ lower** in energy than the first accessible state (J=1) of ortho-H₂. This energy gap arises from quantum mechanical restrictions:  
   - Para-H₂ (nuclear spins *anti-aligned*) occupies **even rotational quantum states** (J=0, 2, 4...).  
   - Ortho-H₂ (nuclear spins *aligned*) occupies **odd rotational quantum states** (J=1, 3, 5...).  

2. **Thermodynamic stability**:  
   At low temperatures, molecules populate the lowest available energy states. The J=0 state of para-H₂ is energetically favored, making it the **ground state** of molecular hydrogen. Ortho-H₂ cannot access this J=0 state, forcing it into higher-energy configurations (J≥1).  

3. **Temperature dependence**:  
   While ortho-H₂ dominates at room temperature (75% abundance due to spin degeneracy), para-H₂ becomes **progressively enriched** as temperature decreases. For example:  
   - At 77 K, para-H₂ enrichment reaches ~50%.  
   - Below 30 K, near-complete conversion (>99%) occurs.  

This preference is exploited in PHIP/SABRE NMR via **cryogenic enrichment** of para-H₂ using paramagnetic catalysts.","Because of the 120 cm⁻¹ separation between their rotational levels, which makes para-H₂ energetically more stable.",0.448105624137178,0.9966992524877448,0.631578947368421,0.9999999999,1.0
86,Why do halide impurities inhibit the activity of transition metal catalysts in Michael addition reactions?,"['Even relatively low concentrations of 1,3- butadiene (below $1 0 \\ : \\mathrm { p p m }$ ) can inhibit the activity of transition metal polymerization catalysts used in important reactions like the synthesis of polybutylene from 1-butene.1 As such, achieving highly selective conversion of 1,3-butadiene to the desired butene products is of paramount importance for downstream applications', 'Introduction\nTransition metal complexes containing phosphine ligands have been widely employed as homogeneous catalysts[1] for transformations such as alkene[2–4] and alkyne[5,6] hydrogenation, the $\\boldsymbol { \\eta } ^ { 2 }$ -diene complex is no longer detected but hydride containing $\\mathsf { R u } ( \\mathsf { C H P h C H } _ { 2 } \\mathsf { P h } ) ( \\mathsf { H } ) ( \\mathsf { C O } ) _ { 2 } ( \\mathsf { d p a e } )$ and Ru$( \\mathsf { C O } ) _ { 2 }$ (dpae)(trans-stilbene) are seen', 'addition is quite common in homogeneous hydrogenations catalyzed by transition metal complexes, and in the last three decades, it was extensively utilized for mechanistic and kinetic studies of these reactions.17 In contrast, for heterogeneous hydrogenations the typical catalysts are supported metal nanoparticles, which favor dissociative adsorption of $\\mathrm { H } _ { 2 }$ .12,18 This should lead to randomization of H atoms on a metal surface and to an absence of pairwise hydrogen addition', 'Pairwise hydrogen addition can be achieved with both homogeneous (transition metal complexes) [7, 8] and heterogeneous catalysts (supported metal nanoparticles, immobilized metal complexes, bulk metals and metal oxides) [9–12]The main disadvantage of homogeneous catalysts is the difficulty of separation of reaction products from the catalystConsidering the toxicity of metal complexes, it is a serious obstacle for potential biomedical utilization of homogeneous PHIP', 'Introduction\nThe examination of the oxidative addition of $\\mathrm { H } _ { 2 }$ to $\\mathrm { d } ^ { 8 }$ squareplanar transition metal complexes has been significant in enabling the understanding of how transition metal catalysts operate']","['Gallo et al. [29] have systematically studied the influence of halide impurities on catalytic Michael addition reactions. They have found that the system is strongly sensitive to the amount of halides present in the IL, inhibiting the activity of the transition metal catalyst. Daguenet and Dyson [31] explained this fact as a consequence of the extremely weak interactions between the halide anion and the imidazolium cation, through which the dissociation of the halide from a transition metal complex can become thermodynamically disfavoured in ILs.']","Based on the provided information, the question regarding **why halide impurities inhibit the activity of transition metal catalysts in Michael addition reactions** cannot be answered.  

The context does not discuss:  
1. **Halide impurities** in any reaction system.  
2. **Michael addition reactions**.  
3. Mechanisms of catalyst inhibition by halides.  

The context focuses on:  
- Inhibition of polymerization catalysts by **1,3-butadiene**.  
- **Hydrogenation** mechanisms involving pairwise vs. dissociative H<sub>2</sub> addition.  
- Homogeneous catalysts (e.g., Ru-phosphine complexes) and heterogeneous catalysts (e.g., metal nanoparticles).  

For details on halide inhibition in Michael additions, additional literature would be required.",Halide impurities inhibit the activity of transition metal catalysts in Michael addition reactions because the extremely weak interactions between the halide anion and the imidazolium cation make the dissociation of the halide from a transition metal complex thermodynamically disfavoured in ionic liquids.,0.2108353678253786,0.0,1.0,0.0,0.0
87,Why is 2-hydroxyethyl [1-13C] propionate (HEP) suitable for real-time imaging in the cardiovascular system?,"['Inert Contrast Agent (iCA) for Angiography Imaging: 2-Hydroxyethyl $I ^ { 1 - ^ { 1 3 } } C _ { \\it 1 }$ -Propionate (HEP)\nThe water-soluble PHIP contrast agent 2-hydroxyethyl [1- $^ { 1 3 } \\mathrm { C } ]$ -propionate- $\\cdot 2 , 3 , 3 \\mathrm { - } \\mathrm { d } _ { 3 }$ (HEP, Figure 7a) was employed in rodents[101b] to track catheter positions, outline the contours of heart and lungs and, in pigs, to provide real-time coronary angiography and myocardial perfusion.[113] HEP, which is produced by', 'and lungs and, in pigs, to provide real-time coronary angiography and myocardial perfusion.[113] HEP, which is produced by hydrogenation of the precursor 2-hydroxyethyl [1- $^ { 1 3 } \\mathrm { C } ]$ -acrylate] $\\cdot 2 , 3 , 3 \\mathrm { - } \\mathrm { d } _ { 3 }$ (HEA), is unlikely to undergo fast metabolic processes', 'significantly slowed down the progress of implementing this hyperpolarization technique for metabolic imaging after its initial demonstration for $^ { 1 3 } \\mathrm { C }$ hyperpolarization of 2-hydroxyethyl propionate (HEP), useful for angiographic applications,27,28,30 although at least three other HP $^ { \\mathrm { i } _ { 1 3 } } \\mathrm { C }$ biomolecules have been recently developed for PHIP hyperpolarization with sufficient payloads of net magnetization suitable for biomedical applications:', 'A $\\ 9 8 \\mathsf { m m }$ aqueous solution of $^ { 1 3 } \\mathsf { C }$ PHIP hyperpolarized 2-hydroxyethyl- $^ { 1 3 } { \\sf C }$ -propionate- $\\cdot d _ { 2 , 3 , 3 }$ (HEP), $ { \\sim } 2 5 \\%$ was used for demonstration of indirect proton sub-second imaging detection', 'So far, a xenobiotic $^ { 1 3 } { \\mathsf { C } } -$ tracer, $1 - ^ { 1 3 } C , 2 , 3 , 3 - ^ { 2 } H _ { 3 }$ -hydroxyethyl-propionate (HEP), was polarized by SAMBADENA to a $^ { 1 3 } { \\mathsf C }$ polarization of $\\sim 2 1 \\%$ within seconds, and applied for ex vivo[27] and in vivo[28] imaging']","['HEP, which is produced by hydrogenation of the precursor 2-hydroxyethyl [1-13C] - acrylate]- 2,3,3- d3 (HEA), is unlikely to undergo fast metabolic processes. Therefore, Petersson and co-workers made a strong case for employing hyperpolarizing 13C - HEP for real- time imaging in the cardiovascular system and demonstrated catheter tracking and quantification of myocardial perfusion. Catheter tracking is particularly attractive because there is no background signal. Measuring myocardial perfusion with a hyperpolarizing agent could be quantitative, thus improving on the current gadolinium- based methods.']","Based on the provided context, 2-hydroxyethyl [1-¹³C] propionate (HEP) is suitable for real-time cardiovascular imaging due to the following properties:

1. **High Polarization Efficiency**:  
   HEP achieves ¹³C polarization levels of ~21–25% via PHIP hyperpolarization (specifically SAMBADENA) within seconds, enabling strong NMR signal intensity for rapid imaging.

2. **Metabolic Inertness**:  
   As a xenobiotic tracer, HEP is unlikely to undergo rapid metabolic processes, maintaining signal integrity during imaging without significant degradation.

3. **Demonstrated In Vivo Utility**:  
   - Outlines anatomical structures (heart/lung contours) and tracks catheter positions in rodents.  
   - Enables real-time coronary angiography and myocardial perfusion imaging in pigs.  

4. **Water Solubility**:  
   Its aqueous solubility (~98 mM solution) allows intravenous administration and vascular distribution.

5. **Rapid Detection**:  
   Supports sub-second proton imaging detection via indirect methods, critical for real-time cardiovascular applications.  

These properties collectively enable high-contrast, real-time visualization of dynamic cardiovascular processes.","HEP is suitable for real-time imaging in the cardiovascular system because it is unlikely to undergo fast metabolic processes, provides no background signal for catheter tracking, and offers quantitative measurement of myocardial perfusion, improving on current gadolinium-based methods.",0.3312032613505377,0.9829484119393682,0.6666666666666666,0.99999999995,0.3333333333333333
88,Why are the NMR signals of Ir-HH and free H2 considerably weaker than those of fPy?,"['However, when we look not only at the shape of the NSPD curves but also on the magnitude of the polarization, we clearly see that NMR signals of Ir-HH and free $\\mathsf { H } _ { 2 }$ are considerably weaker than those of fPy (compare NMR signal intensities in Figs2 and 3)', '2 and 3)At the same time, the NMR enhancements are comparable for Py and both forms of $\\mathsf { H } _ { 2 }$ because the thermal signals of the $\\mathrm { H } _ { 2 }$ species are also much weaker due to the much lower concentration of $\\mathsf { H } _ { 2 }$ as compared to $\\mathsf { P y }$', '4bThe explanation for this observation is that first Ir-HH and bound Py are polarized together in the complex and then polarization is transferred from bound Py to fPy and from Ir-HH to free $\\mathrm { H } _ { 2 }$ in the solvent by means of chemical exchange (the presence of this exchange process is revealed by the EXSY experiment presented in SM)The opposite sign of polarization of Py and Ir-HH is explained in Section 3', 'As a consequence, the resulting NMR signals of Py are stronger than those of Ir-HH and $\\mathrm { H } _ { 2 }$', 'It is more likely that the $\\mathrm { ^ { 1 } H }$ NMR signals of HP propylene are just below the noise level, as proved by the lower intensity of HP propane signals in the case of the $\\mathrm { P t } / \\mathrm { T i O } _ { 2 }$ catalyst compared to the case of $\\mathrm { P d } /$ $\\mathrm { T i O } _ { 2 }$ and $\\mathrm { R h } / \\mathrm { T i O } _ { 2 }$']","['However, when we look not only at the shape of the NSPD curves but also on the magnitude of the polarization, we clearly see that NMR signals of Ir- HH and free H2 are considerably weaker than those of fPy (compare NMR signal intensities in Figs. 2 and 3). The lower amplitude of polarization of the H2 species is due to the fact that (i) some fraction of the dissolved H2 molecules leaves the solution and (ii) the T1-relaxation times of the Ir- HH and H2 protons are about 1-2s (as measured by the inversion-recovery experiment), whereas the T1-relaxation time of Py in complex and in bulk are about 5s and 30s. This results in faster loss of polarization for H2 and Ir- HH. As a consequence, the resulting NMR signals of Py are stronger than those of Ir- HH and H2.']","Based on the provided context, the NMR signals of Ir-HH and free H₂ are weaker than those of free pyridine (fPy) due to two interrelated factors:

1. **Polarization Transfer Pathway**:  
   Polarization initially develops in the Ir-HH complex and bound pyridine (Py) simultaneously. This polarization is subsequently transferred to fPy and free H₂ via chemical exchange. However, the resulting NMR signals of Py/fPy are inherently stronger than those of Ir-HH/H₂ due to the subsequent concentration disparity.

2. **Concentration Difference**:  
   The thermal NMR signals of H₂ species (including Ir-HH and free H₂) are weaker because the concentration of H₂ in the system is ""much lower"" compared to pyridine (Py). This concentration gap persists even after polarization enhancement, leading to the observed intensity differences in the NMR spectra.

Thus, the combined effect of the polarization transfer mechanism and the lower concentration of H₂-containing species results in weaker signals for Ir-HH and free H₂ relative to fPy.","The NMR signals of Ir-HH and free H2 are weaker because (i) some fraction of the dissolved H2 molecules leaves the solution, and (ii) the T1-relaxation times of the Ir-HH and H2 protons are about 1-2s, which is much shorter than the T1-relaxation time of Py (about 5s in complex and 30s in bulk). This results in faster loss of polarization for H2 and Ir-HH, leading to weaker NMR signals compared to Py.",0.4628158973685182,0.9494250485560473,0.875,0.0,0.0
89,Why does a partial conversion of para-hydrogen to ortho-hydrogen occur when a molecular complex of the type X-H2 is formed?,"['In this complex an evolution of the initial density matrix occursIn the course of this evolution a partial conversion of the parastate to the ortho-state occursWhen the bound state decays, this density matrix is transferred to the free dihydrogen stateHere fast phase relaxation destroys all coherences between the para- and the ortho-state and only the projections of the density matrix on the para- and ortho-subspaces surviveIn other words, a part of the para-hydrogen is converted to orthohydrogen', 'In this complex the spin conversion of the hydrogen occursDuring the decay of the $\\mathrm { X } { \\mathrm { - } } \\mathrm { H } _ { 2 }$ complex the projections on the para- and ortho-subspaces are formed, i.efree para- $\\cdot \\mathrm { H } _ { 2 }$ and ortho- $\\cdot \\mathrm { H } _ { 2 }$ is formed', 'Parahydrogen symmetry can be transformed into nuclear spin polarization by a chemical reaction,[5] hereafter named parahydrogenation, during which the two protons are pairwise added to the substrate in non-equivalent positions, so that the spin correlation is maintained and the symmetry of the hydrogen molecule is broken. As a consequence, the para and the ortho states are mixed.', '[](images/1dc5f8099440ef1f583ab10642c976576148b3ebac133d234942f96042f6b344.jpg) \nFig1 Schematic model of the ortho/para- $\\mathrm { H } _ { 2 }$ conversion on solid surfacesLeft: starting from the initial para- $\\mathrm { { H } } _ { 2 }$ state a complex of the type $\\mathrm { X } { \\mathrm { - } } \\mathrm { H } _ { 2 }$ is formedIn this complex the spin conversion of the hydrogen occurs', 'Two types of complexes with different spin system symmetry contribute to the molecular hydrogen conversionIn asymmetric complexes possessing hydride protons with different chemical shifts due to the presence of chlorine anion ligand the para–ortho conversion rate increases with magnetic field, while for symmetric complexes this mechanism is not operableIn the magnetic field where level anti-crossing occurs the resonant feature for the rate of para–ortho conversion is found']","['If one of these para-H2 molecules reacts with the catalysts, a molecular complex of the type X-H2 is formed, either by covalent binding or by the formation of hydrogen bonds or by unconventional bonds of the η²-type. In this complex an evolution of the initial density matrix occurs. In the course of this evolution a partial conversion of the parastate to the ortho-state occurs. When the bound state decays, this density matrix is transferred to the free dihydrogen state. Here fast phase relaxation destroys all coherences between the para- and the ortho- state and only the projections of the density matrix on the para- and ortho- subspaces survive. In other words, a part of the para-hydrogen is converted to orthohydrogen.']","Based on the provided context, a partial conversion of para-hydrogen to ortho-hydrogen occurs when an **X-H₂ complex** is formed due to the following reasons:

1.  **Spin Conversion within the Complex:** During the formation of the **X-H₂ complex**, the spin state of the hydrogen molecule is altered. The context explicitly states: *""In this complex the spin conversion of the hydrogen occurs""* and *""a partial conversion of the parastate to the ortho-state occurs""*.

2.  **Symmetry Breaking/Mixing:** The formation of the complex with the entity ""X"" breaks the symmetry of the isolated H₂ molecule. As stated: *""the symmetry of the hydrogen molecule is broken. As a consequence, the para and the ortho states are mixed.""* This mixing allows for interconversion between the para and ortho spin isomers.

3.  **Result upon Complex Decay:** When the X-H₂ complex later decays, releasing free H₂, the density matrix representing the spin state is transferred. Fast phase relaxation then occurs, destroying coherences between the para and ortho states, leaving only the projections onto the pure para- and ortho-subspaces. This results in *""free para-H₂ and ortho-H₂""* being formed, with a different ortho:para ratio than the initial state due to the conversion that occurred within the complex.

**In essence:** The interaction with ""X"" in the complex breaks the symmetry and induces spin state mixing, enabling partial conversion from para-H₂ to ortho-H₂. This altered spin state distribution is then ""frozen in"" as the complex decays and the hydrogen molecule returns to a free state where fast relaxation destroys any remaining quantum coherences between the para and ortho states.","The partial conversion occurs because the formation of the molecular complex (either by covalent binding, hydrogen bonds, or unconventional η²-type bonds) leads to an evolution of the initial density matrix. During this evolution, coherences between the para- and ortho-states are partially converted. When the bound state decays, the density matrix is transferred to the free dihydrogen state, where fast phase relaxation destroys coherences, leaving only the projections on the para- and ortho-subspaces, thus converting part of the para-hydrogen to ortho-hydrogen.",0.8144758644796198,0.9808137223123067,1.0,0.999999999975,1.0
90,Why are the overall levels of H_A signal enhancement lower in the diluted solvent system compared to the initial anhydrous d6-ethanol solution?,"['The resulting NMR spectrum showed that ${ \\sf H } _ { \\sf A }$ was 63-fold larger than the ethanol reference peakIn the thermal equilibrium spectrum, the ratio of the ${ \\mathsf { H } } _ { \\mathsf { A } }$ : CDH signal integrals was 0.6 : 1.0The overall levels of ${ \\mathsf { H } } _ { \\mathsf { A } }$ signal enhancement are, therefore, between 70-fold and 105-foldThese lower values are a consequence of the change in the reaction kinetics of ligand exchange in these solvents', 'However, potential solutions such as increasing the partial ${ p \\mathrm { - } } \\mathrm { H } _ { 2 }$ pressure may recover the enhancement reduction in water versus that observed in ethanolMoreover, the decrease in the SABRE signal enhancements in water vs ethanol may be also caused by the difference in $T _ { 1 }$ relaxation times, which can be lower in aqueous media compared to that in organic solvent media', 'Extending these studies to aqueous mixtures is not straightforward, as SABRE signal enhancements in the presence of water are substantially lower,[24–27] due to slower ligand exchange and, presumably, lower $\\mathrm { p } { \\cdot } \\mathrm { H } _ { 2 }$ solubility than in methanol', 'The addition of $\\mathrm { D } _ { 2 } \\mathrm { O }$ to $d _ { 4 }$ -methanol solutions had lower enhancements than $d _ { 6 }$ -ethanol, with ${ \\sim } 2 0 \\%$ $_ { 0 } ^ { \\prime } \\mathrm { ~ D ~ } _ { 2 } \\mathrm { O } / \\sim 8 0 \\%$ $d _ { 4 }$ -methanol yielding only ${ \\sim } 6$ -fold $\\mathrm { ^ { 1 } H }$ signal enhancements', 'In Situ Detection and Quantification at Low Field in Pure and Diluted EthanolA strong signal was also observed when this enhancement method was applied to $3 5 ~ \\mathrm { \\ m g }$ of pyridine and $1 4 { \\mathrm { ~ m g } }$ of catalyst dissolved in either $4 ~ \\mathrm { m L }$ of ethanol or 9:1 $\\mathrm { H } _ { 2 } \\mathrm { O }$ −ethanol mixtureIn these cases, polarization levels of 0.2 and $0 0 2 \\%$ , respectively, were achieved in situ (Figure 5)']","['In our initial experiment, this sample was shaken in a PTF of 65G and after transfer to the measurement field, proton H_A was observed to be 56-fold larger than the ethanol CDH peak at δ 3.56. In the thermal equilibrium spectrum, the ratio of the H_A:CDH signal integrals was 0.8:1.0. Subsequently, these measurements were repeated after dilution with D2O to produce a 50:50 D2O:d6-ethanol solution. The resulting NMR spectrum showed that H_A was 63-fold larger than the ethanol reference peak. In the thermal equilibrium spectrum, the ratio of the H_A:CDH signal integrals was 0.6:1.0. The overall levels of H_A signal enhancement are, therefore, between 70-fold and 105-fold. These lower values are a consequence of the change in the reaction kinetics of ligand exchange in these solvents.']","Based on the provided information, the lower H<sub>A</sub> signal enhancement in the diluted solvent system (9:1 H<sub>2</sub>O–ethanol mixture) compared to anhydrous *d*<sub>6</sub>-ethanol is attributed to two primary factors:

1. **Slower ligand exchange kinetics**:  
   The reversible exchange process between the catalyst-bound substrate and free substrate is significantly slower in aqueous environments than in organic solvents like ethanol. This reduced exchange rate limits the efficiency of polarization transfer from parahydrogen to the target nucleus (H<sub>A</sub>), directly lowering signal enhancement.

2. **Reduced parahydrogen solubility**:  
   The solubility of parahydrogen (p-H<sub>2</sub>) is notably lower in aqueous mixtures than in ethanol. This decrease in p-H<sub>2</sub> availability restricts the polarization source, further diminishing signal enhancement. Experimental data show that even partial aqueous dilution (e.g., 20% D<sub>2</sub>O in *d*<sub>4</sub>-methanol) reduces enhancements to ∼6-fold, compared to higher levels in ethanol.

Additionally, differences in **relaxation times** (*T*<sub>1</sub>) may contribute, as shorter *T*<sub>1</sub> in aqueous media accelerate signal decay, though this is secondary to exchange kinetics and solubility effects. For example, polarization levels in the 9:1 H<sub>2</sub>O–ethanol mixture were measured at 0.002%, versus 0.2% in pure ethanol.",The lower levels of H_A signal enhancement are a consequence of the change in the reaction kinetics of ligand exchange in the 50:50 D2O:d6-ethanol solution compared to the anhydrous d6-ethanol system.,0.48823862345257696,0.9255472405043953,0.9444444444444444,0.8333333332916666,0.0
91,Why does the addition of base and subsequent change in pH have a favorable effect on the $T_{1}$ of H-2 of $\mathsf{L}^7$?,[],"['Addition of base and the subsequent change in pH has a favorable effect on the $T_{1}$ of H-2 of $\\mathsf{L}^7$, which, in this case, increases remarkably from 14.5 to 46.1 s. Smaller increases can also be noted for protons H-4 and H-6.']","Based on the provided information, the question cannot be answered. The RAG knowledge base does not contain specific details regarding the effect of pH changes on the $T_1$ relaxation time of H-2 in $\mathsf{L}^7$.","The addition of base and the subsequent change in pH increases the $T_{1}$ of H-2 of $\mathsf{L}^7$ remarkably from 14.5 to 46.1 s, with smaller increases for protons H-4 and H-6, indicating a favorable effect on relaxation times.",0.17943101356552976,0.0,0.5,0.0,0.0
92,When is the two-level approximation used in the LAC approach valid?,"['Strictly speaking, a two-level approximation used in the LAC approach is valid when the off-diagonal matrix elements are smaller than the difference between all the rest energy levels not involved in the LAC, i.e., the two states are considered as disconnected from the others', 'Then an off-resonant field condition halts polarization transfer by bringing the field away from the LAC matching condition and allowing chemical exchange to “replenish” the polarization transfer complexCoherently pumped SABRESHEATH pulse sequences use the LAC-based description of polarization transfer in SABRE to produce the most efficient transfer (in a two-level approximation)However, use of the LAC matching condition is only optimal for a very limited set of exchange rates', 'Although typically the LAC approach is also valid for weaker $\\nu _ { 1 } ^ { H }$ as the trigonometric functions reduce the value of the off-diagonal matrix elements', 'There are two LCs in this system, when', 'However, the secular approximation does not work in the level anti-crossing (LAC) region, since it is the non-secular terms that are responsible for the transitions in this region']","['Strictly speaking, a two-level approximation used in the LAC approach is valid when the off-diagonal matrix elements are smaller than the difference between all the rest energy levels not involved in the LAC, i.e., the two states are considered as disconnected from the others.']","Based on the provided context, the two-level approximation in the Level Anti-Crossing (LAC) approach is valid under the following conditions:  

1. **Primary condition**:  
   The off-diagonal matrix elements must be smaller than the difference between the rest energy levels not involved in the LAC.  
   This implies the two states are effectively disconnected from other states in the system.  
   Mathematically:  
   \[
   |H_{ij}| \ll |E_i - E_k| \quad \text{(for all other states \(k\) not in the LAC)}
   \]  

2. **Additional practical condition**:  
   The approximation remains valid for weaker radiofrequency (RF) fields (\( \nu_1^H \)), as the trigonometric functions reduce the magnitude of the off-diagonal matrix elements.  

These conditions ensure the system behaves as an effective two-level system, isolating the dynamics to the two states participating in the LAC.",The two-level approximation is valid when the off-diagonal matrix elements are smaller than the difference between all the rest energy levels not involved in the LAC.,0.5106338954600333,0.8910664937236629,1.0,0.9999999999,1.0
93,"Why can parahydrogen, which is NMR silent, produce products with non-equilibrium nuclear spin distributions when used as a reagent in a reaction?","['While parahydrogen itself has no net spin angular momentum and is thus NMR silent, when it is used as a reagent in a reaction, many products can be formed that possess non-equilibrium nuclear spin distributions.[9,10] This is readily understood if the NMR-invisible αβ–βα singlet spin state', 'p \\mathbf { - } \\mathbf { H } _ { 2 } \\right)$ can help to overcome the sensitivity problem associated with NMR.24,25 This is because, whilst $\\scriptstyle p \\cdot \\mathrm { H } _ { 2 }$ itself has no net spin angular momentum and is NMR silent, when used as a reagent in a reaction, products can be formed that possess non-Boltzmann nuclear spin distributions.26–29 The resulting signals that are detected in such NMR experiments can be many thousands of times stronger than normal', 'The para-hydrogen molecule itself with its $100 \\%$ nuclear spin order is energetically favored with respect to the triplet spin isomer (ortho-hydrogen) and can thus be enriched at low temperature; however, it is NMR-silent because of chemical (and, consequently, magnetic) equivalence of the two hydrogen nucleiIn the hydrogenation reaction this equivalency is usually removed with the result that anomalous NMR signals of the reaction products are observed and very high NMR enhancements are obtained', 'Despite being NMR-silent, the spin order of parahydrogen can be converted into a non-equilibrium nuclear magnetization of a target molecule, which, in turn, gives rise to significant NMR signal enhancements.8–10 This conversion requires a suitable chemical process that breaks the symmetry between the parahydrogen protons', '8 6 ^ { \\mathrm { ~ 8 ~ } }$ and experimentally veri\ue103ed shortly a\ue09derwards.9 Despite the fact that ${ p \\mathrm { - } } \\mathbf { H } _ { 2 }$ has zero nuclear spin and therefore is NMR silent, if the symmetry of parahydrogen is broken by a chemical reaction, the singlet spin state will evolve into an NMR-observable spin state in the product or intermediate molecules.10 In theory, compared to the thermal levels, the NMR signals of the $p$ - $\\mathbf { H } _ { 2 }$ -derived protons in the product can be']","['While parahydrogen itself has no net spin angular momentum and is thus NMR silent, when it is used as a reagent in a reaction, many products can be formed that possess non-equilibrium nuclear spin distributions. This is readily understood if the NMR-invisible singlet spin state is transformed into observable states.']","Based on the provided context:

Parahydrogen (p-H₂) is NMR silent due to its singlet spin state (αβ–βα) where the two hydrogen nuclei are chemically and magnetically equivalent, resulting in zero net spin angular momentum. However, when used as a reagent in chemical reactions, this symmetry is broken. The hydrogen atoms become incorporated into reaction products where they occupy chemically and magnetically inequivalent positions. This inequivalence disrupts the original singlet state, converting the spin order into observable NMR states. Consequently, the resulting products exhibit non-equilibrium nuclear spin distributions that deviate from Boltzmann equilibrium, leading to dramatically enhanced NMR signals (often thousands of times stronger than conventional NMR signals). This fundamental symmetry-breaking mechanism enables techniques like PHIP and SABRE to achieve high signal enhancements despite parahydrogen's intrinsic NMR silence.","This occurs because the NMR-invisible singlet spin state of parahydrogen is transformed into observable nuclear spin states during the reaction, leading to non-equilibrium nuclear spin distributions in the products.",0.44974120533549394,0.801570623969281,0.8947368421052632,0.99999999998,1.0
94,How do the polarization values of heterogeneous platinum catalysts compare to those of ligand-stabilized palladium nanoparticles?,"['In this work, ligand-stabilized palladium nanoparticles are introduced and characterized as water-soluble catalysts, demonstrating the highest heterogeneous carbon and proton polarizations to date ( $\\stackrel { \\prime } { P ^ { 1 3 } \\mathrm { _ C } } = 1 2 \\stackrel { \\mathrm { 0 } } { \\% }$ , $P _ { \\mathrm { ~ H ~ } } = ~ 1 2 \\% \\}$ in water in nearly identical conditions to those of previous experiments using a water-optimized homogeneous Rh catalyst', 'We evaluated our heterogeneous catalyst against the standard PHIP homogeneous catalyst, 1,4-bis-[(phenyl-3- propane sulfonate) phosphine]butane rhodium(I) tetrafluoroborate.[19] Experiments with the homogeneous catalyst exhibited a polarization of $P = 1 2 6 \\%$ at $8 0 ^ { \\circ } \\mathrm { C }$ Furthermore, the polarization yields with the homogeneous catalysts are less affected by temperature: at $2 0 ^ { \\circ } \\mathrm { C }$ , the polarization showed $P = 0 7 \\%$', 'To overcome the challenges, we introduced a heterogeneous phase catalyst dispersed in water yielding hyperpolarizationOur catalyst construct consists of platinum nanoparticles capped with glutathione ligands.[21] The ligands cover a large fraction of the adsorption sites on the particles, leading to the detected polarization', 'The cost of palladium per gram is significantly lower than that of platinum, making this type of catalyst attractiveComparison of nanoparticle synthesis methods and surface oxidation under inert conditions versus open air shows that air-synthesized nanoparticles retain equivalent polarization ability, granting higher polarization performance in lower-cost, simple synthesis conditions', 'In conclusion, this work demonstrates novel water-soluble palladium nanoparticles as catalysts in aqueous heterogeneous PHIP capable of transferring polarization to $^ { 1 3 } \\mathrm { C }$ on biologically relevant compoundsBoth $^ { 1 3 } \\mathrm { C }$ and $^ { 1 } \\mathrm { H }$ polarizations are unprecedented in aqueous heterogeneous reactions, $^ { 1 3 } \\mathrm { C }$ by up to 2 orders of magnitude compared to the previous state-ofthe-art experiments']","['Aqueous heterogeneous platinum catalysts have recently been demonstrated to achieve 1H polarization values as high as 0.7%. In this work, ligand-stabilized palladium nanoparticles are introduced and characterized as water-soluble catalysts, demonstrating the highest heterogeneous carbon and proton polarizations to date (P_1C = 1.2%, P_H = 1.2%) in water in nearly identical conditions to those of previous experiments using a water-optimized homogeneous Rh catalyst.']","Based on the provided information:  
- **Ligand-stabilized palladium nanoparticles** achieved polarization values of \( P^{13}\mathrm{C} = 120\% \) and \( P_{\mathrm{H}} = 12\% \) in water.  
- **Heterogeneous platinum nanoparticles** (capped with glutathione ligands) are mentioned, but **no polarization values are provided** for platinum in the context.  

The context explicitly states polarization results for palladium nanoparticles and a homogeneous rhodium catalyst (\( P = 126\% \) at \( 80^\circ \mathrm{C} \)), but it does not quantify polarization for platinum nanoparticles. Therefore, a direct comparison of polarization values between platinum and palladium catalysts cannot be made from the available information.","Ligand-stabilized palladium nanoparticles demonstrate higher polarization values (P_1C = 1.2%, P_H = 1.2%) compared to heterogeneous platinum catalysts (P_H up to 0.7%).",0.4941895284268645,0.0,1.0,0.249999999975,0.0
95,Why does the optimal rate of ligand exchange differ for ${}^{1}\mathrm{H}$ and $^{15}\mathrm{N}$ transfer in SABRE catalysis?,[],"['The optimum rate of ligand exchange for ${}^{1}\\mathrm{H}$ transfer has been proposed by Barskiy to be $4.5\\mathrm{s}^{-1}$ in complexes of the type $[\\mathrm{Ir}(\\mathrm{H})_2(h_{22} -$ $\\mathbf{1})(\\mathrm{py})_2]\\mathrm{Cl}$. Consequently, the rate of pyridine substrate dissociation in $[\\mathrm{Ir}(\\mathrm{H})_2(h_{22} - \\mathbf{1})(\\mathrm{py})_2(d_9\text{- }\\mathrm{BnND}_2)]\\mathrm{Cl}$ in methanol- $d_{4}$ solution was determined using the EXSY method and found to be $0.06\\mathrm{s}^{-1}$ at $268~\\mathrm{K}$. This value increases to $1.04~\\mathrm{s}^{-1}$ upon warming at $298~\\mathrm{K},$ and $2.1~\\mathrm{s}^{-1}$ at $308~\\mathrm{K}$. Our associated SABRE measurements reveal that the corresponding ${}^{1}\\mathrm{H}$ NMR signal gains change from 600-fold, through 4530-fold to 3550-fold at the $308~\\mathrm{K}$ setting. Hence, it appears that a rate closer to $1.04~\\mathrm{s}^{-1}$ is optimal for ${}^{1}\\mathrm{H}$ transfer into pyridine using this catalyst. Our experiments also reveal that there is a $30\\%$ growth in efficiency of $^{15}\\mathrm{N}$ polarization for pyridine on moving from 268 to $298~\\mathrm{K},$ and a further $22\\%$ improvement on moving to 308 from $298~\\mathrm{K}$. Consequently, we can confirm that the two different nuclei are best served with different rates of ligand exchange.']","Based on the provided information, the question regarding the differing optimal rates of ligand exchange for ${}^{1}\mathrm{H}$ and $^{15}\mathrm{N}$ transfer in SABRE catalysis cannot be answered. The RAG knowledge base does not contain specific literature or experimental data addressing this mechanism.","The optimal rate of ligand exchange differs because ${}^{1}\mathrm{H}$ transfer achieves maximum efficiency at a rate closer to $1.04~\mathrm{s}^{-1}$, as demonstrated by the SABRE measurements showing peak signal gains at this rate, while $^{15}\mathrm{N}$ polarization efficiency improves progressively with increasing temperature, indicating a different optimal rate requirement for each nucleus.",0.18867503091280755,0.0,0.0,0.0,0.0
96,What is the first step in the Coherent SABRE-SHEATH process?,"['Coherent SABRE-SHEATH first evolves spin order using an efficient PTF, $B _ { \\mathrm { P } } ,$ for a short time, $\\tau _ { \\mathrm { P } } ,$ and then quickly switches to an elevated storage field, $B _ { \\mathrm { { S } } } ,$ where little to no evolution is expected, for a lengthier duration, $\\tau _ { S } ,$ that is preoptimized (see the Supporting Information for $\\tau _ { \\mathrm { S } }$ optimization) to allow fresh ${ p \\mathrm { - } } \\mathrm { H } _ { 2 }$ to associate with the catalyst', 'First, the samples were activated via a continuous bubbling of $\\mathsf { p } \\mathrm { - } \\mathsf { H } _ { 2 }$ through the solution at 20 standard cubic centimeters per minute (sccm) gas flow rate until the attainable SABRESHEATH polarization approached a plateauThe SABRE-SHEATH activation process took from one to four hours depending on the substrate and the solvent used (Figure S3)', 'This was introduced as SABRE in SHield Enables Alignment Transfer to Heteronuclei (SABRESHEATH).[18] SABRE-SHEATH has since been applied to a wide range of $^ { 1 5 } { \\sf N }$ labeled molecules including those with high biological relevance.[15f,19] The hyperpolarization process is efficient, allowing one to achieve $^ { 1 5 } { \\sf N }$ polarization $( P _ { 1 5 \\ N } )$ values exceeding $2 0 \\%$ in less than a minute.[20] This technique employs chemical exchange of a to-be-hyperpolarized compound and', 'Discussion\nWe have shown that the DARTH-SABRE and coherent SHEATH experiments boast the ability to monitor the coherent hyperpolarization dynamics under the influence of chemical exchangeAccessing the coherent SABRE dynamics has shown the ability to bypass the damping of the hyperpolarized signal by the SABRE exchange dynamics in certain regimes, which is critical for ligands with exchange rates disparate from the period of their coherent evolution', '[A] Graphical representation of coherent SABRE-SHEATH pulse sequence, [B] NMR signal of anastrozole when $\\tau _ { \\mathrm { P } } = 5 1 ~ \\mathrm { m s } ,$ and [C] applying coherent SABRE-SHEATH pulse sequence sweeping from $\\textstyle { \\tau } _ { \\mathrm { P } } = 0$ to $\\tau _ { \\mathrm { P } } = 2 5 0 ~ \\mathrm { m s }$ while keeping $B _ { \\mathrm { P } } , B _ { \\mathrm { S } } ,$ and $\\tau _ { \\mathrm { P } }$ constant $\\mathrm { \\Delta } B _ { \\mathrm { P } } = 0']","['Coherent SABRE- SHEATH first evolves spin order using an efficient PTF,  $B_{\\mathrm{P}},$  for a short time,  $\\tau_{\\mathrm{p}},$  and then quickly switches to an elevated storage field,  $B_{\\mathrm{S}},$  where little to no evolution is expected, for a lengthier duration,  $\\tau_{\\mathrm{S}},$  that is preoptimized (see the Supporting Information for  $\\tau_{\\mathrm{S}}$  optimization) to allow fresh  $p\\mathrm{- H}_2$  to associate with the catalyst.']","Based on the provided context, the first step in the Coherent SABRE-SHEATH process is:  
**Evolving spin order using an efficient polarization transfer field (PTF), denoted as $B_{\mathrm{P}}$, for a short time $\tau_{\mathrm{P}}}$.**  

This step initiates the coherent hyperpolarization dynamics before switching to the storage field ($B_{\mathrm{S}}$) for signal preservation. No prior activation or bubbling steps are part of this specific coherent pulse sequence.","The first step is to evolve spin order using an efficient PTF, $B_{\mathrm{P}},$ for a short time, $\tau_{\mathrm{p}},$.",0.5559469246464936,1.0000000000000002,1.0,0.9999999999,1.0
97,What is the first step in the side-arm hydrogenation experiments?,"['4Pairwise Parahydrogen Addition to Side Arm\nThe first step of the PHIP-SAH process is the pairwise addition of $p { \\mathrm { - } } { \\mathsf { H } } _ { 2 }$ to an unsaturated side arm, which is typically catalyzed by a cationic rhodium complex,[83] although heterogeneous supported metal catalysts can also be used;[16,84] this approach is detailed in Section 7', 'Furthermore, the selective deuteration of the propargyl side arm increases the efficiency and polarization levelLAC-mediated translation of parahydrogen spin order completes the first step toward a new and highly efficient route for the $^ { 1 3 } \\mathrm { C }$ NMR signal enhancement of pyruvate via side-arm hydrogenation with parahydrogen.', '7. Side Arm Removal and Purification of Hyperpolarized Bolus\nThe next step after polarization is transferred to heteronuclei is the cleavage of the side arm, typically done using alkaline hydrolysis. This approach was first implemented in 2012 using PHIP-hyperpolarized ethyl acetate, aiming to obtain ${ ^ 1 \\mathsf { H H P } }$ ethanol.[178] However, hydrogenation occurred in ${ \\mathsf { D } } _ { 2 } { \\mathsf { O } } _ { \\mathsf { \\Lambda } }$ and removing the toxic catalyst was not attempted.', 'precursor molecules until the side arm hydrogenation (SAH) technique was pioneered by Reineri, Aime, and co-workers.53−55 In PHIP-SAH (Scheme 1), $\\mathrm { p H } _ { 2 }$ is added in a pairwise aParahydrogen is added in a pairwise manner in the first step to the unsaturated ester moiety', 'In this side-arm hydrogenation (SAH) methodology, the $\\mathrm { p H } _ { 2 }$ spin order needs to be transferred across the ester linkage to the carbonyl $^ { 1 3 } \\mathrm { C }$ , and then the side arm is removed by hydrolysis to afford pyruvatePropargylic side arms offer greater chemical stability and higher rates of hydrogenation7,25 than vinylic side arms']","['The text describes a molecular system for side-arm hydrogenation experiments, detailing the steps from the addition of parahydrogen to the final separation of phases, achieving hyperpolarized 13C experiments in high field.']","Based on the provided context, the first step in side-arm hydrogenation (SAH) experiments is the **pairwise addition of parahydrogen (p-H₂) to an unsaturated side arm**. This addition is typically catalyzed by a cationic rhodium complex, though heterogeneous supported metal catalysts may also be used. The side arm is usually an unsaturated moiety (e.g., a propargylic or vinylic group), and this step enables the transfer of parahydrogen spin order for subsequent NMR signal enhancement.",The first step is the addition of the para-enriched hydrogen (parahydrogen) to the unsaturated side-arm of the molecule.,0.5702927538936229,0.9442140464399528,1.0,0.9166666666361111,1.0
98,Why does p-H2 become observable in NMR after forming p-H2-derived hydride ligands?,"['At the instant the symmetry of the initial $\\mathrm { \\ p H } _ { 2 }$ is broken in forming the newly created hydride ligands (the time after the laser pulse is essentially $\\tau = 0$ for a rapid reaction), the newly formed spin system cannot be perturbed by a hard excitation RF pulse as it is instantly formed from the NMR silent singlet state (Figure 3b)Consequently, this situation does not lead to an observable NMR signal', 'via reversible oxidative additionThe newly-created metal hydride ligands exhibit enhanced NMR signals due to their origin in $p \\mathsf { H } _ { 2 }$ and this magnetization can spread to other ligands of the metal complex', 'When ${ p \\mathrm { - } } \\mathrm { H } _ { 2 }$ is used in this reaction, these hydride ligand signals do not show any significant $\\mathbf { \\sigma } ^ { 1 } \\mathbf { H }$ NMR signal enhancementHowever, the free $\\mathbf { H } _ { 2 }$ signal in these spectra is substantial which suggests that 1 undergoes rapid and reversible oxidative addition of $\\mathbf { H } _ { 2 }$ to form 2 which consumes the ${ p \\mathrm { - } } \\mathrm { H } _ { 2 }$', 'P P h _ { 3 } }$ : When these $\\mathrm { ^ { 1 } H }$ NMR spectra are first recorded, enhanced signals for the product cis-stilbene are evident, indicating that hydrogenation is rapid (see Figure 3).[44] When this process is followed by 1D EXSY methods (in which the kinetic fate of a single hydride ligand can be monitored), depending on the conditions direct transfer of magnetisation from the hydride ligands of $\\pmb { 3 \\mathrm { - P P h } _ { 3 } }$ into $\\pmb { 2 } \\mathrm { - P P h } _ { 3 }$ , ${', 'However, in the case where the symmetry of $\\mathbf { H } _ { 2 }$ is broken in the product molecule, eqn (1) can be used to define the latent polarisation that will become observable as a result of coherent evolution under differences in chemical shift or $J ^ { \\ l }$ -coupling between the H2-derived protons.31,35']","['As a nuclear singlet, it has no net spin and, so it is unobservable from an NMR perspective. However, once p-H2 has come into contact with a metal center, thereby forming p-H2-derived hydride ligands, this previously NMR invisible singlet state can be accessed. Now, polarization is transferred from the p-H2-derived nuclei to spin-1/2 nuclei that are located in ligands attached to the same metal center through the J-coupling network. The reversible nature of both H2 addition and analyte ligation at the metal center enables hyperpolarization to buildup in non-ligated analyte molecules in a process that has been described as being catalytic in the transfer of polarization.']","Based on the provided context, **p-H₂-derived hydride ligands become observable in NMR** due to **symmetry breaking** and subsequent **coherent spin evolution**, despite p-H₂ itself being NMR-silent. Here are the key reasons:  

1. **Symmetry Breaking**:  
   - p-H₂ exists in a singlet state (spin-0) and is **NMR-invisible**.  
   - When p-H₂ undergoes oxidative addition (e.g., forming metal hydride ligands), the symmetry of H₂ is broken. The two protons become inequivalent (chemically distinct), destroying the singlet state.  

2. **Latent Polarization Conversion**:  
   - The protons derived from p-H₂ retain **""latent"" spin polarization** (anti-parallel spins).  
   - This polarization becomes observable due to:  
     - **Differences in chemical shifts** (δ) between the two hydride ligands.  
     - **J-coupling** interactions with other nuclei.  
   - Coherent spin evolution under these differences (governed by eqn (1) in the context) converts the latent polarization into detectable NMR magnetization.  

3. **Magnetization Transfer**:  
   - The enhanced magnetization can spread to other ligands or molecules (e.g., via exchange or coupling), amplifying signals (e.g., in cis-stilbene hydrogenation).  

4. **Contrast with Unbroken Symmetry**:  
   - If symmetry is preserved (e.g., reversible H₂ addition without bond cleavage), the hydride ligands show **no significant enhancement** because the singlet character is retained.  

In summary: **Symmetry breaking** enables the conversion of p-H₂'s latent polarization into observable NMR signals through chemical shift differences and J-coupling.  

---  
**Source Excerpts**:  
> *""When the symmetry of H₂ is broken in the product molecule... latent polarisation... becomes observable as a result of coherent evolution under differences in chemical shift or J-coupling.""*  
> *""The newly-created metal hydride ligands exhibit enhanced NMR signals due to their origin in p-H₂.""*","Because polarization is transferred from the p-H2-derived nuclei to spin-1/2 nuclei in ligands attached to the same metal center through the J-coupling network, and the reversible nature of H2 addition and analyte ligation enables hyperpolarization buildup, making the signal detectable in NMR.",0.4469093203898989,0.9031735457515285,0.9047619047619048,0.4499999999775,1.0
99,Why does the signal enhancement (SE) in the series of PHIP-labeled SFTI variants increase according to the length of alkyne-bearing arms?,"['Indeed, the SE in the series of PHIP-labeled SFTI variants increased according to the length of alkynebearing arms that separate the triple bond from the peptide functional groups getting its maximal value for the longest $O$ - propargyl-l-tyrosine derivative', 'We found that SE in peptides is rather obviousinversely proportional to the length of the amino acid sequenceIndeed, when comparing octreotide with MCoTI, the 3.6 times increase in amino acid count leads to a 4 times lower enhancement of the signalWhen compared with SFTI, the 2 times increased length leads to a 2.4 times decrease in enhancementComparing folded and unfolded MCoTI in this work, we see a factor of 2, an increase in enhancement of the unfolded one', 'Second, the SE shows inverse proportionality to the length of the amino acid sequenceIndeed, when comparing octreotide with MCoTI $\\left( \\mathrm { { M P - 5 P _ { o x } } } \\right)$ , the 3.6 times increase in amino acid count leads to a 4 times lower SEWhen compared with SFTI, the 2 times increase in length leads to a 2.4 times decrease in enhancement', 'This signal amplification exceeds SE values found for both the alkyne-labeled SFTI-1 and the neat amino acid label itself in our previous $^ 1 \\mathsf { H }$ NMR experiments, in which the hydrogenation was carried out outside the magnet with $5 0 \\%$ enriched para- $\\cdot \\mathsf { H } _ { 2 }$ .[22] It is worth mentioning that it would take 1 400 000 times longer to achieve the similar signal-to-noise ratio under the same conditions using thermal Boltzmann polarization', 'Abstract: A series of novel bioactive derivatives of the sunflower trypsin inhibitor-1 (SFTI-1) suitable for hyperpolarization by parahydrogen-induced polarization (PHIP) was developedThe PHIP activity was achieved by labeling with lpropargylglycine, $o$ -propargyl-l-tyrosine, or 4-pentynoic acid$^ { I } H$ NMR signal enhancements (SE) of up to a factor of 70 were achieved in aqueous solution']","['Our results indicate that T1 times of the hyperpolarized protons cannot serve as the only rationale for the observed differences in SE. We assume that the isolated spatial location of the triple bond and its accessibility for the hydrogenation catalyst are determining factors for the degree of signal enhancement. Indeed, the SE in the series of PHIP- labeled SFTI variants increased according to the length of alkynebearing arms that separate the triple bond from the peptide functional groups getting its maximal value for the longest o propargyl- L- tyrosine derivative.']","Based on the provided information, the reason for the increase in signal enhancement (SE) with longer alkyne-bearing arms in PHIP-labeled SFTI variants is not explicitly explained. The context only states that:  
- SE increases with the length of the alkyne-bearing arms separating the triple bond from the peptide functional groups.  
- The maximum SE was achieved with the longest arm (O-propargyl-l-tyrosine derivative).  

No mechanistic explanation (e.g., reduced steric hindrance, altered relaxation dynamics, or electronic effects) is provided in the context for this observation. The discussion primarily focuses on the **inverse proportionality between SE and peptide length** (e.g., longer amino acid sequences reduce SE), but does not elaborate on the role of alkyne-arm length.  

If further details about the underlying mechanism are required, additional context would be needed.","The isolated spatial location of the triple bond and its accessibility for the hydrogenation catalyst are determining factors for the degree of signal enhancement, with the SE increasing as the alkyne-bearing arms lengthen, reaching its maximal value for the longest o-propargyl-L-tyrosine derivative.",0.43479774630414664,0.0,1.0,0.9999999999,1.0
