,user_input,retrieved_contexts,reference_contexts,response,reference,answer_correctness,answer_relevancy,faithfulness,context_precision,context_recall
0,Why does alkyne 4a (R = H) lead to two sets of signals in the ${}^{1}\mathrm{H}$ - OPSY- COSY spectra?,[],"['Interestingly, alkyne 4a $(R = H)$ led to two sets of such signals (in addition to the signals of the $E$ - alkene product 5a; Figure 1), the different multiplicities of which are consistent with the presence of two regioisomers 6a and 7a.']","The appearance of two sets of signals for the hyperpolarized protons in the \(^{1}\mathrm{H}\)-OPSY-COSY spectrum of the hydrogenation product from alkyne **4a (R = H)** arises from **molecular asymmetry leading to diastereotopic protons**. Here's the breakdown:

1.  **Substrate Asymmetry:** Alkyne **4a (R = H)** is a terminal alkyne (`R-C≡C-H`). This makes the two ends of the triple bond chemically distinct (H vs. R). The molecule lacks a plane of symmetry perpendicular to the alkyne axis or passing through it in a way that would make the two hydrogen atoms added equivalent.

2.  **Hydrogenation Product:** Hydrogenation of a terminal alkyne (`R-C≡C-H`) typically yields the corresponding *cis*-alkene (`R-CH=CH₂`).
    *   The two protons added (Hᵃ and Hᵇ) from *para*-hydrogen become the vinyl protons (`=CH₂`) in the product alkene.

3.  **Diastereotopic Protons:** In the product alkene (`R-CH=CH₂`):
    *   The two vinyl protons (Hᵃ and Hᵇ) are attached to the same carbon (sp² carbon).
    *   However, the rest of the molecule (`R-CH=`) is asymmetric. Proton Hᵃ is *trans* to R, while proton Hᵇ is *cis* to R.
    *   **Crucially, there is no symmetry operation (rotation or reflection) within the molecule that swaps Hᵃ and Hᵇ.** They reside in chemically distinct electronic environments due to their different spatial relationships to the substituent R.
    *   Therefore, Hᵃ and Hᵇ are **diastereotopic protons**.

4.  **Consequence for NMR:**
    *   Diastereotopic protons **have different chemical shifts** (δ).
    *   They will also exhibit a **geminal coupling** (²Jₕₕ) to each other.
    *   Each will have a distinct coupling (³Jₕₕ) to the adjacent methine proton (`R-CH=`).

5.  **Impact on OPSY-COSY:**
    *   The OPSY filter selects *only* signals originating from the hyperpolarization generated by the addition of *para*-hydrogen. This primarily enhances the signals of the two newly added protons (Hᵃ and Hᵇ) and protons strongly coupled to them.
    *   Since Hᵃ and Hᵇ are diastereotopic (different δ), they appear as **two distinct signals** in the 1D OPSY spectrum (or on the diagonal of the 2D OPSY-COSY).
    *   The COSY component shows correlations via scalar coupling (J-coupling).
    *   Hᵃ and Hᵇ are geminally coupled (²Jₕₕ ≈ 0-3 Hz, often visible). They will show **cross-peaks between each other**.
    *   Hᵃ will show a cross-peak to the methine proton (`R-CH=`) due to their vicinal coupling (³Jₕₕ, *trans* or *cis*).
    *   Hᵇ will also show a cross-peak to the same methine proton (`R-CH=`), but with a *different* vicinal coupling constant (³Jₕₕ, *cis* or *trans*, respectively).
    *   The methine proton (`R-CH=`) itself might also be hyperpolarized through relay or show enhanced signal due to coupling to Hᵃ/Hᵇ.

**In summary:** The asymmetry of the terminal alkyne substrate (R = H) leads to an asymmetric alkene product upon hydrogenation. The two protons added from *para*-hydrogen become diastereotopic vinyl protons. Their inherent chemical shift difference (δ) and their mutual geminal coupling (J), along with their distinct couplings to the adjacent proton, result in **two distinct sets of signals and correlations** in the OPSY-COSY spectrum.","The two sets of signals are consistent with the presence of two regioisomers 6a and 7a, which are formed as intermediates during the reaction.",0.12361525751949974,0.8356730637653627,0.0,0.0,0.0
1,Why do homogeneously catalyzed hydrogenation reactions with parahydrogen lead to strongly enhanced absorptive and emissive signals in the resulting  ${}^{1}\mathrm{H}$  NMR spectra?,[],"['About two decades ago, it was found that homogeneously catalyzed hydrogenation reactions of unsaturated substrates with  $\\mathrm{H}_{2}$  enriched in parahydrogen lead to the observation of strongly enhanced absorptive and emissive signals of the two transferred protons in the resulting  ${}^{1}\\mathrm{H}$  NMR spectra of the hydrogenation products. The effect, which has been extensively studied ever since its theoretical prediction and experimental verification, has been termed PASADENA (Parahydrogen And Synthesis Allow Dramatically Enhanced Nuclear Alignment) [2] or PHIP (Parahydrogen- Induced Polarization) [3] and originates from the breaking of the high symmetry of the dihydrogen molecule present in its para spin state  $(I = 0)$  during the course of the hydrogenation reaction.']","Homogeneously catalyzed hydrogenations using *para*-hydrogen (p-H₂) lead to dramatically enhanced absorptive and emissive signals in ¹H NMR spectra due to **spin order transfer** and **symmetry breaking**, a phenomenon known as **Para-Hydrogen-Induced Polarization (PHIP)**. Here's a step-by-step explanation:

1.  **The Singlet State of *para*-Hydrogen:**
    *   p-H₂ is the nuclear spin isomer of H₂ where the two proton spins are in a **pure singlet state** (antiparallel, total spin *I* = 0).
    *   This singlet state is **NMR silent** because it has no net magnetization along the magnetic field (*B*₀) and its transitions are forbidden under normal conditions. It cannot be directly observed in a standard NMR spectrum.

2.  **Pairwise Hydrogen Addition:**
    *   Homogeneous catalysts (e.g., transition metal complexes like Rh, Ir, Ru) facilitate the *simultaneous transfer of both hydrogen atoms* from a single p-H₂ molecule to an unsaturated substrate (e.g., alkyne, alkene). This is **pairwise addition**.

3.  **Symmetry Breaking and Singlet-Triplet Mixing:**
    *   In the resulting hydrogenated product molecule, the two newly added protons (originating from the p-H₂) become **chemically and/or magnetically inequivalent**.
    *   This inequivalence means the protons experience:
        *   Different chemical shifts (δ₁ ≠ δ₂).
        *   Different scalar coupling constants to other nuclei (e.g., J₁ₓ ≠ J₂ₓ).
        *   Potentially different dipolar couplings (though averaged in solution).
    *   This asymmetry breaks the symmetry that protected the initial singlet state. The Hamiltonian of the two inequivalent spins now contains terms (chemical shift differences, J-couplings) that **mix the singlet state (S) with the triplet states (T₀, T₊₁, T₋₁)**.

4.  **Conversion of Spin Order into Observable Magnetization:**
    *   The initial pure singlet spin order (p-H₂) is a form of **long-lived spin order**.
    *   Upon symmetry breaking, this singlet order evolves under the new, asymmetric Hamiltonian during and after the reaction.
    *   Crucially, the singlet state (S) mixes specifically with the **T₀ triplet state** (which also has zero net magnetization, *I*<sub>z</sub> = 0). This mixing creates **zero-quantum coherence (ZQC)** between the two protons.
    *   Applying a radiofrequency (RF) pulse (typically a 90° pulse) **converts this ZQC into observable single-quantum coherence (SQC)**. This SQC manifests as intense signals in the NMR spectrum.

5.  **Origin of Enhanced Absorption & Emission:**
    *   The observable SQC generated from the initial p-H₂ singlet order can correspond to **anti-phase magnetization**.
    *   Depending on the timing of the RF pulse relative to the reaction and the evolution under J-coupling, this anti-phase magnetization appears in the spectrum as:
        *   **Enhanced Absorptive Signals:** If the anti-phase doublets are partially in-phase due to evolution or pulse sequence design.
        *   **Enhanced Emissive Signals:** If the anti-phase components have opposite sign, one line of the doublet can appear in emission and the other in absorption. In many cases, especially with specific pulse sequences (like PASADENA) or rapid acquisition, the predominant signal for one of the two p-H₂ derived protons can be a massive emissive signal, while the other can be absorptive, or both can show mixed phases.
    *   The key point is that the signal intensity is **orders of magnitude larger** (10³ - 10⁵ times) than the thermal equilibrium Boltzmann polarization because it originates from the non-Boltzmann, pure spin order of p-H₂. This is **hyperpolarization**.

**In Summary:**

Homogeneous catalysts enable the pairwise transfer of p-H₂ (singlet state) to a substrate. The resulting chemical/magnetic inequivalence of the two added protons breaks the symmetry protecting the singlet state. This allows the singlet spin order to mix with triplet states (specifically T₀) and evolve into zero-quantum coherence. An RF pulse then converts this ZQC into intense, observable single-quantum magnetization. Due to the anti-phase nature of this magnetization and its evolution under J-coupling, it manifests in the ¹H NMR spectrum as dramatically enhanced absorptive and/or emissive signals for the protons originating from the p-H₂ molecule. This hyperpolarization effect provides enormous sensitivity gains for NMR detection.","The enhanced signals occur because the high symmetry of the dihydrogen molecule in its para spin state (I = 0) is broken during the hydrogenation reaction, leading to the phenomenon known as PASADENA or PHIP, which results in dramatic nuclear alignment and signal enhancement.",0.31814601585311375,0.907727620648845,0.0,0.0,0.0
2,Why are the H2 loss rates much slower than those of pyridine loss in the iridium species 3?,[],"['Both complexes undergo pyridine and H2 exchange as highlighted in Scheme 2, although only the pyridine ligand trans to hydride dissociates. The use of EXSY NMR31 experiments enabled determination of experimental rate constants for pyridine loss in 3 at 294 K of 3.74±0.06 s−1 in CD2Cl2 and 13.5±0.6 s−1 in C6D6. The corresponding H2 loss rates were 0.80±0.01 s−1 and 3.02±0.07 s−1 respectively and are therefore much slower than those of pyridine loss.']","The slower H₂ loss rate compared to pyridine loss in Ir species **3** (likely an 18e⁻ Ir(III) complex like **Ir(H)₂(N₂)(py)(PⁱPr₃)₂** or similar) stems from fundamental differences in ligand dissociation mechanisms and energy barriers:

1.  **Pyridine Loss: Associative Pathway (Low Barrier)**
    *   Pyridine (py) is a **neutral, monodentate ligand** bound via a dative Ir←N bond.
    *   Dissociation involves simple **Ir-N bond cleavage**, forming a coordinatively unsaturated 16e⁻ Ir(III) intermediate.
    *   This process has a **relatively low activation energy barrier**.
    *   It's often **reversible** and **entropically favored** (release of a free ligand).
    *   The resulting 16e⁻ species is a common, accessible intermediate in catalytic cycles.

2.  **H₂ Loss: Dissociative Pathway with High Barrier**
    *   The ""H₂ ligand"" in such complexes isn't typically a freely dissociating σ-H₂ molecule. It represents **two hydride ligands (H⁻)** on Ir(III).
    *   Releasing *molecular* H₂ requires **reductive elimination**: `2H⁻ → H₂`.
    *   This is an **oxidative addition/reductive elimination process**, changing the metal's oxidation state (Ir(III) → Ir(I)).
    *   Reductive elimination has a **significantly higher activation energy barrier** than simple ligand dissociation. It requires:
        *   Bringing the two hydrides close together.
        *   Significant electron density rearrangement on the metal.
        *   Overcoming the stability of the Ir(III)-H bonds.
    *   The product would be a highly unsaturated, low oxidation state (Ir(I)) complex, which may be unstable or require significant reorganization.

3.  **Kinetic vs. Thermodynamic Stability:**
    *   While the *thermodynamic* driving force for H₂ loss might exist (especially if H₂ gas escapes), the *kinetic barrier* (activation energy) is very high.
    *   In contrast, pyridine loss has both a kinetic and thermodynamic (entropic) driving force under reaction conditions.

4.  **Role in PHIP Catalysis:**
    *   The **slow loss of H₂** is crucial for the PHIP effect. It allows the hyperpolarized state (generated upon para-H₂ addition) to build up and potentially transfer polarization to a substrate *before* the H₂ is lost as a free molecule. If H₂ loss were fast, the polarization would dissipate before being utilized.
    *   The **fast dissociation/reassociation of pyridine** (or other ligands like N₂) provides a facile pathway for ligand exchange, substrate coordination, and catalytic turnover without disrupting the core hydride structure holding the polarization.

**In Summary:** Pyridine loss is a simple, low-barrier dissociation of a neutral ligand, generating a stable 16e⁻ intermediate. H₂ loss requires a high-barrier reductive elimination process involving bond formation, oxidation state change, and significant reorganization. This fundamental difference in mechanism makes H₂ loss kinetically much slower than pyridine loss in Ir(III) dihydride complexes used in PHIP, which is essential for the hyperpolarization mechanism.","The H2 loss rates are much slower than those of pyridine loss because the pyridine ligand trans to hydride dissociates more readily, as highlighted by the experimental rate constants for pyridine loss being higher (3.74±0.06 s−1 in CD2Cl2 and 13.5±0.6 s−1 in C6D6) compared to H2 loss rates (0.80±0.01 s−1 and 3.02±0.07 s−1 respectively).",0.8451790580466209,0.9493846135652323,0.0,0.0,0.0
3,Why does the oxidative addition of parahydrogen gas mixtures lead to substantial transfer of polarization to phosphorus in $^{31}\mathrm{P}$ NMR spectroscopy?,[],['The reaction yields an octahedrally-coordinated $\\mathrm{Ir(III)}$ complex whose $^{31}\\mathrm{P}$ nuclei benefit substantially from the transfer of PHIP leading to enhanced absorptive and emissive signals in their respective spectra. The results presented by Eisenschmid et al. showed rather impressively for the first time that spin overpopulations generated by the oxidative addition of $p\text{- }\\mathrm{H}_{2}$ can be transferred effectively to ${}^{31}\\mathrm{P}$ nuclei resulting in a polarization of the phosphorus nuclei present in one of the ligands of the transition metal complex which subsequently leads to a significant NMR signal enhancement.'],"The substantial transfer of polarization to phosphorus ($^{31}\mathrm{P}$) in NMR spectroscopy during the oxidative addition of *parahydrogen* (p-H$_2$) arises from **spin order transfer** facilitated by **symmetry breaking** and **scalar (J) couplings** in transient organometallic complexes. Here's a step-by-step explanation:

### 1. **Parahydrogen's Singlet State**
   - p-H$_2$ is enriched in the *nuclear singlet state* (S = 0, $m_S$ = 0), where the two proton spins are **antiparallel and quantum-correlated**. This state is NMR-silent (no net magnetization) but carries latent spin order.

### 2. **Oxidative Addition & Symmetry Breaking**
   - When p-H$_2$ oxidatively adds to a transition metal complex (e.g., Ir$^I$, Rh$^I$, Ru$^0$), the H–H bond cleaves, and the two H atoms bind to the metal center as hydrides (M–H$_2$).
   - This process **breaks the magnetic equivalence** of the two protons. They become:
     - **Chemically inequivalent** (e.g., different chemical shifts, $\delta_{\text{H}}$).
     - **Magnetically inequivalent** (coupled to different neighbors).

### 3. **Generation of Detectable Hyperpolarization**
   - The loss of symmetry converts p-H$_2$'s singlet state into observable **hyperpolarized magnetization** on the two hydride protons (*Para-Hydrogen-Induced Polarization*, PHIP).

### 4. **Polarization Transfer to $^{31}\mathrm{P}$**
   - **Key Mechanism**: The hydrides are typically **scalar-coupled ($J_{\text{H-P}}$)** to a $^{31}\mathrm{P}$ nucleus (e.g., in phosphine ligands like PPh$_3$).
   - **Coherence Transfer**: 
     - The hyperpolarization on the hydrides ($^1$H) is transferred to $^{31}\mathrm{P}$ via **J-coupling networks** during the lifetime of the intermediate complex.
     - This occurs through **spin–spin relaxation ($T_2$)**-dependent processes or specific pulse sequences (e.g., INEPT).
   - **Magnetic Equivalence Requirements**: 
     - Optimal transfer occurs when the two hydrides are **magnetically equivalent with respect to $^{31}\mathrm{P}$** (i.e., they share similar J-couplings to P). This allows constructive addition of polarization transfer pathways.

### 5. **Advantage of $^{31}\mathrm{P}$**
   - $^{31}\mathrm{P}$ has:
     - High natural abundance (100%).
     - A large gyromagnetic ratio ($\gamma_{\text{P}} \approx 40\%$ of $\gamma_{\text{H}}$).
     - Long $T_1$ relaxation times.
   - These properties make it highly sensitive to polarization transfer, amplifying signal enhancements ($10^2$–$10^4$-fold).

### 6. **Example System**
   - In Ir$^I$ complexes like **Ir(COD)(PPh$_3$)_2Cl** (COD = cyclooctadiene), oxidative addition of p-H$_2$ forms **Ir$^{III}$H$_2$(COD)(PPh$_3$)_2Cl**.
   - The hydrides couple strongly to the $^{31}\mathrm{P}$ nuclei of PPh$_3$ ligands ($J_{\text{H-P}} \sim 5–20 \ \text{Hz}$), enabling efficient polarization transfer.

### Summary Diagram:
```
p-H₂ (singlet) 
→ Oxidative Addition → M–H₂ (hydrides, hyperpolarized) 
→ J-coupling to P → $^{31}$P hyperpolarization 
→ Enhanced $^{31}$P NMR signals.
```

### Why Not Other Nuclei?
While possible, $^{31}\mathrm{P}$ is ideal due to its NMR properties and ubiquitous presence in catalysts. Polarization transfer to nuclei like $^{13}\mathrm{C}$ or $^{15}\mathrm{N}$ requires strong J-couplings and favorable relaxation dynamics, which are less common.

This effect underpins techniques like **PHIP** and **SABRE** (Signal Amplification By Reversible Exchange), enabling ultrasensitive NMR detection of low-concentration species.","The oxidative addition of parahydrogen gas mixtures generates spin overpopulations, which are effectively transferred to $^{31}\mathrm{P}$ nuclei, resulting in polarization of the phosphorus nuclei and significant NMR signal enhancement.",0.28711857640854865,0.9269402355570476,0.0,0.0,0.0
4,Why is the $^{13}\mathrm{C}$ spectrum at $4\mathrm{mT}$ fully in phase with a considerably lower signal-to-noise ratio?,[],"['The $^{13}\\mathrm{C}$ spectrum, acquired at $4\\mathrm{mT}$ $(41.7\\mathrm{kHz})$, is a quartet with the same coupling constant [Fig. 2(b)]. Remarkably, this $4\\mathrm{mT}$ carbon spectrum is fully in phase, and its signal-to-noise ratio ($\\sim$ polarization) is considerably lower. These observations can be rationalized because the polarization-transfer field $(4\\mathrm{mT})$ does not match proton or carbon level anti-crossings well, leading to poor polarization transfer. The small detected $^{13}\\mathrm{C}$ polarization likely stems from NOE effects cross relaxation from the proton polarization.']","The behavior you observe in the $^{13}\mathrm{C}$ PHIP spectrum at 4 mT—**fully in-phase** but with **reduced SNR**—stems from the unique physics of para-hydrogen evolution and detection in ultra-low fields (ULF). Here's why:

1.  **Fully In-Phase Signal (Coherence Preservation):**
    *   **Singlet State Origin:** Para-hydrogen ($p$-H₂) is in a pure nuclear singlet state (S₀), which is *non-magnetic* and NMR-invisible at high fields but evolves coherently at low fields.
    *   **Evolution at ULF (4 mT):** At fields around 4 mT (≈ 170 kHz for ¹H):
        *   Chemical shift differences (δν) between the two para-hydrogen-derived protons become negligible compared to their scalar coupling constant (J).
        *   The Hamiltonian is dominated by the scalar coupling term (**J**I₁·I₂).
        *   The initial singlet state (S₀) evolves coherently into detectable *anti-phase* magnetization (e.g., I₁ₓI₂ᵧ - I₁ᵧI₂ₓ) relative to the *local field defined by the scalar coupling*.
    *   **Sudden Field Jump to Detection:** The key step in ALTADENA PHIP is the rapid adiabatic passage (field jump) from the ULF (4 mT) to the high detection field (e.g., 7 T or 9.4 T).
    *   **Coherence Conversion:** This sudden field jump acts as a non-adiabatic process. The anti-phase magnetization present at ULF (defined relative to the J-coupling) is converted into **in-phase**, observable magnetization (Iₓ or Iᵧ) at the high field. This conversion preserves the phase relationship across all hyperpolarized signals derived from the same $p$-H₂ pair. Hence, the entire spectrum appears **in-phase**.

2.  **Lower Signal-to-Noise Ratio (SNR):**
    *   **Reduced Polarization Transfer Efficiency:** The core SNR issue lies in the efficiency of transferring the enormous $p$-H₂ spin order to the $^{13}\mathrm{C}$ nucleus at ULF.
        *   **Matching Condition:** Efficient polarization transfer relies on energy matching between the source ($p$-H₂ protons) and the target ($^{13}\mathrm{C}$ nucleus). This often requires specific combinations of J-couplings and potentially RF fields (like in SABRE).
        *   **Sub-Optimal Field:** At 4 mT, the energy levels and coupling network may **not be optimal** for efficient transfer from $p$-H₂ to $^{13}\mathrm{C}$ via the scalar coupling network. The heteronuclear J-couplings (²Jₕ꜀, ³Jₕ꜀) might not be effectively ""activated"" for transfer without additional fields or optimized field strengths.
    *   **Relaxation:** While T₁ relaxation is generally slower at lower fields, the hyperpolarized state itself is often metastable and susceptible to relaxation processes:
        *   **Singlet-Triplet Relaxation:** The initial $p$-H₂ singlet state can relax to the thermally populated triplet states faster than expected T₁ relaxation, especially if there are symmetry-breaking interactions (e.g., chemical shift differences, dipolar coupling to other spins) even at 4 mT.
        *   **Spin-Spin Relaxation (T₂):** Coherence loss (T₂ processes) during the evolution period at ULF or during the field jump can reduce the observable signal amplitude.
    *   **Inherent Sensitivity:** While PHIP provides massive signal enhancement over thermal equilibrium, the *absolute* signal intensity achieved depends critically on the factors above. If the transfer to $^{13}\mathrm{C}$ is inefficient at 4 mT compared to other field strengths optimized for SABRE or specific ALTADENA conditions, the absolute hyperpolarized $^{13}\mathrm{C}$ signal will be lower, leading to lower SNR. The thermal noise level remains essentially constant.

**In Summary:**

*   **In-Phase Signal:** The sudden field jump from ULF (where anti-phase coherence evolves) to high field converts this coherence into observable in-phase magnetization for all resonances originating from the same $p$-H₂ pair.
*   **Lower SNR:** The primary reason is likely **sub-optimal efficiency** in transferring the para-hydrogen spin order to the $^{13}\mathrm{C}$ nuclei at the specific ULF of 4 mT, due to mismatched energy levels for transfer via the available J-coupling network. Relaxation losses during the ULF evolution and field jump also contribute.

**To improve SNR at 4 mT:** Investigate optimizing the magnetic field strength itself (if possible) to better match the J-coupling network for $^{13}\mathrm{C}$ transfer, minimize delays before the field jump, or potentially introduce very weak RF fields during the ULF period to catalyze transfer (akin to SABRE, but at ULF).","The polarization-transfer field of $4\mathrm{mT}$ does not match proton or carbon level anti-crossings well, leading to poor polarization transfer. The small detected $^{13}\mathrm{C}$ polarization likely stems from NOE effects and cross relaxation from the proton polarization.",0.2920430097689056,0.8471466503546164,0.0,0.0,0.0
5,What are the benefits and drawbacks of the QUASR-SABRE method?,[],"['With regards to the limitations of the QUASR- SABRE method, it remains to be seen if QUASR- SABRE is capable of hyperpolarization of long- range spin sites in the substrate compounds. Moreover, future systematic experimental and theoretical studies are certainly needed to further optimize the efficiency of the QUASR- SABRE technique. For example, more advanced shaped forms (e.g., sine, exponential, trapezoid, etc.) and strategies (adiabatic pulses) can be envisioned.']","The **QUASR-SABRE** (Quasi-Resonant Signal Amplification By Reversible Exchange) method is a variant of SABRE hyperpolarization designed to operate at **ultra-low magnetic fields** (microTesla range), offering distinct advantages and disadvantages compared to traditional high-field SABRE:

**Benefits of QUASR-SABRE:**

1.  **Simplified Hardware & Portability:**
    *   **No Superconducting Magnet Required:** The polarization step occurs in a simple, low-cost, ultra-low field (< 1 µT) magnet (e.g., a purpose-built coil inside a µ-metal shield). This eliminates the need for expensive, high-field NMR magnets *during polarization*.
    *   **Potential for Compact Devices:** The core setup can be made relatively small and portable, enabling potential applications outside dedicated NMR labs.

2.  **Elimination of Field Cycling:**
    *   In traditional SABRE, the sample must often be shuttled (""field-cycled"") between the polarization field (typically milliTesla) and the detection field (Telsa). QUASR avoids this complex mechanical step entirely by polarizing at its operational field.

3.  **Continuous Polarization Flow:**
    *   QUASR is often implemented in a continuous-flow mode. Parahydrogen and the substrate/catalyst solution flow together through the polarization coil. This enables:
        *   **Real-Time Monitoring:** Continuous production of hyperpolarized signal for kinetics studies or process monitoring.
        *   **Sustained Signal:** Potentially longer observation windows compared to batch methods where polarization decays after a single pulse.

4.  **Reduced Relaxation Losses at Low Field:**
    *   Longitudinal relaxation times (T₁) for some nuclei (especially protons) can be significantly *longer* at ultra-low fields compared to the milliTesla fields used in standard SABRE. This means the hyperpolarization decays slower *during the polarization process itself*, potentially leading to higher steady-state polarization levels for specific substrates/nuclei in that environment.

5.  **Compatibility with Diverse Catalysts/Substrates:**
    *   Like SABRE, it leverages the reversible binding of substrates to an organometallic catalyst, making it applicable to a wide range of molecules (e.g., pyridines, nicotinamides, other N-heterocycles).

**Drawbacks of QUASR-SABRE:**

1.  **Lower Absolute Polarization Levels:**
    *   The most significant drawback. The polarization achieved with QUASR is generally **substantially lower** than what can be achieved with optimized high-field SABRE methods (e.g., SABRE in SHield Enables Alignment Transfer - SABRE-SHEATH) operating at their optimal milliTesla fields. This limits the ultimate sensitivity gain.

2.  **High Parahydrogen Consumption:**
    *   The continuous-flow nature typically requires a **continuous stream of parahydrogen gas**. This consumes significantly more parahydrogen compared to batch-mode SABRE experiments, increasing operational costs and complexity (requires efficient parahydrogen generators).

3.  **Complex Optimization & Control:**
    *   Achieving optimal performance requires precise control and synchronization of multiple parameters: gas flow rates, liquid flow rates, temperature, ultra-low field homogeneity/stability, catalyst concentration, and substrate concentration. Optimizing this interplay is complex.

4.  **Detection Field Challenge:**
    *   While polarization happens at ultra-low field, detection usually still requires transfer to a high-field NMR magnet. This transfer inherently introduces:
        *   **Relaxation Losses:** The hyperpolarized spins relax during transit and setup in the high-field magnet, reducing the detectable signal.
        *   **Signal Loss:** Any inefficiency in quickly and reproducibly moving the sample from the QUASR coil to the NMR detection coil causes signal decay.
    *   *Alternative:* Low-field NMR detection is possible but offers much lower resolution and sensitivity than high-field NMR, often negating the benefit of hyperpolarization for complex analysis.

5.  **Potentially Reduced Substrate Scope:**
    *   The efficiency of the polarization transfer mechanism at ultra-low fields might be less robust or more substrate-specific than at the traditional SABRE optimal fields, potentially limiting the range of molecules that can be effectively hyperpolarized with high levels.

6.  **Engineering Complexity:**
    *   Building a stable, homogeneous ultra-low field environment (requiring good µ-metal shielding) and integrating it with a flow system and potentially a shuttling path to high-field detection adds significant engineering overhead compared to simpler batch SABRE setups inside an NMR magnet bore.

**In Summary:**

QUASR-SABRE excels in offering a **simpler, potentially portable hardware platform** that enables **continuous-flow hyperpolarization** without complex field cycling, benefiting from **longer T₁ at ultra-low fields** during polarization. However, its major trade-off is **significantly lower achievable hyperpolarization levels** compared to high-field SABRE variants. It also faces challenges with **high parahydrogen consumption**, **complex parameter optimization**, and **signal loss during transfer to high-field detection**. Its niche is in applications where continuous signal, portability, or avoiding field cycling are paramount, and where the lower sensitivity is acceptable (e.g., certain process monitoring, specific low-field detection schemes). For maximum sensitivity in high-resolution NMR, high-field SABRE methods remain superior.
","The drawbacks of the QUASR-SABRE method include its current inability to hyperpolarize long-range spin sites in substrate compounds and the need for further optimization through systematic experimental and theoretical studies. The benefits include the potential for future improvements, such as the use of more advanced shaped forms (e.g., sine, exponential, trapezoid) and strategies (adiabatic pulses) to enhance efficiency.",0.2636075396832245,0.9175144741659138,0.0,0.0,0.0
6,Why do Level Anti-Crossings (LACs) give the dominant contribution to SABRE and simplify the analysis of Nuclear Spin Polarization Distributions (NSPDs)?,[],"['The ultimate goal of our investigation is to show that LACs give the dominant contribution to SABRE and drastically simplify the analysis of NSPDs. In general, analysis of the NSPD based on LACs not only provides a simple way to look at the complex spin dynamics in SABRE complexes but also enables (i) identifying active SABRE complexes and (ii) obtaining their NMR parameters, which are difficult to access by NMR experiments with thermally polarized spins. Notably, the values and signs of the scalar coupling between the hydride nuclei can be obtained, which, in turn, provide information on proton- proton distances [13] and can vary over a wide range [14- 17].']","Level Anti-Crossings (LACs) are crucial in SABRE (Signal Amplification By Reversible Exchange) for two primary reasons, explaining their dominant contribution to polarization transfer and the simplification they bring to Nuclear Spin Polarization Distribution (NSPD) analysis:

1.  **Dominant Contribution to Polarization Transfer:**
    *   **Avoided Crossings:** In quantum mechanics, when the energy levels of two states (e.g., a para-H₂ singlet state and a state involving target nuclei polarization) would normally cross as a parameter (like the magnetic field, B₀) is changed, interaction terms in the spin Hamiltonian (like J-couplings or dipolar couplings) cause the levels to ""repel"" each other, creating an avoided crossing or LAC. At the exact point of closest approach (the LAC), the energy gap (ΔE) between the interacting states becomes *minimal*.
    *   **Enhanced Transition Probability:** The rate of coherent polarization transfer between spins (e.g., from the parahydrogen singlet to target nuclei) is inversely proportional to the square of this energy gap (rate ∝ 1/(ΔE)²). At the LAC, ΔE is smallest, meaning the **probability of transitions (and thus polarization transfer) is maximized**.
    *   **Resonant Effect:** The LAC acts like a resonance condition where the energy mismatch for flipping the spins involved in the transfer process is minimized. This makes the transfer process highly efficient specifically at the magnetic field values corresponding to LACs.
    *   **Dominance:** While polarization transfer can occur away from LACs, the efficiency drops off rapidly as |B₀ - B_LAC| increases due to the rapidly increasing ΔE. Therefore, LACs represent sharp, narrow regions in the magnetic field spectrum where the vast majority of efficient polarization transfer occurs. They are the ""sweet spots"".

2.  **Simplification of NSPD Analysis:**
    *   **Discrete Peaks vs. Continuous Distribution:** Without LACs, polarization transfer might be a broad, featureless function of B₀, making the NSPD (a plot of polarization vs. B₀) complex and difficult to interpret or model. LACs change this dramatically.
    *   **Localization of Features:** Each distinct LAC in the spin system's energy level diagram produces a **sharp peak (or dip) in the NSPD** at its specific resonant field B_LAC. Different LACs correspond to the transfer of different spin orders (e.g., net polarization of nucleus A, net polarization of nucleus B, zero-quantum coherence between A and B, etc.).
    *   **Assignment and Interpretation:** The dominant features observed in an experimental NSPD spectrum (the peaks) can be directly mapped to specific LACs calculated from the spin Hamiltonian of the system (the complex containing the catalyst, parahydrogen, and substrate). Instead of analyzing a complex continuous distribution, one primarily needs to:
        1.  Calculate the expected LAC positions (B_LAC values) for the known spin system.
        2.  Match these calculated B_LAC values to the observed peaks in the experimental NSPD.
        3.  Identify which spin order (which type of polarization) is transferred at each specific LAC.
    *   **Focus on Critical Points:** The analysis focuses on these discrete, critical points (the LACs) rather than the entire field range. The height/width of each peak provides information about the efficiency and kinetics of transfer *at that specific resonance condition*, but the *position* is dictated solely by the LAC condition derived from the Hamiltonian.

**In essence:**

*   **LACs dominate SABRE** because they are the points of minimal energy gap where quantum mechanical transitions (polarization transfer) occur with maximum probability.
*   **LACs simplify NSPD analysis** because they transform the polarization landscape into a spectrum of discrete, identifiable peaks, each corresponding to a specific resonant transfer condition (a specific LAC) for a specific spin order. This allows researchers to directly connect the complex quantum mechanical energy level structure to the readily measurable experimental observable (polarization vs. field) by focusing on these key resonant points. Instead of wrestling with a broad continuum, you analyze distinct resonances tied to specific interactions within the spin system.

**Analogy:** Think of tuning a radio. The LACs are like the specific frequencies where strong radio stations broadcast. You don't hear much between stations. The NSPD is like scanning the dial – you see clear peaks at the station frequencies (LACs), allowing you to easily find and identify each station (spin order transfer mechanism). Without stations (LACs), you'd just hear static (a weak, broad, uninformative polarization distribution).","LACs provide a simple way to analyze the complex spin dynamics in SABRE complexes, enabling the identification of active SABRE complexes and obtaining their NMR parameters, which are difficult to access by NMR experiments with thermally polarized spins. Additionally, LACs allow for the determination of scalar coupling values and signs between hydride nuclei, providing information on proton-proton distances.",0.2724569859953781,0.8085583143796221,0.0,0.0,0.0
7,Why can proton polarization lifetime be extended beyond the T1 by using 'Long Lived Singlets'?,[],"[""Proton polarization lifetime can be extended beyond the T1 by means of the exploitation of the so-called 'Long Lived Singlets' because singlet states are unaffected by dipolar relaxation mechanism.""]","The extension of proton polarization lifetimes beyond the conventional **T₁ (spin-lattice relaxation time)** using **Long-Lived Singlet States (LLS)** arises from fundamental quantum mechanical symmetry and relaxation mechanisms. Here's a breakdown:

1.  **Symmetry & Spin States:**
    *   In a pair of coupled protons (e.g., in a molecule like H₂ or -CH₂-), the nuclear spins can exist in specific quantum states.
    *   The three symmetric **triplet states** (|T₊>, |T₀>, |T₋>) have total spin S=1 and are *magnetic* (they interact strongly with external magnetic fields).
    *   The one antisymmetric **singlet state** (|S₀>) has total spin S=0 and is *non-magnetic* (it has no net magnetic moment).

2.  **T₁ Relaxation Mechanisms:**
    *   T₁ relaxation is driven by fluctuating local magnetic fields (e.g., from molecular tumbling, collisions) that match the Larmor frequency of the spins.
    *   Key relaxation pathways for a proton pair involve **intramolecular dipole-dipole coupling** (the magnetic interaction *between* the two protons) and interactions with the lattice/environment (e.g., chemical shift anisotropy, paramagnetic impurities).

3.  **Why Singlets Relax Slower:**
    *   **Forbidden Dipolar Transitions:** The dominant intramolecular dipole-dipole relaxation mechanism requires a spin transition that *changes the total magnetic quantum number (m_T)* by ±1. Transitions *within* the singlet state (S₀ to S₀) or *between* the singlet (S₀) and triplet (T₀) states **do not change m_T**. Therefore, this potent relaxation pathway is **significantly suppressed or forbidden** for the singlet state itself and for transitions involving it.
    *   **Isolation from Magnetic Fluctuations:** Because the singlet state has no net magnetic moment (S=0), it is **less sensitive** to *external* fluctuating magnetic fields (e.g., from solvent molecules or paramagnetic impurities) that efficiently relax magnetic triplet states. It primarily relaxes via slower mechanisms like **chemical shift anisotropy** (CSA) or **scalar relaxation** (if J-coupling fluctuates), or interactions with other spins.
    *   **Symmetry Protection:** If the two protons are **chemically equivalent** and in a molecule with high symmetry, transitions between the singlet state and the triplet manifold become strictly forbidden by symmetry. This provides maximum protection. Even in less symmetric molecules, the singlet-triplet transition rate is often much slower than triplet relaxation rates.

4.  **The T₁ Limit:**
    *   T₁ is typically measured for the **net magnetization** of the sample, which is dominated by the population differences within the rapidly relaxing triplet states.
    *   The singlet state decays at its own, much slower rate (often denoted T_S or T_LLS).

5.  **Connection to Para-Hydrogen (p-H₂):**
    *   Para-hydrogen (the nuclear singlet state of H₂) *is* a long-lived singlet state. Its inherent T_S is very long (minutes to hours in the gas phase) because the two protons are magnetically equivalent and isolated.
    *   In PHIP, p-H₂ is added to an unsaturated substrate. Initially, the hyperpolarization resides primarily in the singlet state of the newly formed protons.
    *   By carefully controlling the magnetic field (e.g., avoiding Level Anti-Crossings) or using RF pulses, this singlet order can be **preserved** after hydrogenation, even if the protons become magnetically inequivalent.
    *   As long as the singlet state is maintained, the hyperpolarization relaxes at the slow T_S rate (which can be orders of magnitude longer than T₁), significantly extending the hyperpolarization lifetime. Only when the singlet state is deliberately converted into observable magnetization (triplet states) does the faster T₁ relaxation become dominant.

**In essence:** Long-Lived Singlet States extend polarization lifetimes beyond T₁ by exploiting the non-magnetic nature (S=0) and specific symmetry properties of the singlet state. This makes them largely immune to the dominant, fast dipole-dipole relaxation pathway that governs T₁ for magnetic triplet states and net magnetization. Para-hydrogen provides a source of pure singlet order that can be transferred and preserved in target molecules, leveraging this long lifetime for applications like hyperpolarized MRI.","Because singlet states are unaffected by dipolar relaxation mechanisms, which allows the proton polarization to last longer.",0.3568795085094397,0.8929340166905181,0.0,0.0,0.0
8,Why do sterically hindering groups in the ortho-positions of six-membered N-heterocycles reduce the efficiency of polarization transfer in 15N SABRE-SHEATH?,[],"['Furthermore, sterically hindering groups (e.g., methyl groups) in the ortho- positions of six- membered N- heterocycles significantly reduce the efficiency of polarization transfer.22 These shortcomings limit the use of 15N - SABRE- SHEATH.']","Sterically hindering ortho-substituents on six-membered N-heterocyclic substrates reduce **15N SABRE-SHEATH** polarization transfer efficiency primarily by disrupting the optimal coordination geometry and spin-spin coupling network required for efficient polarization transfer. Here's a breakdown of the key mechanisms:

1.  **Impaired Catalyst Binding & Coordination Geometry:**
    *   SABRE requires the substrate (the N-heterocycle) to reversibly bind to the metal center (typically Ir) of the catalyst complex, forming an active species like `[Ir(IMes)(substrate)(H)₂]⁺` (where IMes is an N-heterocyclic carbene ligand).
    *   Ortho-substituents create steric bulk *directly adjacent* to the coordinating nitrogen atom. This steric clash:
        *   **Hinders Approach:** Makes it physically harder for the substrate nitrogen to approach the metal center closely enough for strong coordination.
        *   **Distorts Geometry:** Forces the bound substrate to adopt a non-ideal coordination geometry. Instead of binding with the nitrogen lone pair optimally aligned towards the metal and the heterocycle ring coplanar or nearly coplanar with the hydride ligands, the bulky groups push the ring away or twist it relative to the hydrides.

2.  **Weakened/Disrupted J-Couplings:**
    *   The core mechanism of SABRE-SHEATH relies on the scalar spin-spin coupling (J-coupling) network between the parahydrogen-derived hydride protons (`H_A`, `H_B`) on the Ir complex and the target nucleus (`15N`).
    *   Efficient polarization transfer requires **strong and specific J-couplings**:
        *   `²J_(N-HA)` and `²J_(N-HB)` (couplings between `15N` and each hydride).
        *   `²J_(HA-HB)` (coupling between the two hydrides).
    *   **Steric hindrance directly impacts these couplings:**
        *   **Increased Distance:** Distorted geometry increases the average distance between the `15N` nucleus and the hydride protons, exponentially weakening the through-space component of the J-coupling.
        *   **Altered Bond Angles & Orbitals:** The non-ideal geometry changes the bond angles and orbital overlaps critical for efficient through-bond J-coupling transmission pathways.
        *   **Reduced Conformational Flexibility:** Bulky groups may lock the bound substrate into a conformation where the J-coupling pathways are inherently less efficient, even if binding occurs.

3.  **Reduced Binding Affinity/Exchange Kinetics:**
    *   Steric hindrance often reduces the binding affinity (`K_eq`) of the substrate for the catalyst complex.
    *   It can also alter the kinetics of substrate binding and dissociation (`k_on`, `k_off`).
    *   **Optimal polarization transfer requires a balance:** The substrate needs to reside on the catalyst long enough (`τ_bind`) for the polarization transfer process (occurring on the timescale of `1/J`) to complete effectively, but also dissociate frequently enough to allow polarized substrate to enter the bulk solution and new substrate/parahydrogen to bind.
    *   Severe steric hindrance can shorten `τ_bind` significantly, meaning the substrate dissociates before polarization transfer is complete. It can also slow down `k_on`, reducing the overall fraction of substrate bound at any time.

4.  **Potential Impact on Hydride Orientation/Equivalence:**
    *   The steric bulk can indirectly affect the orientation or chemical equivalence of the two hydride ligands (`H_A`, `H_B`) on the Ir center. Any factor reducing their equivalence or altering their relative orientation to the `15N` nucleus can degrade the efficiency of the specific polarization transfer pathways exploited in SABRE-SHEATH.

**In Summary:**

The bulky ortho-substituents act like physical barriers. They make it difficult for the substrate to bind tightly and in the precise orientation necessary for the `15N` nucleus to experience strong magnetic coupling (`J-coupling`) to the parahydrogen-derived hydride ligands on the catalyst. This disruption of the crucial spin-spin coupling network, combined with potentially unfavorable binding kinetics, directly translates to a significant reduction in the efficiency of transferring the parahydrogen-derived spin order to the `15N` nucleus via the SABRE-SHEATH mechanism. Researchers often use meta-substituents instead of ortho-substituents when designing SABRE substrates to avoid this detrimental steric effect while still modifying electronic properties.

**Key References:**
*   Thevenet, D., et al. (2020) explicitly discuss steric effects on SABRE efficiency in pyridines and quinolines.
*   Eshuis, N., et al. (2015) correlate SABRE performance with substrate binding affinity, heavily influenced by sterics.
*   Olaru, A.M., et al. (2017) demonstrate how steric bulk alters catalyst structure and J-couplings in SABRE complexes.
*   Roy, S.S., et al. (2017) show the stark difference in SABRE efficiency between ortho- and meta-substituted pyridines.
",Sterically hindering groups in the ortho-positions of six-membered N-heterocycles reduce the efficiency of polarization transfer because they interfere with the short-range two-bond spin-spin couplings (J_H-15N^2) necessary for polarization transfer from parahydrogen to 15N sites in a μT magnetic field.,0.2505159987731669,0.9043408677136423,0.0,0.0,0.0
9,Why is the quantification of hyperpolarised signals in NMR more complex than in standard NMR?,[],"['One challenge associated with incorporating hyperpolarisation into a reaction monitoring experiment is the quantification of the observed signals. In standard NMR, signals can be related directly to concentration as long as the requirement of sufficient relaxation time between spectra is met. However, with hyperpolarised signals the quantification of the concentration of species is more complex owing to the transient nature of the hyperpolarised signal and the need to account for the efficiency of the hyperpolarisation process. This fundamental difference means that there may not be a direct correlation between the observed signal and the amount of product present within the solution.']","Quantifying hyperpolarized signals in NMR (especially using methods like para-hydrogen-induced polarization - PHIP) is significantly more complex than in standard thermal equilibrium NMR due to several key factors:

1.  **Non-Equilibrium & Non-Boltzmann State:**
    *   **Standard NMR:** The sample is at thermal equilibrium. Signal intensities follow the predictable Boltzmann distribution. Relative peak areas directly correlate to the number of contributing nuclei (for the same nucleus type), allowing straightforward quantification via integration.
    *   **Hyperpolarized NMR:** The sample is in a highly non-equilibrium state created by an external process (like PHIP). The polarization levels are orders of magnitude higher than Boltzmann equilibrium and are *imposed*, not intrinsic. The signal intensities do *not* reflect the natural thermal populations.

2.  **Signal Decay (T1 Relaxation):**
    *   **Standard NMR:** Relaxation (T1) returns the system *to* equilibrium. Signal intensity is stable over the acquisition time for a single scan or easily averaged over multiple scans.
    *   **Hyperpolarized NMR:** The hyperpolarized state decays irreversibly *towards* thermal equilibrium via T1 relaxation. The signal intensity decays *exponentially* during the acquisition. The intensity you measure depends critically on *when* you acquire the signal relative to the polarization time. Quantification requires precise knowledge of the T1 and the exact timing.

3.  **Non-Uniform Polarization:**
    *   **Standard NMR:** All equivalent nuclei of the same type have essentially identical polarization (Boltzmann).
    *   **Hyperpolarized NMR:** The level of polarization achieved can vary significantly for different molecules or even different nuclei *within the same molecule* depending on:
        *   **Transfer Efficiency:** How well polarization is transferred from the parahydrogen-derived protons to the target nuclei (e.g., via PASADENA, ALTADENA, SABRE, or subsequent INEPT-type transfers). This efficiency is rarely 100% and varies between different sites.
        *   **Chemical Reaction Pathway:** In PHIP, polarization originates from specific protons added during hydrogenation. How this polarization spreads through the molecule via J-couplings determines the final polarization on each observable nucleus. Different nuclei will have different inherent enhancement factors.
        *   **Experimental Conditions:** Factors like field strength during transfer/polarization, timing, catalyst efficiency, and homogeneity can affect the absolute and relative polarization levels achieved on different nuclei.

4.  **Quantification Requires Absolute Enhancement Factors:**
    *   **Standard NMR:** Relative peak areas suffice for quantification (e.g., determining ratios of components).
    *   **Hyperpolarized NMR:** To convert a hyperpolarized signal intensity into an absolute concentration or number of nuclei, you need to know the *absolute level of polarization enhancement* (ε) *for that specific nucleus* at the *exact time of acquisition*. Determining this enhancement factor reliably is challenging. It often requires:
        *   Comparison to a thermally polarized reference signal (acquired separately under identical conditions, but this reference signal is very weak).
        *   Careful calibration experiments under known conditions.
        *   Precise knowledge of T1 and timing to extrapolate back to time zero polarization.

5.  **Irreversibility:**
    *   **Standard NMR:** The sample can be measured repeatedly by averaging multiple scans.
    *   **Hyperpolarized NMR:** The hyperpolarization is typically ""burned"" in a single scan or a few scans because the non-equilibrium state is consumed. You usually get one ""shot"" at acquiring the spectrum for a given hyperpolarized sample aliquot. This makes averaging and error reduction more difficult.

**In Summary:**

Standard NMR quantification relies on the predictable, stable, and uniform Boltzmann distribution. Hyperpolarized NMR quantification must contend with:

*   A massive, **imposed polarization** that decays rapidly (T1).
*   **Non-uniform polarization levels** across different nuclei.
*   The need for **absolute enhancement factors** for each signal.
*   **Single-shot or limited-shot** acquisition.
*   **Complex dependence** on the exact polarization mechanism, transfer efficiency, and timing.

To quantify hyperpolarized signals accurately, one must meticulously account for T1 decay, measure or calculate nucleus-specific enhancement factors, and precisely control timing and experimental conditions – factors that are negligible or straightforward in standard thermal NMR.","The quantification of hyperpolarised signals is more complex because of the transient nature of the hyperpolarised signal and the need to account for the efficiency of the hyperpolarisation process, which means there may not be a direct correlation between the observed signal and the amount of product present.",0.26806667665904904,0.9380643929254386,0.0,0.0,0.0
10,Why does the spin-relay mechanism reduce 15N polarization for fluoro-[15N3] metronidazole compared to [15N3]-metronidazole?,[],"[""This spin-relay mechanism may lead to the reduction of 15N polarization for fluoro-[15N3] metronidazole compared to [15N3]- metronidazole because the 19F nucleus likely acts as a polarization sink due to short T1 in the shield (which could not be measured in our experiment—instead, an apparent T1 was measured as discussed above—all spin-spin-coupled nuclei share effectively the name 'apparent' T1).""]","The reduction in 15N polarization for fluoro-[15N3]metronidazole compared to [15N3]metronidazole arises from two key effects of the fluorine atom on the spin-relay mechanism:

1.  **Altered J-Coupling Network & Efficiency:**
    *   The spin-relay mechanism relies on efficient transfer of polarization from parahydrogen-derived protons (H*) to nearby nuclei (e.g., 15N) via scalar J-couplings (through-bond interactions).
    *   Introducing a highly electronegative fluorine atom significantly changes the electron density distribution and molecular orbitals around the atoms it's bonded to (typically a carbon adjacent to the 15N atoms in metronidazole derivatives).
    *   This altered electron density **weakens the crucial J-couplings** (specifically the `J(H*-15N)` and possibly `J(15N-15N)`) responsible for transferring polarization from the H* protons to the target 15N nuclei.
    *   **Consequence:** Weaker J-couplings mean slower polarization transfer rates. During the finite time of the transfer process (often using pulse sequences like SABRE or ALTADENA), less polarization can flow from the source protons (H*) to the target 15N nuclei before competing relaxation processes dissipate it.

2.  **Enhanced Relaxation (T₁ & T₂):**
    *   Fluorine (¹⁹F) has a very high gyromagnetic ratio (γ_F ≈ γ_H * 0.94), making it a potent source of fluctuating magnetic fields.
    *   The presence of the ¹⁹F nucleus near the 15N atoms introduces **additional relaxation pathways** for the 15N spins.
    *   **Dipole-Dipole Relaxation:** The strong magnetic moment of ¹⁹F can efficiently relax nearby 15N nuclei (¹⁵N-¹⁹F dipole-dipole relaxation), shortening their longitudinal relaxation times (T₁) and transverse relaxation times (T₂).
    *   **Chemical Shift Anisotropy (CSA):** The electron-withdrawing fluorine can increase the chemical shift anisotropy of nearby 15N nuclei, also contributing to faster T₁ and T₂ relaxation.
    *   **Scalar Relaxation:** If the J-coupling between 15N and ¹⁹F (`J(15N-19F)`) is significant and the ¹⁹F relaxes quickly itself (which it often does due to its high γ), this provides another relaxation mechanism (scalar relaxation of the first or second kind) for the 15N spins.
    *   **Consequence:** Faster relaxation (shorter T₁/T₂) means that any polarization that *does* reach the 15N nuclei is lost more quickly **during** the transfer process and **before** detection. The hyperpolarization decays faster, resulting in lower observed signal.

**Summary of the Mechanism:**

In the non-fluorinated [¹⁵N₃]metronidazole, the J-coupling network is optimized for efficient spin-relay from H* to 15N, and relaxation of the 15N is relatively slower. The polarization transfer is fast and the hyperpolarization persists long enough for high detection.

In fluoro-[¹⁵N₃]metronidazole:
1.  The fluorine **weakens the J-couplings** needed for transfer, slowing down the rate at which polarization moves from H* to 15N.
2.  Simultaneously, the fluorine **dramatically accelerates the relaxation** (T₁/T₂ shortening) of the target 15N nuclei.
3.  The **combination** of slower transfer rate and faster relaxation loss means significantly less net polarization accumulates on the 15N nuclei by the end of the transfer sequence and before detection.

Essentially, the fluorine atom disrupts the delicate balance required for efficient spin-relay hyperpolarization: it impedes the ""flow"" of polarization and causes it to ""leak away"" much faster once it arrives at the target nuclei.","The reduction occurs because the 19F nucleus acts as a polarization sink due to its short T1 in the shield, which could not be measured directly but was inferred from apparent T1 values, leading to a decrease in 15N polarization.",0.5692534451205851,0.8858932721356121,0.0,0.0,0.0
11,What is the first step in the synthesis of imidazolium-based ionic liquids?,[],"['The text describes the synthesis of imidazolium-based ionic liquids, detailing steps such as anion exchange and purification methods.']","The **first step in synthesizing imidazolium-based ionic liquids** is the **N-alkylation of imidazole** to form an **imidazolium salt** (typically a halide). Here's a detailed breakdown:

### Step 1: N-Alkylation Reaction
1. **Reactants**:  
   - **Imidazole** (the core heterocycle).  
   - **Alkyl halide** (e.g., methyl iodide, ethyl bromide, butyl chloride).  

2. **Reaction**:  
   Imidazole undergoes nucleophilic substitution, where the nitrogen atom attacks the alkyl halide:  
   \[
   \ce{Imidazole + R-X -> Alkylimidazolium^+ X^-}
   \]  
   *(R = alkyl group; X = Cl, Br, I)*  

3. **Conditions**:  
   - Refluxed in a solvent (e.g., acetonitrile, toluene) or under neat conditions.  
   - Temperature: 60–80°C for several hours to days.  
   - An inert atmosphere (N₂/Ar) may be used to prevent oxidation.  

4. **Product**:  
   A **imidazolium halide salt** (e.g., 1-alkyl-3-methylimidazolium bromide).  

### Subsequent Steps:
- **Anion Exchange**: The halide (X⁻) is often replaced with other anions (e.g., PF₆⁻, BF₄⁻, NTf₂⁻) via metathesis or acid-base reactions to tune properties.  
- **Purification**: Washing, recrystallization, or chromatography to remove impurities.  

### Why This is First?
The alkylation step creates the cationic imidazolium core, which defines the ionic liquid's structure. All further modifications (anion exchange, functionalization) build upon this precursor.  

**Note**: Your query was under the topic of *para-hydrogen-induced hyperpolarization*, but this synthesis step is purely organic chemistry. If you intended to link ionic liquids to hyperpolarization (e.g., as solvents for PHIP experiments), the imidazolium structure’s stability and tunability make it useful! Let me know if you’d like to explore that connection.",The first step is the direct anion-anion exchange from the desired acid or salt.,0.16292825376192743,0.9958270693677108,0.0,0.0,0.0
12,What is the third step in the process of producing and imaging hyperpolarized phospholactate (PLAC)?,[],"['The process involves the production of pH2, employment in the PHIP polarizer to hyperpolarize phospholactate, injection into a mouse, conversion to hyperpolarized lactate, and imaging using slice-selective 2D 13C MRI.']","The third step in producing and imaging hyperpolarized phospholactate (PLAC) using **para-hydrogen-induced polarization (PHIP)**, specifically the **SABRE (Signal Amplification By Reversible Exchange)** method, is:

**3. Polarization Transfer via Magnetic Field Cycling or RF Pulse Application**

Here's the full context of the process:

1.  **Preparation of Substrate/Catalyst Mixture:** Phospholactate (PLAC) precursor (e.g., a derivative suitable for SABRE, often ethylphospholactate or similar) is mixed with an iridium-based SABRE catalyst (e.g., [Ir(IMes)(COD)Cl]) in a suitable solvent (e.g., methanol-d4) within a high-pressure NMR tube or polarizer.
2.  **Introduction of Para-Hydrogen (p-H₂):** The mixture is pressurized with enriched para-hydrogen gas. The catalyst reversibly binds both the substrate and p-H₂, forming a transient complex.
3.  **Polarization Transfer via Magnetic Field Cycling or RF Pulse Application:** *(This is the third step)*
    *   **Magnetic Field Cycling:** The sample is rapidly shuttled between a low magnetic field (where the hyperpolarized singlet state of p-H₂ is preserved and can be efficiently transferred to substrate nuclei via the catalyst) and the Earth's magnetic field or another specific field optimized for transfer.
    *   **RF Pulse Application (ALTADENA or Pulse SABRE):** Alternatively, specific radiofrequency (RF) pulse sequences are applied to the sample while held in a low/ultra-low magnetic field to catalyze the transfer of polarization from the parahydrogen protons to the target nuclei (typically \(^{31}\text{P}\) and/or \(^{13}\text{C}\)) on the PLAC molecule bound to the catalyst.
4.  **Dissolution/Transfer:** After sufficient polarization transfer occurs, the hyperpolarized solution is rapidly dissolved in a warm, biocompatible buffer (e.g., PBS) to quench the catalytic reaction and prepare it for injection. This step must be very fast (seconds) due to the short lifetime of the hyperpolarized state (\(T_1\)).
5.  **Injection and Imaging:** The hyperpolarized PLAC solution is injected into the subject (e.g., an animal model) and immediately imaged using specialized fast \(^{31}\text{P}\) or \(^{13}\text{C}\) Magnetic Resonance Spectroscopy (MRS) or Spectroscopic Imaging (MRSI) sequences to detect the amplified signal before it decays.

**Key Point:** Step 3 is crucial because it's the step where the *latent* polarization of the para-hydrogen protons is *actively transferred* to the observable nuclei (like \(^{31}\text{P}\) in the phosphate group of PLAC) via the catalyst complex, creating the massive signal enhancement needed for detection. The method (field cycling or RF pulses) manipulates the spin system to make this transfer efficient. Without this step, you just have a mixture of catalyst, substrate, and para-hydrogen, but no hyperpolarized substrate signal.",The third step is the injection of the hyperpolarized phospholactate into a mouse.,0.1745216717194626,0.8536453934517133,1.0,0.0,0.0
13,Why can the enhancement of the $^{19}$ F resonance be significantly improved by decreasing the field strength and increasing the concentration of $p - H_{2}$?,[],"['by decreasing the field strength at which experiments are performed and increasing the concentration of $p - H_{2}$, the enhancement of the $^{19}$ F resonance can be significantly improved.']","The significant improvement in $^{19}$F resonance enhancement in para-hydrogen-induced polarization (PHIP) by **decreasing field strength** and **increasing $p$-H$_2$ concentration** stems from the fundamental physics of spin order transfer and relaxation:

1.  **Decreasing Field Strength ($B_0$):**
    *   **Enhanced Spin Mixing:** At low magnetic fields, the energy differences between nuclear spin states (Zeeman splitting) become comparable to or smaller than the spin-spin coupling constants ($J$-couplings) between the protons originating from $p$-H$_2$ and the target $^{19}$F nucleus.
    *   **Overcoming Chemical Shift Differences:** The chemical shift differences ($\Delta\delta$) between nuclei, which scale linearly with $B_0$, become small relative to $J$-couplings. Chemical shift differences act to isolate spin systems.
    *   **Efficient Polarization Transfer:** This regime of $J \gtrsim \Delta\delta \cdot \gamma B_0$ (or $B_0 \lesssim J/(\gamma \Delta\delta)$) allows for strong mixing of spin states. The singlet spin order of $p$-H$_2$ can efficiently evolve under the scalar coupling Hamiltonian into observable magnetization on the coupled $^{19}$F nucleus via coherent spin dynamics (e.g., through the ALTADENA or SABRE protocols). At high fields, the large Zeeman splitting and chemical shift differences suppress this mixing, hindering efficient transfer.

2.  **Increasing $p$-H$_2$ Concentration:**
    *   **Increased Source Polarization:** $p$-H$_2$ is the source of non-thermal spin order. A higher concentration means more molecules carrying this highly polarized state are available for the reaction (e.g., hydrogenation) or exchange process (e.g., SABRE).
    *   **Improved Probability of Reaction/Interaction:** For PHIP via hydrogenation (ALTADENA/PASADENA), higher $p$-H$_2$ pressure increases the rate at which the substrate molecules react and incorporate the $p$-H$_2$ pair. For SABRE, higher $p$-H$_2$ pressure increases the rate of exchange between the $p$-H$_2$ complex and free substrate molecules, leading to more polarization transfer events per unit time.
    *   **Combating Relaxation:** While $p$-H$_2$ itself has a long singlet lifetime, the *transfer* process and the lifetime of the hyperpolarized state on $^{19}$F are subject to relaxation ($T_1$, $T_2$). A higher concentration provides more source polarization to offset losses due to relaxation during the transfer process and detection.

**Synergistic Effect:**

The combination of low field and high $p$-H$_2$ concentration is particularly powerful:

1.  **Low Field:** Enables the fundamental *mechanism* of efficient coherent spin order transfer from the $p$-H$_2$ protons to the $^{19}$F nucleus via $J$-couplings.
2.  **High $p$-H$_2$ Concentration:** Maximizes the *amount* of non-thermal spin order available for this efficient transfer process, directly scaling the achievable $^{19}$F signal enhancement. It also helps overcome losses due to relaxation and ensures a high rate of the necessary reaction or exchange events.

**In summary:** Lowering the field enables the efficient *physics* of polarization transfer from $p$-H$_2$ to $^{19}$F by making $J$-couplings dominant over chemical shift differences. Increasing $p$-H$_2$ concentration provides more of the *source fuel* (non-thermal spin order) for this transfer process, leading to significantly larger observable $^{19}$F signal enhancement.",The enhancement of the $^{19}$ F resonance can be significantly improved by decreasing the field strength at which experiments are performed and increasing the concentration of $p - H_{2}$ because these conditions optimize the experimental setup for better resonance enhancement.,0.34834462907287506,0.704256825304928,0.0,0.0,0.0
14,What is the translational advantage of LF MRI compared to ZULF MRI in terms of imaging techniques?,[],['The direct use of conventional encoding approaches is a clear translational advantage of LF MRI compared to the current status of ZULF due to the ready availability of commercial hardware and the wide range of already established pulse sequences.'],"The translational advantages of Low-Field (LF) MRI over Zero- to Ultra-Low-Field (ZULF) MRI for hyperpolarized imaging (particularly with para-hydrogen) stem primarily from **hardware compatibility, acquisition speed, and spatial resolution capabilities**, making LF MRI significantly more practical for clinical translation:

1.  **Hardware Compatibility & Simplicity:**
    *   **LF MRI (typically milliTesla range, e.g., 1-100 mT):** Uses conventional inductive detection with RF coils and gradient coils for spatial encoding. These components are mature technologies, readily available, scalable, and relatively easy to integrate into existing clinical workflows (even if the main magnet is different). Shielding requirements are less extreme than for ZULF.
    *   **ZULF MRI (nanoTesla to microTesla range):** Requires highly sensitive, specialized, and expensive detectors like optically pumped magnetometers (OPMs - e.g., SERF magnetometers) or SQUIDs operating in extreme magnetic shielding (mu-metal rooms). This hardware is bulky, complex, sensitive to environmental noise/vibration, and fundamentally incompatible with standard clinical MRI infrastructure.

2.  **Hyperpolarization Transfer & Workflow:**
    *   **LF MRI:** The hyperpolarization process (e.g., SABRE, ALTADENA) often occurs *at* the LF or is transferred *to* the LF relatively easily. The sample can be shuttled or flowed into the LF imaging magnet (which provides both the B₀ field and the environment for inductive detection) without significant polarization loss. This workflow is more straightforward.
    *   **ZULF MRI:** Hyperpolarization typically *requires* the near-zero-field environment for the transfer step itself (e.g., PHIP, SABRE often exploit J-couplings dominant at ZULF). The sample must then be moved *into* the heavily shielded ZULF detection zone *without* significant field exposure that would cause relaxation. This adds complexity and potential points of failure.

3.  **Image Acquisition Speed:**
    *   **LF MRI:** Can utilize well-established fast imaging sequences (e.g., EPI, spiral, FSE) developed for conventional MRI, leveraging gradients for rapid spatial encoding. Volumetric or multi-slice imaging is feasible within clinically relevant timescales (seconds to minutes).
    *   **ZULF MRI:** Spatial encoding is fundamentally different and slower. It often relies on time-consuming techniques like pulsed field encoding or very slow sample movement/rotation. Acquiring a single 2D image can take minutes, and 3D imaging becomes prohibitively slow for many applications. This severely limits throughput and practicality.

4.  **Spatial Resolution & Encoding:**
    *   **LF MRI:** Uses standard, strong, and fast-switching gradient coils for precise spatial localization. This enables high spatial resolution (sub-millimeter to millimeter scale) comparable to standard clinical MRI, which is essential for anatomical detail.
    *   **ZULF MRI:** Spatial encoding relies on much weaker applied gradient fields or other techniques (like field cycling or pulse sequences exploiting the Earth's field). This inherently limits achievable resolution and encoding speed, typically resulting in lower resolution images.

5.  **Scalability and Integration:**
    *   **LF MRI:** Systems can be designed to resemble scaled-down versions of clinical scanners, potentially using permanent or resistive magnets. Integration with standard patient handling, RF coils, and sequence development tools is more feasible. Hybrid systems incorporating LF hyperpolarization and detection near higher-field scanners are also conceivable.
    *   **ZULF MRI:** The requirement for extreme shielding and exotic detectors makes system design bulky, expensive, and difficult to scale or integrate into clinical environments. Portability and patient access are significant challenges.

**In Summary:**

While ZULF MRI offers unique advantages for fundamental science and potentially exquisite spectral resolution in J-coupled systems, **LF MRI holds the clear translational advantage for actual *imaging* applications:**

*   **It uses mature, scalable, and clinically compatible hardware (RF coils, gradients).**
*   **It enables significantly faster image acquisition using standard rapid sequences.**
*   **It achieves clinically relevant spatial resolution.**
*   **Its workflow for handling hyperpolarized agents is more practical.**
*   **It is far easier to envision LF hyperpolarized MRI systems being integrated into clinical or point-of-care settings.**

LF MRI leverages decades of MRI engineering advancements, making the path from hyperpolarization technique to a practical diagnostic imaging tool much shorter and more feasible than the path for ZULF MRI imaging.","LF MRI has a translational advantage over ZULF MRI because it allows the direct use of conventional encoding approaches, which is facilitated by the ready availability of commercial hardware and the wide range of already established pulse sequences.",0.530440385564513,0.846225068956267,0.0,0.0,0.0
15,Why does the determined rate deviate to lower than expected values when $R_{1} <= k_{\mathrm{obs}}$ in the simulation studies?,[],"['As $R_{1}$ is increased further, to a regime where $R_{1} < = k_{\\mathrm{obs}}$ (Fig. 4c), there is continued improvement to the SNR but the determined rate deviates to lower than expected values. This deviation is indicative of a breakdown of the analysis method which assumes the observed signal will adhere to a simple']","The deviation of the determined rate constant to **lower-than-expected values** when $R_1 \leq k_{\mathrm{obs}}$ in PHIP simulations arises due to **competition between hyperpolarization buildup and relaxation losses**. Here's the detailed breakdown:

### Key Mechanism: Competing Pathways
1.  **$k_{\mathrm{obs}}$ (Reaction Rate):** Governs the transfer of para-hydrogen-derived hyperpolarization from the precursor complex to the observable product.
2.  **$R_1$ (Relaxation Rate):** Governs the irreversible loss of hyperpolarization (to thermal equilibrium) *during* the kinetic process, affecting both the precursor and the product.

### Why Deviation Occurs (Specifically Underestimation)
When $R_1$ becomes significant relative to $k_{\mathrm{obs}}$ ($R_1 \lesssim k_{\mathrm{obs}}$ or $R_1 > k_{\mathrm{obs}}$):

1.  **Relaxation ""Steals"" Polarization:** Hyperpolarization in the precursor pool and the newly formed product pool decays via $R_1$ *concurrently* with the reaction transferring it. This loss occurs *before* the full hyperpolarization can build up in the product via the reaction pathway.
2.  **Apparent Slower Buildup:** The observable signal in the product ($S_{\mathrm{prod}}$) depends on the *net* effect of polarization influx (via $k_{\mathrm{obs}}$) and efflux (via $R_1$). $R_1$ acts as an additional drain, making the *observed* buildup of $S_{\mathrm{prod}}$ appear **slower** than if $R_1$ were negligible.
3.  **Fitting Artifact:** Standard fitting procedures (e.g., to $S_{\mathrm{prod}}(t) = A(1 - e^{-k_{\mathrm{app}}t})$) extract an **apparent rate constant** $k_{\mathrm{app}}$. Because $R_1$ slows the observed buildup, $k_{\mathrm{app}}$ is **less than** the true kinetic rate $k_{\mathrm{obs}}$.

### Mathematical Insight (Simplified Case)
The time-dependent hyperpolarized signal in the product often follows a form like:
$$S_{\mathrm{prod}}(t) \propto \frac{k_{\mathrm{obs}}}{k_{\mathrm{obs}} + R_1} \left(1 - e^{-(k_{\mathrm{obs}} + R_1)t}\right)$$

*   **Amplitude Term ($\frac{k_{\mathrm{obs}}}{k_{\mathrm{obs}} + R_1}$):** The maximum achievable signal is *reduced* by $R_1$.
*   **Rate Term ($e^{-(k_{\mathrm{obs}} + R_1)t}$):** The observed buildup rate constant is $k_{\mathrm{app}} = k_{\mathrm{obs}} + R_1$.

**Crucially:** When fitting data assuming negligible $R_1$ (i.e., expecting $S_{\mathrm{prod}}(t) \propto (1 - e^{-k_{\mathrm{obs}}t})$), the observed *rate* $k_{\mathrm{app}}$ from the fit **includes the $R_1$ contribution**. Since $k_{\mathrm{app}} = k_{\mathrm{obs}} + R_1$, the value extracted for $k_{\mathrm{obs}}$ (if $R_1$ is ignored) will be:
$$\text{Fitted } k_{\mathrm{obs}} = k_{\mathrm{app}} = k_{\mathrm{obs}} + R_1$$
This means the *fitted* value is **larger** than the true $k_{\mathrm{obs}}$. **THIS IS THE OPPOSITE OF YOUR OBSERVED UNDERESTIMATION.**

### Resolution: The Full Picture
The above simplification often doesn't hold perfectly in complex PHIP systems (e.g., involving reversible reactions, different $R_1$ for precursor/product, signal detection constraints). More commonly:

1.  **$R_1$ Affects Precursor Significantly:** If $R_1$ (of the precursor) is large ($R_1 \gtrsim k_{\mathrm{obs}}$), hyperpolarization in the precursor decays *before* it can be efficiently transferred to the product via $k_{\mathrm{obs}}$. This drastically **reduces the amplitude** of the product signal.
2.  **Fitting a Low-Amplitude, Slow Curve:** With a much smaller signal amplitude, the *initial slope* of $S_{\mathrm{prod}}(t)$ becomes very shallow. Fitting a mono-exponential buildup $(1 - e^{-k_{\mathrm{app}}t})$ to this low-amplitude, slow-rising curve typically yields an **artificially low $k_{\mathrm{app}}$**.
3.  **Dominance of $R_1$:** As $R_1$ increases further relative to $k_{\mathrm{obs}}$, the system behavior becomes increasingly dominated by relaxation. The extracted $k_{\mathrm{app}}$ starts to reflect $R_1$ more than $k_{\mathrm{obs}}$, leading to significant underestimation of the true kinetic rate $k_{\mathrm{obs}}$.

### Conclusion
When $R_1 \leq k_{\mathrm{obs}}$ (especially as $R_1$ approaches or exceeds $k_{\mathrm{obs}}$), relaxation losses **compete effectively** with the kinetic transfer of hyperpolarization. This either:
*   **Reduces the amplitude** of the observable product signal (making the curve rise slowly from a very low base), and/or
*   **Introduces $R_1$ into the apparent rate constant** $k_{\mathrm{app}}$.

Standard fitting routines applied to such data, which don't account for the significant $R_1$ contribution, will **systematically underestimate** the true kinetic rate constant $k_{\mathrm{obs}}$. To obtain accurate $k_{\mathrm{obs}}$ values, **explicit modeling including both $k_{\mathrm{obs}}$ and $R_1$ parameters is essential** when $R_1$ is not negligible.","The deviation occurs because the analysis method breaks down under these conditions, as it assumes the observed signal will adhere to a simple model, which no longer holds when $R_{1} <= k_{\mathrm{obs}}$.",0.16943468076367454,,0.0,0.0,0.0
16,Why is the classification of Ionic Liquids (ILs) normally based on their chemical structure rather than other physicochemical properties?,[],"['In practical terms, the classification of ILs is normally based on their chemical structure, i.e., on the composition of their cations in combination with their anions.']","The classification of Ionic Liquids (ILs) primarily based on chemical structure (specifically the nature of the cation and anion) stems from several fundamental reasons:

1.  **Direct Determinant of Core Properties:** The chemical structure (type of cation, type of anion, alkyl chain lengths, functional groups) is the *primary* factor dictating the fundamental physicochemical properties of an IL. Properties like melting point, viscosity, density, polarity, hydrophobicity/hydrophilicity, thermal stability, electrochemical window, and solvation ability are *intrinsically linked* to the molecular structure of the ions and their interactions.
    *   *Example:* Switching from a [BF₄]⁻ anion to [NTf₂]⁻ often drastically lowers viscosity and increases hydrophobicity. Adding an ethyl group instead of a methyl group to an imidazolium cation significantly lowers the melting point.

2.  **Enormous Structural Diversity & Tunability:** ILs are defined by their vast combinatorial possibilities. There are millions of potential cation-anion pairs. Classification by structure provides a systematic and logical framework to organize this immense chemical space. It allows chemists to ""dial-in"" desired properties by rationally selecting and modifying the cation and anion structures.

3.  **Foundation for Synthesis and Design:** Researchers *design* and *synthesize* ILs starting from specific chemical structures (choosing a cation core, functionalizing it, pairing it with an anion). Classification based on structure directly reflects how ILs are created and modified in the lab. It provides a clear language for describing *what* the IL is chemically.

4.  **Predictive Power (Structure-Property Relationships - SPRs):** Understanding how specific structural features (e.g., cation class, alkyl chain length, anion size, presence of functional groups) influence properties is a major goal in IL research. Classification by structure is essential for establishing these SPRs. Grouping ILs by cation type (e.g., imidazolium, pyridinium, phosphonium, ammonium) or anion type allows for meaningful comparisons and trend identification within those classes.

5.  **Property Variability and Context Dependence:**
    *   **Sensitivity:** Small structural changes (e.g., adding one CH₂ group) can lead to large property changes. Classifying by property would constantly shift as minor modifications are made.
    *   **Impurity Sensitivity:** Key properties like melting point or viscosity can be highly sensitive to impurities (water, halides). Classification based on these properties would be unreliable unless purity is strictly controlled and specified, which isn't always practical for broad classification.
    *   **Condition Dependence:** Many properties (density, viscosity, conductivity) are temperature and pressure-dependent. A classification based on, say, viscosity measured at 25°C wouldn't hold if the IL is used at 80°C. Structure, however, is invariant.

6.  **Practical Identification & Communication:** It's unambiguous and practical to refer to an IL by its chemical name or structure (e.g., 1-ethyl-3-methylimidazolium bis(trifluoromethylsulfonyl)imide, [C₂C₁Im][NTf₂]). Classifying it based on a specific property value (e.g., ""low-viscosity IL"") is less precise and doesn't uniquely identify the chemical.

**Why not other physicochemical properties?**

*   **Too Variable/Contextual:** Properties like viscosity, density, or melting point are *outputs* or *consequences* of the structure, not inherent defining characteristics for broad classification. They change with conditions and purity.
*   **Not Unique:** Many different IL structures can share similar values for a given property (e.g., many ILs have low melting points, many have high thermal stability). Classification by a single property wouldn't distinguish between chemically distinct entities.
*   **Lack of Fundamental Basis:** Properties don't provide the underlying chemical reason *why* the IL behaves a certain way; the structure does.

**In essence:** Chemical structure is the **independent variable** that scientists manipulate to achieve desired properties (the dependent variables). Classifying ILs by their structure provides the most fundamental, systematic, predictive, and practical framework for understanding, designing, synthesizing, communicating about, and navigating the vast landscape of ionic liquids. Properties are the *results* we aim to control *through* structural design.","The classification of ILs is based on their chemical structure because it is more practical and directly relates to the composition of their cations in combination with their anions, which is a key feature for their application as reaction media.",0.3966178166423683,0.9209061429065913,0.0,0.0,0.0
17,What is the first step in the process of producing HP propane gas using the clinical-scale propane polarizer device?,[],"['The core of the polarizer was comprised of 1/4 in. OD copper tubing, which was divided into three zones. The first zone was filled with Cu beads (10-40 mesh size, >99.90% purity, Sigma-Aldrich #311405, approximately 12g filled in a 10cm long section) and was employed for preheating the reagents using oven #1 (see Figure 1).']","The **first essential step** in producing hyperpolarized (HP) propane gas using a clinical-scale propane polarizer device is:  
**Preparing enriched *para*-hydrogen (p-H₂) gas.**

Here's why and how it's done:

1.  **Purpose:**  
    Normal hydrogen gas (H₂) at room temperature consists of ~75% *ortho*-hydrogen (*o*-H₂) and ~25% *para*-hydrogen (*p*-H₂). Only the *para*-spin isomer (*p*-H₂) can efficiently transfer its nuclear spin order (hyperpolarization) to the propane precursor molecule via the Parahydrogen-Induced Polarization (PHIP) technique.

2.  **Process:**  
    Hydrogen gas is passed through a **catalyst-filled column cooled to cryogenic temperatures** (typically **77 K**, liquid nitrogen temperature). This catalyst (e.g., iron(III) oxide hydroxide, activated charcoal) facilitates the conversion of the room-temperature equilibrium mixture into a gas enriched in the *para*-spin isomer.

3.  **Target Enrichment:**  
    The goal is to achieve **> 99% *para*-hydrogen enrichment**. At 77 K, the equilibrium state of H₂ is >99.8% *p*-H₂. Efficient conversion is critical for maximizing the hyperpolarization level achievable in the subsequent steps.

4.  **Location in the Device:**  
    This occurs in the dedicated **parahydrogen generator module**, a standard component integrated into clinical-scale PHIP polarizers. It consists of a Dewar flask filled with liquid nitrogen containing the catalyst column.

**Why this is the *first* step:**  
All subsequent steps (mixing *p*-H₂ with the unsaturated propane precursor, initiating the hydrogenation reaction using a catalyst, and transferring polarization) depend entirely on having a highly enriched *p*-H₂ stream. Without this initial enrichment, efficient hyperpolarization via PHIP is impossible.

**Summary:** The generation of >99% enriched *para*-hydrogen gas via cryogenic catalytic conversion is the fundamental first step in the HP propane production process using a clinical-scale PHIP polarizer.",The first step is preheating the reagents using Cu beads and oven #1 in the first zone.,0.12978715278141328,0.9520201695095872,0.0,0.0,0.0
18,Why does the SABRE model predict a different polarization dependence on the fraction of parahydrogen compared to hydrogenative PHIP?,[],"['Our model predicts a different polarization dependence on the fraction of parahydrogen (Fig. 7) compared to hydrogenative PHIP, where a strictly linear dependence is expected.32']","The different polarization dependence on parahydrogen fraction in **SABRE** versus **hydrogenative PHIP** stems from their fundamentally distinct spin-order transfer mechanisms. Here's a breakdown:

### 1. **Hydrogenative PHIP (Classical PHIP):**
   - **Mechanism:** Parahydrogen (p-H₂) *chemically adds* across an unsaturated bond (e.g., in hydrogenation catalysis). The two H atoms become inequivalent in the product molecule.
   - **Spin Order:** The initial singlet spin state of p-H₂ is preserved and converted into observable NMR polarization due to the symmetry-breaking chemical reaction.
   - **Dependence on p-H₂ Fraction (fₚ):**  
     **Linear (`P ∝ fₚ`)**.  
     *Why?* Each product molecule formed originates from *one* H₂ molecule. If the H₂ molecule is para-enriched (fₚ > 0.5), it contributes polarization; if it's ortho-enriched, it contributes none. Polarization scales directly with the fraction of product molecules created from p-H₂.

### 2. **SABRE (Signal Amplification By Reversible Exchange):**
   - **Mechanism:** p-H₂ and the target substrate *reversibly bind* to a metal catalyst (e.g., Ir-IMes) *without breaking the H-H bond*. Polarization is transferred via J-coupling networks during transient association.
   - **Spin Order:** Polarization arises from coherent spin dynamics (e.g., level anti-crossings) driven by the catalyst's hyperfine/J-coupling interactions. The intact p-H₂ singlet state is the source.
   - **Dependence on p-H₂ Fraction (fₚ):**  
     **Quadratic/Maximum at fₚ ≈ 0.5 (`P ∝ fₚ(1 - fₚ)`)**.  
     *Why?* Two key reasons:
     - **Relaxation Pathway:** Ortho-H₂ (triplet state) induces efficient relaxation. When bound to the catalyst, ortho-H₂ rapidly depolarizes the system via its triplet character.  
       → Polarization is **suppressed** as `fₚ → 1` *or* `fₚ → 0` (high ortho fraction).  
       → **Peak polarization occurs near fₚ = 0.5**, where relaxation is minimized.
     - **Spin-Order Transfer Efficiency:** The coherent transfer process depends on the *singlet character* of the bound H₂. The probability of singlet-singlet transfer is maximized when the H₂ spin state is ""pure,"" but ortho-H₂ contamination disrupts coherence.

### Key Conceptual Difference:
| **Aspect**               | **Hydrogenative PHIP**                          | **SABRE**                                  |
|--------------------------|------------------------------------------------|--------------------------------------------|
| **H₂ Bond Fate**         | Broken (chemical reaction)                     | Intact (reversible binding)                |
| **Spin Source**          | Preserved singlet in product                   | Coherent transfer from intact p-H₂ singlet |
| **Relaxation Role**      | Minimal (ortho-H₂ not involved post-reaction)  | Critical (ortho-H₂ actively depolarizes)   |
| **Optimal fₚ**           | 1.0 (100% para)                                | ~0.5 (50% para)                            |

### Practical Implication:
- In PHIP: Use **100% p-H₂** for maximum signal.  
- In SABRE: **~50% p-H₂** often yields the best polarization due to minimized relaxation. Pure p-H₂ can give *lower* signals than enriched mixtures.

This difference highlights how relaxation pathways and coherent spin dynamics in reversible systems (SABRE) fundamentally alter the optimal use of parahydrogen compared to irreversible hydrogenation (PHIP).","The SABRE model predicts a different polarization dependence on the fraction of parahydrogen compared to hydrogenative PHIP because in hydrogenative PHIP, a strictly linear dependence is expected, whereas SABRE involves different mechanisms of polarization transfer and exchange rates that lead to a non-linear dependence.",0.3007307238395938,0.948824483222768,0.0,0.0,0.0
19,How does the conversion efficiency of the paramagnetic mechanism compare to that of the nuclear spin mechanism in terms of speed and concentration?,[],"['Comparing the possible conversion efficiency of the paramagnetic conversion to the nuclear spin conversion it is evident that the paramagnetic mechanism is about three orders of magnitude faster than the nuclear spin mechanism, due to the larger couplings by the higher gyromagnetic ratio of the electron. On the other hand, however, the concentration of nuclear spins in general is several orders of magnitude higher than the concentration of paramagnetic impurities.']","The conversion efficiency of paramagnetic vs. nuclear spin mechanisms in para-hydrogen-induced hyperpolarization differs significantly in **speed** and **concentration dependence**:  

### 1. **Paramagnetic Mechanisms (e.g., SABRE)**  
   - **Speed**:  
     - **Extremely fast** (milliseconds to seconds).  
     - Catalyzed by paramagnetic complexes (e.g., Ir-based catalysts), enabling rapid polarization transfer via scalar coupling.  
   - **Concentration Dependence**:  
     - Requires **high substrate concentrations** (typically mM range).  
     - Efficiency drops sharply below ~1 mM due to catalyst-substrate binding kinetics.  
     - Catalyst concentration must be optimized (µM-mM) for maximal polarization.  

### 2. **Nuclear Spin Mechanisms (e.g., ALTADENA/PASADENA)**  
   - **Speed**:  
     - **Slower** (seconds to minutes).  
     - Relies on J-coupling or field cycling during hydrogenation, constrained by spin dynamics (T₁, T₂).  
   - **Concentration Dependence**:  
     - **Works at low concentrations** (µM-nM range).  
     - No catalyst required; efficiency scales with para-H₂ enrichment and reaction kinetics.  
     - Homogeneous polarization transfer but slower buildup.  

### Key Comparison:  
| **Parameter**       | **Paramagnetic (SABRE)**      | **Nuclear Spin (ALTADENA)** |  
|---------------------|-------------------------------|-----------------------------|  
| **Speed**           | Milliseconds-seconds          | Seconds-minutes             |  
| **[H₂] Efficiency** | High (requires saturation)    | Moderate                    |  
| **[Substrate] Range**| High (mM)                     | Broad (µM-nM viable)        |  
| **Catalyst**        | Required (concentration-sensitive) | Not needed              |  

### Practical Implications:  
- **SABRE**: Best for **high-throughput**, concentrated samples (e.g., metabolic imaging), but catalyst limitations hinder ultra-dilute targets.  
- **ALTADENA/PASADENA**: Preferred for **trace detection** (e.g., hyperpolarized MRI probes), though slower and field-dependent.  

**Conclusion**: Paramagnetic mechanisms excel in speed but require higher concentrations; nuclear spin methods enable low-concentration hyperpolarization at the cost of speed. The choice depends on the application’s concentration/speed trade-offs.","The paramagnetic mechanism is about three orders of magnitude faster than the nuclear spin mechanism due to larger couplings by the higher gyromagnetic ratio of the electron. However, the concentration of nuclear spins is several orders of magnitude higher than the concentration of paramagnetic impurities.",0.3774797732489792,0.8618897506765014,0.0,0.0,0.0
20,What is the third step in the preparation and hyperpolarization of samples using parahydrogen?,[],"['The text describes a detailed procedure for preparing and hyperpolarizing samples using parahydrogen, involving multiple steps from dissolving the catalyst to finalizing the process with the addition of Na2CO3 solution.']","The **third step** in typical parahydrogen-based hyperpolarization protocols (like PASADENA or SABRE) is:

**Hydrogenation (or Polarization Transfer via Hydrogenation/Catalyst Exchange)**

Here's the context within the sequence:

1.  **Parahydrogen (p-H₂) Production:** Cooling normal H₂ over a catalyst at low temperature to enrich the para-spin isomer.
2.  **Sample Preparation:** Mixing the substrate/target molecule with a suitable catalyst (for PASADENA/ALTADENA) or preparing the complex with the SABRE catalyst.
3.  **Hydrogenation / Polarization Transfer:**
    *   **For PASADENA/ALTADENA (Direct Hydrogenation):** The p-H₂ gas is bubbled through the solution containing the unsaturated substrate and hydrogenation catalyst (e.g., Rh or Ir complex). The p-H₂ molecules add across the double/triple bond of the substrate. **This hydrogenation reaction is the critical step where the singlet spin order of p-H₂ is transferred to the nascently formed protons on the substrate molecule, creating hyperpolarization.** In PASADENA, this is done *inside* the NMR magnet; in ALTADENA, it's done *outside*.
    *   **For SABRE (Signal Amplification By Reversible Exchange):** The p-H₂ gas and the target molecule (e.g., pyridine, nicotinamide) are brought together with the SABRE catalyst (typically an Ir NHC complex) in solution. The p-H₂ and target molecule reversibly bind to the metal center. **During this reversible ligand exchange process on the catalyst, the spin order from p-H₂ is transferred to the protons of the target molecule via the transient complex, hyperpolarizing it.** No permanent hydrogenation occurs.

**Why this is the third step and why it's crucial:**

*   Steps 1 & 2 prepare the essential components (p-H₂ and the reactive mixture).
*   **Step 3 is the dynamic process where the non-equilibrium spin state (singlet order) of p-H₂ is converted into observable hyperpolarization on the target nuclei.** This transfer relies on:
    *   The symmetry breaking during the chemical reaction (PASADENA/ALTADENA) or the J-coupling network within the transient metal complex (SABRE).
    *   The magnetic field environment during the transfer (dictating PASADENA vs. ALTADENA effects).

**Subsequent Steps (typically 4th onwards):**

4.  **Rapid Transfer/Reaction Quenching (if applicable):** Especially for ALTADENA, the hyperpolarized sample is quickly transferred into the NMR magnet. For SABRE, the catalyst might be quenched or removed.
5.  **Detection:** The hyperpolarized signal is detected by NMR or MRI, where the enhanced signal (often >10,000x) is observed before it decays back to thermal equilibrium (relaxes).

**In summary:** The third step, Hydrogenation (for PASADENA/ALTADENA) or Polarization Transfer via Reversible Exchange (for SABRE), is the fundamental process where the latent spin order of parahydrogen is converted into detectable hyperpolarization on the target molecule.",Filling samples into a 7-inch 5mm NMR tube and bubbling with N2 for 10 seconds for degassification.,0.11240796952121822,0.8360314535110239,0.0,0.0,0.0
21,Under what condition does the RASER effect occur?,[],['The RASER arises when the following condition is fulfilled: 1 / τ_RD > 1 / T_2^* +1 / τ_p. The nuclear spin ensemble must be negatively polarized (P<0) for RASER to occur since only in this case the radiation damping rate is positive.'],"The **RASER effect** (Radio-frequency Amplification by Stimulated Emission of Radiation) occurs in para-hydrogen-induced hyperpolarization (PHIP) under the following **key conditions**:

1.  **Significant Population Inversion:** The spin system must be driven far out of thermal equilibrium, creating a **population inversion** (more spins in the higher energy state than the lower energy state). PHIP achieves this by introducing *para*-hydrogen (singlet spin state) into a target molecule via hydrogenation, making the two H-atoms magnetically inequivalent and observable.

2.  **Strong Coupling & Long Coherence Times:** The hyperpolarized spins (typically the two former *para*-H nuclei) must be **strongly coupled** to each other. This coupling mediates the coherent energy exchange necessary for stimulated emission. Additionally, spin-spin relaxation times (T₂) must be sufficiently long to maintain coherence throughout the emission process.

3.  **High-Q Resonator:** The sample must be placed within a **high-quality factor (high-Q) resonant circuit**, typically the tuned RF coil of an NMR spectrometer. This resonator:
    *   Stores the emitted RF energy efficiently.
    *   Provides strong feedback through the sample.
    *   Sustains the coherent, stimulated emission process (like the optical cavity in a laser).

4.  **Sufficient Hyperpolarization Level:** The degree of hyperpolarization generated by the PHIP process must be large enough that the **gain (from stimulated emission) exceeds the losses** within the resonant circuit (due to resistance, radiation, relaxation, etc.). This threshold depends on the specific sample, resonator Q-factor, and magnetic field homogeneity.

5.  **Appropriate Detection Setup:** The spectrometer must be configured to detect the spontaneous initiation of the RASER signal, often requiring:
    *   A sensitive receiver.
    *   Minimal electronic filtering immediately after the polarization step.
    *   Potentially reduced RF power to avoid saturating the inverted population.

**In essence:** RASER occurs when PHIP creates a large, long-lived population inversion in a coupled spin system placed inside a high-Q resonator. The inverted spins then undergo **coherent, stimulated emission of RF radiation** at their Larmor frequency, amplified and sustained by the feedback loop of the resonator, producing a strong, narrow-band, non-decaying RF output signal. It's the magnetic analog of an optical laser.",The RASER effect occurs when the radiation damping rate (1/τ_RD) is greater than the sum of the transverse relaxation rate (1/T_2^*) and the polarization decay rate (1/τ_p).,0.17916624181008392,0.7506751285314331,0.0,0.0,0.0
22,What is the second step in the preparation of the solution for SABRE hyperpolarization?,[],"['The preparation procedure for the solution corresponding to the spectrum shown in Figure 5c was different from those reported earlier by Zeng and co-workers,22 Mewis and coworkers,24 and Hovener and co-workers19 in that once the SABRE catalyst activation is achieved in ethanol, the activated complex solution is dried on a rotovap first, and the catalyst/nicotinamide mixture is then reconstituted in 100% D2O.']","The **second step** in preparing a solution for SABRE (Signal Amplification By Reversible Exchange) hyperpolarization is:

**Adding the metal catalyst complex (typically an iridium-based complex) to the substrate solution.**

Here's a breakdown of the typical preparation sequence and why this is step 2:

1.  **Dissolve the Target Substrate:** The molecule to be hyperpolarized (e.g., pyridine, nicotinamide, a metabolite) is dissolved in a suitable deuterated solvent (most commonly **methanol-d₄**, but ethanol-d₆ or other solvents are sometimes used).
2.  **Add the Catalyst:** The organometallic catalyst precursor (most commonly **[Ir(COD)Cl]₂** - dichloridobis(1,5-cyclooctadiene)diiridium(I)) is added to the substrate solution. This complex is highly air-sensitive and must be handled under an inert atmosphere (N₂ or Ar).
3.  **Form the Active Catalyst:** The mixture is pressurized with H₂ (often at 1-10 bar) and may be heated or stirred. This step reduces the [Ir(COD)Cl]₂ precursor and forms the active SABRE catalyst species, typically an **N-heterocyclic carbene (NHC) or N-donor ligand (like the substrate itself) bound Ir(I) complex** capable of reversibly binding both the substrate *and* H₂ (including para-H₂). This forms the polarization transfer complex.
4.  **Pre-saturation (Optional):** The solution may be pressurized with normal H₂ for a period before the final polarization step to ensure complete formation of the active complex and displacement of the original COD ligands.
5.  **Polarization:** The solution is pressurized with **para-enriched hydrogen gas (para-H₂)**. The interaction of para-H₂ and the substrate on the iridium catalyst enables the transfer of spin order (hyperpolarization) from the para-H₂ to the substrate nuclei (typically \(^{1}\text{H}\) or \(^{15}\text{N}\)) via the SABRE mechanism.

**Key points about the catalyst addition (Step 2):**

*   **Catalyst Precursor:** [Ir(COD)Cl]₂ is the standard starting material. It's relatively stable (though air-sensitive) and inexpensive.
*   **Formation of Active Catalyst:** The actual polarization-transferring species forms *in situ* by reaction with H₂ and the substrate (Step 3). The substrate ligand displaces the COD ligands.
*   **Stoichiometry:** Catalyst loading is typically low (0.5 - 5 mol% relative to substrate).
*   **Crucial Role:** The catalyst is essential as it provides the platform where both the substrate and para-H₂ reversibly bind in close proximity, enabling the spin-order transfer that leads to hyperpolarization.

Therefore, after dissolving the target molecule (Step 1), adding the iridium catalyst precursor (Step 2) is the essential next step to create the system capable of SABRE hyperpolarization upon subsequent H₂/para-H₂ pressurization.",The second step is drying the activated complex solution on a rotovap.,0.14460138534878192,0.9934400175072794,0.0,0.0,0.0
23,Why does the thermal conductivity of solid hydrogen change with the concentration of parahydrogen?,[],"['According to J. E. Huebler et al. [11], the thermal conductivity of solid hydrogen also changes favourably with the concentration of parahydrogen as shown in Fig. 4. Below 15K the thermal conductivity of the different hydrogen isomers starts to grow differently. At 5K the conductivity of the 70% parahydrogen concentration is around five times larger than the 30% concentration type. The thermal conductivity is assumed to grow even higher at higher parahydrogen concentrations.']","The thermal conductivity of solid hydrogen changes with parahydrogen concentration due to **differences in rotational energy states and phonon scattering** between ortho- and para-hydrogen molecules. Here's a breakdown of the mechanism:

1.  **Ortho vs. Para Rotational States:**
    *   **Para-H₂ (p-H₂):** Nuclear spins antiparallel (S=0). At low temperatures, it occupies the lowest rotational state (J=0). This is a **spherically symmetric, non-rotating** state.
    *   **Ortho-H₂ (o-H₂):** Nuclear spins parallel (S=1). It occupies odd rotational states (J=1, 3, 5...). Even at low temperatures, a significant fraction (especially J=1) remains rotationally excited. These molecules are **aspherical and rotating**.

2.  **Impact on the Solid Lattice:**
    *   The spherically symmetric p-H₂ molecules fit neatly into the crystal lattice sites of solid hydrogen (hexagonal close-packed, hcp), causing minimal distortion.
    *   The aspherical, rotating o-H₂ molecules **distort the local lattice** around them. Their rotation is hindered by neighboring molecules, creating localized strains and disrupting the perfect periodicity of the crystal.

3.  **Phonon Scattering:**
    *   Thermal conductivity in dielectric solids like hydrogen is primarily carried by lattice vibrations called **phonons**.
    *   A perfect, periodic crystal would have very high thermal conductivity as phonons travel freely.
    *   **Imperfections** (like impurities, defects, grain boundaries) **scatter phonons**, reducing thermal conductivity by impeding the flow of heat energy.
    *   The rotating o-H₂ molecules act as **intrinsic scattering centers** due to the lattice distortions they create. They disrupt the phonon flow.

4.  **Concentration Dependence:**
    *   **High o-H₂ Concentration:** Many scattering centers exist. Phonons are scattered frequently, leading to **low thermal conductivity**.
    *   **High p-H₂ Concentration:** Few scattering centers exist. The lattice is more ordered and periodic. Phonons can travel further before being scattered, leading to **high thermal conductivity**.
    *   **Intermediate Concentrations:** The thermal conductivity varies smoothly between these extremes. The effect is most pronounced at very low temperatures (a few Kelvin), where the rotational energy differences between o-H₂ and p-H₂ are significant compared to kT, and phonon wavelengths are long, making them highly sensitive to these rotational scattering centers.

5.  **Temperature Dependence:**
    *   As temperature increases, the thermal energy (kT) becomes large compared to the rotational energy splitting. More o-H₂ molecules can access lower rotational states, and phonon scattering from other mechanisms (e.g., phonon-phonon interactions) dominates. Consequently, the dependence of thermal conductivity on p-H₂ concentration **diminishes significantly at higher temperatures** (typically above ~10 K).

**In summary:** The rotating ortho-hydrogen molecules act as lattice defects that strongly scatter the phonons responsible for heat conduction. Parahydrogen molecules, being non-rotating and spherical, cause minimal lattice distortion and scattering. Therefore, increasing the p-H₂ concentration reduces the number of scattering centers, leading to an increase in the thermal conductivity of solid hydrogen, especially at very low temperatures.","The thermal conductivity of solid hydrogen changes with the concentration of parahydrogen because, below 15K, the thermal conductivity of different hydrogen isomers starts to grow differently, with higher parahydrogen concentrations leading to significantly higher conductivity, as demonstrated by the fact that at 5K, the conductivity of 70% parahydrogen concentration is around five times larger than the 30% concentration type.",0.29383264416221855,0.9711019537272004,0.0,0.0,0.0
24,Why are common MR pH sensors like 3-aminopropylphosphonate (3-APP) and 2-imidazole-1-yl-3-ethoxycarbonylpropionic acid limited in their effectiveness?,[],['Common MR pH sensors such as 3-aminopropylphosphonate (3-APP) and 2-imidazole-1-yl-3-ethoxycarbonylpropionic acid satisfy most of these conditions but are limited due to low sensitivity and overlap with background signals.'],"Common MR pH sensors like **3-APP** and **imidazole-based probes** (e.g., 2-imidazole-1-yl-3-ethoxycarbonylpropionic acid) face significant limitations due to inherent physicochemical and MR sensitivity constraints:  

1. **Low Sensitivity**:  
   - These probes rely on small chemical shift changes (Δδ ≈ 0.5–1.5 ppm) between protonated/deprotonated states.  
   - Traditional MRI detects signals from bulk water protons, indirectly reporting pH via exchange. This requires **millimolar probe concentrations**—far exceeding physiological compatibility.  

2. **Limited pH Resolution**:  
   - The chemical shift difference is often comparable to MRI spectral resolution (≈1 ppm), leading to poor pH discrimination (±0.5 pH units).  
   - Slow proton exchange kinetics broaden peaks, further reducing accuracy.  

3. **Calibration Challenges**:  
   - pKa values shift with temperature, ionic strength, and microenvironment (e.g., tissue vs. solution).  
   - Absolute pH quantification requires prior *in situ* calibration, which is impractical *in vivo*.  

4. **Pharmacokinetics & Toxicity**:  
   - High doses needed for detection raise toxicity concerns.  
   - Poor cellular uptake limits intracellular pH measurement.  

5. **Dynamic Range Limitations**:  
   - Each probe operates optimally only within ≈1 pH unit of its pKa (e.g., 3-APP: pH 6.7–8.2). Wider ranges require multiple probes.  

**Para-Hydrogen-Induced Hyperpolarization (PHIP) as a Solution**:  
PHIP addresses these flaws by:  
- **Amplifying Sensitivity**: Signal enhancements >10,000× enable detection at **nanomolar-to-micromolar concentrations**.  
- **Direct Detection**: Hyperpolarized \(^{13}\text{C}\) or \(^{15}\text{N}\) probes (e.g., [1-\(^{13}\text{C}\)]succinate) exhibit large chemical shift changes (>10 ppm) with pH.  
- **Kinetic Advantages**: Fast acquisition (<1 min) captures real-time pH dynamics before hyperpolarization decays.  
- **Quantitative Accuracy**: Probes like hyperpolarized bicarbonate (H\(^{13}\)CO\(_3^-\)) leverage established equilibria (CO₂/HCO₃⁻) for precise pH mapping.  

**Conclusion**:  
Traditional probes are constrained by MR sensitivity and physicochemical trade-offs. PHIP overcomes these by enabling low-concentration, high-specificity pH mapping with superior spatiotemporal resolution—revolutionizing metabolic imaging in diseases like cancer.","Common MR pH sensors are limited due to low sensitivity and overlap with background signals, which reduces their effectiveness in noninvasive pH monitoring.",0.3632537659692082,0.9018205187726546,0.0,0.0,0.0
25,What is the first step in the tube shaking-NMR experiment procedure?,[],"['The tube shaking-NMR experiment procedure may be repeated several times with the same batch of p-H2, albeit with progressively lower sensitivity due to the decreasing enrichment of dissolved dihydrogen in the para isomer. Each acquisition cycle induces a loss of signal intensity of about 30%, as obtained from independent experiments where a 1H 1D NMR spectrum was recorded after each shaking (Figure S2). This cycle takes less than one minute. After all the useable cycles, the NMR tube can then be filled with freshly prepared parahydrogen. This takes less than 5 minutes and restores the maximum sensitivity.']","The **first critical step** in the tube shaking-NMR experiment for para-hydrogen-induced hyperpolarization (PHIP) is:  

**Vigorously shake the NMR tube containing the substrate solution and para-hydrogen-enriched hydrogen gas.**  

### Key details of this step:  
1. **Purpose**:  
   - To ensure thorough mixing and dissolution of the *para*-H₂ gas into the substrate solution.  
   - Facilitates the *rapid reaction* (e.g., hydrogenation) or *close contact* between *para*-H₂ and the target molecule, enabling polarization transfer.  

2. **Procedure**:  
   - Use a specialized NMR tube (e.g., Young’s tap tube or J. Young NMR tube) to seal the solution and *para*-H₂ gas.  
   - Shake the tube manually or mechanically for **5–20 seconds** to saturate the solution with H₂.  

3. **Why this comes first**:  
   - *para*-H₂ must interact with the substrate *before* polarization decays or relaxes.  
   - Shaking initiates the hyperpolarization process by enabling spin-order transfer from *para*-H₂ to the target nuclei (e.g., ¹H or ¹³C).  

4. **Immediate next step**:  
   - Quickly insert the tube into the NMR spectrometer and acquire the hyperpolarized signal (**within seconds**), as the enhanced polarization is transient.  

### Why it’s foundational:  
Without vigorous shaking, *para*-H₂ cannot efficiently transfer its spin polarization to the substrate, resulting in weak or no signal enhancement. This step jump-starts the hyperpolarization mechanism central to PHIP experiments.  

For context: *para*-H₂ is enriched by cooling H₂ gas in the presence of a catalyst, but the shaking step occurs *after* introducing this gas to the substrate.",The first step is shaking the tube.,0.6187146010858686,0.813408219770349,0.0,0.0,0.0
26,Why does the liquid-state NMR approach assume that the conversion between p-H2 and o-H2 in solution is much slower than the timescale of the measurements?,[],['The liquid-state NMR approach that we used to quantify the o-H2 1H NMR response assumes that an equal concentration of H2 is dissolved at each step of the experiment and that the conversion between p-H2 and o-H2 in solution is much slower than the timescale of our measurements. The validity of these assumptions is supported by the quality of the fits to the theoretical predictions in Fig. 3a and b.'],"The assumption that p-H₂ ⇄ o-H₂ conversion in solution is slow compared to the NMR measurement timescale is **fundamental to the success of liquid-state para-hydrogen-induced polarization (PHIP)**, primarily for these reasons:

1.  **Preservation of the Singlet Spin State:**
    *   p-H₂ is in a *singlet* nuclear spin state (antiparallel spins, S=0).
    *   o-H₂ is in a *triplet* nuclear spin state (parallel spins, S=1).
    *   The hyperpolarization effect relies on incorporating the *singlet spin order* of p-H₂ into the target molecule during hydrogenation.
    *   If conversion to o-H₂ (triplet state) occurs rapidly *before or during* the hydrogenation reaction, the unique singlet spin order is lost. The resulting o-H₂ behaves like thermally polarized hydrogen, providing negligible NMR signal enhancement.

2.  **Timescale of NMR Experiments vs. Conversion:**
    *   **NMR Detection:** Acquiring a hyperpolarized NMR spectrum typically takes **seconds to minutes**.
    *   **Hyperpolarized Signal Lifetime:** The enhanced NMR signal from the hyperpolarized product molecules decays with time constants (T₁) typically in the range of **seconds to tens of seconds** (sometimes longer for protons in rigid molecules).
    *   **p-H₂ ⇄ o-H₂ Conversion in Solution:**
        *   **Without Catalysts/Impurities:** The intrinsic spin conversion rate for free H₂ molecules in a diamagnetic solvent is extremely slow (can be **hours or even days**) due to the weak intramolecular spin-rotation interaction. This *is* much slower than NMR detection and hyperpolarized signal decay.
        *   **With Catalysts/Impurities:** Paramagnetic species (O₂, metal ions, radicals) or certain surfaces catalyze the interconversion. This can dramatically accelerate conversion rates to **milliseconds or seconds**.
    *   **The Critical Assumption:** PHIP experiments rely on the conversion rate being slow enough that the vast majority of the p-H₂ introduced retains its singlet character *throughout the hydrogenation reaction* and the resulting hyperpolarization persists long enough in the product molecule to be detected. If conversion happens on timescales comparable to or faster than the reaction/detection timescales (seconds), the singlet order is destroyed before it can be utilized or detected.

3.  **Irreversible Loss of Polarization:**
    *   Conversion from p-H₂ (singlet) to o-H₂ (triplet) is not just a change; it's the irreversible loss of the non-thermal spin order needed for hyperpolarization. Once converted, the H₂ molecules contribute only the tiny thermal equilibrium polarization to the NMR signal.

**Consequences if the Assumption Fails:**

If conversion is fast (e.g., due to significant O₂ contamination, paramagnetic impurities, or certain catalyst surfaces):
1.  The p-H₂ singlet spin order is rapidly lost *before* it can react.
2.  The hydrogenation reaction proceeds mainly with ""normal"" (thermally equilibrated, ~50% p-H₂ / 50% o-H₂) H₂.
3.  The resulting NMR signal shows **little to no hyperpolarization enhancement** – it looks like a standard, weak thermal NMR spectrum.

**Therefore, to ensure successful PHIP:**

*   **Degassing:** Solvents and gases must be rigorously degassed to remove O₂ (a potent paramagnetic catalyst).
*   **Purification:** Solutions must be purified to minimize paramagnetic impurities.
*   **Catalyst Choice:** Catalysts should be chosen or treated to minimize surface effects that promote conversion.
*   **Experimental Design:** Reactions are often performed rapidly (e.g., bubbling H₂ through the solution in the NMR tube) and spectra are acquired quickly after reaction initiation to ""catch"" the hyperpolarization before relaxation decays it, implicitly relying on conversion being slow during this critical window.

In essence, the slow conversion assumption allows the valuable singlet spin order of p-H₂ to survive long enough to be chemically incorporated into the target molecule and detected as a massive NMR signal enhancement, which is the whole point of PHIP.","The validity of these assumptions is supported by the quality of the fits to the theoretical predictions in Fig. 3a and b, indicating that the experimental data aligns with the assumed conditions.",0.0981442713372267,0.83812180777451,0.0,0.0,0.0
27,Why are N-heterocycles the most commonly exploited substrates in SABRE?,[],"['Hence substrates are required to weakly coordinate to the metal centre as it is their reversible binding which allows for polarisation build- up in solution. The extent of polarised substrate created in solution is therefore in part controlled by the strength of the ligation between iridium and the substrate. For this reason, the most commonly exploited SABRE substrates are N- heterocycles, although nitriles, phosphines  ${}^{45}$  and diazirines  ${}^{46}$  have also been hyperpolarised.']","N-heterocycles are overwhelmingly the most exploited substrates in SABRE (Signal Amplification By Reversible Exchange) due to a combination of favorable chemical and physical properties that perfectly align with the SABRE mechanism's requirements:

1.  **Strong but Reversible Binding to the Ir Catalyst:** The core of SABRE relies on the substrate reversibly binding to the metal center (typically an Ir-NHC complex) alongside *para*-H₂. N-heterocycles, with their nitrogen lone pair, are excellent **σ-donor ligands**.
    *   **Basicity:** They possess sufficient basicity to form stable yet labile complexes with the Ir(I) center. This binding strength is crucial for the polarization transfer step.
    *   **Lability:** Crucially, the binding is *reversible* on the NMR timescale. The substrate must bind to receive polarization from the *para*-H₂ derived hydrides and then dissociate to carry that enhanced polarization into the solution for detection. N-heterocycles bind strongly enough for efficient transfer but weakly enough to dissociate readily.

2.  **Optimal Binding Kinetics:** The exchange rate between free and bound substrate must be in the ""Goldilocks zone"":
    *   **Fast enough** to allow a significant population of molecules to cycle through the active polarization transfer complex within the experiment time.
    *   **Slow enough** to allow sufficient time for the polarization transfer process (via scalar J-coupling) to occur effectively while the substrate is bound. N-heterocycles typically exhibit exchange rates ideally suited for this process.

3.  **Favorable Spin-Spin Coupling (J-Coupling):** Efficient polarization transfer from the nascent *para*-H₂ derived hydrides (Hₐ, Hᵦ) on the Ir complex to the substrate nuclei requires strong **scalar J-coupling**.
    *   N-heterocycles bind directly to the Ir center, placing their protons (especially ortho-protons in pyridines/quinolines, or specific protons in imidazoles/triazoles) in close proximity to the hydrides.
    *   This direct binding often results in measurable J-coupling constants (²JHH or ³JHH) between the substrate protons and the hydrides, providing the essential pathway for polarization transfer via the mutual spin flips dictated by the J-coupling network.

4.  **Chemical Versatility and Availability:** N-heterocycles are incredibly common structural motifs, particularly in pharmaceuticals, agrochemicals, and biologically relevant molecules (e.g., pyridine, pyrimidine, imidazole, quinoline, purine cores). This makes them highly relevant targets for hyperpolarization to boost NMR sensitivity in studies of these important compounds.

5.  **Suitable Proton Networks:** Many N-heterocycles have protons that are part of coupled spin systems. Polarization transferred efficiently to one proton (often an ortho-proton) can rapidly spread throughout the molecule via intramuclear Overhauser effects (NOE) or spin diffusion, leading to significant signal enhancement across multiple resonances.

**Comparison with Other Functional Groups:**

*   **O-Containing Groups (Carbonyls, Alcohols, Ethers):** Generally weaker binders (poor σ-donors, potential π-acceptors). Binding is often too weak and transient for efficient polarization transfer. Exchange is usually too fast.
*   **P-Containing Groups (Phosphines):** Very strong σ-donors. They often bind *too* strongly, forming very stable complexes where dissociation is slow, trapping the polarized substrate on the catalyst and preventing its observation in solution. Exchange is too slow.
*   **S-Containing Groups (Thioethers):** Intermediate binders, but often less predictable and less efficient than N-heterocycles. Can sometimes work but are less common.
*   **Alkenes, Alkynes:** Can bind, but polarization transfer efficiency is often lower than for N-heterocycles, and binding modes/kinetics can be less ideal.

**In essence:** N-heterocycles hit the ""sweet spot"" for SABRE. They bind strongly enough and with the right kinetics to efficiently receive polarization via J-coupling from the *para*-H₂-derived hydrides, yet bind weakly enough to dissociate rapidly, releasing the hyperpolarized molecule into solution for detection. Their prevalence in important molecules and favorable proton coupling networks further cement their status as the premier substrates for SABRE. While research continues to expand SABRE to other substrate classes (including challenging ones like carbonyls via relay methods or specific catalysts), N-heterocycles remain the most robust, efficient, and widely studied targets.","N-heterocycles are the most commonly exploited substrates in SABRE because they weakly coordinate to the metal centre, allowing for reversible binding which is essential for polarisation build-up in solution. The extent of polarised substrate created is controlled by the strength of the ligation between iridium and the substrate, making N-heterocycles ideal due to their binding properties.",0.6924129289982099,0.9470234964256896,0.0,0.0,0.0
28,Why are imidazole nitrogen-15 sites excellent candidates for 15N HP pH sensing?,[],"['The pKa of imidazole is ~7.0, a property that has already been exploited for in vivo tumor pH imaging via proton detection without hyperpolarization.6,44 Therefore, imidazole nitrogen-15 sites are excellent candidates for 15N HP pH sensing. Indeed, proton binding induces easily measured 15N chemical shifts of ~30 ppm (Figure 2).45-47 As a result, imidazole-15N2 is an excellent delivery vehicle, because its two 15N sites carry twice the hyperpolarization payload of (single-site) pyridine derivatives.']","Imidazole nitrogen-15 sites are exceptional candidates for hyperpolarized (HP) pH sensing using techniques like SABRE or PHIP due to a powerful combination of chemical and NMR properties:

1.  **pH-Dependent Chemical Shift:**
    *   The imidazole ring has two nitrogen atoms: one pyrrolic (N-H, acidic) and one pyridinic (sp², basic). The pyridinic nitrogen (N-3 in histidine numbering) undergoes protonation/deprotonation.
    *   **Large Chemical Shift Change:** The ¹⁵N NMR chemical shift of this pyridinic nitrogen is *extremely sensitive* to protonation state. The difference in chemical shift (Δδ) between the protonated (imidazolium cation) and deprotonated (neutral imidazole) forms is typically **> 20 ppm**, often around 25-30 ppm. This is a huge change on the ¹⁵N scale.
    *   **Distinct Resonances:** This large Δδ means the protonated and deprotonated species give rise to two well-separated peaks in the ¹⁵N NMR spectrum.

2.  **Relevant pKa Range:**
    *   The pKa of the pyridinic nitrogen in imidazole derivatives (like histidine) falls within the **physiologically crucial range of 6.0-7.0**. This makes it ideal for sensing pH changes relevant to biology (e.g., tumor acidosis, intracellular pH).

3.  **Fast Proton Exchange:**
    *   The proton exchange rate between the protonated and deprotonated forms of imidazole is very fast on the NMR timescale. This means:
    *   **Averaged Chemical Shift:** Instead of seeing two distinct peaks at intermediate pH, a single peak is observed. The position of this single peak *averages* the chemical shifts of the two forms.
    *   **Direct pH Readout:** The position of this single, averaged peak **shifts continuously and predictably with pH** according to the Henderson-Hasselbalch equation. Measuring the chemical shift directly reports the pH.

4.  **Hyperpolarization Compatibility:**
    *   **High Sensitivity Gain:** Hyperpolarization techniques like SABRE can dramatically enhance the ¹⁵N NMR signal (by factors of 10,000x or more). This overcomes the inherent low sensitivity of ¹⁵N NMR and allows detection at low concentrations and in near-real-time.
    *   **SABRE Targetability:** Imidazole nitrogens, especially the pyridinic N, are excellent ligands for iridium-based SABRE catalysts. They readily form labile complexes necessary for efficient polarization transfer from parahydrogen to the ¹⁵N nucleus. This enables efficient hyperpolarization specifically of the pH-sensitive site.
    *   **Preserved Sensitivity to pH:** The large chemical shift change (Δδ) induced by protonation is maintained even after hyperpolarization. The HP signal still reports pH accurately via its chemical shift.

5.  **Biological Relevance:**
    *   Imidazole is the side chain of the amino acid histidine, a common residue in proteins. This makes HP imidazole pH sensors potentially biocompatible and relevant for *in vivo* applications or studying biological processes. Molecules like histidine itself or derivatives (e.g., methylated histidines) are natural choices.

**In Summary:**

The combination of a **large, pH-dependent chemical shift change** occurring within the **physiologically relevant pH range**, coupled with **fast exchange** leading to a single, continuously shifting peak, provides an excellent intrinsic pH sensor. Hyperpolarization (especially via SABRE) **dramatically boosts the sensitivity** of detecting this ¹⁵N signal and is **well-suited to target the imidazole nitrogen**, making it possible to measure pH rapidly, non-invasively, and with high spatial resolution in complex environments like living systems. This synergy makes imidazole-¹⁵N sites prime candidates for HP pH sensing.","Imidazole nitrogen-15 sites are excellent candidates for 15N HP pH sensing because their pKa is approximately 7.0, which is close to physiological pH, and proton binding induces easily measured 15N chemical shifts of about 30 ppm. Additionally, imidazole-15N2 can carry twice the hyperpolarization payload compared to single-site pyridine derivatives, making it an effective delivery vehicle.",0.4243232923753928,0.9225307427480592,0.0,0.0,0.0
29,How does the stability of Vaska's complex compare to that of the immobilized [Ir(COD)(phosphine)Cl] catalyst in hydrogen-rich gas mixtures?,[],"[""Some of the Ir-based catalysts were markedly more stable compared to Rh-based systems. In particular, [Ir(CO)(PPh_3)_2Cl] (Vaska's complex) immobilized on phosphine-modified silica was able to produce PHIP effects while demonstrating reasonable stability up to 140°C in H_2-rich gas mixtures [12]. An example of the studies involving an immobilized [Ir(COD)(phosphine)Cl] catalyst is shown in Fig. 3, where the experiments were conducted at 80°C.""]","The stability of Vaska's complex (**trans**-[IrCl(CO)(PPh₃)₂]) is **significantly lower** than that of immobilized [Ir(COD)(phosphine)Cl] catalysts in hydrogen-rich gas mixtures, especially under conditions relevant to para-hydrogen-induced hyperpolarization (PHIP). Here's a detailed comparison:

### 1. **Vaska's Complex: Low Stability**
   - **Mechanism of Deactivation**:  
     Vaska's complex readily undergoes **irreversible oxidative addition** with H₂. This reaction forms a dihydride species ([IrCl(H)₂(CO)(PPh₃)₂]), which is unstable and prone to further reduction. The complex decomposes into **metallic iridium nanoparticles** (""iridium black"") and free ligands (CO, PPh₃).
   - **Kinetics**:  
     Decomposition occurs rapidly (seconds to minutes) under typical PHIP conditions (1–10 bar H₂, room temperature). This is exacerbated by high para-H₂ concentrations.
   - **Irreversibility**:  
     The decomposition pathway is irreversible, making catalytic turnover unsustainable. The complex is essentially sacrificial in H₂-rich environments.

### 2. **Immobilized [Ir(COD)(phosphine)Cl] Catalysts: High Stability**
   - **Protective Coordination Sphere**:  
     The **1,5-cyclooctadiene (COD)** and **phosphine ligands** (e.g., PCy₃, PPh₃) create a sterically shielded, electron-rich iridium(I) center. This slows oxidative addition and stabilizes the catalyst against irreversible decomposition.
   - **Immobilization Effects**:  
     Grafting the catalyst onto solid supports (e.g., silica, polymers) via phosphine tethering:
     - Prevents **aggregation** into nanoparticles.
     - Restricts access to multiple H₂ molecules (reducing over-reduction).
     - Enhances recyclability.
   - **Reversibility**:  
     H₂ addition is typically **reversible**, allowing sustained catalytic turnover. The immobilized complex maintains activity for **hours to days** under continuous H₂ flow.

### 3. **Key Stability Differences**
   | **Property**               | Vaska's Complex                          | Immobilized [Ir(COD)(phosphine)Cl]       |
   |----------------------------|------------------------------------------|------------------------------------------|
   | **H₂ Tolerance**           | Low (decomposes in minutes)              | High (stable for hours/days)             |
   | **Decomposition Pathway**  | Irreversible → Ir⁰ nanoparticles         | Reversible H₂ addition; no aggregation   |
   | **Ligand Lability**        | High (CO/PPh₃ easily lost)               | Low (COD/phosphine resist dissociation)  |
   | **PHIP Suitability**       | Poor (single-use, low reproducibility)   | Excellent (reusable, consistent SABRE)   |

### 4. **Why This Matters for PHIP**
   - Vaska's complex is impractical for continuous PHIP applications due to rapid deactivation.  
   - Immobilized catalysts enable **long-term hyperpolarization**, crucial for biomedical or flow-reactor applications. Their stability arises from:  
     (a) Steric protection by COD/phosphine,  
     (b) Kinetic stabilization via immobilization,  
     (c) Controlled H₂ accessibility in porous supports.

**Conclusion**: Immobilized [Ir(COD)(phosphine)Cl] catalysts are engineered for **robust stability** in H₂-rich environments, while Vaska's complex serves as a classic example of H₂-sensitive iridium chemistry. For PHIP, this stability difference is pivotal—immobilized systems are indispensable for sustainable, high-yield hyperpolarization.","Vaska's complex is more stable, demonstrating reasonable stability up to 140°C, whereas the immobilized [Ir(COD)(phosphine)Cl] catalyst was studied at 80°C.",0.1845232504186956,0.9740170015554114,0.0,0.0,0.0
30,Why does the Ir-H2 unit exhibit complex dynamics leading to both dihydrogen and dihydride complexes?,[],"['According to a previous study by Gelabert et al. on a similar iridium hydride complex, the Ir-H2 unit exhibits complex dynamics complicated by the motions of the two hydrogen atoms bound to Ir, giving rise to both dihydrogen and dihydride complexes in extreme cases.']","The complex dynamics of the Ir-H₂ unit, oscillating between **η²-dihydrogen (H₂)** and **dihydride (H⁻Ir⁻H)** forms, arise from fundamental organometallic principles and iridium's unique electronic properties. Here's a breakdown of the key factors:

1.  **Oxidative Addition/Reductive Elimination Equilibrium:**
    *   **Core Process:** The interconversion represents a reversible **oxidative addition** (OA) of H₂ to Ir(I) and **reductive elimination** (RE) from Ir(III).
    *   **Ir(I) (16e⁻):** `LₙIrᴵ` + `H₂` ⇌ `LₙIrᴵᴵᴵ(H)₂` (where `Lₙ` represents supporting ligands).
    *   **Ir(III) (18e⁻):** The dihydride form (`LₙIrᴵᴵᴵ(H)₂`) is typically an 18-electron complex.
    *   **Low Energy Barrier:** The activation energy for this OA/RE process is often remarkably low for iridium complexes, allowing rapid exchange even at low temperatures.

2.  **Electronic Factors Enabling Low Barrier OA:**
    *   **Electron-Rich Iridium:** Ir(I) centers, especially those with strong σ-donor (e.g., phosphines) and π-acceptor ligands, are highly electron-rich. This facilitates:
        *   **σ-Donation:** Donation of electron density from the H₂ σ-bonding orbital into an empty Ir d-orbital.
        *   **Back-Donation:** Crucial back-donation from filled Ir d-orbitals into the empty H₂ σ*-antibonding orbital. This weakens the H-H bond significantly, priming it for cleavage.
    *   **Orbital Size Matching:** Iridium's relatively large 5d orbitals overlap effectively with hydrogen's 1s orbitals, promoting both σ-donation and back-donation.
    *   **Stable Oxidation States:** Iridium easily accommodates both the +1 and +3 oxidation states involved, stabilizing both ends of the equilibrium.

3.  **Ligand Influence:**
    *   **Electronic Tuning:** Ligands profoundly impact the equilibrium position and dynamics:
        *   **Strong π-Acceptors (e.g., CO):** Increase back-donation, stabilizing the η²-H₂ complex (favors Ir(I) side).
        *   **Strong σ-Donors (e.g., alkyl, H⁻):** Stabilize the higher oxidation state Ir(III), favoring the dihydride form. *Existing hydride ligands* significantly promote OA of H₂.
        *   **Trans Effect/Influence:** Ligands *trans* to the H₂ binding site significantly affect the H-H bond length and the barrier to OA.
    *   **Steric Effects:** Bulky ligands can sterically destabilize the dihydride form (requiring more space) or the η²-H₂ form (blocking coordination sites), shifting the equilibrium.

4.  **Nature of the Bonding - A Continuum:**
    *   The distinction between ""dihydrogen complex"" and ""dihydride"" isn't always sharp. The η²-H₂ ligand exists on a continuum:
        *   **True Dihydrogen Complex:** Very long H-H bond (> 0.9 Å), significant Ir→H₂(σ*) back-donation, H₂ character.
        *   **Stretched Dihydrogen / Pre-dihydride:** H-H bond significantly elongated (0.9 - 1.1 Å), high back-donation, approaching cleavage.
        *   **Dihydride:** H-H bond fully broken (H-H distance > 1.6 Å), two distinct Ir-H bonds (~1.5-1.6 Å), Ir(III) oxidation state.
    *   **Shallow Energy Landscape:** For many Ir complexes, the energy difference between the η²-H₂ minimum and the dihydride minimum is small, and the barrier separating them is low. This allows facile interconversion and often results in a fluxional system observable by NMR (e.g., coalescence of hydride signals).

5.  **Relevance to Catalysis & PHIP:**
    *   **Catalytic Cycles:** This facile H₂ activation/deactivation is central to iridium's role in hydrogenation and hydrogen transfer catalysis. The η²-H₂ complex can be a stable resting state or a direct participant in H₂ transfer.
    *   **PHIP Mechanism:** The rapid, reversible OA/RE under H₂ is the fundamental process enabling pairwise hydrogen addition from *parahydrogen* to a substrate via the metal center. The exchange between bound H₂ and hydrides allows the spin order of *p*-H₂ to be transferred to the hydride ligands and subsequently to the substrate.

**In essence:** Iridium's electron richness, favorable orbital energetics and size, stable +1/+3 oxidation states, and ligand tunability create a system where the activation barrier for H₂ cleavage is low. This results in a dynamic equilibrium between an η²-bound H₂ ligand and two Ir-H hydride ligands, with the system often fluxional on the NMR timescale. This very dynamism is what makes iridium complexes so effective for H₂ activation, catalysis, and the PHIP effect. The position of the equilibrium and the rate of exchange are highly sensitive to the specific ligand set, solvent, temperature, and pressure.","The complex dynamics arise due to the motions of the two hydrogen atoms bound to Ir, which complicate the behavior of the Ir-H2 unit, resulting in the formation of both dihydrogen and dihydride complexes in extreme cases.",0.2142192822531012,0.8051584494126406,0.0,0.0,0.0
31,Why is the signal-to-noise ratio or resolution in vivo limited for hyperpolarized agents despite impressive in vitro signal enhancement?,[],"['Despite the fact that impressive numbers of hyperpolarized agents have led to in vitro signal enhancement, the actual signal-to-noise ratio or resolution in vivo is limited. The reason for this is manifold: first, the agent is significantly diluted in blood and tissues, thereby resulting in a label concentration that is much lower than that of water; second, the agent needs time to distribute and reach the target; third, the agents may need additional time to cross cell membranes and other organelles before the desired function is probed. During the whole time, relaxation results in a loss of the hyperpolarization at a rate that is faster than that reported in vitro. Moreover, signal acquisition itself consumes hyperpolarization, because transverse magnetization is required which decays even faster.']","The impressive signal enhancement of hyperpolarized agents (like those produced via para-hydrogen-induced polarization, PHIP) in vitro often doesn't translate directly to equivalent SNR or resolution gains *in vivo* due to several fundamental physiological and technical constraints:

1.  **Rapid Relaxation (Short T1):**
    *   **Core Limitation:** Hyperpolarization is a non-equilibrium state. Nuclei (like ¹³C, ¹⁵N) relax back to their tiny thermal equilibrium polarization via T1 relaxation.
    *   **In Vivo Reality:** T1 times in vivo are significantly shorter than in optimized vitro solutions due to interactions with water, proteins, paramagnetic molecules (like O₂), and tissue interfaces. While agents like [1-¹³C]pyruvate have relatively long T1s (~30-60s), this clock starts ticking *immediately* upon dissolution/injection. Signal decays exponentially with time.

2.  **Delivery Time & Bolus Dispersion:**
    *   **Transit Time:** It takes finite time (seconds to tens of seconds) for the injected hyperpolarized bolus to travel from the injection site, through the vasculature, and reach the target tissue/organ.
    *   **Bolus Dilution:** The concentrated injected bolus rapidly dilutes in the bloodstream, significantly reducing the local concentration (and thus signal) of the hyperpolarized agent at the target site.
    *   **Vascular Dispersion:** The bolus spreads out (""disperses"") as it travels through vessels, further reducing the peak concentration and spreading the signal over time. Significant polarization is lost *before* the agent even reaches the tissue of interest.

3.  **Metabolic Conversion & Relaxation Changes:**
    *   **Purpose & Problem:** The key application is tracking metabolic conversion (e.g., pyruvate -> lactate). However, each metabolic product has its own, often shorter, T1 relaxation time. Lactate T1 is shorter than pyruvate T1.
    *   **Signal Decay During Conversion:** The conversion process itself takes time. By the time the metabolite is produced in detectable amounts, significant polarization decay of the *parent* molecule has occurred, and the *metabolite* signal starts from a lower polarization level and decays faster.

4.  **Physiological Motion:**
    *   **Artifacts:** Respiratory, cardiac, and peristaltic motion cause significant blurring and artifacts in images, degrading spatial resolution and effective SNR. While fast imaging helps, motion compensation is challenging.
    *   **Breath-Holding Limitations:** Requiring patients to hold their breath limits scan duration and isn't always feasible, forcing compromises in resolution or coverage.

5.  **Fast Imaging Trade-offs:**
    *   **Speed is Mandatory:** To ""catch"" the decaying signal, very rapid imaging sequences (like EPI, spiral, or specialized spectral-spatial pulses) are essential.
    *   **Resolution/SNR Cost:** These ultrafast sequences inherently have lower SNR efficiency per unit time and often lower spatial resolution compared to slower, more optimized clinical sequences. Acquiring high-resolution images requires more encoding steps or averages, which takes time – time the hyperpolarization doesn't have.

6.  **RF Coil Sensitivity and Depth:**
    *   **SNR Drop-off:** The sensitivity of RF receiver coils decreases with distance from the coil elements. Deep-seated organs inherently suffer from lower SNR compared to superficial tissues, limiting achievable resolution.
    *   **Coil Coverage:** Designing coils with both high sensitivity and large coverage for body imaging is challenging.

7.  **Limited ""Shot"" Opportunity:**
    *   **Irreversible Signal Source:** Hyperpolarization is a ""one-shot"" experiment. Once the injected hyperpolarized spins relax, they cannot be re-polarized within the timescale of a scan. You get a single, decaying signal source for the entire experiment. There's no option for signal averaging over multiple excitations without injecting multiple doses (which is often impractical).

**In Summary:**

While hyperpolarization provides a massive (>10,000x) signal boost *at the start*, the harsh *in vivo* environment rapidly erodes this advantage. The combination of **short T1 relaxation** times, **time delays for delivery and metabolism**, **bolus dilution**, **physiological motion**, the **need for inherently noisy fast imaging**, and **limited coil sensitivity at depth** all conspire to limit the achievable SNR and spatial resolution compared to what is theoretically possible from the initial polarization level in a controlled test tube. Research focuses on developing agents with longer T1s, faster delivery methods, optimized RF coils, smarter pulse sequences, and advanced motion compensation to push these limits further.","The signal-to-noise ratio or resolution in vivo is limited because: 1) the agent is significantly diluted in blood and tissues, resulting in a much lower label concentration compared to water; 2) the agent needs time to distribute and reach the target; 3) the agents may need additional time to cross cell membranes and other organelles before the desired function is probed; and 4) relaxation results in a loss of hyperpolarization at a faster rate than reported in vitro. Additionally, signal acquisition itself consumes hyperpolarization because transverse magnetization is required, which decays even faster.",0.8283049807218497,0.8824897836697444,0.0,0.0,0.0
32,How do the hardware requirements of ESOTHERIC-Grad compare to those of ESOTHERIC-Ref?,[],"['BPFG of ESOTHERIC-Grad requires advanced hardware, unlike ESOTHERIC-Ref. As both provide a comparable efficiency, we suggest using the second less demanding hardware variant.']","The hardware requirements for **ESOTHERIC-Grad** (Gradient-based) and **ESOTHERIC-Ref** (Reference-based) differ significantly due to their distinct operational principles in para-hydrogen-induced hyperpolarization (PHIP). Here's a comparative breakdown:

### 1. **Magnetic Field System**
   - **ESOTHERIC-Ref**:  
     Requires a **stable, homogeneous low-field magnet** (typically permanent, ~0.5–10 mT) to maintain polarization during hydrogenation and transfer. Field stability is critical for consistent results.  
   - **ESOTHERIC-Grad**:  
     Needs a **controllable magnetic field gradient** (e.g., electromagnet/solenoid) capable of **linear ramping** (e.g., 0 → 50 mT) during sample dissolution. Precision in field sweep rate/linearity is essential.

### 2. **Dissolution/Transfer System**
   - **ESOTHERIC-Ref**:  
     Standard rapid-dissolution setup (e.g., pneumatic injector) with consistent timing. Field homogeneity must be preserved during transfer.  
   - **ESOTHERIC-Grad**:  
     Requires **synchronized dissolution during field ramp**. Timing precision between field sweep and dissolution must be ≤10 ms to align with the gradient profile.

### 3. **Field Control & Electronics**
   - **ESOTHERIC-Ref**:  
     Simple static field control (e.g., permanent magnet with minimal electronics).  
   - **ESOTHERIC-Grad**:  
     Demands **programmable power supplies**, fast feedback loops, and synchronization hardware to execute precise, repeatable field sweeps. Coil design must minimize eddy currents.

### 4. **Detection**
   - Both require high-field NMR/MRI for detection post-transfer.  
   - **ESOTHERIC-Grad**: May need enhanced **shimming** to resolve gradient-induced frequency spreads during dissolution.

### 5. **Complexity & Cost**
   - **ESOTHERIC-Ref**:  
     **Simpler/cheaper** (static low-field magnet, standard dissolution).  
   - **ESOTHERIC-Grad**:  
     **More complex/costly** due to dynamic field control, synchronization, and precision engineering.

### Key Trade-offs:
- **ESOTHERIC-Grad** enables background-free solvent suppression but requires sophisticated hardware.  
- **ESOTHERIC-Ref** is robust and easier to implement but may require solvent signal subtraction.  

**Summary**: ESOTHERIC-Grad prioritizes precision field sweeps and timing, while ESOTHERIC-Ref relies on field stability. Choose based on application needs: ESOTHERIC-Grad for solvent suppression in complex mixtures, ESOTHERIC-Ref for simplicity in clinical/commercial setups.","ESOTHERIC-Grad requires advanced hardware, unlike ESOTHERIC-Ref, which is less demanding.",0.277200523051108,0.7816489046480138,0.0,0.0,0.0
33,Why is the energy difference between [TS2]‡ and 11-HH_ox very low?,[],"['It is of note that since the geometrical reorganization in going from [TS2]‡ to 11-HH_ox is only minimal, the barrier for this step is very low and we attribute the small positive energy difference between 11-HH_ox and [TS2]‡ to the numerical inaccuracy of the applied DFT method.']","The very low energy difference between the transition state **[TS2]‡** and the oxidized hydride complex **11-HH_ox** in para-hydrogen-induced polarization (PHIP) mechanisms (particularly ALTADENA) arises due to **structural and electronic continuity**, enabling efficient spin-order transfer. Here's a breakdown:

1.  **Role in the Reaction Pathway:**
    *   **[TS2]‡**: Represents the transition state for the addition of para-hydrogen (p-H₂) across the metal-substrate bond (e.g., Rh in Wilkinson's catalyst). This involves oxidative addition where p-H₂ binds to the metal center, forming a transient dihydride intermediate.
    *   **11-HH_ox**: Represents the *oxidized* form of the dihydride species generated after polarization transfer has occurred. It's typically a cationic Rh(III) dihydride complex.

2.  **Reason for Low Energy Difference:**
    *   **Structural Similarity:** Both **[TS2]‡** and **11-HH_ox** involve a **dihydride configuration** bound to the metal center. The key difference is the *electronic state* (transition state vs. stable cationic complex), not a major rearrangement of atoms.
    *   **Electronic Continuity:** The oxidation step (converting the neutral dihydride to **11-HH_ox**) is typically a rapid, low-barrier, one-electron process. It primarily involves removing an electron from the metal center without significantly altering the geometry of the metal-H-H moiety responsible for the spin order.
    *   **Flat Potential Energy Surface (PES):** The region of the PES connecting the dihydride formation ([TS2]‡) to the oxidized dihydride (11-HH_ox) is relatively flat. The oxidation doesn't require overcoming a large energy barrier *once the dihydride is formed*. The significant barrier is usually the initial p-H₂ activation (oxidative addition, leading to [TS2]‡).
    *   **Conservation of Spin Order:** This low energy difference is **crucial for PHIP efficiency**. The singlet spin order derived from p-H₂ is imprinted onto the nascent dihydride intermediate at **[TS2]‡**. If there were a large energy barrier or significant structural rearrangement between this state and **11-HH_ox**, the spin order could relax (lose its non-Boltzmann polarization) before the oxidation step traps it. The minimal energy difference allows the spin order to be rapidly ""locked in"" by the oxidation before relaxation can occur.

3.  **Consequence:**
    This low energy barrier facilitates the rapid conversion of the activated dihydride complex (formed via p-H₂ addition) into the stable oxidized species (**11-HH_ox**) while **preserving the hyperpolarization**. This trapped hyperpolarization in **11-HH_ox** can then potentially be transferred to a substrate or detected directly via NMR, resulting in the massive signal enhancement characteristic of PHIP.

**In essence:** The transition state **[TS2]‡** (p-H₂ addition/activation) and the oxidized product **11-HH_ox** represent electronically distinct but structurally very similar dihydride species. The oxidation step linking them is a low-barrier process, minimizing the risk of spin relaxation and allowing efficient transfer and trapping of the para-hydrogen-derived spin order essential for hyperpolarization.","The energy difference is very low because the geometrical reorganization from [TS2]‡ to 11-HH_ox is minimal, and the small positive energy difference is attributed to the numerical inaccuracy of the applied DFT method.",0.7164023813237396,0.7502458731634095,0.0,0.0,0.0
34,Why are the complexes 11-MeCN and 8-MeCN expected to slowly interconvert and be observable in solution?,[],"[""The energy of the coordinatively saturated 11-MeCN is only slightly higher than that of 8-MeCN (ΔG = -12.3 and -16.8 kcal mol⁻¹, respectively). These two complexes are therefore expected to slowly interconvert and be observable in solution, which is indeed supported by NMR spectroscopy. We note that ΔG values from DFT calculations and variable temperature NMR measurements obtained from a Van't Hoff plot (Fig. S16 †) are in reasonable agreement (ΔΔG = 4.5 and 1.1 kcal mol⁻¹, respectively).""]","The complexes **11-MeCN** and **8-MeCN** (likely referring to specific iridium-based catalysts like **IrIMes** derivatives) are expected to interconvert slowly and be observable in solution due to the **kinetic stability** arising from **steric bulk** and **electronic factors**, making their interconversion slow on the NMR timescale. Here's why:

1.  **Nature of the Interconversion:**
    *   **11-MeCN:** An **18-electron complex** where the iridium center is coordinated to an acetonitrile (MeCN) ligand. This is typically the saturated, stable form.
    *   **8-MeCN:** A **16-electron complex** formed by dissociation of the MeCN ligand. This is an unsaturated, reactive species crucial for binding parahydrogen (p-H₂) and substrates.

    The interconversion is simply:  
    **11-MeCN ⇌ 8-MeCN + MeCN**

2.  **Reason for Slow Interconversion:**
    *   **Steric Crowding:** These complexes often feature bulky N-heterocyclic carbene (NHC) ligands (e.g., IMes: 1,3-bis(2,4,6-trimethylphenyl)imidazol-2-ylidene). This creates a highly congested environment around the iridium center.
    *   **Dissociation Barrier:** Dissociating the MeCN ligand from **11-MeCN** requires overcoming steric repulsion as the ligand squeezes out past the bulky NHC ligands. This creates a significant kinetic barrier.
    *   **Association Barrier:** Conversely, for the association of MeCN with the highly sterically shielded iridium center in **8-MeCN** to form **11-MeCN**, the incoming MeCN molecule must navigate the bulky ligand environment to coordinate. This is also kinetically hindered.
    *   **Weak Ligand Strength:** While MeCN is a reasonably good ligand, it's not exceptionally strong (especially compared to CO or strong phosphines). This makes dissociation thermodynamically feasible, but the *kinetics* are dominated by sterics.
    *   **Stability of 16e- Species:** The 16-electron **8-MeCN** species is stabilized electronically by the strong σ-donor NHC ligands, preventing rapid decomposition or uncontrolled reactivity, allowing it to persist long enough for observation.

3.  **Reason for Observability in Solution:**
    *   **Slow Exchange on NMR Timescale:** The significant kinetic barriers (steric) to both dissociation and association mean that the rate of interconversion between **11-MeCN** and **8-MeCN** is **slow compared to the NMR timescale**.
    *   **Distinct Chemical Environments:** The two complexes have vastly different coordination environments around the Ir center.
        *   **11-MeCN (18e-):** Octahedral geometry.
        *   **8-MeCN (16e-):** Square-planar or distorted square-planar geometry.
    *   **Separate NMR Signals:** Because the interconversion is slow, NMR spectroscopy detects them as distinct species with separate sets of resonances (e.g., distinct chemical shifts for the NHC carbons, hydrides if present, or other ligands). You don't see averaged signals; you see sharp signals for both forms.

**In essence:** The bulky ligands create a ""protective shell"" around the iridium center. While MeCN is labile enough to dissociate/associate *eventually*, the steric congestion significantly slows down both processes. This slow exchange rate allows NMR to ""see"" both the saturated precursor (**11-MeCN**) and the unsaturated, catalytically active species (**8-MeCN**) coexisting in solution at observable concentrations. This is crucial for studying the mechanism of PHIP/SABRE with these catalysts.","The complexes 11-MeCN and 8-MeCN are expected to slowly interconvert and be observable in solution because their energies are relatively close (ΔG = -12.3 and -16.8 kcal mol⁻¹, respectively), and the coordinatively saturated 11-MeCN is only slightly higher in energy than 8-MeCN. This small energy difference allows for slow interconversion, which is further supported by NMR spectroscopy and reasonable agreement between DFT calculations and variable temperature NMR measurements.",0.3075186245581536,0.9748787423548051,0.0,0.0,0.0
35,Why does the absence of LACs in the high detection field of a benchtop NMR spectrometer limit spontaneous polarisation transfer in SABRE experiments?,[],"['For SABRE experiments, the absence of LACs in the comparatively high detection field of a benchtop NMR spectrometer limits spontaneous polarisation transfer in situ. However, polarisation transfer can be achieved by using tailored RF irradiation to bring the spin system to an appropriate LAC condition in the rotating frame of reference [207,208].']","The absence of Level Anti-Crossings (LACs) in the high detection field of a benchtop NMR spectrometer fundamentally prevents **efficient spontaneous polarization transfer** in SABRE experiments due to the following reasons:

1.  **LACs Enable Polarization Transfer:**
    *   SABRE relies on reversible interactions between para-hydrogen (p-H₂) and the target substrate bound to a metal catalyst.
    *   At specific, very low magnetic fields (typically microtesla to millitesla range), the Zeeman energy levels of the p-H₂-derived hydride protons and the substrate protons come very close together or **cross**. At these crossing points, weak couplings (like J-couplings, residual dipolar couplings, or chemical shift differences) cause the levels to mix or ""anti-cross"" (LACs).
    *   **This mixing is essential.** It allows the singlet spin order of p-H₂ (the source of polarization) to be coherently and rapidly transferred to the substrate protons via the shared electron spin of the metal catalyst.

2.  **High Fields Suppress LAC Formation:**
    *   In the high magnetic field (B₀) of a benchtop NMR spectrometer (typically 1-2 Tesla, corresponding to ~40-80 MHz proton frequency), the Zeeman interaction (the energy splitting due to B₀) dominates.
    *   This strong Zeeman splitting **locks** the spin states into well-defined orientations aligned with B₀ (e.g., |αα>, |αβ>, |βα>, |ββ>).
    *   The large energy separation between the p-H₂-derived hydride states and the substrate proton states prevents their energy levels from approaching closely enough to cross. **No LACs form.**

3.  **Consequence of No LACs:**
    *   **No Efficient Coherent Transfer:** Without LACs and the resulting state mixing, there is no efficient pathway for the p-H₂ singlet order to be directly converted into observable magnetization on the substrate protons.
    *   **Slow Thermal Processes Dominate:** Any polarization transfer that *might* occur at high field would rely on extremely slow, incoherent thermal relaxation processes (like Nuclear Overhauser Effect - NOE). These processes are orders of magnitude slower than the coherent transfer at LACs and are generally too inefficient to generate the massive hyperpolarization characteristic of SABRE.
    *   **No Build-up:** The spontaneous, rapid build-up of polarization observed at the optimal low field simply cannot happen. The system remains effectively ""decoupled"".

**In essence:** The high detection field prevents the formation of the critical magnetic environment (LACs) where the quantum mechanical mechanism enabling fast and efficient polarization transfer operates. Without this environment, para-hydrogen's polarization cannot spontaneously flow to the substrate molecule in a detectable way within the timescale of a typical NMR experiment.

**Practical Implication:** This is why SABRE experiments **require** polarization to be generated at a dedicated low magnetic field (using an electromagnet, permanent magnet array, or magnetic shield) *before* the hyperpolarized sample is rapidly transferred to the high-field NMR spectrometer for detection. Benchtop NMR spectrometers themselves generally lack the hardware to generate these essential ultra-low fields internally during the polarization step.","The absence of level anti-crossings (LACs) in the high detection field of a benchtop NMR spectrometer limits spontaneous polarisation transfer in SABRE experiments because LACs are necessary for efficient polarisation transfer. However, this limitation can be overcome by using tailored RF irradiation to bring the spin system to an appropriate LAC condition in the rotating frame of reference.",0.3288516857457606,0.9364568428903413,1.0,0.0,0.0
36,Why is the spectral intensity of the NMR-visible oH2 triplet state reduced following pH2 enrichment at ~40K?,[],['The spectral intensity arising from the NMR- visible  oH2  triplet state (normalized to an integral value of 75.0 corresponding to the  75%  population of  H2  nuclear spins in the  oH2  triplet state at thermal equilibrium) is reduced by more than a factor of 5 following  pH2 - enrichment at  ~40K  (sensor reading). The reduction in  oH2  NMR spectral intensity corresponds to an increase in population of the NMR- invisible  pH2  singlet state. The normalized integral of 13.2 translates to an  oH2  triplet population of  ~13±2%  inversely indicating a  pH2  singlet fraction of  87±2% .'],"The reduction in spectral intensity of the NMR-visible **oH₂ triplet state** after *para*-hydrogen (pH₂) enrichment at **~40 K** arises from a combination of **spin isomer interconversion kinetics** and **thermodynamic equilibrium effects**. Here's a step-by-step explanation:

### 1. **Initial pH₂ Enrichment:**
   - pH₂ enrichment (e.g., via cryogenic adsorption) produces a gas with **>95% pH₂** (nuclear singlet state, \( S = 0 \)), depleting the ortho-hydrogen (oH₂, triplet state, \( S = 1 \)) fraction.  
   - After enrichment, the residual oH₂ concentration is very low (e.g., <5% vs. 75% at room temperature).

### 2. **Slow Interconversion at 40 K:**
   - oH₂ ⇄ pH₂ interconversion **requires spin rotation coupling**, which is forbidden without catalysts. At ~40 K:
     - **Thermal energy is insufficient** for rapid uncatalyzed interconversion (timescales: hours to days).
     - Trace **paramagnetic impurities** (O₂, metal ions) or **surface interactions** act as catalysts, enabling gradual oH₂ → pH₂ conversion.
   - **Result:** Residual oH₂ in the enriched sample slowly converts to pH₂ over time, further reducing its concentration.

### 3. **Thermodynamic Equilibrium at 40 K:**
   - The equilibrium oH₂:pH₂ ratio is temperature-dependent:
     \[
     \frac{n_o}{n_p} = 9 \exp\left(-\frac{2\Delta E}{kT}\right)
     \]
     where \(\Delta E = 14.7\) cm⁻¹ (energy gap between oH₂ and pH₂ rotational states). At 40 K:
     - **Equilibrium favors pH₂** (≥99.8% pH₂ at 20 K; still >99% at 40 K).
   - After enrichment, the system **drives toward this equilibrium**, depleting oH₂ further.

### 4. **NMR Visibility Implications:**
   - The **triplet state (oH₂)** is NMR-active due to its net magnetic moment.
   - As residual oH₂ converts to pH₂ (NMR-silent singlet), the **observable triplet signal decays**.
   - At 40 K, **spin-lattice relaxation (\(T_1\))** is slow, but conversion dominates signal loss.

### Key Mechanism Summary:
| **Factor**                | **Effect at 40 K**                                                                 |
|---------------------------|------------------------------------------------------------------------------------|
| **Initial Enrichment**    | Depletes oH₂ (e.g., <5% residual).                                                 |
| **Catalyzed Conversion**  | Trace impurities/surfaces drive slow oH₂ → pH₂ conversion.                         |
| **Thermodynamic Push**    | System evolves toward ~99% pH₂ equilibrium.                                        |
| **NMR Signal**            | Triplet (oH₂) intensity drops as population converts to NMR-silent pH₂.            |

### Practical Note:
In hyperpolarization experiments (e.g., SABRE, PHIP), this decay necessitates rapid use of enriched pH₂ before significant oH₂ depletion occurs. The ~40 K temperature ""freezes"" but doesn't halt conversion entirely, making signal loss observable on NMR timescales.","The reduction in oH2 NMR spectral intensity occurs because the pH2 enrichment increases the population of the NMR-invisible pH2 singlet state, which inversely reduces the oH2 triplet population.",0.5313157957122749,0.9181065149176423,0.0,0.0,0.0
37,How does the conversion rate of parahydrogen to normal hydrogen compare between Rh_2C and Rh^0 in the hydrogenation experiments?,[],"['In addition, changes were observed in the conversion rate of parahydrogen to normal hydrogen, with Rh_2C converting p-H_2 to o-H_2 measurably faster than Rh^0.']","The conversion rate of parahydrogen (pH₂) to normal hydrogen (nH₂) **is significantly lower for Rh₂C nanoparticles compared to Rh⁰ nanoparticles** in hydrogenation experiments relevant to parahydrogen-induced hyperpolarization (PHIP). Here's the comparison and the key reasons:

1.  **Rh⁰ (Metallic Rhodium Nanoparticles):**
    *   **Higher Conversion Rate:** Rh⁰ nanoparticles typically exhibit a **fast** rate of pH₂ to nH₂ conversion.
    *   **Reason:** They possess a relatively high density of **paramagnetic sites/centers**. These can arise from:
        *   Surface defects and imperfections.
        *   Partially oxidized Rh species (e.g., Rh⁺) on the surface.
        *   Unpaired electrons associated with small particle sizes or specific crystal facets.
    *   **Consequence:** These paramagnetic centers efficiently catalyze the spin-state interconversion (ortho-para conversion) via interactions with the electron spins. This rapid conversion destroys the non-thermal spin order of pH₂ *before* it can be incorporated into a product molecule and detected as hyperpolarization.

2.  **Rh₂C (Rhodium Carbide Nanoparticles):**
    *   **Lower Conversion Rate:** Rh₂C nanoparticles exhibit a **significantly slower** rate of pH₂ to nH₂ conversion compared to Rh⁰.
    *   **Reason:** The incorporation of carbon into the rhodium lattice (forming the carbide phase) **stabilizes the structure and reduces the number of paramagnetic centers**. Specifically:
        *   Carbon atoms occupy interstitial sites, altering the electronic structure of Rh.
        *   This reduces the density of unpaired electrons and surface defects that act as paramagnetic relaxation sinks.
        *   The carbide phase is generally less prone to surface oxidation under reaction conditions, further minimizing paramagnetic Rh⁺ species.
    *   **Consequence:** The reduced density of paramagnetic sites means the spin-state interconversion of H₂ is much slower. This allows the parahydrogen spin order to persist long enough to be efficiently transferred into the hydrogenation product during the catalytic reaction, resulting in strong PHIP NMR signal enhancement.

**In Summary:**

*   **Conversion Rate:** Rh⁰ >> Rh₂C (Rh⁰ has a much *faster* pH₂ to nH₂ conversion rate).
*   **Underlying Cause:** The key difference is the **density of paramagnetic sites**. Rh⁰ has a high density, promoting rapid spin conversion. Rh₂C has a low density due to carbide stabilization, suppressing spin conversion.
*   **Impact on PHIP:** The **slower conversion rate on Rh₂C is highly desirable** for PHIP. It allows the parahydrogen-derived spin order to be retained and transferred to the product molecule, leading to the observed strong NMR signal hyperpolarization. The fast conversion on Rh⁰ typically destroys the polarization before it can be utilized effectively.

Therefore, Rh₂C catalysts are specifically advantageous for heterogeneous PHIP experiments precisely because they exhibit a lower rate of parahydrogen-to-normal-hydrogen conversion compared to their metallic Rh⁰ counterparts.",Rh_2C converts parahydrogen to normal hydrogen measurably faster than Rh^0.,0.4421908409528469,0.8582206615361624,0.0,0.0,0.0
38,What is the first step in the SABRE method for spin-polarizing samples for zero-field NMR measurements?,[],"['The text describes the SABRE method for spin-polarizing samples for zero-field NMR measurements, detailing the steps involving the catalyst, substrate, and para-hydrogen interaction to achieve high spin polarization.']","The **first step** in the SABRE (Signal Amplification By Reversible Exchange) method is:  
**Preparation and activation of the catalyst**.  

### Detailed Breakdown:
1. **Catalyst Selection**:  
   Use an organometallic catalyst—typically an **Ir(I) N-heterocyclic carbene (NHC) complex** (e.g., [IrCl(COD)(IMes)] where IMes = 1,3-bis(2,4,6-trimethylphenyl)imidazol-2-ylidene).  

2. **Catalyst Activation**:  
   - Dissolve the catalyst in a suitable solvent (e.g., methanol-d<sub>4</sub>, acetone-d<sub>6</sub>).  
   - Pressurize the solution with **hydrogen gas (H<sub>2</sub>)** to convert the Ir(I) complex into an **active dihydride species** (e.g., [Ir(H)<sub>2</sub>(IMes)(substrate)<sub>3</sub>]<sup>+</sup>).  
   - This step is critical to form the *para*-hydrogen-binding site on the metal center.  

### Why This is the First Step?  
SABRE relies on reversible substrate binding to the activated catalyst, enabling *para*-hydrogen (the hyperpolarization source) to transfer its spin order to target analytes. **Without catalyst activation, no polarization transfer occurs.**  

### Subsequent Steps:
1. Add the target substrate (e.g., pyridine, nicotinamide).  
2. Introduce *para*-hydrogen (p-H<sub>2</sub>) into the solution.  
3. Polarization transfer occurs via scalar couplings at low magnetic fields (e.g., μT range).  
4. Transfer the hyperpolarized sample to NMR for zero-field detection.  

### Key Insight:  
The activated catalyst acts as a ""molecular bridge,"" enabling p-H<sub>2</sub> to hyperpolarize substrates through J-couplings. This initial catalyst preparation is **non-negotiable** for SABRE efficiency.  

> **Reference**: Duckett, S. B., et al. (2009). *Science*, *323*(5922), 1708–1711.",The first step is the formation of an active iridium-based catalyst from a precatalyst.,0.2300516966601156,0.7322105506571447,0.0,0.0,0.0
39,Why is the SABRE method advantageous in non-hydrogenative PHIP?,[],"['In 2009, a non-hydrogenative variant of PHIP was discovered and introduced as SABRE, which stands for signal amplification by reversible exchange.[38] This non-hydrogenative method has the advantages that it broadens the pool of agents beyond unsaturated precursors and that it does not need to change the molecular structure of the agents, thus allowing continuous and repeated hyperpolarization of one and the same molecule.[64] In SABRE, $\\mathsf{pH}_2$ reversibly binds to an inorganic polarization transfer complex (PTC). In these transient PTCs, hyperpolarization is transferred from $\\mathsf{pH}_2$ derived hydrides to a substrate, the agent.']","The SABRE (Signal Amplification By Reversible Exchange) method offers several significant advantages in the context of **non-hydrogenative PHIP** (Para-Hydrogen Induced Polarization), making it a powerful technique for generating hyperpolarization:

1.  **Avoids Substrate Modification:** This is the core advantage. Unlike traditional hydrogenative PHIP (like PASADENA/ALTADENA), SABRE does *not* require the substrate molecule to undergo hydrogenation (addition of H atoms). The substrate binds reversibly to the catalyst alongside parahydrogen but is released chemically unchanged. This is crucial for:
    *   **Sensitive Molecules:** Studying molecules that would decompose, rearrange, or lose functional groups upon hydrogenation (e.g., many pharmaceuticals, biomolecules, complex organics).
    *   **Preserving Functionality:** Maintaining the specific chemical identity and properties of the molecule for its intended application (e.g., metabolic tracers in MRI must retain their biological activity).
    *   **Broader Applicability:** Expanding the range of molecules that can be hyperpolarized beyond unsaturated compounds amenable to hydrogenation.

2.  **Catalyst-Based Reversible Exchange:**
    *   **Efficiency & Reusability:** The iridium catalyst (typically an NHC complex) acts as a polarization transfer hub. It binds `p-H₂` and the substrate reversibly, transfers polarization to the substrate, and releases the hyperpolarized substrate. The catalyst is regenerated and can polarize many substrate molecules.
    *   **Continuous Process:** The reversible binding allows for continuous flow or refreshable sample approaches, enabling sustained hyperpolarization or rapid repetition of experiments.

3.  **Mechanism of Polarization Transfer:** SABRE relies on **scalar (J-) couplings** within the transient metal complex for polarization transfer from `p-H₂` protons to substrate nuclei (¹H or heteronuclei). While this mechanism imposes constraints (like the need for suitable J-couplings), it also enables:
    *   **Faster Transfer:** Scalar coupling transfer can be significantly faster than the dipolar coupling mechanism dominant in ALTADENA. This reduces losses due to relaxation during the transfer process.
    *   **Access to Heteronuclei:** The scalar network facilitates efficient polarization transfer not just to substrate protons, but also to nearby heteronuclei (¹³C, ¹⁵N, ³¹P, ¹⁹F) via the catalyst's hydrides or directly via substrate-catalyst couplings, enabling hyperpolarized heteronuclear NMR/MRI.

4.  **Broad Substrate Scope (with limitations):** While the substrate must bind reversibly to the catalyst (typically via N-donor groups like pyridine, imidazole, or amines), SABRE has demonstrated compatibility with a vast array of molecules containing these motifs, including complex pharmaceuticals, metabolites, and biomolecule precursors. This scope is significantly wider than hydrogenative PHIP.

5.  **Operational Simplicity (Relative):**
    *   **Low Field Polarization:** Polarization transfer and generation often occur efficiently at very low magnetic fields (mT range), simplifying the polarization hardware compared to techniques requiring high fields or cryogenics (like DNP).
    *   **Ambient Conditions:** SABRE typically operates at or near room temperature and atmospheric pressure, making it more accessible and practical than many other hyperpolarization techniques.

6.  **High Signal Enhancement:** SABRE routinely achieves enormous signal enhancements (>10,000-fold for ¹H, >1,000-fold for heteronuclei) on dissolved molecules, dramatically increasing NMR sensitivity and enabling applications like real-time metabolic imaging.

**In Summary:**

The key advantage of SABRE in non-hydrogenative PHIP is its ability to **generate massive NMR signal enhancements on chemically unaltered substrate molecules** through a **catalyst-mediated, reversible exchange process** with parahydrogen. This overcomes the fundamental limitation of hydrogenative PHIP (destructive substrate modification), vastly expands the range of applicable molecules (especially sensitive and biologically relevant ones), enables hyperpolarization of heteronuclei, and operates under relatively practical conditions, making it a transformative technique for advancing NMR and MRI sensitivity.","The SABRE method is advantageous because it broadens the pool of agents beyond unsaturated precursors, does not require changing the molecular structure of the agents, and allows continuous and repeated hyperpolarization of the same molecule through reversible exchange and hyperpolarization transfer in transient polarization transfer complexes.",0.34922528734660213,0.9724087548609742,0.0,0.0,0.0
40,How does the pairwise selectivity of PY hydrogenation over ceria rods compare to that over ceria cubes at 300°C?,[],"['At 300°C, pairwise selectivities of (8.1±0.5)% on rods, (2.6±0.2)% on cubes, and (1.6±0.5)% on octahedra (assuming 90% syn addition) were obtained.']","Based on experimental studies of parahydrogen-induced polarization (PHIP) over ceria catalysts, **ceria rods exhibit significantly higher pairwise selectivity than ceria cubes at 300°C**. This difference is attributed to their distinct surface structures:  

### Key Factors Driving the Difference:
1. **Surface Facets & Defects**:  
   - **Ceria Rods**: Dominated by reactive {110} and {100} facets, with a high density of oxygen vacancies. These defects promote the **heterolytic dissociation** of H₂, where H⁺ and H⁻ pairs are stabilized at vacancy sites. This facilitates pairwise hydrogen transfer to substrates.  
   - **Ceria Cubes**: Primarily expose stable, low-defect {100} facets. H₂ dissociation tends to be **homolytic** (random H atom migration), reducing pairwise selectivity.  

2. **Oxygen Vacancy Dynamics**:  
   Rods have higher oxygen mobility and vacancy concentration at 300°C, enabling reversible H₂ activation/desorption that preserves H-pair coherence. Cubes show weaker H₂ interaction and higher H-atom mobility, leading to scrambled addition.  

3. **Experimental Evidence**:  
   PHIP studies (e.g., using propylene hydrogenation) show:  
   - **Ceria Rods**: Strong PHIP signals (indicative of pairwise addition).  
   - **Ceria Cubes**: Weak/no PHIP signals (non-pairwise dominant).  
   At 300°C, thermal energy exacerbates H-atom scrambling on cubes but is mitigated on rods by vacancy trapping.  

### Summary:
| **Catalyst** | **Pairwise Selectivity at 300°C** | **Primary Reason** |  
|--------------|-----------------------------------|-------------------|  
| Ceria Rods   | **High**                          | Defect-rich {110}/{100} facets, vacancy-trapped H-pairs |  
| Ceria Cubes  | **Low**                           | Stable {100} facets, random H migration |  

This morphology-dependent behavior highlights **ceria rods as superior for PHIP applications** requiring pairwise hydrogenation. For optimization, defect engineering (e.g., doping rods) can further enhance selectivity.",The pairwise selectivity over ceria rods (8.1±0.5%) is higher than that over ceria cubes (2.6±0.2%) at 300°C.,0.3233370042682515,0.7262268968606914,0.0,0.0,0.0
41,What is the first step in the flow system setup for polarizing samples using para-hydrogen?,[],"['The flow system is comprised of a p-H2 generator (same generator used for the shaking method described above) set to 7 bar (absolute) pressure, an automated polarisation unit (Bruker) and a specially designed probe which will allow transfer of the solution into a high-field Bruker 400MHz spectrometer after polarisation.']","The **first and most critical step** in setting up a flow system for para-hydrogen-induced hyperpolarization (PHIP) is:

**Generating and delivering para-enriched hydrogen gas (p-H₂).**

Here's a breakdown of why this is the first step and what it entails:

1.  **Definition of Para-Hydrogen:** Hydrogen gas (H₂) at room temperature exists as a mixture of ~75% *ortho*-hydrogen (nuclear spins parallel) and ~25% *para*-hydrogen (nuclear spins antiparallel). Only the *para*-spin isomer possesses the non-equilibrium nuclear spin order essential for hyperpolarization via PHIP.
2.  **The Need for Enrichment:** The natural abundance of *para*-hydrogen at room temperature (25%) is insufficient for efficient PHIP. Significant hyperpolarization requires enriching the *para*-content to near 100%.
3.  **The Process of Enrichment (Ortho-Para Conversion):**
    *   **Cooling:** Hydrogen gas is passed through a vessel cooled to cryogenic temperatures, typically using **liquid nitrogen (77 K)**.
    *   **Catalyst:** The vessel is filled with a catalyst that facilitates the conversion of *ortho*-H₂ to *para*-H₂ under these low-temperature conditions. Common catalysts include:
        *   Iron(III) oxide hydroxide (FeO(OH)) or other iron oxides.
        *   Activated charcoal.
        *   Specific metal-oxide catalysts.
    *   **Equilibrium Shift:** At liquid nitrogen temperature, the equilibrium state favors >99.8% *para*-hydrogen. The catalyst allows the gas mixture to reach this equilibrium relatively quickly as it flows through the cold catalyst bed.
4.  **Delivery:** The enriched p-H₂ gas stream exits the ortho-para converter and is directed under controlled flow towards the reaction zone where it will mix with the substrate and catalyst.

**Why it's the FIRST step:**

*   **Fundamental Requirement:** Without a source of highly enriched p-H₂, the PHIP effect cannot occur. All subsequent steps (mixing with substrate/catalyst, reaction, transfer to NMR) rely on this initial enrichment.
*   **Setup Location:** The ortho-para converter is physically the first component in the gas handling line upstream of the reaction/mixing point. Gas typically flows from the H₂ source -> purification (optional but recommended) -> **ortho-para converter** -> reaction zone.
*   **Logistics:** The converter needs time to cool down to 77K and stabilize before experiments begin.

**In summary:** Before any mixing or reaction can happen to transfer the hyperpolarization, you must first generate a continuous flow of hydrogen gas where the *para*-spin isomer is highly enriched. This is achieved by flowing H₂ through a catalyst cooled to liquid nitrogen temperatures. This ortho-para conversion step is the essential foundation of any PHIP flow system.",The first step is to set the p-H2 generator to 7 bar (absolute) pressure.,0.16974539996260068,0.8540948738748892,0.0,0.0,0.0
42,What is the third step in preparing a sample for NMR detection?,[],"['The procedure involves evacuating the sample, charging it with p-H2, shaking it in a Halbach array, transferring it to the NMR spectrometer, noting the transfer time, and repeating the measurement.']","The **third step** in preparing a sample for para-hydrogen-induced hyperpolarization (PHIP) NMR detection is:  
**Rapid transfer of the hyperpolarized sample to the NMR spectrometer for detection**.  

Here's the full context of the PHIP sample preparation steps:  
1. **Parahydrogen (p-H₂) Generation**:  
   - Enrich H₂ gas in the *para*-spin isomer (>95%) by cooling it over a catalyst (e.g., activated charcoal) at low temperatures (20–30 K).  

2. **Hydrogenation Reaction**:  
   - Introduce *p*-H₂ to an unsaturated substrate (e.g., alkyne, alkene) in the presence of a catalyst (e.g., Rh or Ir complex) to form a hyperpolarized product.  
   - The *p*-H₂-derived protons gain enhanced NMR signals via spin order transfer.  

3. **⏱️ Rapid Transfer to NMR Spectrometer**:  
   - **Immediately move the hyperpolarized sample** into the NMR detection region (e.g., via pneumatic shuttle, flow system, or manual injection).  
   - **Critical Timing**: Hyperpolarization decays rapidly (*T₁* ≈ seconds–minutes). Delays >10–60 seconds often forfeit signal enhancement.  
   - **Methods**: Use flow-NMR setups, high-pressure injection, or pre-cooled probes to minimize transfer time.  

**Why this step matters**:  
- PHIP signals are **transient** (non-equilibrium polarization).  
- Slow transfer allows spin relaxation, erasing hyperpolarization before detection.  
- Proper execution enables signal enhancements of **10³–10⁵-fold** in NMR sensitivity.  

> 💡 *Practical Note*: For dissolution PHIP or SABRE (signal amplification by reversible exchange), additional steps (e.g., solvent removal/catalyst separation) may precede transfer. However, in standard *in situ* PHIP, rapid transfer remains the decisive third step.",The sample is shaken for 10 seconds in a handheld Halbach array with a static field of 63G.,0.12620646887685422,0.8407443081741278,0.0,0.0,0.0
43,How do the viscosities of acetone and chloroform compare at their respective temperatures?,[],"['The employed solvents at the reaction temperatures used here have very similar viscosities (between 0.3 and 0.55 Pa·s, with viscosity values for acetone at RT and chloroform at 333 K of 0.306 and 0.39 Pa·s, respectively, acetone and chloroform being the best and the worst solvents, respectively, for what concerns the reaction rate).']","The viscosities of acetone and chloroform differ significantly due to their molecular structures and intermolecular forces. Here's a comparison at standard temperatures (20°C) and key insights relevant to NMR/hyperpolarization:

### 1. **Viscosity at 20°C:**
   - **Acetone (CH₃COCH₃):**  
     **0.316 mPa·s (cP)**  
     *Lower viscosity due to weaker intermolecular forces (dipole-dipole only, no H-bonding).*
   - **Chloroform (CHCl₃):**  
     **0.537 mPa·s (cP)**  
     *Higher viscosity due to stronger intermolecular forces (permanent dipole + weak H-bonding capability).*

### 2. **Temperature Dependence:**
   - Both solvents decrease in viscosity as temperature increases, but **chloroform's viscosity is more temperature-sensitive** due to its intermolecular interactions.  
   - Example:  
     - At 30°C, acetone ≈ 0.295 cP; chloroform ≈ 0.497 cP.  
     - At 10°C, acetone ≈ 0.350 cP; chloroform ≈ 0.615 cP.

### 3. **Impact on NMR/Hyperpolarization:**
   - **Spin-Lattice Relaxation (T₁):** Lower viscosity (e.g., acetone) typically correlates with **longer T₁ times**, as molecular tumbling is faster. This is critical for preserving hyperpolarization.  
   - **Diffusion Rates:** Acetone’s lower viscosity enhances diffusion-driven processes (e.g., substrate exchange in SABRE hyperpolarization).  
   - **Linewidths:** Higher viscosity solvents like chloroform may slightly broaden NMR peaks due to slower molecular motion.

### Key Comparison Table:
| Solvent    | Viscosity at 20°C (cP) | Primary Intermolecular Forces | T₁ Implications        |
|------------|-------------------------|-------------------------------|------------------------|
| **Acetone** | 0.316                  | Dipole-Dipole                 | Longer T₁ (better for signal retention) |
| **Chloroform** | 0.537                | Dipole-Dipole + Weak H-bonding | Shorter T₁             |

### Why This Matters for Para-Hydrogen Hyperpolarization:
- In techniques like **SABRE (Signal Amplification By Reversible Exchange)**, solvent viscosity influences:  
  - Catalyst-substrate exchange kinetics.  
  - Polarization transfer efficiency.  
  - Relaxation losses during transfer/detection.  
- Acetone is often preferred for experiments requiring extended hyperpolarization lifetimes, while chloroform may be chosen for solubility reasons despite its viscosity trade-offs.

For precise applications, always measure viscosity at your experimental temperature, as small changes can significantly affect hyperpolarization outcomes.",The viscosity of acetone at room temperature (0.306 Pa·s) is lower than that of chloroform at 333 K (0.39 Pa·s).,0.29702601295906034,0.8822271424242775,0.0,0.0,0.0
44,What is the third step in the process of PHIP in solution using nanoparticles?,[],"['PHIP in solutions using nanoparticles was thoroughly investigated, with steps including attachment of the SABRE catalyst to polymer beads, modification of TiO2 nanoparticles, and use of a SiO2-based SABRE catalyst.']","The third step in the para-hydrogen-induced hyperpolarization (PHIP) process using nanoparticles in solution is typically **Polarization Transfer** to the target nuclei.

Here's a breakdown of the key steps in nanoparticle-mediated PHIP in solution:

1.  **Parahydrogen (p-H₂) Generation:** p-H₂ is produced by cooling normal H₂ over a catalyst (e.g., FeO(OH)) at low temperatures (typically 20-30 K) to enrich the nuclear singlet spin state.
2.  **Catalytic Hydrogenation:** p-H₂ and the unsaturated substrate are introduced to the nanoparticle catalyst suspension. The nanoparticle catalyzes the addition of p-H₂ across the double/triple bond of the substrate. During this reaction, the two protons derived from p-H₂ often retain their initial spin order (singlet state) on the product molecule, creating a transient, non-thermal spin state (""parahydrogen-derived hyperpolarization"").
3.  **Polarization Transfer (The Third Step):** This is the crucial step to make the hyperpolarization observable and useful in NMR/MRI. The hyperpolarization initially resides on the two newly added protons (the ""parahydrogen pair""). To be detectable or transferred to other nuclei (like ¹³C or ¹⁹F) for longer lifetimes or specific applications, this polarization needs to be transferred. This can happen via:
    *   **Chemical Exchange:** The hyperpolarized product molecule desorbs from the nanoparticle surface and diffuses into the bulk solution.
    *   **Magnetic Field Manipulation:** A specific RF pulse sequence (often a field cycling procedure or a dedicated pulse like an ""ALTADENA pulse"") is applied. This breaks the magnetic equivalence of the two p-H₂-derived protons or utilizes scalar couplings (J-couplings) to transfer the polarization to adjacent nuclei within the same molecule.
    *   **Nuclear Overhauser Effect (NOE):** Polarization can spread to nearby nuclei through dipolar couplings.
    *   **Signal Amplification By Reversible Exchange (SABRE):** While SABRE is a distinct PHIP method, nanoparticles can sometimes function in a conceptually similar way, where polarization is transferred to a substrate reversibly bound to the catalyst surface via J-couplings before desorption.

**Why is Step 3 Critical?**

The singlet spin order on the parahydrogen pair is NMR-invisible. Step 3 converts this singlet order into observable magnetization (e.g., net magnetization or enhanced antiphase signals) on the parahydrogen protons themselves or transfers it to other nuclei. Without this transfer step, the hyperpolarization cannot be detected in a standard NMR experiment.

**In summary:** After generating p-H₂ (Step 1) and performing the catalytic hydrogenation reaction on the nanoparticle surface (Step 2), the **third and essential step is Polarization Transfer**, which makes the hyperpolarization generated by parahydrogen detectable and usable in NMR/MRI applications.",The third step is the use of a SiO2-based SABRE catalyst to polarize the 15N of pyridine to up to 100-fold.,0.2977004020685641,0.881181646503619,0.0,0.0,0.0
45,What would be expected if $J_{\mathrm{PP}}< J_{\mathrm{PH}}$ in the given scenario?,[],['regardless of the individual  $J_{\\mathrm{PH}}$  values while if  $J_{\\mathrm{PP}}< J_{\\mathrm{PH}}$  then a doublet of doublets would be expected.'],"In para-hydrogen-induced polarization (PHIP) scenarios where **J<sub>PP</sub> < J<sub>PH</sub>**, the following effects are expected:

### 1. **Dominant Hydride Signal Enhancement**
   - **Stronger Polarization Transfer to H**: The larger J<sub>PH</sub> coupling facilitates efficient polarization transfer from *para*-hydrogen directly to the hydride (<sup>1</sup>H) nucleus. This results in intense **hyperpolarized hydride signals** in NMR spectra.

### 2. **Weaker Phosphorus Signal Enhancement**
   - **Reduced Polarization Transfer to P**: The smaller J<sub>PP</sub> coupling impedes efficient polarization transfer between the two equivalent <sup>31</sup>P nuclei. Consequently, hyperpolarization of the <sup>31</sup>P signals will be **significantly weaker** compared to the hydride.

### 3. **Spin System Behavior**
   - The spin Hamiltonian favors polarization pathways through **stronger J<sub>PH</sub> couplings**, leading to:
     - Rapid initial polarization buildup on the hydride.
     - Slow/incomplete polarization transfer to phosphorus due to weak P-P coupling.
   - In symmetric systems (e.g., *trans*-complexes with equivalent P atoms), the antisymmetric singlet state of *p*-H<sub>2</sub> couples more efficiently to the hydride than to the phosphorus spins.

### 4. **Experimental Outcome**
   - **<sup>1</sup>H NMR**: A strongly enhanced hydride resonance (negative or positive phase, depending on pulse sequence).
   - **<sup>31</sup>P NMR**: Weak or negligible hyperpolarization on phosphorus; signals may appear at thermal intensity or with minor enhancement.

### Key Implication:
**Detection strategy** must prioritize the hydride signal (<sup>1</sup>H) for optimal sensitivity. Direct observation of hyperpolarized <sup>31</sup>P will be inefficient unless J<sub>PP</sub> is comparable to or larger than J<sub>PH</sub>.

> *Example*: In a symmetric *trans*-dihydride complex with equivalent phosphine ligands (e.g., [Ir(H)<sub>2</sub>(PPh<sub>3</sub>)<sub>2</sub>]), weak J<sub>PP</sub> would yield intense H resonances but faint P signals in PHIP experiments.",A doublet of doublets would be expected.,0.1147218196822674,0.7526393320792123,0.0,0.0,0.0
46,Why does NaCl deliver the best separation times and enhancement levels in the SABRE efficiency tests compared to other salts?,[],"['These results are described in the Supporting Information and reveal that under spectroscopic examination, separate signals for pz can be seen in the two distinct phases in the majority of cases. This point confirms a role for phase transfer without the need for imaging. NaCl, however, proved to deliver the best separation times and enhancement levels.']","The superior performance of NaCl in SABRE (Signal Amplification By Reversible Exchange) efficiency tests stems from a combination of factors related to its specific ionic properties and their interaction with the crucial iridium catalyst complex. Here's a breakdown of the key reasons, based on empirical observations and mechanistic understanding:

1.  **Optimal Chloride Availability & Catalyst Activation:**
    *   The active SABRE catalyst species is typically **trans-[Ir(IMes)(pyridine)₂(H)₂Cl]⁺** (where IMes is an N-heterocyclic carbene ligand like 1,3-bis(2,4,6-trimethylphenyl)imidazol-2-ylidene).
    *   The **chloride anion (Cl⁻)** is an essential ligand in this active complex. It plays a critical role in:
        *   **Stabilizing the dihydride complex:** The chloride ligand helps maintain the correct geometry and electronic structure for efficient para-H₂ binding and polarization transfer.
        *   **Facilitating substrate exchange:** The chloride ligand is labile, allowing pyridine (or other substrates) to reversibly bind and dissociate at the vacant site *trans* to the hydrides, which is crucial for the polarization transfer mechanism.
    *   NaCl provides a readily available source of Cl⁻ ions. While other chloride salts (KCl, NH₄Cl) also provide Cl⁻, NaCl consistently delivers the best enhancements, suggesting the cation (Na⁺) also plays a role.

2.  **Beneficial Effects of the Sodium Cation (Na⁺):**
    *   **Minimal Interference & Inertness:** Na⁺ is relatively small and has a high charge density. Crucially, it has a very low tendency to form coordination complexes or strong ion pairs with the anionic parts of the catalyst system compared to other common cations. It primarily influences the solution through ionic strength effects without directly interfering with the catalyst's coordination sphere.
    *   **Ionic Strength Optimization:** Adding salt increases the ionic strength of the solution. This can:
        *   **Screen Electrostatic Repulsion:** Reduce repulsion between the cationic Ir complex and cationic substrates (like protonated pyridine), potentially improving association kinetics or complex stability.
        *   **Influence Solvation:** Alter the solvation shell around the catalyst and substrates, potentially favoring the formation and stability of the active catalyst species.
    *   **Hofmeister Series Effects:** Na⁺ is classified as a relatively ""kosmotropic"" (water-structure-making) ion. While the effects in methanol/water mixtures used in SABRE are complex, Na⁺'s position in the Hofmeister series might contribute to a solvent environment that subtly favors the active catalyst conformation or substrate binding dynamics more effectively than K⁺ (more chaotropic) or NH₄⁺ (unique due to hydrogen bonding potential).

3.  **Comparison to Other Salts:**
    *   **KCl:** Potassium ions (K⁺) are larger and more chaotropic (water-structure-breaking) than Na⁺. They may form slightly weaker ion pairs or influence solvent structure differently, often leading to slightly lower enhancements than NaCl in comparative studies. K⁺ might also interact slightly differently with solvent or ligand molecules.
    *   **NH₄Cl:** Ammonium ions (NH₄⁺) can act as weak acids in solution and have significant hydrogen bonding capability. This introduces additional variables:
        *   Potential acidity can affect protonation states of substrates or ligands.
        *   Hydrogen bonding can interfere with substrate binding dynamics or solvation.
        *   NH₄⁺ might coordinate weakly or participate in different equilibria.
        *   These factors often lead to reduced enhancement and faster catalyst decomposition compared to NaCl.
    *   **Other Anions (e.g., NaBF₄, NaOTf, NaOAc):** Salts without Cl⁻ fail to provide the essential chloride ligand for forming the active catalyst complex. The resulting iridium species (e.g., with BF₄⁻, OTf⁻, OAc⁻ as counterions) are often much less active or completely inactive for SABRE polarization transfer. Acetate (OAc⁻) can even act as a competing ligand, poisoning the catalyst.

4.  **Empirical Optimization:**
    *   Numerous systematic studies testing various salts consistently find NaCl provides the highest and most robust signal enhancements for standard SABRE substrates like pyridine in common solvents (e.g., methanol-d4). This empirical result is the gold standard, and the mechanistic explanations above rationalize *why* NaCl outperforms the alternatives.

**In summary:** NaCl delivers the best SABRE performance because it provides the essential chloride ion required to form the active iridium catalyst complex, while the sodium cation optimizes the solution ionic strength with minimal detrimental interactions (no significant coordination, weak ion pairing, no acidity, limited hydrogen bonding) compared to other common cations like K⁺ or NH₄⁺. Salts lacking chloride fail to activate the catalyst properly.","NaCl delivers the best separation times and enhancement levels because it proved to be the most effective among the tested salts (NaCO2Mn, NH4CO2Me, NH4Cl, NaOH, NaH(CO3), and Na2CO3) under spectroscopic examination, confirming its superior role in phase transfer without the need for imaging.",0.23092885777373195,0.9523250085783207,0.0,0.0,0.0
47,Why does chemically-induced dynamic nuclear polarisation (CIDNP) occur?,[],"['Chemically- induced dynamic nuclear polarisation (CIDNP) is a hyperpolarisation phenomenon that was first observed by Burgon, Fischer and Johnsen in 1967 [213], with independent observations made by Ward and Lawler [214] later that same year. The respective authors reported anomalous signal intensities for products of chemical reactions involving free radical intermediates, indicating that these molecules were formed with non- equilibrium nuclear spin polarisation. Ward and Lawler suggested that this was the result of an electron- nuclear cross- relaxation effect in free radicals, similar to the Overhauser effect [214]. However, this mechanism was found to be inconsistent with a range of additional experimental observations, such as the dependence of signal enhancement on the type of chemical reaction performed, or the observation of hyperpolarisation in the absence of an external magnetic field [215]. A radical pair mechanism (RPM) was subsequently proposed by Closs [216,217], and Kaptein and Oosterhoff [218], to comprehensively explain the form of the observed CIDNP spectra.']","Chemically Induced Dynamic Nuclear Polarization (CIDNP) occurs due to the **Radical Pair Mechanism (RPM)**, driven by the interplay of electron spins, nuclear spins, and chemical reactions. Here's a step-by-step explanation:

### Key Principles:
1.  **Radical Pair Formation:** A chemical reaction (often photochemical) generates a pair of transient radicals (atoms/molecules with unpaired electrons) in close proximity.
2.  **Electron Spin States:** The two unpaired electrons in the radical pair can exist in specific spin states:
    *   **Singlet State (S):** Electron spins are antiparallel (`↑↓`). This state typically leads to recombination into a diamagnetic product.
    *   **Triplet State (T):** Electron spins are parallel (`↑↑`, `↓↓`, or quantum mixture). This state typically leads to escape (diffusion apart) or reaction to form different products.
3.  **Hyperfine Interaction (HFI):** This is the crucial link to nuclear spins. The magnetic moment of a nucleus (e.g., `¹H`, `¹³C`) interacts with the magnetic moment of an unpaired electron *within its own radical*. This interaction slightly alters the local magnetic field experienced by the electron, changing its energy levels.
4.  **Spin Evolution (S ⇄ T Mixing):** While the radicals are close together (within the ""radical pair cage""), the electron spins are not static. The HFI (and often an external magnetic field) causes the singlet (S) and triplet (T) states to interconvert (mix). The *rate* and *pathway* of this S ⇄ T mixing depend on the *spin state of the nuclei* involved via the HFI.
5.  **Spin-Selective Reaction:** The ultimate fate of the radical pair depends on its electron spin state at the moment the radicals react or diffuse apart:
    *   **Singlet Pair:** Recombines to form a ""cage product"".
    *   **Triplet Pair:** Escapes the cage to form ""escape products"" or reacts differently.
6.  **Nuclear Spin Sorting:** Because the S ⇄ T mixing probability depends on the nuclear spin state (via HFI), the nuclear spin state influences whether the radical pair is likely to be singlet or triplet at the moment of reaction/diffusion. Consequently:
    *   Radical pairs containing nuclei in one spin state (e.g., α) are more likely to follow the S reaction path.
    *   Radical pairs containing nuclei in the other spin state (e.g., β) are more likely to follow the T reaction path.
7.  **Non-Boltzmann Population:** The cage products and escape products are therefore formed with specific nuclear spin states **enriched or depleted** relative to the normal thermal equilibrium (Boltzmann) distribution. This creates a non-equilibrium population imbalance across the nuclear spin energy levels.
8.  **Observable CIDNP:** When these reaction products are observed by NMR:
    *   NMR transitions for nuclei that were enriched in the lower energy state (α) will show **enhanced absorption (A)**.
    *   NMR transitions for nuclei that were depleted in the lower energy state/enriched in the higher state (β) will show **emission (E)** (negative signal).
    *   This results in dramatically enhanced and often inverted NMR signals.

### Simplified Summary:
CIDNP occurs because the **hyperfine interaction** between electron spins and nuclear spins makes the chemical fate (recombination vs. escape) of a **radical pair** dependent on the nuclear spin state. This acts like a filter, sorting nuclear spins into different reaction products based on their state, creating a non-equilibrium polarization in those products that is easily detected by NMR.

### Key Requirements:
*   Radical pair generation (often via light-induced bond cleavage).
*   Competition between recombination (S path) and escape/diffusion (T path).
*   Significant hyperfine coupling between electron(s) and nucleus(es) in at least one radical.
*   An external magnetic field (usually) to define an axis and influence S-T mixing rates.

CIDNP is a powerful tool for studying reaction mechanisms involving radicals and for enhancing NMR sensitivity in specific products.","CIDNP occurs due to the radical pair mechanism (RPM), which comprehensively explains the non-equilibrium nuclear spin polarisation observed in products of chemical reactions involving free radical intermediates, accounting for experimental inconsistencies like field dependence and hyperpolarisation without an external magnetic field.",0.24152301232761852,0.9197511423010255,0.0,0.0,0.0
48,Why does the most populated spin state shift from $\phi_3$ to $\phi_2$ when the magnetic field is lower than about $0.2\mu \mathrm{T}$?,[],"['Among the former three, the energetically intermediate level $\\phi_3$ is the most populated one at earth field (green line), but, as can be derived from Fig.4, when the magnetic field is lower than about $0.2\\mu \\mathrm{T},$ the most stable $\\phi_{2}$ state replaces it (detailed calculations in Supplementary material). In particular, the magnetic field at which the inversion between the two states populations occurs depends on the isotropic mixing condition between protons and $^{13}\\mathrm{C}$.']","The shift in the most populated spin state from $\phi_3$ to $\phi_2$ below **~0.2 μT** arises due to the interplay between **spin-spin coupling ($J$)**, **Zeeman interaction ($\mu B$)**, and **quantum symmetry**. Here's a step-by-step explanation:

### 1. **Spin States in a Two-Spin System**
   For two coupled spins ($I = 1/2$), the eigenstates in a magnetic field ($B$) are:
   - $\phi_1 = |\alpha\beta\rangle + |\beta\alpha\rangle$ (Singlet, $S=0$)
   - $\phi_2 = |\alpha\beta\rangle - |\beta\alpha\rangle$ (Antisymmetric triplet component, $S=1, m_S=0$)
   - $\phi_3 = |\alpha\alpha\rangle$ (Symmetric triplet, $S=1, m_S=+1$)
   - $\phi_4 = |\beta\beta\rangle$ (Symmetric triplet, $S=1, m_S=-1$)

### 2. **Energy Dependence on Magnetic Field**
   The energies of these states are:
   - $E_1 = -J$  
   - $E_2 = +J$  
   - $E_3 = -\mu B + J$  
   - $E_4 = +\mu B + J$  
   where $\mu = \gamma \hbar / 2$ (effective magnetic moment) and $J$ is the scalar coupling constant.

### 3. **Competition Between $J$ and $\mu B$**
   - **At high fields ($\mu B \gg J$):**  
     Zeeman interaction dominates. The state $\phi_3$ ($|\alpha\alpha\rangle$) has the lowest energy ($E_3 = -\mu B + J$).  
     → $\phi_3$ is the most populated.  
   - **At ultra-low fields ($\mu B \ll J$):**  
     Spin-spin coupling ($J$) dominates. The singlet $\phi_1$ ($E_1 = -J$) is the ground state, but **$\phi_2$ becomes lower in energy than $\phi_3$** because:  
     $E_2 = +J$  
     $E_3 = -\mu B + J \approx J$ (since $\mu B \rightarrow 0$).  
     Thus, $E_2 < E_3$ when $\mu B < J$.  

### 4. **Critical Field Strength ($B_c$)**
   The crossover occurs when $E_3 = E_2$:  
   $$
   -\mu B_c + J = J \implies \mu B_c = 0 \quad \text{(trivial)}
   $$
   This is incorrect because $\phi_2$ and $\phi_3$ mix at low fields. The correct condition is derived from the **Hamiltonian mixing**:  
   - The $m_S = 0$ subspace ($\phi_1, \phi_2$) mixes via the Zeeman term.  
   - At $B = 0$, $\phi_1$ (singlet) is the ground state.  
   - As $B$ increases, $\phi_2$ gains singlet character, lowering its energy below $\phi_3$.  

   The transition occurs when $\mu B \approx J$. For typical $J \sim 1–10$ Hz:  
   $$
   B_c \approx \frac{J}{\mu} \sim 0.1–1 \: \mu\text{T}
   $$
   Hence, **below $B_c \approx 0.2 \: \mu$T**, $\phi_2$ becomes energetically favorable over $\phi_3$.

### 5. **Population Distribution**
   In thermal equilibrium, populations follow the Boltzmann distribution:  
   $$
   p_i \propto e^{-E_i / k_B T}
   $$
   Below $B_c$:  
   $E_2 < E_3$ → Population of $\phi_2$ exceeds $\phi_3$.

### Key Insight
The shift occurs because **$\phi_2$ (antisymmetric) hybridizes with the singlet** at low fields, reducing its energy below that of $\phi_3$ (symmetric). This is a direct consequence of $J$-coupling dominating over Zeeman interaction at ultra-low fields.  

> **Example**: For $J = 7$ Hz (common in H₂), $B_c \approx 0.16 \: \mu$T, aligning with the $0.2 \: \mu$T threshold.","The inversion between the populations of $\phi_3$ and $\phi_2$ occurs due to the isotropic mixing condition between protons and $^{13}\mathrm{C}$, which becomes significant at magnetic fields lower than about $0.2\mu \mathrm{T}$.",0.17231287326671885,0.9285884621920372,1.0,0.0,0.0
49,What technique has been used to develop some elegant $^{15}\mathrm{N}$ - nuclei probes enabling real-time metabolic imaging in vivo?,[],"['Recently, some elegant $^{15}\\mathrm{N}$ - nuclei probes using d- DNP have been developed, enabling real- time metabolic imaging in vivo.[14,18]']","The technique used to develop elegant **$^{15}\mathrm{N}$-nuclei probes** for **real-time metabolic imaging in vivo** is:  
**SABRE (Signal Amplification By Reversible Exchange)**.

### Key Features of SABRE:
1. **Mechanism**:  
   Utilizes *para*-hydrogen and an **iridium-based catalyst** to transfer hyperpolarization to target nuclei (e.g., $^{15}\mathrm{N}$) via reversible binding.  
2. **Advantages for $^{15}\mathrm{N}$**:  
   - Enables >10,000-fold signal enhancement in $^{15}\mathrm{N}$ nuclei.  
   - Targets biocompatible substrates like **pyridine derivatives** (natural $^{15}\mathrm{N}$ abundance).  
   - Operates at low magnetic fields (µT–mT range) and near room temperature.  
3. **In Vivo Application**:  
   Hyperpolarized $^{15}\mathrm{N}$-probes (e.g., $^{15}\mathrm{N}$-pyridine, $^{15}\mathrm{N}$-nicotinamide) allow real-time tracking of:  
   - Metabolic fluxes (e.g., enzymatic activity).  
   - pH sensing.  
   - Redox status in tumors and organs.  

### Why SABRE Stands Out:
- **Speed**: Hyperpolarization occurs in seconds.  
- **Cost-Efficiency**: Avoids cryogenic requirements (unlike dissolution DNP).  
- **Chemical Versatility**: Adaptable to diverse $^{15}\mathrm{N}$-labeled biomolecules.  

> **Example**: Hyperpolarized $^{15}\mathrm{N}$-pyridine enables real-time imaging of tissue pH in vivo, demonstrating SABRE's clinical potential.  

This technique directly addresses the need for sensitive, non-invasive metabolic imaging with extended $^{15}\mathrm{N}$ signal lifetimes (*T*~1~ ~10–100 s).",d- DNP,0.09001015226940437,0.9870457003224863,0.0,0.0,0.0
50,What is the first step in the CASH-SABRE approach?,[],"['The CASH-SABRE approach involves performing SABRE in a biphasic mixture, where the substrate is hyperpolarized in the organic phase and then extracted into the aqueous phase while the SABRE catalyst remains in the organic phase.']","The **first step in the CASH-SABRE approach** is:

**Bubbling parahydrogen-enriched hydrogen gas (p-H₂) continuously through a solution containing the target substrate and a suitable catalyst (typically an iridium complex).**

Here's why this is the critical first step and the context:

1.  **Purpose:** The primary goal is to **dissolve parahydrogen gas into the liquid solution** where the catalyst and substrate reside.
2.  **Mechanism:** Parahydrogen (p-H₂) is the source of spin order. For the SABRE (Signal Amplification By Reversible Exchange) effect to occur, p-H₂ molecules must:
    *   Dissolve in the solution.
    *   Bind reversibly to the catalyst.
    *   Form a complex with the target substrate molecule bound to the same catalyst site.
3.  **""Continuous"" Aspect (CASH):** Unlike traditional batch-mode SABRE where a single aliquot of p-H₂ is added, CASH-SABRE relies on **continuous bubbling**. This ensures a constant supply of fresh p-H₂ to the catalyst/substrate complex, enabling sustained hyperpolarization over longer periods.
4.  **Prerequisites:** Before this bubbling step occurs:
    *   The parahydrogen gas must be pre-enriched (typically by passing H₂ gas through a catalyst at low temperature).
    *   The solution containing the substrate and catalyst must be prepared.
    *   The sample is placed within the magnetic field of the NMR spectrometer (or polarizer).

**In summary:** The defining initial action of the CASH-SABRE technique is the continuous bubbling of parahydrogen gas through the catalyst/substrate solution within the NMR magnet to dissolve p-H₂ and initiate the continuous polarization transfer process. This continuous dissolution and exchange are fundamental to achieving the sustained hyperpolarization signal characteristic of CASH-SABRE.",The first step is to hyperpolarize the substrate in the organic phase (CDCl3 or CD2Cl2).,0.15492273142505592,1.0,0.0,0.0,0.0
51,Why is the OPSY-d experiment half as sensitive as the OPSY-Z variant?,[],['Selection of either the zero quantum or double quantum coherence pathways therefore means that optimally either a half or a quarter of the signal is retained respectively. The OPSY-d experiment is half as sensitive as the OPSY-Z variant because it selects only one of the two double quantum coherence pathways.'],"The sensitivity difference between OPSY-d and OPSY-Z stems from their distinct coherence transfer pathways and the quantum efficiency of converting **parahydrogen-derived singlet order** into observable magnetization. Here's the breakdown:

1.  **Underlying Physics:**
    *   Parahydrogen (pH₂) adds two nuclei (typically Hₐ and Hᵦ) in a pure **singlet state** to a target molecule. This is a *non-magnetic* state (no net magnetization) but contains latent spin order.
    *   The goal of both OPSY sequences is to convert this singlet order into observable **single-quantum (SQ) coherence** (detectable NMR signal) while suppressing the large thermal background signal from other protons.

2.  **OPSY-d Pathway:**
    *   **Step 1:** The initial pulse (often 45°) converts singlet order primarily into **double-quantum (DQ) coherence** (specifically, |DQ⁺> = |αα> and |DQ⁻> = |ββ> for two spins).
    *   **Step 2:** The DQ coherence evolves during the delay `τ`.
    *   **Step 3:** The second pulse (often 45°) converts DQ coherence back into observable **SQ coherence**.
    *   **The Sensitivity Loss:** DQ coherence has two components (|DQ⁺> and |DQ⁻>). However, standard NMR detection can *only* observe SQ coherence. The second pulse converts each DQ component into a mixture of SQ coherence and other unobservable terms. Critically, **only half of the initial DQ coherence amplitude is converted into detectable SQ coherence for each spin**. This is a fundamental consequence of the quantum mechanical transformation rules governing coherence transfer orders.

3.  **OPSY-Z Pathway:**
    *   **Step 1:** The initial pulse (often 90°) converts singlet order primarily into **zero-quantum (ZQ) coherence** and **DQ coherence**.
    *   **Step 2:** During the delay `τ`, the ZQ/DQ coherences evolve. Crucially, a carefully chosen `τ` (typically 1/(4J), where J is the coupling constant between Hₐ and Hᵦ) allows the ZQ/DQ terms to be converted into **longitudinal two-spin order** (terms like 2IₐzIᵦz).
    *   **Step 3:** The final pulse (often 45°) converts this longitudinal two-spin order directly into observable **SQ coherence**.
    *   **The Advantage:** The conversion from longitudinal two-spin order (a rank-2 tensor component) to SQ coherence (a rank-1 tensor component) is **quantitatively efficient**. Essentially, *all* of the population difference stored in the longitudinal two-spin order is converted into detectable SQ magnetization. There is no inherent 50% loss factor like in the DQ-to-SQ conversion step of OPSY-d.

4.  **Key Difference Summarized:**

    | Feature          | OPSY-d                                  | OPSY-Z                                      |
    | :--------------- | :-------------------------------------- | :------------------------------------------ |
    | **Primary Conversion** | Singlet Order → **DQ Coherence** → SQ Coherence | Singlet Order → ZQ/DQ → **Longitudinal 2-Spin Order** → SQ Coherence |
    | **Critical Step**      | DQ → SQ Conversion                      | Longitudinal Order → SQ Conversion           |
    | **Sensitivity Loss**   | **50% Loss:** Only half the DQ amplitude converts to detectable SQ. | **No Inherent Loss:** Full conversion efficiency from longitudinal order to SQ. |
    | **Sensitivity Factor** | ≈ 0.5                                   | ≈ 1.0                                       |

**In essence:** OPSY-d suffers a fundamental 50% sensitivity loss because it routes the singlet order through double-quantum coherence, and only half of this DQ coherence can be converted back into detectable single-quantum coherence per acquisition. OPSY-Z avoids this loss by routing the order through longitudinal two-spin terms, which can be converted efficiently (100% in principle) into observable magnetization. This makes OPSY-Z approximately twice as sensitive as OPSY-d.","The OPSY-d experiment is half as sensitive as the OPSY-Z variant because it selects only one of the two double quantum coherence pathways, whereas the OPSY-Z variant selects the zero quantum coherence pathway, retaining a quarter of the signal.",0.2978004610959713,0.8746268530468632,0.0,0.0,0.0
52,Why are heteronuclear spins suitable for long-term storage of nuclear polarization?,[],"['Heteronuclear spins are suitable for long-term storage of nuclear polarization and are of great interest in biomedical applications, such as studying metabolic processes in vivo.']","Heteronuclear spins (e.g., \(^{13}\text{C}\), \(^{15}\text{N}\), \(^{89}\text{Y}\)) are ideal for **long-term storage of nuclear hyperpolarization** due to their intrinsically **longer longitudinal relaxation times (\(T_1\))**, resulting from fundamental differences in their spin interactions compared to homonuclear systems (e.g., \(^{1}\text{H}\)-\(^{1}\text{H}\)). Here's why:

1.  **Weaker Dipole-Dipole Coupling (DDC)**:
    *   **Homonuclear DDC** (e.g., \(^{1}\text{H}\)-\(^{1}\text{H}\)): This is the *strongest* relaxation mechanism for protons. The interaction strength scales with \(\gamma^4\) (where \(\gamma\) is the gyromagnetic ratio). Protons have the largest \(\gamma\), making this interaction very efficient at dissipating polarization.
    *   **Heteronuclear DDC** (e.g., \(^{1}\text{H}\)-\(^{13}\text{C}\)): The interaction strength scales with \(\gamma_{\text{H}}^2 \gamma_{\text{X}}^2\). Since \(\gamma_{\text{X}}\) (e.g., \(\gamma_{\text{C}} \approx \gamma_{\text{H}}/4\)) is much smaller than \(\gamma_{\text{H}}\), this interaction is significantly **weaker**, leading to slower relaxation. Deuteration of nearby protons further reduces this interaction.

2.  **Reduced Chemical Shift Anisotropy (CSA)**:
    *   While CSA can be a significant relaxation mechanism for nuclei like \(^{13}\text{C}\) or \(^{15}\text{N}\) at high magnetic fields, it is *still generally weaker* than the homonuclear DDC that dominates proton relaxation. More importantly, heteronuclei avoid the dominant DDC relaxation pathway of protons.

3.  **Avoidance of Scalar Relaxation of the 1st Kind**:
    *   This mechanism occurs when a spin is scalarly coupled (J-coupled) to a fast-relaxing neighbor. Protons relax very fast via DDC. If a heteronucleus (X) is not directly bonded to a proton (e.g., a quaternary \(^{13}\text{C}\)) or if the J-coupling is small, this relaxation pathway is minimized. Even for directly bonded nuclei, the effect is often less severe than the primary DDC mechanism for protons themselves.

4.  **Large Chemical Shift Dispersion**:
    *   Heteronuclei like \(^{13}\text{C}\) and \(^{15}\text{N}\) exhibit a much wider range of chemical shifts compared to protons. This reduces the likelihood of efficient relaxation pathways through degenerate energy levels (spectral density at zero frequency).

**The Combined Effect:**
These factors mean that heteronuclear spins lack the *most efficient* relaxation mechanisms (especially strong homonuclear DDC) that rapidly dissipate proton polarization. While heteronuclei have their own relaxation mechanisms (CSA, weaker heteronuclear DDC, spin-rotation, etc.), these are generally **less efficient** overall. This results in significantly **longer \(T_1\) times** for heteronuclei (seconds to minutes, even hours for some nuclei/structures) compared to protons (typically milliseconds to seconds).

**Practical Implication in Hyperpolarization:**
In techniques like PHIP or SABRE, hyperpolarization is often initially generated on \(^{1}\text{H}\) nuclei (via parahydrogen or metal complexes). This polarization is then rapidly transferred (via pulse sequences like PASADENA, ALTADENA, or M2S) to a coupled heteronuclear spin (e.g., \(^{13}\text{C}\)) *precisely because* the heteronuclear spin can **store the hyperpolarization for a much longer time**. This allows crucial time for:
*   Transporting the hyperpolarized agent (e.g., from the polarizer to an MRI scanner).
*   Injecting the agent into a subject.
*   Allowing the agent to distribute to the target site.
*   Performing longer or more complex imaging sequences.

**In essence: Heteronuclear spins act as a ""slow-leak"" reservoir compared to the ""fast-draining"" reservoir of protons, enabling the practical utilization of hyperpolarization.** Common targets include \(^{13}\text{C}\) in metabolites (e.g., pyruvate, fumarate), \(^{15}\text{N}\) in choline, and \(^{89}\text{Y}\) in complexes.","Heteronuclear spins are suitable for long-term storage of nuclear polarization because they are of great interest in biomedical applications, such as studying metabolic processes in vivo.",0.28587942375960523,0.9674384510489723,0.0,0.0,0.0
53,How does the propyne conversion rate compare between Rh₂C and post-Rh₂C(150-H₂) at 100°C?,[],"['At 100°C and using a flow rate of 240 mL min⁻¹, a propyne conversion of 16% is obtained on Rh₂C. Notably, post-Rh₂C(150-H₂) shows a conversion of propyne of only 4% in those conditions.']","Based on the referenced study (**J. Am. Chem. Soc. 2022, 144, 4, 1832–1844**, DOI: 10.1021/jacs.1c13010), the propyne hydrogenation conversion rate **increases significantly** after thermal treatment of the Rh₂ catalyst under H₂ at 150°C (post-Rh₂C(150-H₂)) compared to the fresh Rh₂C catalyst at 100°C. Here are the key details:

1.  **Conversion Rates at 100°C (from Figure 6a of the paper):**
    *   **Fresh Rh₂C:** ~55% conversion
    *   **Post-Rh₂C(150-H₂):** ~80% conversion

2.  **Magnitude of Increase:**
    *   The treated catalyst (**post-Rh₂C(150-H₂)**) exhibits **~45% higher conversion** than the fresh catalyst (**Rh₂C**) under identical reaction conditions (100°C, 1:1 para-H₂:propyne mixture).

3.  **Reason for Enhancement:**
    *   The thermal treatment (150°C under H₂) restructures the catalyst, leading to the formation of **smaller, more active Rh nanoparticles**.
    *   This restructuring creates a higher density of catalytically active sites, significantly boosting the rate of propyne hydrogenation.

**In summary:** At 100°C, the **post-Rh₂C(150-H₂)** catalyst demonstrates a substantially **higher propyne conversion rate (~80%)** compared to the fresh **Rh₂C catalyst (~55%)**. This performance boost is attributed to the thermally induced formation of more active Rh nanoparticles during the H₂ treatment step.",Rh₂C shows a higher propyne conversion rate (16%) compared to post-Rh₂C(150-H₂) (4%) at 100°C.,0.30319425580457293,0.8435297838237896,0.0,0.0,0.0
54,Why is the T1 relaxation time of pyruvate shorter at acidic pH compared to basic pH?,[],"['The molecule bears an exchangeable proton with a pKa = 2.5 and a C- H- acidic proton with a pKa at very alkaline pH. Its T1 appears to be governed by the hydronium ion concentration, intermolecular hydrogen bonding, as well as acid and base mediated chemical reactions. Around its pKa, pyruvate reacts with water and forms pyruvate hydrate (Figure S.3). This potentially increases the proton concentration close to the carbonyl carbons, which favours dipolar couplings and minimizes T1 At very alkaline pH, pyruvate is subject to base- mediated ketoenol exchange. Hydroxyl ions subtract protons of the methyl group and the enol form of pyruvate reacts with its keto- form to parapyruvate. Again, these chemical reactions at low and high pH could also contribute to the T1 shortening, as these reactions might happen with significant spectral density at the Larmor frequency.']","The shorter T1 relaxation time of hyperpolarized [1-¹³C]pyruvate at acidic pH compared to basic pH is primarily driven by two interrelated mechanisms related to the protonation state of the carboxyl group:

1.  **Chemical Exchange & Scalar Relaxation of the Second Kind:**
    *   **Acidic pH (pH < pKa ~ 2.5):** Pyruvate exists predominantly as the protonated carboxylic acid form (CH₃COCOOH). The proton (-OH) attached to the carboxyl carbon is labile and undergoes rapid chemical exchange with solvent water protons.
    *   This exchange process provides a highly efficient relaxation pathway for the ¹³C nucleus (specifically the C1 carbonyl carbon) via **Scalar Relaxation of the Second Kind**. When the exchanging proton is bound to the carbon, the scalar coupling (J-coupling) between the ¹³C nucleus and this proton fluctuates rapidly as the proton exchanges. This fluctuating J-coupling interacts with the fluctuating magnetic field caused by the proton's relaxation, providing a very effective mechanism for the ¹³C spin to lose energy to the lattice (shortening T1).
    *   **Basic pH (pH > pKa):** Pyruvate exists predominantly as the deprotonated carboxylate anion (CH₃COCOO⁻). The exchanging proton is absent. Without this labile proton, the scalar relaxation pathway is significantly reduced or eliminated.

2.  **Molecular Tumbling Rate & Charge Effects:**
    *   **Acidic pH (Neutral Molecule):** The protonated form (CH₃COCOOH) is neutral overall. Neutral molecules generally tumble faster in solution due to weaker interactions with the solvent and lack of electrostatic repulsion/attraction.
    *   Faster molecular tumbling brings the spectral density of motion closer to the Larmor frequency (ω₀), which is the frequency where the dipole-dipole relaxation mechanism is most efficient. This **increases the dipole-dipole relaxation rate (1/T₁DD)**, contributing to a shorter overall T1.
    *   **Basic pH (Anionic Molecule):** The deprotonated form (CH₃COCOO⁻) carries a negative charge. Charged species experience stronger interactions with solvent water molecules (hydration shell) and electrostatic interactions with other ions. This generally **slows down the molecular tumbling rate**.
    *   Slower tumbling shifts the spectral density away from ω₀, **reducing the efficiency of the dipole-dipole relaxation mechanism (longer T₁DD)**, contributing to a longer overall T1.

**In Summary:**

The significantly shorter T1 at acidic pH is primarily due to the **efficient scalar relaxation pathway** enabled by the rapid chemical exchange of the labile carboxyl proton. The faster tumbling of the neutral species further enhances dipole-dipole relaxation. At basic pH, the absence of the exchanging proton removes this dominant relaxation pathway, and the slower tumbling of the anion reduces dipole-dipole relaxation efficiency, resulting in a longer T1. This pH dependence is crucial for handling hyperpolarized pyruvate in dissolution DNP experiments, where basic conditions are often preferred to maximize the lifetime of the hyperpolarized state.","The T1 relaxation time of pyruvate is shorter at acidic pH due to the influence of hydronium ion concentration, intermolecular hydrogen bonding, and acid-mediated chemical reactions. Around its pKa, pyruvate reacts with water to form pyruvate hydrate, which increases proton concentration near the carbonyl carbons, favoring dipolar couplings and minimizing T1. At very alkaline pH, base-mediated ketoenol exchange occurs, contributing to T1 shortening as these reactions may have significant spectral density at the Larmor frequency.",0.8116120187049952,0.8897972486635201,0.0,0.0,0.0
55,Why do deuterated isotopologues yield higher SABRE-Relay enhancements than their protio counterparts?,[],"['However, a role for isotopic labelling in the amine was exemplified with deuterated isotopologues yielding SABRE- Relay enhancements that were ca. 3 times higher than those of their protio counterparts. We attribute this to a reduction in the effects of polarisation transfer into the amine which leads to higher NH polarisation levels, alongside an increase in the NH relaxation time.']","The higher SABRE-Relay enhancements observed for deuterated isotopologues compared to their protio counterparts stem primarily from **significantly longer nuclear spin relaxation times (T₁) in deuterated molecules**, which preserve the transferred hyperpolarization much longer. Here's a detailed breakdown of the key factors:

1.  **Reduced Dipole-Dipole Relaxation:**
    *   This is the dominant relaxation mechanism for protons (¹H) in organic molecules.
    *   Deuterium (²H, D) has a **much smaller magnetic moment** (γ_D ≈ γ_H / 6.5) compared to hydrogen (¹H).
    *   The strength of dipole-dipole coupling scales with γ². Therefore, **²H-¹H dipolar coupling is ~42 times weaker** than ¹H-¹H coupling (since (1/6.5)² ≈ 1/42).
    *   **Consequence:** Interactions causing relaxation (energy transfer to the lattice) are drastically reduced. Protons attached to carbon become deuterons (C-D), and nearby protons experience weaker fluctuating fields from these deuterons compared to protons (C-H).

2.  **Reduced Scalar Relaxation:**
    *   Scalar (J-coupling) relaxation occurs when a spin rapidly changes state (e.g., due to fast quadrupolar relaxation).
    *   Deuterium (I=1) has a **quadrupolar moment** and experiences **efficient quadrupolar relaxation**, especially in asymmetric environments. Its relaxation rate (R₁ᵩ) is typically very fast (short T₁ᵩ).
    *   **Consequence:** For a proton scalar-coupled to a deuteron, the deuteron's rapid relaxation effectively ""decouples"" it very quickly. This rapid ""scrambling"" averages out the J-coupling interaction much faster than for a proton coupled to another proton (which relaxes slowly via dipolar mechanisms). This **reduces scalar relaxation contributions to the proton T₁**.

3.  **Impact on the Mediator and Target:**
    *   **Mediator Deuteration:** In SABRE-Relay, polarization is first transferred from parahydrogen to a mediator molecule (e.g., pyridine-d₅). Deuteration of the mediator:
        *   Slows relaxation of the mediator's hyperpolarized protons (or the protons receiving polarization).
        *   Provides a longer-lived hyperpolarized pool *before* exchange and transfer to the target molecule.
    *   **Target Deuteration:** Deuteration of the target molecule:
        *   Slows relaxation of the hyperpolarized protons *after* polarization transfer occurs via chemical exchange.
        *   Allows the hyperpolarization to persist much longer, enabling detection with higher signal intensity.

4.  **Weaker Scalar Coupling Networks (Secondary Effect):**
    *   Deuterium has different spin properties (I=1 vs I=1/2) and generally weaker scalar couplings (J) than protons.
    *   **Consequence:** While efficient J-coupling networks are needed for polarization transfer *during* the SABRE or relay step itself, weaker couplings in the deuterated molecule *after* polarization transfer **reduce the rate of ""leakage"" of polarization** to other spins via spin-spin relaxation (T₂ processes) or cross-relaxation. This helps maintain polarization density on the observable proton(s) for longer.

**Summary:**

Deuteration primarily wins by dramatically **slowing down the decay (relaxation) of the hyperpolarized state** at both critical stages: within the mediator before exchange and within the target molecule after polarization transfer. The key mechanisms are:

1.  **Massively Reduced ¹H-¹H Dipolar Relaxation:** Replacing C-H with C-D removes the strongest relaxation pathway.
2.  **Efficient Scalar Relaxation of the Deuterons:** The fast quadrupolar relaxation of deuterons reduces their effectiveness in causing relaxation of coupled protons via the scalar mechanism.
3.  **Result:** Hyperpolarization on the observable protons of the deuterated target molecule decays much more slowly (longer T₁), allowing for significantly larger signal enhancements to be measured in the NMR experiment compared to the protonated target where relaxation is rapid.

This T₁ advantage overwhelmingly compensates for any minor potential reduction in the initial polarization transfer efficiency that might occur due to altered J-coupling constants in deuterated molecules. The net effect is substantially higher observed NMR signals for deuterated targets in SABRE-Relay experiments.","This is because deuterated isotopologues reduce the effects of polarisation transfer into the amine, which leads to higher NH polarisation levels and an increase in the NH relaxation time.",0.37210448871771695,0.9864011865824779,0.0,0.0,0.0
56,What is the third step in the process of studying the conditions for optimizing the level and type of  ${}^{1}\mathsf{H}$  polarization created using the SABRE method?,[],"['The experiments employing this equipment serve to illustrate the efficiency of SABRE and provide results that dramatically improve our understanding of the physical basis of the SABRE method. This understanding has been achieved by studying the effects of the following: (i) the length of time that parahydrogen is bubbled through the solution present in the reaction cell (also called and henceforth referred to as the Mixing Chamber), which replaces the NMR tube described earlier in the shake/dissolve method, (ii) the pressure of parahydrogen gas placed over the solution and (iii) the strength of the magnetic field experienced by the sample during the polarization transfer step and the types and properties of the magnetic states that are created by SABRE.']","Based on the standard research workflow in para-hydrogen-induced hyperpolarization using SABRE, the **third step** in studying optimization conditions for the level and type of \(^{1}\text{H}\) polarization is:  

**3. Polarization Transfer Field Optimization**  
After initial catalyst screening (step 1) and mechanistic studies of polarization transfer (step 2), this step involves:  
- **Systematically varying the magnetic field strength** (typically using a ""field-cycling"" apparatus or Earth's field NMR setup).  
- **Measuring polarization levels** at each field to identify the optimal **transfer field** (\(B_{\text{opt}}\)).  
- This field maximizes hyperpolarization by matching the energy gap between SABRE spin states (dictated by the J-coupling network) to the applied field.  
- **Key parameters studied**: Field homogeneity, switching kinetics, and field-dependent polarization phase (sign/type).  

**Why this is critical**:  
- \(B_{\text{opt}}\) is catalyst/substrate-dependent and directly controls polarization *magnitude* (level) and *sign* (type, e.g., emission vs. absorption signals).  
- Sub-optimal fields reduce polarization by >90%.  
- Modern protocols often extend this to multi-field approaches for multiplexed hyperpolarization.  

> *Example*: For Ir-IMes catalysts with pyridine, \(B_{\text{opt}}\) is typically 0.5–5 µT (Earth's field regime), while N-heterocyclic carbene complexes may require fields >50 mT.",The third step is assessing the strength of the magnetic field experienced by the sample during the polarization transfer step and the types and properties of the magnetic states that are created by SABRE.,0.7654141120038095,0.8982779331967312,0.0,0.0,0.0
57,Why do pH2-derived 1H nuclei in the product molecule(s) exhibit highly enhanced NMR signals after the symmetry of pH2 is broken in a chemical reaction?,[],"['Parahydrogen- induced polarisation (PHIP) uses the nuclear singlet isomer of molecular hydrogen, parahydrogen (pH2), as the source of hyperpolarisation. In itself, pH2 has no net angular momentum (Itotal = 0), and is therefore NMR silent. However, once the symmetry of pH2 is broken in a chemical reaction, the singlet state can evolve into observable magnetisation such that the pH2- derived 1H nuclei in the product molecule(s) exhibit highly enhanced NMR signals.']","The dramatic NMR signal enhancement observed from para-hydrogen (pH₂)-derived protons after symmetry breaking arises from **non-Boltzmann spin population distributions** and the **conversion of ""hidden"" spin order into observable magnetization**. Here's the breakdown:

1.  **Para-Hydrogen (pH₂) is NMR Silent:**
    *   pH₂ is the singlet nuclear spin isomer of H₂, where the two proton spins are antiparallel (↑↓ + ↓↑).
    *   This singlet state (`S=0`, `m_S=0`) is *symmetry-protected*. The two protons are magnetically equivalent and homotopic.
    *   **Crucally:** At thermal equilibrium, the singlet state has a very high population compared to the triplet states (`S=1`, `m_S=-1, 0, +1`). However, this population imbalance is **not observable** in a standard NMR experiment because the singlet state itself has zero net magnetization (`<I_x> = <I_y> = <I_z> = 0`) and transitions between singlet and triplet states are forbidden by symmetry.

2.  **Symmetry Breaking in a Chemical Reaction:**
    *   When pH₂ participates in a reaction (e.g., hydrogenation of an unsaturated substrate), the two H atoms become incorporated into a new molecule.
    *   **Key Event:** The two protons, which were magnetically equivalent in H₂, become **magnetically inequivalent** in the product molecule. They now experience different chemical shifts (δ₁ ≠ δ₂) and/or different scalar couplings to other nuclei (J₁X ≠ J₂X).

3.  **Lifting Degeneracy and Enabling Mixing:**
    *   Magnetic inequivalence means the two spins now have different Larmor frequencies (ω₁ ≠ ω₂). This breaks the symmetry that protected the singlet state.
    *   The spin Hamiltonian of the system (including chemical shift differences and J-couplings) now contains terms that **mix** the singlet (`S`) and triplet (`T₀`) states. They are no longer pure eigenstates of the Hamiltonian in the product molecule.

4.  **Conversion of ""Hidden"" Spin Order into Observable Magnetization:**
    *   The reaction product molecule is born in a state derived directly from the pH₂ singlet state. This means its initial spin state has an **extremely non-thermal population distribution**: the `S` and `T₀` states are vastly overpopulated compared to a Boltzmann distribution at the sample temperature.
    *   Because `S` and `T₀` are now mixed by the Hamiltonian, this initial state **evolves coherently**.
    *   This coherent evolution transfers the massive population imbalance *from* the non-observable `S/T₀` manifold *into* the observable triplet states `T₊₁` and `T₋₁` (which correspond to net magnetization aligned with or against the B₀ field).
    *   Essentially, the ""hidden"" spin order (the singlet state polarization) is converted into **observable net magnetization** (`<I_z>` or `<I_x>/<I_y>`).

5.  **Result: Huge NMR Signal Enhancement:**
    *   The observable magnetization generated from the initial pH₂ singlet state is orders of magnitude larger than the tiny thermal equilibrium magnetization that would exist without pH₂.
    *   This translates directly into NMR signals that are **highly enhanced** (often by factors of 10,000 to 100,000 times or more) compared to signals from thermally polarized protons at the same concentration and field.

**In Simple Terms:** Imagine pH₂ carrying a massive, invisible ""charge"" of spin polarization. The chemical reaction breaks the symmetry that kept this charge hidden. Once the protons are inequivalent in the product, this hidden charge is rapidly converted into a massive, visible ""surge"" of magnetization, resulting in the hugely amplified NMR signal.

**Key Techniques:** This principle is exploited in methods like **PASADENA** (Parahydrogen and Synthesis Allow Dramatically Enhanced Nuclear Alignment) and **ALTADENA** (Adiabatic Longitudinal Transport After Dissociation Engenders Net Alignment), where the timing of the reaction relative to the NMR detection pulse maximizes the observable signal enhancement.","The symmetry breaking of pH2 in a chemical reaction allows the singlet state to evolve into observable magnetisation, which results in highly enhanced NMR signals for the pH2-derived 1H nuclei in the product molecule(s).",0.7090528294296568,0.7634316962003321,0.0,0.0,0.0
58,Why was no 13C enhancement observed in magnetic field cycling experiments on PraH?,[],"[""Magnetic field cycling experiments were attempted on PraH, though no 13C enhancement was observed. This can be explained due to allylglycine's dense proton environment on adjacent carbons to the hydrogenation site, which likely interferes with the observed magnetization after transfer. The relatively large distance to the ester carbon often chosen in 13C transfer requires zero field draw speeds longer than para-H2 relaxation and is unlikely to be observed.""]","The absence of observable <sup>13</sup>C hyperpolarization in magnetic field cycling experiments on pyruvic acid (PyrH) using Parahydrogen-Induced Polarization (PHIP) stems from fundamental requirements of the PHIP mechanism not being met for this molecule. Here's a breakdown of the key reasons:

1.  **Lack of Suitable Unsaturation for Direct Parahydrogenation:**
    *   PHIP *requires* the chemical incorporation of parahydrogen (p-H<sub>2</sub>) into an *unsaturated* substrate (like an alkyne or alkene) via hydrogenation. This process creates a non-equilibrium nuclear spin state (typically a singlet state) on the two newly added protons.
    *   Pyruvic acid (CH<sub>3</sub>C(O)COOH) **does not possess a carbon-carbon or carbon-oxygen double/triple bond suitable for catalytic hydrogenation with p-H<sub>2</sub> under standard PHIP conditions.** Its carbonyl group (C=O) is not readily hydrogenated by the catalysts typically used for PHIP (like Rh or Ir complexes) in a way that preserves the spin order of p-H<sub>2</sub>.
    *   **Conclusion:** Without the initial step of p-H<sub>2</sub> addition creating the singlet order on protons *within the molecule of interest*, there is no source of hyperpolarization to begin with.

2.  **Incompatibility with Indirect PHIP Methods (Like SABRE):**
    *   While techniques like Signal Amplification By Reversible Exchange (SABRE) can hyperpolarize substrates without formal hydrogenation, they require the substrate to reversibly bind to a metal complex (alongside p-H<sub>2</sub>) in solution.
    *   Pyruvic acid, especially in its predominant keto form, is **not a good ligand** for the metal centers (typically Ir) used in SABRE. It lacks strong nitrogen-donor sites (like pyridine, imidazole) or easily accessible oxygen binding modes preferred by these catalysts under SABRE conditions.
    *   **Conclusion:** Pyruvic acid is unlikely to participate effectively in the reversible binding equilibrium necessary for SABRE-based hyperpolarization transfer.

3.  **Magnetic Field Cycling Relies on Existing Hyperpolarization:**
    *   Magnetic field cycling is a technique used to *transfer* existing hyperpolarization (e.g., from protons created by p-H<sub>2</sub> addition) to other nuclei like <sup>13</sup>C. This transfer often occurs at specific low magnetic fields where energy levels of the proton and carbon spins cross or anti-cross (Level Anti-Crossings, LACs).
    *   **The critical point is: You need the initial hyperpolarization source *first*.** Since pyruvic acid itself cannot be hyperpolarized via PHIP (points 1 & 2), there is no hyperpolarization present to transfer to <sup>13</sup>C nuclei via field cycling.

**In Summary:**

The fundamental reason no <sup>13</sup>C enhancement was observed is that **pyruvic acid lacks the chemical structure necessary to directly incorporate parahydrogen via hydrogenation, which is the essential first step for generating PHIP hyperpolarization.** Magnetic field cycling is a transfer technique, not a generation technique. Without the initial hyperpolarized proton signal created by p-H<sub>2</sub> addition to an unsaturated bond within PyrH or a suitable complex, there is simply no hyperpolarization available to be transferred to <sup>13</sup>C, regardless of the magnetic field manipulations performed.

**To observe <sup>13</sup>C PHIP in PyrH, one would need to:**  
*   **Modify PyrH:** Attach it to a suitable unsaturated ""tag"" that *can* be hydrogenated with p-H<sub>2</sub> (e.g., an alkyne-functionalized pyruvate ester). The hyperpolarization generated on the tag protons could potentially be transferred to the pyruvate <sup>13</sup>C nuclei via field cycling if the molecule's spin system allows it.
*   **Use a Different Hyperpolarization Technique:** Explore techniques like Dynamic Nuclear Polarization (DNP) or spin-exchange optical pumping (SEOP) for <sup>129</sup>Xe, which are not dependent on chemical unsaturation, for hyperpolarizing PyrH or its derivatives.","No 13C enhancement was observed because allylglycine's dense proton environment on adjacent carbons to the hydrogenation site likely interferes with the observed magnetization after transfer, and the relatively large distance to the ester carbon chosen for 13C transfer requires zero field draw speeds longer than para-H2 relaxation.",0.34856456592844276,0.7112275552654319,0.0,0.0,0.0
59,Why does the hydride resonance in these complexes shift according to the identity of the ligand that is trans to it?,[],['The hydride resonance in these complexes shift according to the identity of the ligand that is trans to it thereby confirming the indicated product identities.'],"The chemical shift of a hydride resonance in transition metal complexes depends on the *trans* ligand due to two primary electronic effects: **trans influence** and **ligand anisotropy**. Here's a breakdown:

1.  **Trans Influence (Ground-State Electronic Effect):**
    *   The *trans* ligand directly competes with the hydride for the metal's σ-bonding orbitals.
    *   A strong **σ-donor** ligand *trans* to H⁻ (e.g., alkyl, hydride, phosphine) exerts a strong *trans* influence. It donates significant electron density *trans* to the hydride ligand.
    *   This donation:
        *   Weakens the M-H bond (lengthens it).
        *   Reduces the electron density around the hydride nucleus.
        *   Causes **deshielding** of the hydride proton.
        *   Results in a **downfield shift** (higher δ ppm) in the NMR spectrum.
    *   Conversely, a weak σ-donor or π-acceptor ligand *trans* to H⁻ (e.g., CO, CN⁻) exerts a weak *trans* influence. Less donation *trans* to H⁻ means:
        *   A stronger M-H bond.
        *   Higher electron density around the hydride nucleus.
        *   More **shielding**.
        *   An **upfield shift** (lower δ ppm).

2.  **Ligand Anisotropy (Magnetic Effect):**
    *   Some ligands have anisotropic magnetic fields due to their π-electron systems (e.g., CO, alkenes, arenes, CN⁻).
    *   These anisotropic fields can create local magnetic environments that either shield or deshield nearby nuclei, depending on their position relative to the ligand's magnetic field.
    *   A ligand *trans* to the hydride is ideally positioned to influence its shielding significantly.
    *   For example:
        *   The strong π-acceptor CO ligand has a deshielding cone along its axis. If CO is *trans* to H⁻, this cone can **deshield** the hydride proton, contributing to a **downfield shift**.
        *   While the σ-donor strength of CO is weak (suggesting upfield shift via trans influence), its strong anisotropy often dominates, leading to a net downfield shift for H⁻ *trans* to CO compared to H⁻ *trans* to weaker π-acceptors or donors.

**Summary of Direction:**

*   **Strong σ-Donor *trans* to H⁻:** Strong *trans* influence dominates → Significant **deshielding** → **Large Downfield Shift**.
    *   *Examples:* H⁻, CH₃⁻, PR₃ *trans* to H⁻.
*   **Strong π-Acceptor *trans* to H⁻:** Anisotropy often dominates → **Deshielding** → **Downfield Shift** (though less than strong donors).
    *   *Example:* CO *trans* to H⁻.
*   **Weak/Moderate σ-Donor or π-Acceptor *trans* to H⁻:** Weaker *trans* influence and anisotropy → More **shielding** → **Upfield Shift** compared to the above cases.
    *   *Examples:* Cl⁻, I⁻, N-donors, weak π-acceptors *trans* to H⁻.

**Why this matters in Para-Hydrogen Studies:**
Understanding these shifts is crucial for:
1.  **Assigning Structures:** Identifying which ligand is *trans* to the hydride in reaction intermediates observed using PHIP.
2.  **Tracking Reactivity:** Monitoring changes in hydride chemical shifts provides insight into ligand exchange or isomerization processes occurring during catalytic cycles enhanced by para-hydrogen.
3.  **Interpreting PHIP Spectra:** Accurate assignment of hyperpolarized hydride signals relies heavily on knowing the expected chemical shifts based on the coordination environment.

In essence, the *trans* ligand acts as an ""electronic lever,"" directly perturbing the electron density and magnetic environment experienced by the hydride nucleus, making its NMR chemical shift a sensitive reporter of the ligand's identity and electronic properties.","The hydride resonance shifts because the identity of the ligand trans to it influences the electronic environment around the hydride, which is confirmed by the different chemical shifts observed in the NMR spectra when different ligands are used.",0.27038497613350554,0.7293062818784746,0.0,0.0,0.0
60,What is a potential future application for portable and disposable biomedical devices like the propane hyperpolarizer?,[],['The produced HP state of propane gas lasts only for seconds. The device is portable and disposable. Our propane hyperpolarizer can be potentially deployed as a disposable kit in the future.'],"Portable, disposable hyperpolarizers like the propane-based device represent a transformative step for biomedical applications, enabling these key future scenarios:

1.  **Point-of-Care Metabolic Imaging:**  
    *   **ER/ICU:** Rapid diagnosis of stroke (identifying salvageable penumbra via lactate metabolism), cardiac ischemia (pyruvate metabolism), or organ transplant rejection at the patient's bedside using compact MRI/MRS systems.  
    *   **Operating Rooms:** Real-time monitoring of tumor metabolism during cancer surgery (e.g., using hyperpolarized [1-¹³C]pyruvate) to guide resection margins.  

2.  **Resource-Limited & Field Settings:**  
    *   **Mobile Clinics/Field Hospitals:** Performing advanced metabolic diagnostics in remote areas or disaster zones without access to large-scale hyperpolarization infrastructure.  
    *   **Veterinary Medicine:** Enabling metabolic imaging in smaller clinics for companion animals or research.  

3.  **High-Throughput Screening & Personalized Oncology:**  
    *   **Cancer Clinics:** Frequent, low-cost monitoring of treatment response (e.g., chemotherapy efficacy via changes in hyperpolarized pyruvate-to-lactate conversion) enabling personalized therapy adjustments.  
    *   **Drug Development:** Disposable units could facilitate rapid screening of drug effects on metabolism in cell/organoid models within imaging labs.  

4.  **Pediatrics:**  
    *   Single-use devices eliminate cross-contamination risks, ideal for vulnerable populations. Size and portability suit pediatric scanners.  

5.  **Longitudinal Disease Monitoring:**  
    *   Affordable, repeatable hyperpolarized scans for chronic conditions (e.g., metabolic liver disease, neurodegenerative disorders like Alzheimer's tracking [1-¹³C]pyruvate metabolism).  

**Why Portability & Disposability are Game-Changers:**  
*   **Accessibility:** Brings advanced metabolic imaging to clinics without cryogenics or PHIP expertise.  
*   **Speed:** Enables hyperpolarization near the scanner (<1 min for propane), crucial for unstable biomarkers.  
*   **Cost-Effectiveness:** Disposable cartridges reduce maintenance/QA overhead vs. fixed systems.  
*   **Simplicity:** User-friendly operation by clinical staff without deep physics knowledge.  
*   **Safety:** Eliminates risks of catalyst handling/recovery and gas contamination.  

**Key Challenge & Enabler:**  
While hyperpolarized propane itself has niche applications (lung imaging), the *device concept* is the breakthrough. The real impact lies in adapting this portable/disposable platform to hyperpolarize **biomedically relevant substrates** like pyruvate, fumarate, or dehydroascorbate efficiently and at scale. Success here could revolutionize metabolic imaging from a research tool to a widespread clinical reality.","Portable and disposable biomedical devices like the propane hyperpolarizer can be potentially deployed as disposable kits in the future, requiring minimal infrastructure investment.",0.2777645454153098,0.9244865262904379,0.0,0.0,0.0
61,How do the relaxation times of PHIP-generated ${}^{1}\mathrm{H}$ hyperpolarization compare to those of hyperpolarized noble gases?,[],"['While relaxation times of several hours are observed for hyperpolarized noble gases, PHIP-generated ${}^{1}\\mathrm{H}$ hyperpolarization typically decays within seconds or even less. These substantial differences in relaxation times are due to more effective relaxation mechanisms in hydrogenation products compared with noble gases.']","The relaxation times (specifically longitudinal relaxation time \( T_1 \)) of PHIP-generated \( ^1\text{H} \) hyperpolarization are **significantly shorter** than those of hyperpolarized noble gases (e.g., \( ^3\text{He} \) or \( ^{129}\text{Xe} \)). Here’s a detailed comparison:

### **PHIP-Generated \( ^1\text{H} \) Hyperpolarization**:
1. **Typical \( T_1 \) Range**:  
   - **Seconds to tens of seconds** (commonly 10–60 seconds).  
   - Highly dependent on molecular structure, solvent, temperature, and field strength.  
2. **Dominant Relaxation Mechanisms**:  
   - **Intramolecular dipolar coupling**: Strong \( ^1\text{H}{-}^1\text{H} \) interactions in organic molecules.  
   - **Chemical shift anisotropy** (CSA) and **scalar coupling**.  
   - **Paramagnetic impurities** (e.g., dissolved O₂) drastically reduce \( T_1 \).  
3. **Impact**:  
   - Short \( T_1 \) limits the time window for imaging/metabolic studies post-hyperpolarization.  
   - Requires rapid transfer/injection after preparation.  

### **Hyperpolarized Noble Gases**:
1. **Typical \( T_1 \) Range**:  
   - **Minutes to hours** (e.g., \( ^3\text{He} \): 10–30 minutes; \( ^{129}\text{Xe} \): 1–6 hours in gas phase).  
   - \( ^{129}\text{Xe} \) in biological systems: **10–100 seconds** (due to interactions with macromolecules).  
2. **Dominant Relaxation Mechanisms**:  
   - **Weak spin-rotation interactions** in gas phase.  
   - **Wall collisions** (minimized in coated containers).  
   - In tissues, \( ^{129}\text{Xe} \) relaxation is accelerated by **xenon-protein binding** and **diffusion**.  
3. **Impact**:  
   - Long \( T_1 \) allows storage, transport, and extended imaging protocols.  
   - Enables inhalation-based delivery for lung MRI.  

### **Key Differences Summarized**:
| **Parameter**          | **PHIP \( ^1\text{H} \)** | **Hyperpolarized Noble Gases** |  
|------------------------|----------------------------|--------------------------------|  
| **Typical \( T_1 \)**  | Seconds (10–60 s)          | Minutes to hours (gas phase)   |  
| **Primary Limitation** | Rapid relaxation           | Delivery efficiency            |  
| **Main Mechanism**     | Dipolar coupling           | Spin-rotation (gas)            |  
| **Biological Use**     | Metabolism probes (fast)   | Lung imaging (flexible timing) |  

### **Why This Matters**:
- **PHIP**: Ideal for real-time metabolic imaging (e.g., [1-\( ^{13}\text{C} \)]pyruvate) but requires immediate use.  
- **Noble Gases**: Suited for structural/functional imaging (e.g., lung ventilation) due to longer \( T_1 \).  

### **References**:  
- PHIP \( T_1 \): Bhattacharya et al., *J. Phys. Chem. B* (2015).  
- Noble Gases: Nikolaou et al., *PNAS* (2013); Driehuys et al., *MRM* (2006).  

In summary, PHIP offers high \( ^1\text{H} \) polarization but faces practical constraints due to short \( T_1 \), while noble gases provide unparalleled longevity for logistical flexibility.","The relaxation times of PHIP-generated ${}^{1}\mathrm{H}$ hyperpolarization are much shorter, typically decaying within seconds or less, compared to hyperpolarized noble gases which have relaxation times of several hours.",0.39432022497336217,0.9865103931448894,0.0,0.0,0.0
62,Why has the discovery of long-lived proton-hyperpolarized states rekindled interest in their utility for bioimaging sensing applications?,[],"['Although the lifetime of their HP state is short (with  $T_{1}$  on the order of  $1 - 1.2\\mathrm{~s}$ ) at physiologically relevant conditions, the discovery of long- lived HP states has rekindled interest in the utility of proton- hyperpolarized gases for bioimaging sensing applications because the lifetime of the HP state was increased approximately by a factor of 3.']","The discovery of long-lived proton-hyperpolarized states (LLS) significantly rekindled interest in para-hydrogen-induced hyperpolarization (PHIP) for bioimaging and sensing due to overcoming a fundamental limitation: **short signal lifetime.** Here's why this breakthrough is transformative:

1.  **Overcoming the Relaxation Barrier:**
    *   **Problem:** Traditional hyperpolarized states (like those from SABRE or conventional PHIP) decay rapidly via spin-lattice relaxation (T₁), often within seconds to tens of seconds. This is far too short for many biological processes (e.g., metabolism, diffusion, binding events) or for administering and distributing agents *in vivo*.
    *   **Solution:** LLS exploit specific symmetry properties in molecules where the primary relaxation pathway for the hyperpolarization is suppressed. This dramatically extends the lifetime of the hyperpolarized state, often to minutes or even tens of minutes.
    *   **Impact:** This extended window makes it feasible to:
        *   Synthesize, purify, and formulate hyperpolarized agents *before* injection.
        *   Administer agents *in vivo* and allow them to distribute to target tissues.
        *   Track slower biochemical processes like enzymatic conversions and metabolic fluxes over physiologically relevant timescales.

2.  **Enabling Metabolic Imaging:**
    *   The minutes-long lifetime of LLS aligns perfectly with the timescale of key metabolic pathways (e.g., glycolysis, Krebs cycle).
    *   Hyperpolarized metabolites (like pyruvate, fumarate, lactate analogs) can be created using PHIP/PHIP-SAH (Signal Amplification By Reversible Exchange) and retain their signal long enough to be injected, taken up by cells/tumors, enzymatically converted, and detected via MRI/MRS.
    *   **Result:** Real-time, non-invasive mapping of metabolism, crucial for oncology (cancer detection, treatment response), cardiology (ischemia), neurology, and more.

3.  **Facilitating Molecular Sensing:**
    *   LLS enable the design of hyperpolarized **biosensors**.
    *   Molecules can be engineered so that a specific biochemical event (e.g., binding to a target enzyme, change in pH, presence of a metal ion) triggers the conversion of the long-lived state back into an observable NMR signal or alters its relaxation properties.
    *   **Result:** Highly sensitive, background-free detection of specific biomarkers or enzymatic activities, with the LLS providing the ""dark state"" storage until the sensing event occurs.

4.  **Increased Versatility in Molecular Design:**
    *   Researchers are no longer solely restricted to molecules with inherently long T₁ relaxation times for protons (which are rare). LLS allow a much wider range of molecular structures, including those with protons directly attached to heteroatoms (N, O) or in complex environments, to be considered as hyperpolarized agents or sensors.

5.  **Practical Advantages of PHIP Combined with LLS:**
    *   **Cost & Simplicity:** PHIP (especially using parahydrogen generated by inexpensive catalysts) is significantly cheaper and technically simpler than other hyperpolarization methods like dissolution Dynamic Nuclear Polarization (dDNP).
    *   **Continuous Flow:** PHIP/PHIP-SAH can be integrated into continuous-flow production systems.
    *   **Endogenous Molecules:** PHIP-SAH allows hyperpolarization of biomolecules themselves or very close analogs, improving biocompatibility and relevance.
    *   **Storage:** Techniques like ""Spin-Lock Induced Crossing"" (SLIC) allow the hyperpolarization to be stored in the LLS during agent preparation and transport, minimizing decay before use.

**In essence:** The discovery of LLS addressed the critical Achilles' heel of hyperpolarization – its fleeting nature. By extending the signal lifetime from seconds to minutes, LLS unlocked the practical potential of PHIP for observing complex, slow biological processes *in vivo* and for developing sophisticated molecular sensors. This transformed PHIP from a primarily spectroscopic curiosity into a genuinely viable and powerful technology for biomedical applications, particularly metabolic MRI and molecular sensing, reigniting significant research and development efforts in the field. The combination of PHIP's inherent advantages (cost, simplicity, molecular targeting) with long lifetimes makes it a highly competitive approach.","Because the lifetime of the hyperpolarized state was increased approximately by a factor of 3, making them more viable for practical applications.",0.5413534082850497,0.793669676456663,0.0,0.0,0.0
63,"What is the first step in testing the PHIP activity of the PEGylated, PHIP-labeled aptamer AS1411 in pure MeOD?",[],"['The procedure involves testing the PHIP activity of a PEGylated, PHIP-labeled aptamer AS1411 in pure MeOD. The steps include activating the catalyst, refreshing p(H2), shaking the sample, heating it, transferring it to the detection field, and applying consecutive 45° degree pulses. The hyperpolarization spectrum is then analyzed for specific signals.']","The **first critical step** in testing PHIP activity of the PEGylated, PHIP-labeled AS1411 aptamer in pure MeOD is:  

**1. Sample Preparation and Parahydrogen Introduction:**  
   - Dissolve the PHIP-labeled AS1411 aptamer in degassed, anhydrous MeOD in a suitable NMR tube.  
   - Ensure the solution is **strictly oxygen-free** (via freeze-pump-thaw cycles or inert gas purging).  
   - **Introduce parahydrogen (p-H₂)** into the solution under controlled conditions (e.g., bubbling or pressurization).  
   - **Initiate hydrogenation** of the unsaturated PHIP tag (e.g., alkene/alkyne) using a catalyst (e.g., Rh complex) or via spontaneous reaction if designed for catalyst-free PHIP.  

**Immediately followed by:**  
**2. Real-Time Hyperpolarized NMR Acquisition:**  
   - Rapidly transfer the sample to a pre-shimmed NMR spectrometer.  
   - Acquire a **¹H NMR spectrum** *immediately* after hydrogenation (within seconds) to detect hyperpolarized signal enhancements.  
   - **Key metrics:** Compare signal intensity at the hyperpolarized proton frequencies (e.g., −CH₂− or −CH₃ of hydrogenated tags) against the thermal equilibrium signal.  

### Why This is Step 1:  
- PHIP relies on the **chemical reaction** between p-H₂ and the unsaturated tag to generate hyperpolarization.  
- Signal enhancement **decays rapidly** (T₁-driven), so measurement must occur within seconds after H₂ addition.  
- Pure MeOD ensures solvent compatibility with organometallic catalysts (if used) and avoids ¹H background interference.  

### Critical Parameters to Control:  
- **p-H₂ enrichment** (>95% para-enriched).  
- **Temperature** (affects reaction kinetics & T₁).  
- **Catalyst concentration** (if applicable; must be optimized to avoid quenching).  
- **Timing** (NMR trigger synchronized with H₂ addition).  

After confirming hyperpolarization in MeOD, subsequent steps would include:  
- Quantifying enhancement factors.  
- Testing in aqueous buffers.  
- Biological targeting validation.  

*This initial NMR verification establishes whether the PHIP label retains functionality after PEGylation and aptamer conjugation—a prerequisite for any downstream applications.*",The first step is to activate the catalyst under mild reaction conditions at room temperature to enable the hydrogenation of the cyclooctadiene ligand on the rhodium center.,0.14130105642748458,0.9850519693137628,0.0,0.0,0.0
64,Why is there a need to refresh the catalyst periodically in SABRE analysis to maintain activity?,[],"['Here, the slow formation of a series of novel trimeric complexes with general formula $\\mathrm{[Ir(H)_2(Cl)(NHC)(\\mu - pyrimidine - \\kappa N:\\kappa N^{\\prime})]_3}$ that have been characterised by X- ray crystallography for $\\mathbf{B}_{\\mathrm{Si}}$ results in the need to employ fresh samples during the SABRE analysis. Hence while high levels of signal gain are readily achieved through SABRE, there is a need to refresh the catalyst periodically if activity is to be maintained over several hours.']","Catalysts in SABRE (Signal Amplification By Reversible Exchange) analysis require periodic refreshing primarily due to several deactivation pathways that occur under operational conditions:

1.  **Decomposition/Degradation:**
    *   **Air/Oxidation:** Many active SABRE catalysts (typically Ir-NHC complexes) are highly sensitive to trace oxygen. Even brief exposure oxidizes the metal center (e.g., Ir(I) to inactive Ir(III)), destroying its ability to bind para-H₂ and the substrate.
    *   **Moisture:** Water can hydrolyze ligands or react with sensitive metal centers, leading to decomposition.
    *   **Chemical Degradation:** Components in the sample mixture (solvents, substrates, impurities) can react irreversibly with the catalyst or its ligands over time.

2.  **Ligand Dissociation:**
    *   The active catalytic species is a coordinatively unsaturated complex where the substrate and H₂ reversibly bind. During the catalytic cycle, one of the stabilizing ligands (e.g., a phosphine or NHC ligand) can partially dissociate.
    *   If dissociation becomes irreversible or the ligand is displaced by a stronger coordinating species (like an impurity), the catalyst loses its specific geometry and electronic properties necessary for efficient para-H₂ binding and polarization transfer.

3.  **Formation of Inactive Hydride Species:**
    *   During the catalytic cycle involving para-H₂, various iridium hydride intermediates are formed.
    *   Under certain conditions (e.g., high H₂ concentration, specific substrate absence, magnetic field effects), these hydride species can isomerize or dimerize into thermodynamically stable but catalytically **inactive** forms (e.g., the commonly observed Ir(III) dihydride species like [Ir(H)₂(IMes)(py)₃]Cl). These complexes no longer participate effectively in the SABRE cycle.

4.  **Poisoning:**
    *   Trace impurities in solvents, substrates, or gases (e.g., sulfur compounds, carbon monoxide, heavy metals) can bind strongly and irreversibly to the iridium center or key ligands, blocking the active sites.

5.  **Physical Loss/Adsorption:**
    *   Catalyst complexes can adsorb onto surfaces (glassware, reactor walls, filter materials) during transfer or filtration steps, physically removing them from the active solution phase.

**Why Refreshing is Necessary to Maintain Activity:**

The deactivation processes described above gradually reduce the concentration of the *active* catalyst species. SABRE relies on a fast catalytic cycle involving reversible substrate exchange, para-H₂ binding, polarization transfer, and dissociation. As the active catalyst pool diminishes:

1.  **Polarization Transfer Efficiency Decreases:** Fewer catalyst molecules are available to transfer polarization from para-H₂ to the substrate molecules.
2.  **Signal Intensity Drops:** The hyperpolarized signal strength decays significantly as the catalyst loses activity.
3.  **Consistency is Lost:** Reproducible results become difficult as the catalyst activity changes over time.

**Refreshing the Catalyst (typically by adding a fresh aliquot or regenerating it in situ) restores the concentration of the active species, ensuring:**

*   High polarization transfer efficiency.
*   Strong, reproducible NMR/MRI signals.
*   Consistent analytical performance.

**Mitigation Strategies (Beyond Refreshing):**

*   **Strict Anaerobic/Anhydrous Handling:** Performing all steps under inert atmosphere (N₂/Ar) using rigorously dry and degassed solvents/substrates minimizes oxidation and hydrolysis.
*   **High-Purity Reagents:** Removing trace impurities reduces poisoning.
*   **Catalyst Design:** Developing more robust catalysts (e.g., with chelating ligands, less air-sensitive metals/ligands) is an active research area.
*   **Adding Free Ligand:** Sometimes, adding excess stabilizing ligand (like IMes or PPh₃) to the reaction mixture can help prevent irreversible dissociation or shift equilibria away from inactive hydrides.
*   **Regeneration Protocols:** Controlled application of H₂ pulses or specific magnetic field sequences can sometimes help reactivate certain inactive hydride species back into the active cycle.

In summary, catalyst deactivation through decomposition, ligand dissociation, formation of inactive hydrides, and poisoning is an inherent challenge in SABRE due to the sensitivity of the required Ir complexes. Periodic refreshing is essential to counteract these processes and maintain the high catalytic activity needed for effective hyperpolarization.","The need to refresh the catalyst periodically in SABRE analysis arises because the slow formation of novel trimeric complexes with general formula $\mathrm{[Ir(H)_2(Cl)(NHC)(\mu - pyrimidine - \kappa N:\kappa N^{\prime})]_3}$ results in catalyst deactivation, requiring fresh samples to maintain high levels of signal gain over several hours.",0.3558734979924433,0.9551968199297418,1.0,0.0,0.0
65,What is the first step in the preparation for PHIP RASER experiments?,[],"['The text describes the typical procedure for PHIP RASER experiments, detailing the preparation steps including dissolving vinyl acetate, mixing with other compounds, forming a complex, and setting up the NMR tube.']","The **first and most fundamental step** in preparing for PHIP RASER experiments is the **production of para-enriched hydrogen gas (p-H₂)**.

Here's why and how this is done:

1.  **Why it's essential:** PHIP relies on the nuclear spin order inherent in para-hydrogen. Ordinary hydrogen gas (H₂) at room temperature consists of approximately 75% ortho-hydrogen (o-H₂, total nuclear spin I=1, triplet state) and 25% para-hydrogen (p-H₂, total nuclear spin I=0, singlet state). Only the *para*-hydrogen possesses the non-equilibrium nuclear spin state required for hyperpolarization transfer.
2.  **The Process:**
    *   **Cooling with Catalyst:** Hydrogen gas is passed through a catalyst (typically activated charcoal or a metal oxide catalyst like Fe₂O₃ or Cr₂O₃ on Al₂O₃) held at **cryogenic temperatures** (usually liquid nitrogen temperature, 77 K).
    *   **Equilibration:** At this low temperature, the ortho-para interconversion is catalyzed, driving the gas towards the thermodynamically favored para-state at equilibrium.
    *   **Enrichment Goal:** The goal is to achieve a very high enrichment of p-H₂, ideally > 95% and often > 99%. The exact enrichment depends on the catalyst efficiency, temperature, and gas flow rate.
3.  **How it's used:** This highly para-enriched hydrogen gas is then stored (often still at low temperature to minimize back-conversion) and subsequently introduced into the sample containing the precursor molecule (the unsaturated substrate) and the hydrogenation catalyst to initiate the hydrogenation reaction that transfers the spin order (PHIP step).

**Why this is the absolute first step:**

*   **Prerequisite:** Without a source of highly enriched p-H₂, the PHIP effect *cannot* occur. All subsequent steps (substrate preparation, catalyst activation, reaction setup, polarization transfer, and finally RASER detection) depend entirely on the availability of this spin-ordered fuel.
*   **Time Sensitivity:** p-H₂ enrichment requires specific equipment (cryostat, catalyst column) and time to generate the gas before the experiment. It must be prepared ahead of the main PHIP reaction step.
*   **Defining Characteristic:** The use of para-enriched hydrogen is what defines the ""P"" in PHIP. It's the source of the non-Boltzmann spin order that enables the massive signal enhancement necessary for phenomena like the NMR RASER.

**In summary:** Before worrying about substrates, catalysts, reaction cells, or NMR settings, the very first preparatory step for any PHIP experiment, including PHIP RASER, is generating a sufficient quantity of highly para-enriched hydrogen gas. This is the foundational source of the hyperpolarization.",The first step is dissolving vinyl acetate (VA) in CD3OD3.,0.10945239447599452,0.9719908197604069,0.88,0.0,0.0
66,Why are additional hydride signals observed in the spectra of PTC 2 and PTC 3 when only one signal was expected?,[],"['Interestingly, the spectra of PTC 2 [Fig. 4(a)] and PTC 3 [Fig. 4(b)] reveal several additional hydride signals as compared to the single signal expected from the main species. This is surprising, because if the equatorial plane of the PTC consists of two protons (originating from  $\\mathrm{pH}_2$ ) and two pyridine ligands, as would be expected, only one single hydride signal should be observed. Here however, we observe two additional species for PTC 2 [Fig. 4(a)] and one for PTC 3 [Fig. 4(b)]. This observation is similar to what we and others have previously observed for PTC 1, where the additional signals were assigned to low concentrated intermediate complexes, coordinating either Cl or solvent molecules.']","The observation of additional hydride signals in the spectra of **PTC 2 and PTC 3** (common iridium NHC catalysts used in PHIP) instead of the expected single signal arises primarily from **structural asymmetry and slow dynamic processes** on the NMR timescale. Here's a breakdown of the key reasons:

1.  **Loss of Molecular Symmetry:**
    *   **Expected Symmetry:** A symmetric, octahedral Ir(III) dihydride complex (e.g., `[Ir(H)₂(L)(Solv)x]⁺`, where `L` is the NHC/phosphine ligand and `Solv` is a solvent molecule) might be expected to have equivalent hydrides, giving a single sharp hydride signal *if* the ligand environment is symmetric and there is rapid rotation averaging positions.
    *   **Actual Asymmetry:** The bulky N-heterocyclic carbene (NHC) ligands in PTC complexes (e.g., IMes, SIMes) create a sterically crowded environment around the iridium center. This asymmetry breaks the equivalence of the two hydride ligands. They reside in chemically distinct environments due to:
        *   **Asymmetric Ligand Framework:** The NHC ligand itself may lack symmetry planes that would make the hydride positions equivalent.
        *   **Substrate/Solvent Binding:** The binding of a substrate molecule or specific solvent molecule (e.g., pyridine, acetonitrile, DMSO) in the remaining coordination site can create an asymmetric environment, making the two hydrides diastereotopic.

2.  **Slow Hydride Exchange/Dynamics:**
    *   **Fluxional Behavior:** The complex may undergo dynamic processes that *could* average the hydride signals (e.g., hydride site exchange, ligand rotation, dissociation/reassociation).
    *   **Slow Exchange on NMR Timescale:** In PTC complexes, these dynamic processes are often **slow** on the NMR timescale at room temperature (or the temperature used for observation). This means the NMR spectrometer ""sees"" the two distinct hydride environments as separate, non-exchanging species, resulting in two distinct signals (`Hᵢᵣᵢᵣᵢᵣᵢᵣ` and `Hᵢᵣᵢᵣᵢᵣᵢᵣ`).
    *   **Evidence:** Cooling the sample often sharpens and separates these signals further, while warming can cause broadening and eventual coalescence into a single averaged signal as exchange speeds up.

3.  **Presence of Multiple Species:**
    *   **Isomers:** Different geometric isomers of the dihydride complex might be present simultaneously (e.g., due to different orientations of the NHC ligand or the bound solvent/substrate). Each isomer could have its own distinct hydride chemical shifts.
    *   **Different Solvates/Coordination States:** The complex might exist in equilibrium between species with different numbers or types of bound solvent molecules, leading to slightly different hydride chemical shifts for each form.

4.  **Oxidation State & Ligand Exchange:**
    *   While the catalytically active species for hydrogenation/PHIP is Ir(III)-dihydride, the pre-catalyst might be an Ir(I) species. Observation of multiple hydride signals is a clear indicator that you are observing the Ir(III) state. The complexity arises from the structure of *that* Ir(III) species.

**In Summary:**

The primary reason for observing multiple hydride signals instead of one is that the **two hydride ligands in the Ir(III) dihydride complex are chemically non-equivalent (diastereotopic)** due to the **asymmetric ligand environment** created by the bulky NHC ligand and the bound substrate/solvent. Furthermore, **dynamic processes that could average their signals are slow on the NMR timescale** under typical observation conditions. The observation of two distinct hydride signals (`Hₐₓᵢᵣ` and `Hₑq`) is actually a very common and characteristic feature of many asymmetric dihydride complexes, including PTC catalysts.

**Key Takeaway:** The expected ""single signal"" assumes perfect symmetry and fast dynamics, which are not present in these sterically crowded, asymmetric Ir(III)-NHC dihydride complexes under standard NMR conditions. The observation of multiple signals provides valuable structural information about the catalyst's active form.","The additional hydride signals are observed because of the presence of low concentrated intermediate complexes that coordinate either Cl or solvent molecules, which can play a role in the hydrogen exchange cycle.",0.3048126885035879,0.9888480177352189,0.0,0.0,0.0
67,Why does the signal enhancement reduce over the next 5 minutes in the initial product [lr(H)2(IMes)(COE)(L8)2]Cl?,[],"['The signal enhancement reduces over the next 5 minutes, as this complex is converted into multiple species (see the Supporting Information for detailed information).']","The signal enhancement reduction in **[Ir(H)₂(IMes)(COE)(L8)₂]⁺** over ~5 minutes after para-hydrogenation is primarily due to **relaxation of the hyperpolarized state** and **chemical exchange processes**. Here's a breakdown of the key mechanisms:

1.  **T₁ Spin-Lattice Relaxation:**
    *   **Core Mechanism:** The hyperpolarization created by PHIP is a non-equilibrium state. The nuclear spins (specifically the hydride \( ^1H \) nuclei here) naturally relax back towards their thermal equilibrium Boltzmann distribution via interactions with their environment (""lattice"").
    *   **Rate (1/T₁):** The speed of this relaxation is characterized by the relaxation time T₁. **Shorter T₁ times lead to faster decay of the hyperpolarized signal.**
    *   **Why Short T₁?** Hydride ligands bound to transition metals like Ir often have relatively short T₁ times due to:
        *   **Paramagnetic Relaxation:** Interaction with unpaired electrons on the metal center (even if diamagnetic, transient effects or nearby paramagnetic impurities can contribute).
        *   **Chemical Shift Anisotropy (CSA):** Rapid molecular tumbling modulates the large chemical shift anisotropy typical for metal hydrides, providing an efficient relaxation pathway.
        *   **Dipole-Dipole Relaxation:** Interactions with other nearby spins (e.g., other H atoms on the bulky IMes and L8 ligands, or solvent) can relax the hydrides.
        *   **Scalar Relaxation:** Modulations of scalar coupling constants (e.g., due to chemical exchange or internal motion) can also contribute.
    *   **Result:** The intense hyperpolarized signal decays exponentially with a time constant roughly equal to T₁.

2.  **Chemical Exchange/Dephasing:**
    *   **Reversible Reactions:** The complex itself might undergo reversible reactions (e.g., ligand dissociation/association, isomerization) involving the hyperpolarized hydride ligands. If the product of this reaction doesn't retain the hyperpolarization effectively, the signal is lost.
    *   **Chemical Exchange with Solvent/Buffer:** If the hyperpolarized hydrides can exchange with solvent protons (e.g., via trace water or protic buffers), the polarization rapidly dissipates into the vast pool of solvent spins.
    *   **\( T_2^* \) Dephasing:** While less dominant for signal *intensity* loss compared to T₁ relaxation over minutes, inhomogeneities in the magnetic field and unresolved couplings cause rapid signal dephasing (\( T_2^* \) effects), contributing to the *observed* linewidth broadening and potentially faster apparent initial decay.

3.  **Temperature Effects:**
    *   Relaxation rates (1/T₁) generally **increase with temperature**. If the sample warms slightly after the initial para-hydrogenation (which might be done rapidly or potentially at lower T for better para-H₂ enrichment), the relaxation accelerates, speeding up the decay.

4.  **Concentration Effects:**
    *   Dilution or aggregation can subtly affect relaxation pathways.

**Why is this decay particularly noticeable in this complex?**

1.  **Metal Hydride Nature:** As mentioned, Ir-H bonds inherently have efficient relaxation mechanisms (CSA, DD to bulky ligands) leading to shorter T₁ times compared to, say, hyperpolarized \( ^{13}C \) in small molecules.
2.  **Bulky Ligands (IMes, L8):** The large, potentially flexible NHC (IMes) and phosphine (L8) ligands surrounding the hydrides create a complex local environment. This can:
    *   Enhance dipole-dipole relaxation pathways with nearby protons on the ligands.
    *   Potentially facilitate slower molecular tumbling, influencing CSA relaxation.
    *   Introduce sites for weak interactions or aggregation.
3.  **""Initial Product"" Dynamics:** This specific complex might be an intermediate in a catalytic cycle or prone to slow ligand rearrangements/dissociation, providing chemical exchange pathways that dissipate polarization.

**In Summary:** The dominant factor is **T₁ spin-lattice relaxation** driven by the efficient relaxation mechanisms inherent to transition metal hydride complexes, particularly those with bulky ligands like this Ir(I) species. Chemical exchange processes involving the hyperpolarized hydrides further contribute to the rapid loss of the non-equilibrium polarization over the timescale of minutes, returning the system to its much weaker thermal equilibrium signal.",The signal enhancement reduces because the initial complex is converted into multiple species over time.,0.2540030290032728,0.8443281148852159,0.0,0.0,0.0
68,How does the FWHM of HP HCA in low-field (48.7 mT) compare to that in high-field studies?,[],"['Moreover, the FWHM of ∼3Hz (corresponding to ∼6ppm) is only a factor of ≤6 worse than that observed in high-field studies (i.e. ≥1ppm [55,61-65].']","The **FWHM (Full Width at Half Maximum)** of hyperpolarized hydrocarbon anions (HP HCA) detected at **low-field (48.7 mT)** is generally **significantly narrower** compared to high-field NMR studies (e.g., 7–21 T). Here's why:

1.  **Reduced Dipolar Relaxation (T₂ Dominance):**  
    At low fields, transverse relaxation (T₂) is primarily driven by **slow molecular tumbling and weak spin-spin interactions**. High-field NMR suffers from accelerated T₂ relaxation due to:  
    - **Chemical Shift Anisotropy (CSA):** Scales with *B₀²*, significantly broadening lines at high fields.  
    - **Stronger Dipolar Coupling:** Enhanced spin-spin interactions at high fields.  
    At **48.7 mT**, these mechanisms are minimized, leading to longer T₂ and narrower lines.

2.  **Homogeneity Advantages:**  
    Low-field magnets (especially resistive or permanent magnets) often achieve **superior B₀ homogeneity** relative to their field strength. High-field superconducting magnets, despite advanced shimming, have inherent challenges maintaining homogeneity over larger volumes, contributing to broader lines.

3.  **SABRE Optimization:**  
    The field strength of **48.7 mT** is specifically chosen for **SABRE (Signal Amplification By Reversible Exchange)** hyperpolarization of substrates like pyridine (common in HP HCA studies). At this field, the spin-order transfer from *p*-H₂ to the target nucleus is maximally efficient, resulting in intense signals. Crucially, this **does not broaden the resonance lines** during detection.

**Key Comparison:**
- **Low-Field (48.7 mT):**  
  FWHM is typically **≤ 1 Hz** (often sub-Hz) due to long T₂ and excellent homogeneity.  
- **High-Field (e.g., 9.4 T / 400 MHz):**  
  FWHM is often **> 5–10 Hz** (or more) due to shorter T₂ (CSA, dipolar) and homogeneity limitations, even for hyperpolarized signals.

**Important Caveat:**  
While *individual lines* are narrower at low-field, the **chemical shift dispersion (ppm)** is drastically reduced. This means overlapping resonances can still complicate spectra despite narrow lines, whereas high-field offers superior spectral resolution (Hz/ppm).

**In summary:** HP HCA signals detected at **48.7 mT exhibit substantially narrower FWHM** than in high-field NMR due to suppressed relaxation mechanisms and favorable magnet homogeneity, enabling ultra-high-resolution detection within the constraints of low chemical shift dispersion.",The FWHM of HP HCA in low-field (48.7 mT) is a factor of ≤6 worse than that observed in high-field studies.,0.17973813435335365,0.811229439574951,0.0,0.0,0.0
69,"Could the chemical shift changes of $^{13}\mathrm{C}$ in fluoro-$\left[^{15}\mathrm{N}_3ight]$-metronidazole be useful for hypoxia sensing and metabolite detection?",[],"['The computational studies reveal excellent $^{15}\\mathrm{N}$ chemical shift dispersion of all three HP $^{15}\\mathrm{N}$ sites of fluoro-$\\left[^{15}\\mathrm{N}_3\right]$-metronidazole for delineating the metabolites. Moreover, the $^{19}\\mathrm{F}$ chemical shift changes induced at the $^{19}\\mathrm{F}$ site due to hypoxia-induced reduction processes could also be potentially useful for hypoxia sensing and detection of its metabolites.']","The potential utility of **$^{13}\mathrm{C}$ chemical shift changes** in **fluoro-$\left[^{15}\mathrm{N}_3\right]$-metronidazole** for **hypoxia sensing and metabolite detection** depends on several biochemical and spectroscopic factors. Here's a structured analysis:

### 1. **Hypoxia Sensing Mechanism**
   - Metronidazole acts as a **bioreductive probe** in hypoxic environments. Its **nitro group ($\mathrm{-NO_2}$)** undergoes enzymatic reduction (e.g., via nitroreductases) to reactive intermediates (nitroso, hydroxylamine), which covalently bind to cellular macromolecules under low O₂.
   - **Chemical shift changes** in $^{13}\mathrm{C}$ could reflect:
     - **Electronic redistribution** upon nitro-group reduction, altering the local magnetic environment.
     - **Binding to macromolecules** (e.g., proteins/DNA), causing significant shifts due to conformational changes or paramagnetic effects.

### 2. **Utility of $^{13}\mathrm{C}$ Chemical Shifts**
   - **Advantages**:
     - **Hypoxia-specific shifts**: If reduction-induced changes in $^{13}\mathrm{C}$ shifts are distinct and reproducible, they could report hypoxia without background interference.
     - **Multi-nuclear detection**: Combined with $^{19}\mathrm{F}$ and $^{15}\mathrm{N}$ labels, this enables **multi-modal NMR/MRI** for cross-validation.
     - **Hyperpolarization compatibility**: $^{15}\mathrm{N}_3$ labels facilitate **hyperpolarization transfer** (e.g., via SABRE or PHIP), amplifying $^{13}\mathrm{C}$ signals for real-time metabolic imaging.
   - **Challenges**:
     - **Shift magnitude**: Changes must be ≥0.1 ppm for robust detection in complex biological matrices.
     - **Metabolite complexity**: Multiple reduction products may cause overlapping shifts, complicating quantification.

### 3. **Synergy with Hyperpolarization**
   - **$^{15}\mathrm{N}_3$ labels** enable efficient **spin-relay hyperpolarization** to $^{13}\mathrm{C}$ nuclei via long-lived spin states.
   - **Hyperpolarized $^{13}\mathrm{C}$** offers:
     - >10,000× signal enhancement for real-time hypoxia mapping.
     - Detection of metabolic trapping (e.g., binding to cellular components) via altered relaxation times/shifts.

### 4. **Experimental Feasibility**
   - **Key validations needed**:
     1. **In vitro NMR**: Confirm hypoxia-induced $^{13}\mathrm{C}$ shift changes in reduced vs. oxidized states.
     2. **Selectivity**: Test shift stability against pH, redox potential, and competing metabolites.
     3. **In vivo correlation**: Link shifts to pO₂ levels in tumor models using hyperpolarized MRI.

### 5. **Comparison to Existing Probes**
   - **Traditional $^{19}\mathrm{F}$ probes** rely on relaxation changes ($T_1/T_2$), not chemical shifts. $^{13}\mathrm{C}$ shifts could offer **superior specificity**.
   - **Limitation**: $^{13}\mathrm{C}$ requires isotopic labeling, whereas $^{19}\mathrm{F}$ is naturally abundant.

### Conclusion
**Yes, $^{13}\mathrm{C}$ chemical shift changes could be highly useful**, provided:
- Shifts are significant (>0.5 ppm) and unique to hypoxia.
- Hyperpolarization delivers sufficient signal-to-noise for dynamic detection.
- Metabolite binding stabilizes the shift for unambiguous readout.

This approach would complement $^{19}\mathrm{F}$-based hypoxia sensing, adding **molecular specificity** and enabling **multi-nuclear imaging** strategies. Experimental validation is essential to confirm the shift magnitude and biological relevance.","Yes, the chemical shift changes of $^{13}\mathrm{C}$ in fluoro-$\left[^{15}\mathrm{N}_3ight]$-metronidazole could potentially be useful for hypoxia sensing and metabolite detection, similar to the utility observed for $^{15}\mathrm{N}$ and $^{19}\mathrm{F}$ chemical shifts.",0.30659363203592244,0.9699557003489264,0.0,0.0,0.0
70,Why are the polarization degrees for the aptamer only moderate?,[],['The polarization degrees of up to $0.5\\%$ $(E_{300\\mathrm{MHz}} = 187)$ obtained for the aptamer are only moderate and can be explained by high $T_{1}$ losses prior to detection and by strong signal cancellation effects in the spectrum.'],"The moderate polarization degrees observed for aptamers in para-hydrogen-induced polarization (PHIP) experiments stem from several inherent challenges related to their molecular properties and the PHIP mechanism:

1.  **Molecular Size and Slow Tumbling:**
    *   Aptamers are relatively large molecules (typically 5-25 kDa) compared to the small substrate molecules (e.g., propylene, pyruvate) often used in PHIP.
    *   Large size leads to slow rotational diffusion (slow tumbling) in solution.
    *   Slow tumbling increases the spectral density at low frequencies, which dramatically accelerates nuclear spin relaxation (shortens T₁ relaxation times).
    *   **Consequence:** The hyperpolarized state generated by PHIP decays very rapidly (short T₁) *before* it can be effectively utilized or measured, resulting in a lower observed polarization degree.

2.  **Binding Dynamics & Exchange:**
    *   Efficient PHIP transfer requires the substrate molecule to be transiently bound to the polarization transfer site (e.g., a metal center in a catalyst or an enzyme active site) *during* the hydrogenation reaction and polarization transfer step.
    *   Aptamer-substrate binding kinetics (kon/koff rates) and affinity (Kd) may not be optimal for this synchronized process:
        *   **Slow Exchange:** If the substrate exchanges too slowly between free and aptamer-bound states, only a small fraction of the substrate spends time in the bound state where polarization transfer *could* occur, limiting overall efficiency.
        *   **Affinity:** Moderate affinity might mean only a fraction of the substrate is bound at any given time, reducing the pool available for potential polarization transfer.
    *   **Consequence:** Suboptimal binding kinetics and affinity prevent a large fraction of the substrate from participating efficiently in the PHIP process within the aptamer complex.

3.  **Suboptimal Binding Geometry for PHIP Transfer:**
    *   PHIP mechanisms (PASADENA or ALTADENA) rely on specific spin-spin interactions (J-couplings or dipolar couplings) between the nascent parahydrogen-derived protons and the target nucleus (e.g., ¹³C, ¹⁵N) to transfer polarization.
    *   This transfer is highly sensitive to the precise geometry and distances between these nuclei within the bound complex.
    *   Aptamers, while designed for specific target binding, are not inherently optimized to position the substrate in a geometry that maximizes these crucial spin interactions for efficient polarization transfer to the desired nucleus.
    *   **Consequence:** Even when bound, the substrate may not be oriented ideally for efficient polarization transfer from the parahydrogen protons to the target nucleus on the substrate or the aptamer itself.

4.  **Structural Flexibility and Heterogeneity:**
    *   Aptamers can exhibit conformational flexibility and may bind substrates in slightly different orientations.
    *   This heterogeneity means that only a subset of the bound substrate molecules might be in the ""ideal"" geometry for PHIP transfer at any given moment.
    *   **Consequence:** The observed polarization is an average over many sub-optimally oriented molecules, further reducing the maximum achievable polarization degree.

5.  **Catalyst Integration Challenge:**
    *   Aptamers themselves are not catalysts for hydrogenation. PHIP requires a separate hydrogenation catalyst (usually a transition metal complex like Rh or Ir) to add the parahydrogen to an unsaturated bond on the substrate.
    *   Integrating this catalyst effectively with the aptamer-substrate complex adds significant complexity:
        *   The catalyst might cause unwanted relaxation of the hyperpolarized state.
        *   Ensuring the substrate is hydrogenated *while* optimally bound to the aptamer *and* in the presence of the catalyst is difficult.
        *   The catalyst might compete with or interfere with aptamer binding.
    *   **Consequence:** This multi-component system introduces additional relaxation pathways and inefficiencies, making it harder to achieve high polarization levels compared to simpler systems where the catalyst itself provides the binding site (e.g., in homogeneous catalysis PHIP).

6.  **Relaxation Environment:**
    *   The aptamer's structure and potential proximity to paramagnetic impurities or other relaxation sinks can further shorten the T₁ relaxation times of the hyperpolarized nuclei.

**In Summary:** Aptamers present a challenging system for achieving high PHIP polarization degrees primarily due to their large size (leading to fast relaxation), potentially suboptimal binding kinetics and geometry for the specific spin physics required by PHIP, conformational heterogeneity, and the difficulty of cleanly integrating the necessary hydrogenation catalyst. Overcoming these limitations often requires sophisticated aptamer engineering, careful catalyst design, and optimization of reaction conditions, but fundamental physical constraints (like size-related relaxation) inherently limit the maximum achievable polarization compared to smaller, more rigid systems optimized for PHIP.",The polarization degrees are only moderate due to high T1 losses prior to detection and strong signal cancellation effects in the spectrum.,0.2245567739049533,0.7873378568562291,0.0,0.0,0.0
71,"What applications of HP $^{13}\mathrm{C}$ biomolecules have been demonstrated, as extensively reviewed elsewhere?",[],"['The utility of HP $^{13}\\mathrm{C}$ biomolecules for in vivo metabolism detection, decrease grading, and monitoring response to treatment has been demonstrated, as extensively reviewed elsewhere.']","Hyperpolarized (HP) $^{13}\mathrm{C}$ biomolecules have enabled groundbreaking applications in metabolic imaging, primarily demonstrated in the following areas (**extensively reviewed in publications like *Ardenkjaer-Larsen et al., PNAS 2003; Kurhanewicz et al., Neoplasia 2019; Comment & Merritt, NMR Biomed. 2014*)**:

1.  **Cancer Metabolism & Diagnosis:**
    *   **[1-13C]Pyruvate:** The most advanced application. Rapid conversion to **[1-13C]lactate** by lactate dehydrogenase (LDH) provides a real-time biomarker of:
        *   **Tumor aggressiveness, grade, and treatment response** (elevated lactate production indicates upregulated glycolysis/Warburg effect).
        *   **Detection and localization** (e.g., prostate, brain, breast, renal cancers).
        *   **Early treatment response assessment** (changes in lactate flux often precede tumor shrinkage).

2.  **Cardiac Metabolism & Energetics:**
    *   **[1-13C]Pyruvate:** Conversion to **[13C]bicarbonate** (via PDH) reports on **mitochondrial function and tricarboxylic acid (TCA) cycle flux**. Reduced bicarbonate signal indicates metabolic impairment (e.g., ischemia, heart failure).
    *   **[1-13C,5-13C]Ketoisocaproate (KIC):** Conversion to **[5-13C]glutamate** via branched-chain aminotransferase (BCAT) provides a **specific measure of citric acid cycle (CAC) flux**.
    *   **[1-13C]Acetate:** Used to assess **cardiac oxygen consumption and TCA cycle flux**.

3.  **Real-Time Metabolism in Organs:**
    *   Visualizing **hepatic gluconeogenesis** and **glycolysis** using [1-13C]pyruvate or [2-13C]pyruvate.
    *   Monitoring the **urea cycle** using [13C,15N2]urea or HP precursors (e.g., ammonia, bicarbonate).
    *   Studying **renal metabolism and pH regulation**.

4.  **Enzyme Activity & Kinetics:**
    *   Directly measuring **flux rates through specific enzymatic pathways** *in vivo* in real-time (e.g., LDH, PDH, ALT, ALP activity) by tracking the conversion of injected HP substrate to product.

5.  **Tissue pH Mapping:**
    *   Using **[13C]Bicarbonate / [1-13C]CO2:** The pH-dependent equilibrium between H$^{13}$CO$_3^-$ and $^{13}$CO$_2$ allows **quantitative mapping of extracellular pH (pHe)**, relevant in cancer (acidic microenvironment) and ischemia.

6.  **Perfusion Imaging:**
    *   Using non-metabolized HP agents like **[13C]Urea** as **vascular perfusion tracers** to assess blood flow in organs (e.g., kidney, brain, tumor).

7.  **Neurodegeneration & Neuroinflammation:**
    *   Investigating **brain metabolism** (e.g., pyruvate-lactate exchange, oxidative metabolism) in models of stroke, epilepsy, traumatic brain injury, Alzheimer's, and multiple sclerosis. HP [1-13C]glutamate and [1-13C]glutamine are emerging probes for **glutamatergic neurotransmission and astrocyte-neuron coupling**.

**Key Demonstrated Biomolecules & Probes:**
*   **[1-13C]Pyruvate:** The most widely used and clinically translated probe (Phase I-III trials ongoing).
*   **[1-13C]Lactate:** Often imaged as the product of pyruvate metabolism.
*   **[13C]Bicarbonate / [1-13C]CO2:** For pH imaging and PDH flux.
*   **[1-13C]α-Ketoglutarate / [5-13C]Glutamate:** For CAC flux and transaminase activity.
*   **[13C]Urea:** For perfusion.
*   **[1-13C]Acetoacetate / [1-13C]β-Hydroxybutyrate:** For ketone body metabolism.
*   **[1-13C]Fumarate:** For cell necrosis detection (converted to malate by fumarase in dead/damaged cells).
*   **[1-13C]Dehydroascorbate (DHA):** As a redox probe (reduced to ascorbate).

These applications leverage the >10,000-fold signal enhancement from HP to enable **real-time, non-invasive, and quantitative metabolic imaging** that is impossible with conventional MRI or MRS. The field is rapidly evolving, with ongoing clinical translation focused primarily on oncology and cardiology.","In vivo metabolism detection, decrease grading, and monitoring response to treatment.",0.26383581927782784,0.815290137531611,0.0,0.0,0.0
72,How does the production volume of HP propane gas compare to that of HP 129Xe?,[],"['The produced HP propane dose is similar to that of HP 129Xe produced by a spin exchange optical pumping (SEOP) technique, which has been employed for in- human MRI. For example, previous studies have employed 0.3 - 0.5 sL of HP 129Xe.']","The production volumes of hyperpolarized (HP) propane gas (via PHIP) and HP <sup>129</sup>Xe (typically via SEOP) differ significantly due to **fundamental technical and scalability constraints**:

1.  **HP <sup>129</sup>Xe Production Volume (SEOP):**
    *   **High Volume:** Spin Exchange Optical Pumping (SEOP) systems are highly optimized and scalable.
    *   **Commercial/Clinical Scale:** Modern continuous-flow SEOP systems routinely produce **liters per hour** of HP <sup>129</sup>Xe gas mixtures (e.g., 0.5 - 2+ liters/hour at ~30-50% polarization).
    *   **Batch Size:** Single batches can easily reach **several liters**.
    *   **Purpose:** This scale is necessary for human lung MRI applications, requiring large inhaled volumes.

2.  **HP Propane Production Volume (PHIP):**
    *   **Low Volume:** Para-Hydrogen Induced Polarization (PHIP) for propane is primarily a **batch process** in research labs.
    *   **Research Scale:** Typical production volumes are in the range of **milliliters to tens of milliliters** per batch (e.g., 5 mL - 50 mL of pure HP propane gas).
    *   **Throughput:** Production rates are low, often requiring minutes per batch, leading to **milliliters per hour** in practice.
    *   **Purpose:** Current applications focus on preclinical vascular imaging (angiography) in small animals, where smaller gas volumes diluted in saline are sufficient for intravenous injection.

**Key Reasons for the Difference:**

1.  **Scalability of Technology:**
    *   **SEOP (Xe):** Continuous flow, high-power lasers, large rubidium vapor cells, and efficient gas handling enable large-scale production. Industrial systems exist.
    *   **PHIP (Propane):** Relies on hydrogenation reactions with para-enriched H<sub>2</sub> over heterogeneous catalysts. Scaling requires complex reactor engineering (e.g., microfluidic devices or packed beds) to maintain efficiency, homogeneity, and catalyst performance. This remains primarily in the research domain.

2.  **Batch vs. Continuous Process:**
    *   PHIP for propane is inherently batch-based (mix reactants, react, collect product). Scaling batch size introduces significant engineering challenges (heat management, mixing, catalyst deactivation).
    *   SEOP is a continuous flow process, inherently easier to scale for gas volume output.

3.  **Gas Handling & Concentration:**
    *   HP propane is typically produced as the pure target gas. Scaling means scaling the reactor volume/reactant flow significantly.
    *   HP <sup>129</sup>Xe is produced in a dilute mixture (1-5% Xe in N<sub>2</sub>/He buffer gas). Scaling involves increasing the flow rate of this mixture through a standardized cell.

4.  **Maturity & Investment:**
    *   SEOP for <sup>129</sup>Xe has decades of development and significant commercial investment for medical applications, driving large-scale production.
    *   PHIP for propane is a much younger field (<2 decades), primarily investigated in academic labs. The push for large-volume production hasn't yet materialized as the primary applications (preclinical angio) don't demand it.

**Conclusion:**

HP <sup>129</sup>Xe production volumes are **orders of magnitude larger (liters/hour)** than current HP propane production volumes **(milliliters/hour or per batch)**. SEOP technology is mature, continuous, and scalable for large gas volumes required for inhalation MRI. PHIP for propane is a promising but less mature batch technology primarily used at the small scale for preclinical research, facing significant engineering hurdles for volume scaling comparable to SEOP-Xe systems. While microreactor advances show promise for increased PHIP throughput, it currently cannot match the production scale of commercial HP <sup>129</sup>Xe generators.",The production volume of HP propane gas (0.3 sL) is similar to that of HP 129Xe (0.3-0.5 sL).,0.16477370132879138,0.8151516073518769,0.0,0.0,0.0
73,Why are SABRE-derived signal enhancements the highest at certain magnetic fields?,[],"[""An important related question is at what magnetic fields the SABRE-derived signal enhancements are the highest. With the aim to determine the SABRE field dependence (which we will call Nuclear Spin Polarization Dispersion, NSPD, by analogy with well-established relaxation studies) we have combined a p-H2 bubbling device [8] with a field-cycling spectrometer, where the whole NMR probe can be shuttled between low and high fields [9]. Using this setup and exploiting the quantum-mechanical density matrix formalism, the SABRE polarization dispersion of Crabtree's catalyst (the description of SABRE catalysts is given below) was recently explored from an experimental and theoretical standpoint [10]. It was shown that the main parameters, which determine the polarization transfer at low magnetic fields, are the chemical shifts and scalar couplings of the active SABRE complex. The transfer occurs when spin functions of the same total spin mix at fields that correspond to so-called 'Level Anti-Crossings (LACs)'.""]","The highest SABRE (Signal Amplification By Reversible Exchange) signal enhancements occur at specific magnetic fields due to **quantum mechanical resonance conditions** that maximize the efficiency of polarization transfer from para-hydrogen to the target molecule. This phenomenon centers on **Level Anti-Crossings (LACs)**. Here's a breakdown:

1.  **The Role of Level Anti-Crossings (LACs):**
    *   The catalyst (usually an Ir complex) binds both para-H₂ and the target molecule (substrate - S), forming a transient complex.
    *   Within this complex, the spins of the two para-hydrogen protons and the spins of the substrate protons interact through **J-coupling** and the **chemical shift difference** induced by the metal center.
    *   As the external magnetic field (B₀) changes, the energies of the various spin states of this coupled system shift.
    *   At specific field strengths, certain spin states that were separated at high field come very close in energy or even cross. These points are called **Level Anti-Crossings (LACs)**.
    *   **Crucially, at LAC points, the spin states mix very efficiently.** This mixing provides a pathway for the singlet spin order (high polarization) of para-hydrogen to be transferred to the substrate protons.

2.  **Why Efficiency Peaks at LAC Fields:**
    *   **Maximized Mixing:** At the exact LAC field, the energy difference between the crossing states is minimal. This strong mixing allows the para-hydrogen's polarization to flow rapidly and completely into the substrate's nuclear spin system.
    *   **Resonant Transfer:** Think of it like tuning a radio. Only at the specific ""frequency"" (magnetic field strength) corresponding to the LAC is the transfer channel ""open"" most effectively.
    *   **Avoided Crossing:** The ""anti-crossing"" nature means the states don't actually cross but repel each other slightly. This repulsion creates an avoided crossing gap. The width of this gap determines the speed of polarization transfer. The optimal field is where this gap allows for fast, efficient transfer within the lifetime of the transient complex.

3.  **Why Not at Zero or High Field?**
    *   **Ultra-Low/Zero Field:** While polarization transfer *can* occur efficiently at very low fields due to many possible couplings and mixings, it's often less *specific*. Polarization can leak to unwanted spins (like the catalyst's metal center, ¹⁵N ligands, or other solvent protons) or relax rapidly, reducing the net observable enhancement on the target substrate protons. Multiple LACs might be active simultaneously, leading to competing pathways.
    *   **High Field:** At high fields (like standard NMR magnets), the Zeeman interaction (alignment of spins with B₀) dominates. The spin states are well separated, mixing at LACs is suppressed, and the polarization transfer pathway from para-hydrogen singlet order to substrate magnetization becomes very slow compared to the lifetime of the complex or relaxation rates. Very little transfer occurs.

4.  **The Optimal Field ""Sweet Spot"":**
    *   The specific optimal field (typically in the **microtesla to millitesla range**, e.g., Earth's field ~50 µT up to a few mT) depends critically on:
        *   **The Catalyst Structure:** Different ligands (N-heterocyclic carbenes, phosphines, etc.) alter the chemical shifts and J-couplings within the complex.
        *   **The Substrate (S):** Its chemical structure determines its proton chemical shifts and J-couplings to other spins in the complex.
        *   **The Spin System:** The specific network of J-couplings between the hydrides, the substrate protons, the metal center (if active), and ligand nuclei (like ¹⁵N).
    *   This field is precisely where the LAC condition for the most efficient transfer pathway between the para-hydrogen hydrides and the desired substrate protons is met.

**In Summary:**

SABRE signal enhancements peak at specific low magnetic fields because those fields correspond to Level Anti-Crossings (LACs) within the transient catalyst-substrate-para-H₂ complex. At these resonant field points, quantum mechanical mixing between spin states is maximized, creating the most efficient pathway for transferring the hyperpolarization from para-hydrogen directly to the nuclei of the target molecule. Fields outside this optimal range result in either inefficient transfer (high field) or non-specific transfer and rapid relaxation (ultra-low/zero field). Finding and exploiting these LAC fields is key to maximizing SABRE performance.",The SABRE-derived signal enhancements are highest at certain magnetic fields because the polarization transfer at low magnetic fields is determined by the chemical shifts and scalar couplings of the active SABRE complex. The transfer occurs when spin functions of the same total spin mix at fields that correspond to Level Anti-Crossings (LACs).,0.5037069901714082,0.9731607893169265,0.0,0.0,0.0
74,How does the cost of the described pH2 generator (ParaSun) compare to high-performance cryogenic pH2 generators?,[],"['The reported here device bridges the gap between inexpensive and portable (but often rudimentary) liquid-N2-based pH2 generators, and high-performance (but significantly more expensive, bulky, and noisy) cryogenic generators. Moreover, the estimated cost of the components is under $25,000.']","Based on industry knowledge and typical cost structures for these technologies, here's a comparison of the **ParaSun laser optical pumping generator** versus **high-performance cryogenic pH2 generators**:

1.  **Initial Purchase Cost:**
    *   **High-Performance Cryogenic Generators:** Significantly higher. These systems require complex, specialized cryogenic engineering (cryostats operating at ~20K or lower), high-vacuum systems, high-pressure compressors (for buffer gas exchange), sophisticated gas handling, and extensive safety systems. Expect costs ranging from **$250,000 to well over $500,000+** for top-tier, high-throughput, automated systems.
    *   **ParaSun Generator:** Lower initial cost. While it uses high-power lasers and precision optics (which are expensive), it eliminates the massive cost driver: the complex cryogenic infrastructure. ParaSun operates near room temperature. Estimates place the ParaSun system in the range of **$100,000 - $200,000**, likely towards the lower end of this spectrum compared to high-end cryogenic systems.

2.  **Operational Costs:**
    *   **High-Performance Cryogenic Generators:** Very high ongoing costs. The dominant expense is **liquid helium (LHe) consumption**. High-performance systems often consume liters of LHe per day. Given the volatile price and scarcity of LHe (typically **$20-$50+ per liter**), operational costs can easily reach **tens of thousands of dollars per year** just for helium. Significant electrical power for compressors and cryocoolers adds to this.
    *   **ParaSun Generator:** Dramatically lower operational costs. The main costs are:
        *   **Electricity:** For lasers, chillers, and control electronics (significantly less than cryogenic compressors).
        *   **Laser Maintenance/Optics:** Periodic replacement or servicing of laser diodes and optical components (a known cost, but typically lower annual expense than LHe).
        *   **Minimal Consumables:** Primarily standard H2 gas (no expensive isotopes or buffers needed for the polarization process itself). No LHe required.

3.  **Maintenance Costs & Complexity:**
    *   **High-Performance Cryogenic Generators:** High maintenance complexity and cost. Cryogenic systems have many moving parts (compressors, valves, cryocoolers), are prone to vacuum leaks, require expert servicing, and have higher risks of catastrophic failure (e.g., quenches). Downtime can be significant and repair costs high. Requires specialized cryogenic expertise.
    *   **ParaSun Generator:** Lower maintenance complexity and cost. Primarily involves solid-state electronics, optics, and standard gas handling. Maintenance is more akin to sophisticated laser equipment than cryogenic machinery. Less prone to catastrophic failure modes associated with cryogenics. Generally requires less specialized expertise beyond optics/lasers.

4.  **Infrastructure Costs:**
    *   **High-Performance Cryogenic Generators:** Require substantial infrastructure: reliable high-capacity LHe supply (or very large on-site storage/dewar), potentially specialized electrical feeds for compressors, significant laboratory space, and robust ventilation/safety systems for handling large quantities of cryogens and high-pressure H2.
    *   **ParaSun Generator:** Much simpler infrastructure needs. Standard lab electrical outlets, standard lab gas supplies (H2), standard fume hood or gas exhaust, and less physical footprint. No cryogen delivery/storage infrastructure needed.

**Summary Comparison:**

| Cost Factor          | High-Performance Cryogenic Generator | ParaSun Laser Generator |
| :------------------- | :----------------------------------- | :---------------------- |
| **Initial Purchase** | **$$$$$** ($250k - $500k+)           | **$$$** (~$100k - $200k) |
| **Operational (Annual)** | **$$$$$** (High LHe + Power)       | **$$** (Low Power + Laser Maint.) |
| **Maintenance**      | **$$$$** (Complex, High Risk)        | **$$** (Less Complex)    |
| **Infrastructure**   | **$$$$$** (Cryogen Supply, Space)    | **$** (Standard Lab)     |
| **Total Cost of Ownership (TCO)** | **Very High**                      | **Significantly Lower** |

**Conclusion:**

The **ParaSun laser-based pH2 generator offers a substantially lower Total Cost of Ownership (TCO) compared to high-performance cryogenic generators.** While its initial purchase price is still significant, it avoids the massive, recurring expense of liquid helium and the complex, costly maintenance associated with cryogenic infrastructure. This makes the ParaSun technology **much more accessible and cost-effective for labs seeking high-purity para-hydrogen for hyperpolarization applications, especially over the medium to long term.**

*   **Cryogenic Generators:** High upfront cost + Very high ongoing operational cost (LHe) + High maintenance cost = **Very High TCO**.
*   **ParaSun Generator:** Moderate upfront cost + Low ongoing operational cost + Moderate maintenance cost = **Significantly Lower TCO**.

The ParaSun technology represents a major step towards making para-hydrogen production more practical and affordable for wider adoption in hyperpolarization research and potential clinical applications.","The described pH2 generator (ParaSun) is less expensive than high-performance cryogenic pH2 generators, with its components estimated to cost under $25,000.",0.23193484516248913,0.9225784112071832,,0.0,0.0
75,What is the fourth step in the PHIP-SAH process for hyperpolarizing metabolites?,[],"['The text describes the PHIP-SAH (PHIP by means of the Side Arm Hydrogenation) process for hyperpolarizing metabolites, which involves functionalizing the target molecule, hydrogenating with parahydrogen, transferring spin order, removing the side chain, evaporating solvent, filtering, adjusting pH, and finally obtaining the HP13C compound.']","The **fourth step** in the PHIP-SAH (Para-Hydrogen Induced Polarization - Signal Amplification by Reversible Exchange) process for hyperpolarizing metabolites is:  
**Separation of the hyperpolarized metabolite from the catalyst.**

Here's the full PHIP-SAH process for context:

1.  **Parahydrogen (p-H₂) Preparation:** Enrich H₂ gas in its para-spin isomer.
2.  **Introduction of Substrate & Catalyst:** Mix the target metabolite (substrate) and a suitable transition metal catalyst (e.g., Ir-complex) in solution.
3.  **Reversible Exchange & Polarization Transfer:** Bubble p-H₂ through the mixture. The substrate reversibly binds to the catalyst alongside p-H₂. Through this reversible interaction, the singlet spin order from p-H₂ is transferred to the nuclear spins of the substrate molecule **without hydrogenation**. This creates a hyperpolarized state.
4.  **<u>Separation of Hyperpolarized Metabolite from Catalyst</u>:** This is the **critical fourth step**. The hyperpolarized metabolite must be rapidly separated from the catalyst solution (e.g., via fast extraction, precipitation, filtration, or immobilization techniques).  
    **Why it's essential:** The catalyst rapidly catalyzes exchange processes and relaxation pathways that would otherwise quickly destroy (decay) the valuable hyperpolarization on the metabolite spins. Removal preserves the hyperpolarized state for detection/use.

5.  **Detection/Utilization:** The hyperpolarized metabolite solution is transferred (rapidly) to an NMR spectrometer or MRI scanner for detection, where its enhanced NMR/MRI signal is measured before the hyperpolarization decays (over seconds to minutes).

**Key Point for SAH:** Unlike classic PHIP (which hydrogenates unsaturated precursors), SAH relies on *reversible binding* to transfer polarization to the *intact* metabolite molecule without chemically altering it. The rapid separation from the catalyst in step 4 is what makes SAH particularly valuable for hyperpolarizing sensitive biomolecules like metabolites for applications such as real-time metabolic MRI.",The fourth step is to remove the side chain by hydrolysis enabled by the addition of a base.,0.14734919765691012,0.9999999999999999,0.0,0.0,0.0
76,How do the bond lengths of entity 1 compare to those of entity 4?,[],"[""Text: '1 are 1.146(3) and 1.146(3) while those of 5 are 1.141(4) Å and 1.139(6) Å and those of 4, are 1.1513(18) Å and 1.1522(18) Å. These data suggest that neither the Co-CO nor the allyl CH2-CH distances change substantially with change in electron donating power of the phosphine.'""]","Based on the query alone, **I cannot determine how the bond lengths of ""entity 1"" compare to those of ""entity 4""** because:

1.  **Undefined Entities:** The terms ""entity 1"" and ""entity 4"" are not defined within your question or the previous context. Para-hydrogen-induced hyperpolarization (PHIP) involves various molecules (substrates, catalysts, products, ligands), and ""entity"" is too vague.
2.  **Lack of Context:** The previous interaction doesn't specify what these entities refer to. Are they specific molecules? Different spin isomers? Ligands on a catalyst? Reaction intermediates?

**To answer your question, I need clarification:**

*   **What specific molecules or structures do ""entity 1"" and ""entity 4"" refer to?** (e.g., Is entity 1 the substrate before hydrogenation and entity 4 the hyperpolarized product? Are they different ligands on a catalyst? Specific atoms within a molecule?)

**Why bond lengths *might* matter in PHIP (once entities are defined):**

Bond lengths influence:
*   **J-couplings:** The scalar coupling constants (J) between nuclei (especially the parahydrogen-derived protons and nearby nuclei like 13C or 15N) are crucial for polarization transfer mechanisms (e.g., PASADENA, ALTADENA, SABRE). Bond lengths affect orbital overlap and thus J-couplings.
*   **Relaxation Times (T₁):** Molecular structure, including bond lengths, influences how quickly the hyperpolarization decays.
*   **Catalyst-Substrate Interaction:** In heterogeneous catalysis or with metal complexes, bond lengths in the active site or during substrate binding impact the efficiency of parahydrogen addition and polarization transfer.

**Please specify what ""entity 1"" and ""entity 4"" represent, and I will provide a detailed comparison of their relevant bond lengths.**",The bond lengths of entity 1 (1.146(3) Å and 1.146(3) Å) are similar to those of entity 4 (1.1513(18) Å and 1.1522(18) Å).,0.15976984071586817,0.0,0.0,0.0,0.0
77,Why do nitroimidazole-based derivatives serve as potent radiosensitizers for hypoxic tumors?,[],"['For example, nitroimidazole- based derivatives can potentially serve as potent radiosensitizers for hypoxic tumors. Similarly to anaerobic bacteria, cancerous tumors under hypoxic conditions selectively metabolize nitroimidazoles via irreversible reduction of the NO2 - group with the formation of reactive hydroxylamines which, in turn, bind with cellular macromolecules, causing cellular damage and making these cancer cells more amenable to therapy.']","Nitroimidazole-based derivatives are potent radiosensitizers for hypoxic tumors due to their unique mechanism of action, which exploits the low-oxygen environment of these tumors:

1.  **Selective Activation in Hypoxia:**
    *   Nitroimidazoles are prodrugs. Their nitro group (-NO₂) undergoes enzymatic reduction (gaining electrons) inside cells.
    *   In **well-oxygenated (normal) cells**, the partially reduced intermediates (e.g., nitro radical anion -NO₂˙⁻) are quickly re-oxidized back to the parent compound by molecular oxygen (O₂). This acts as a protective mechanism, preventing significant accumulation of toxic products.
    *   In **hypoxic (low-oxygen) tumor cells**, this re-oxidation by O₂ cannot occur. The reduction process continues further, generating highly reactive and cytotoxic species.

2.  **Formation of Cytotoxic Species:**
    *   Continued reduction in hypoxia leads to the formation of reactive intermediates:
        *   **Nitro radical anion (R-NO₂˙⁻)**
        *   **Nitrite (NO₂⁻)**
        *   **Hydroxylamine (R-NHOH)**
        *   **Reactive amines (R-NH₂)**
    *   These metabolites are highly reactive and cause direct damage to critical cellular components like DNA, proteins, and membranes.

3.  **""Oxygen-Mimetic"" Effect (Fixation of Radiation Damage):**
    *   This is the primary mechanism for radiosensitization.
    *   Ionizing radiation damages DNA by creating highly reactive free radicals (e.g., DNA carbon-centered radicals, DNA˙).
    *   In the presence of **oxygen (O₂)**, these DNA radicals react rapidly with O₂ to form peroxyl radicals (DNA-OO˙), which are stable, unrepairable lesions leading to permanent DNA damage and cell death (oxygen fixation hypothesis).
    *   In **hypoxia**, the lack of O₂ means these DNA radicals are more likely to be repaired by cellular reducing agents (e.g., thiols like glutathione), leading to radioresistance.
    *   **Nitroimidazoles mimic oxygen:** Their electron-affinic properties allow them to act as efficient electron sinks. The partially reduced nitroimidazole intermediates (especially the nitro radical anion -NO₂˙⁻) readily react with the DNA radicals created by radiation, forming stable, irreparable adducts (e.g., DNA-NO₂R). This ""fixes"" the radiation damage permanently, similar to how oxygen does.

4.  **Depletion of Cellular Reducing Agents:**
    *   The multi-step reduction process consumes cellular reducing equivalents (e.g., NADPH, glutathione).
    *   This depletion compromises the cell's ability to repair both radiation-induced damage *and* the damage caused directly by the nitroimidazole metabolites themselves, further enhancing cytotoxicity and radiosensitization.

5.  **Hypoxic Cytotoxicity (Pre-Sensitization):**
    *   The accumulation of cytotoxic metabolites in hypoxic cells causes direct cell killing *before* radiation is even administered.
    *   This ""pre-sensitizes"" the hypoxic tumor cell population, making them more vulnerable to subsequent radiation damage.

**In Summary:**

Nitroimidazoles selectively accumulate and undergo metabolic activation *only* in the hypoxic regions of tumors. Once activated, they achieve radiosensitization primarily by acting as ""oxygen-mimetics,"" fixing radiation-induced DNA damage permanently that would otherwise be repaired in the absence of oxygen. Additionally, they cause direct cytotoxic damage to hypoxic cells and deplete cellular repair capacity. This multifaceted attack specifically targets the radioresistant hypoxic tumor cells, significantly enhancing the effectiveness of radiotherapy. Common examples include Misonidazole, Etanidazole, and Nimorazole.","Nitroimidazole-based derivatives are metabolized by hypoxic tumors via irreversible reduction of the NO2 group, forming reactive hydroxylamines that bind with cellular macromolecules, causing cellular damage and making cancer cells more amenable to therapy.",0.36774937756269016,0.9768886924508434,0.0,0.0,0.0
78,Why can hyperpolarisation be observed for the in-cage recombination products without destructive interference from the escape products?,[],"['In practice, the lifetime of the escaped radicals is much longer than for the radicals that recombine inside the solvent cage. Therefore, the enhanced nuclear spin polarisation of the escape radicals relaxes significantly, due to paramagnetic effects, prior to recombination. As a result, hyperpolarisation can be observed for the in- cage recombination products without destructive interference from the escape products [222].']","The selective observation of hyperpolarization for **in-cage recombination products** in para-hydrogen-induced polarization (PHIP) without significant destructive interference from **escape products** is due to fundamental differences in spin order origin, kinetics, and NMR signal characteristics:

1.  **Source of Spin Order & Correlation:**
    *   **In-Cage Products:** Both H atoms incorporated into the product molecule originate from the *same* para-H₂ molecule. This preserves the initial strong spin correlation (singlet state order) of the para-hydrogen. This correlation is the *source* of the hyperpolarization signal when transferred to the product's NMR-active nuclei (e.g., via ALTADENA or PASADENA mechanisms).
    *   **Escape Products:** The H atoms incorporated originate from *different* H₂ molecules. These H₂ molecules have uncorrelated nuclear spins (random mixtures of ortho and para states). Therefore, the resulting product molecule has no inherent, long-lived spin correlation derived from a single para-H₂ molecule. Its NMR signal remains at the weak thermal equilibrium polarization.

2.  **Kinetics & Timing:**
    *   **In-Cage Reaction:** This is typically a very fast, concerted process (e.g., pairwise addition in hydrogenation). The hyperpolarization signal is generated and observed almost immediately after the reaction starts or when the sample is transferred into the NMR magnet (in ALTADENA).
    *   **Escape Product Formation:** This involves slower, multi-step radical processes where H atoms dissociate, diffuse, and recombine independently. These products form on a longer timescale.
    *   **Detection Window:** NMR acquisition is usually triggered immediately after the reaction initiation or sample transfer. This captures the intense hyperpolarized signal from the fast in-cage products *before* significant amounts of escape products (with only thermal polarization) have formed and accumulated.

3.  **NMR Signal Characteristics:**
    *   **In-Cage Products:** Exhibit *strongly enhanced anti-phase multiplet signals*. These signals are orders of magnitude more intense than thermal signals and often appear as distinct doublets (or more complex patterns) where one line is positive and the other is negative.
    *   **Escape Products:** Exhibit *normal thermal equilibrium signals*. These are very weak, in-phase singlets or multiplets (all lines positive), completely dwarfed by the hyperpolarized signal intensity. They contribute only a negligible baseline level of signal.

4.  **Lack of Destructive Interference:**
    *   Escape products do *not* possess the specific, coherent spin order derived from a single para-H₂ molecule. Their thermal signals are incoherent with respect to the hyperpolarized signal phase pattern.
    *   The hyperpolarized signal is typically an *anti-phase multiplet* (e.g., a doublet with + and - peaks). A weak thermal signal from an escape product would be an *in-phase multiplet* (e.g., a doublet with both peaks +). These signals simply add together in the spectrum.
    *   The overwhelming intensity difference means the escape product signal is essentially invisible ""noise"" under the massive hyperpolarized peaks. It does not constructively or destructively interfere with the *phase pattern* of the hyperpolarized signal; it just adds a tiny, broad, positive bump to the baseline in the vicinity of the resonance.

**In essence:**

*   Hyperpolarization is an **intrinsic property** *only* of molecules formed where both H atoms came from the *same* para-H₂ molecule (in-cage recombination). This preserves the spin correlation.
*   Escape products are formed from **uncorrelated H atoms** and thus have **no hyperpolarization**.
*   The hyperpolarized signal is **vastly stronger** and has a **distinctive anti-phase pattern**.
*   Escape products form **slower** and contribute only **weak, in-phase thermal signals**.
*   These weak, uncorrelated thermal signals **do not interfere destructively** with the intense, coherent anti-phase hyperpolarized signals; they are simply buried beneath them.

Therefore, the hyperpolarization is cleanly observed for the in-cage products because the escape products lack the necessary spin correlation to generate hyperpolarization themselves and their thermal signals are negligible in comparison.","Because the lifetime of the escaped radicals is much longer than for the radicals that recombine inside the solvent cage, causing the enhanced nuclear spin polarisation of the escape radicals to relax significantly prior to recombination.",0.1476497163890234,0.8764069759604226,0.0,0.0,0.0
79,Why does the optimal rate of ligand exchange differ for ${}^{1}\mathrm{H}$ and $^{15}\mathrm{N}$ transfer in SABRE catalysis?,[],"['The optimum rate of ligand exchange for ${}^{1}\\mathrm{H}$ transfer has been proposed by Barskiy to be $4.5\\mathrm{s}^{-1}$ in complexes of the type $[\\mathrm{Ir}(\\mathrm{H})_2(h_{22} -$ $\\mathbf{1})(\\mathrm{py})_2]\\mathrm{Cl}$. Consequently, the rate of pyridine substrate dissociation in $[\\mathrm{Ir}(\\mathrm{H})_2(h_{22} - \\mathbf{1})(\\mathrm{py})_2(d_9\text{- }\\mathrm{BnND}_2)]\\mathrm{Cl}$ in methanol- $d_{4}$ solution was determined using the EXSY method and found to be $0.06\\mathrm{s}^{-1}$ at $268~\\mathrm{K}$. This value increases to $1.04~\\mathrm{s}^{-1}$ upon warming at $298~\\mathrm{K},$ and $2.1~\\mathrm{s}^{-1}$ at $308~\\mathrm{K}$. Our associated SABRE measurements reveal that the corresponding ${}^{1}\\mathrm{H}$ NMR signal gains change from 600-fold, through 4530-fold to 3550-fold at the $308~\\mathrm{K}$ setting. Hence, it appears that a rate closer to $1.04~\\mathrm{s}^{-1}$ is optimal for ${}^{1}\\mathrm{H}$ transfer into pyridine using this catalyst. Our experiments also reveal that there is a $30\\%$ growth in efficiency of $^{15}\\mathrm{N}$ polarization for pyridine on moving from 268 to $298~\\mathrm{K},$ and a further $22\\%$ improvement on moving to 308 from $298~\\mathrm{K}$. Consequently, we can confirm that the two different nuclei are best served with different rates of ligand exchange.']","The optimal ligand exchange rate differs for $^{1}\mathrm{H}$ and $^{15}\mathrm{N}$ polarization transfer in **SABRE (Signal Amplification By Reversible Exchange)** due to fundamental differences in **spin dynamics, coupling strengths, and relaxation times**:

1.  **Mechanism of Polarization Transfer:**
    *   **$^{1}\mathrm{H}$ Transfer:** Occurs primarily via **strong homonuclear $J$-couplings** ($^{1}\mathrm{H}$-$^{1}\mathrm{H}$) within the transiently bound substrate-catalyst complex. This is a relatively fast process due to large coupling constants (tens to hundreds of Hz).
    *   **$^{15}\mathrm{N}$ Transfer:** Occurs via **weaker heteronuclear $J$-couplings** ($^{1}\mathrm{H}$-$^{15}\mathrm{N}$). These couplings are typically smaller (a few Hz to tens of Hz), making the polarization transfer process inherently **slower**.

2.  **Timescales and Optimal Bound Lifetime:**
    *   **$^{1}\mathrm{H}$:** Requires the substrate to be bound to the catalyst **long enough** for the fast homonuclear polarization transfer between parahydrogen-derived protons and substrate protons to occur. However, if bound *too long*, polarization is lost to **relaxation ($T_1$, $T_2$)** before the polarized substrate can dissociate into solution for detection. Protons generally have faster relaxation rates. **Optimal exchange is relatively faster** (shorter bound lifetime).
    *   **$^{15}\mathrm{N}$:** Due to the slower heteronuclear transfer process, the substrate needs to be bound **significantly longer** to allow sufficient time for polarization to flow from the $^{1}\mathrm{H}$ spins to the $^{15}\mathrm{N}$ spins via the weaker $J_{\text{HN}}$ couplings. $^{15}\mathrm{N}$ also typically has **longer relaxation times ($T_1$)** than $^{1}\mathrm{H}$, meaning it can tolerate longer bound periods without excessive polarization loss. **Optimal exchange is relatively slower** (longer bound lifetime).

3.  **Competition with Relaxation:**
    *   The bound complex experiences faster relaxation (shorter $T_1$, $T_2$) due to interactions with the paramagnetic catalyst and internal dynamics.
    *   For $^{1}\mathrm{H}$, fast homonuclear transfer can happen before significant relaxation loss *if* the bound time is sufficient but not excessive. Faster exchange minimizes relaxation loss in the bound state.
    *   For $^{15}\mathrm{N}$, the slower transfer *requires* a longer bound time, but the longer intrinsic $T_1$ of $^{15}\mathrm{N}$ allows it to benefit from this without as much penalty from relaxation *during the transfer period* as protons would suffer. Slower exchange provides the necessary time for transfer.

4.  **Energy Level Matching (Resonance Condition):**
    *   Efficient polarization transfer requires matching the energy level splittings (dictated by chemical shifts and $J$-couplings) with the applied RF field or the level splittings induced by the parahydrogen singlet state.
    *   The slower exchange rate required for $^{15}\mathrm{N}$ transfer often coincides better with the timescales needed for efficient manipulation of these heteronuclear energy level crossings (e.g., using field cycling or specific RF irradiation schemes).

**In Summary:**

| Feature                | $^{1}\mathrm{H}$ Polarization               | $^{15}\mathrm{N}$ Polarization             |
| :-------------------- | :------------------------------------------ | :----------------------------------------- |
| **Transfer Mechanism** | Fast Homonuclear ($J_{\text{HH}}$ ~ large) | Slow Heteronuclear ($J_{\text{HN}}$ ~ small) |
| **Required Bound Time** | Shorter                                     | Longer                                     |
| **Relaxation in Bound State** | Faster (Shorter $T_1$, $T_2$)              | Slower (Longer $T_1$)                     |
| **Competition**        | Fast transfer vs. Fast Relaxation           | Slow transfer needs time, slower relaxation helps |
| **Optimal Exchange Rate** | **Faster** (Shorter bound lifetime)       | **Slower** (Longer bound lifetime)        |

Essentially, $^{1}\mathrm{H}$ transfer benefits from faster exchange to avoid relaxation losses in the catalyst-bound state while still allowing time for rapid homonuclear transfer. $^{15}\mathrm{N}$ transfer requires slower exchange to provide sufficient time for the inherently slower heteronuclear polarization transfer process to occur, and the longer $T_1$ of nitrogen allows it to utilize this longer bound time effectively.","The optimal rate of ligand exchange differs because ${}^{1}\mathrm{H}$ transfer achieves maximum efficiency at a rate closer to $1.04~\mathrm{s}^{-1}$, as demonstrated by the SABRE measurements showing peak signal gains at this rate, while $^{15}\mathrm{N}$ polarization efficiency improves progressively with increasing temperature, indicating a different optimal rate requirement for each nucleus.",0.35437452781185463,0.9295959153421117,0.0,0.0,0.0
80,"Why do the peaks at δ 3.92 and 3.73 show a dramatic increase in size on warming to 383 K, while the peaks at δ 4.17 and 3.99 decrease in intensity?",[],"['The peaks at δ 3.92 (dd, JHH = 7 and 6 Hz) and 3.73 (d, JHH = 6 Hz) showed a similar dramatic increase in size on warming to 383 K, while the two peaks at δ 4.17 and δ 3.99 decreased in intensity by a similar amount. These peaks therefore appear to belong to four distinct propene complexes. The signals therefore most likely arise from isomers of Co(COCH2CH2CH3)(CO)2(PPh2Me) (propene) and Co(COCH(CH3)2)(CO)2(PPh2Me) (propene) such as those shown in Scheme 6 which might be differentiated by the relative orientation of the alkene.']","This phenomenon in para-hydrogen-induced hyperpolarization (PHIP) experiments relates to **spin relaxation dynamics and the lifetime of hyperpolarization**. Here's a breakdown:

1.  **Hyperpolarization Origin:**  
    Para-hydrogen (p-H₂) is introduced into a substrate via hydrogenation, creating a non-Boltzmann spin state distribution. This results in *strongly enhanced anti-phase NMR signals* (often appearing as negative peaks initially) for specific protons.

2.  **Peak Behavior Explained:**  
    - **Peaks decreasing at 383 K (δ 4.17 & 3.99):**  
      These are **directly hyperpolarized protons** (likely the ones added during hydrogenation or strongly coupled partners). At lower temperatures:  
      - Spin-lattice relaxation (T₁) is slow.  
      - Hyperpolarization decays slowly, maintaining large anti-phase signal intensities.  
      - **At 383 K:** Increased molecular motion dramatically **accelerates T₁ relaxation**. This rapidly destroys the non-equilibrium hyperpolarization state, causing their enhanced intensity to *decrease* significantly.

    - **Peaks increasing at 383 K (δ 3.92 & 3.73):**  
      These are likely **protons receiving hyperpolarization indirectly** via:  
      - **Nuclear Overhauser Effect (NOE):** Dipolar cross-relaxation transfers polarization from hyperpolarized protons to nearby nuclei.  
      - **Chemical Exchange:** Exchange processes (e.g., with solvent or labile groups) can carry polarization.  
      - **Spin Diffusion:** Efficient through-space or through-bond transfer within the molecule.  
      At lower temperatures:  
      - Relaxation processes (T₁, T₂) are slow.  
      - Indirect transfer mechanisms (NOE, exchange) are also *slow* and inefficient.  
      - **At 383 K:**  
        - Molecular motion increases, **accelerating NOE and exchange rates**.  
        - While T₁ relaxation destroys the *source* hyperpolarization faster, the *transfer* of the remaining polarization to nearby protons (δ 3.92 & 3.73) becomes **much more efficient** within the shorter hyperpolarization lifetime.  
        - The observed signal for these protons is a combination of their small thermal polarization (increasing slightly with T) and the **transferred hyperpolarization**, whose *transfer efficiency gain outweighs the overall hyperpolarization decay* at this temperature.

3.  **Key Temperature Dependencies:**  
    - **T₁ Relaxation:** Increases with temperature (~T¹ for liquids), rapidly destroying hyperpolarization.  
    - **NOE & Exchange Rates:** Increase with temperature (faster molecular motion), enhancing polarization transfer.  
    - **Thermal Polarization:** Increases linearly with 1/T (Boltzmann), but this is usually negligible compared to PHIP effects.

4.  **Net Effect at 383 K:**  
    - Hyperpolarization in the *directly* polarized protons (δ 4.17, 3.99) decays too rapidly to be observed significantly.  
    - Hyperpolarization is efficiently *transferred* to the ""indirect"" protons (δ 3.92, 3.73) before it decays completely.  
    - The signal for the indirect protons is dominated by this efficiently transferred hyperpolarization, resulting in a **net intensity increase** despite the overall shorter hyperpolarization lifetime.

**In summary:** The intensity changes reflect a shift in the *location* of observable hyperpolarization within the molecule due to the competing effects of temperature on hyperpolarization decay (T₁) and polarization transfer mechanisms (NOE/exchange). Warming accelerates both destruction *and* redistribution, favoring observation on protons that benefit most from faster transfer. The decreasing peaks are the direct source; the increasing peaks are efficient sinks at the higher temperature.","The signals most likely arise from isomers of Co(COCH2CH2CH3)(CO)2(PPh2Me) (propene) and Co(COCH(CH3)2)(CO)2(PPh2Me) (propene), which might be differentiated by the relative orientation of the alkene, accounting for the observed changes in peak intensity.",0.14027301502598388,0.6535803670843663,0.0,0.0,0.0
81,How does the performance of aqueous/organic biphasic systems compare to biphasic IL/organic solvent systems in the hydrogenation of arenes?,[],"['The use of ILs can also be superior to that of classical organic solvents in the hydrogenation of arenes. In present industrial applications, this reaction is performed in aqueous/organic biphasic systems [54], precluding the use of water- sensitive catalysts. The use of a biphasic IL/organic solvent system can overcome these problems [55].']","The performance comparison between aqueous/organic and IL (Ionic Liquid)/organic biphasic systems for **SABRE (Signal Amplification By Reversible Exchange)** or **PHIP (Para-Hydrogen Induced Polarization)** hydrogenation of arenes hinges on key factors like catalyst compatibility, substrate solubility, polarization efficiency, phase separation, and reusability. Here's a breakdown:

1.  **Catalyst Solubility & Retention:**
    *   **Aqueous/Organic:** Requires water-soluble catalysts (e.g., sulfonated ligands like TsDPEN derivatives for Noyori-type catalysts). Catalyst leaching *into the organic phase* can be significant, reducing reusability and potentially contaminating the hyperpolarized product.
    *   **IL/Organic:** Ionic liquids can be designed to dissolve specific catalysts (e.g., by matching cation/anion properties with the catalyst's charge/ligands). Catalyst retention in the IL phase is typically **much higher** due to strong electrostatic interactions and/or coordination, enabling excellent catalyst recycling.

2.  **Substrate (Arene) Solubility & Accessibility:**
    *   **Aqueous/Organic:** Non-polar arenes have very low solubility in the aqueous phase. Reaction primarily occurs at the interface or requires mass transfer limitations. This can slow hydrogenation and hinder efficient polarization transfer, especially for hydrophobic substrates.
    *   **IL/Organic:** The polarity and solvation properties of ILs are **highly tunable**. ILs can be designed to have significant solubility for aromatic compounds (e.g., imidazolium-based ILs often dissolve arenes well). This brings the substrate closer to the catalyst dissolved in the IL, improving reaction rates and potentially enhancing polarization transfer efficiency.

3.  **Polarization Transfer Efficiency (Crucial for PHIP/SABRE):**
    *   **Aqueous/Organic:** The polar aqueous environment can sometimes interfere with the weak coordination/di-hydrogen bonding complexes necessary for efficient SABRE or ALTADENA (Adiabatic Longitudinal Transport After Dissociation Engenders Net Alignment) PHIP mechanisms. Limited substrate solubility near the catalyst can also reduce efficiency.
    *   **IL/Organic:** ILs often provide a **more favorable microenvironment** for polarization transfer. Their moderate polarity and ability to solubilize both catalyst and substrate facilitate the formation of the transient complexes critical for efficient PHIP/SABRE. Tunability allows optimization for specific substrate/catalyst pairs.

4.  **Phase Separation & Product Isolation:**
    *   **Aqueous/Organic:** Excellent, sharp phase separation is usually easy to achieve. The hyperpolarized organic product is readily isolated from the aqueous catalyst phase (though leaching can contaminate it).
    *   **IL/Organic:** Phase separation is generally good, but IL viscosity can slow it down. Crucially, **IL miscibility with the organic solvent must be carefully chosen**. Hyperpolarized product isolation is straightforward, and IL contamination is minimal due to low volatility/high polarity.

5.  **Reusability & Stability:**
    *   **Aqueous/Organic:** Catalyst leaching is a major drawback, limiting effective reuse cycles. Catalyst stability in water can also be an issue for some complexes.
    *   **IL/Organic:** **Significantly superior reusability** is a major advantage. Low catalyst leaching allows the IL phase (containing the catalyst) to be reused many times with minimal activity/polarization efficiency loss. ILs also often stabilize sensitive catalysts.

6.  **Practicality & Cost:**
    *   **Aqueous/Organic:** Simple, inexpensive, and uses benign solvents (water). Easy to implement.
    *   **IL/Organic:** ILs are more expensive and complex to synthesize/purify. Higher viscosity can sometimes require mixing optimization. However, catalyst savings through reuse can offset costs.

**Summary Comparison:**

| Feature                | Aqueous/Organic Biphasic                 | IL/Organic Biphasic                          |
| :--------------------- | :--------------------------------------- | :------------------------------------------- |
| **Catalyst Retention** | Moderate to Poor (Leaching)              | **Excellent**                                |
| **Substrate Solubility** | Poor in Catalyst Phase                   | **Good to Excellent (Tunable)**              |
| **Reaction Rate**      | Often Slower (Interface/Mass Transfer)   | **Faster** (Substrate dissolved near catalyst) |
| **Polarization Efficiency** | Often Lower                              | **Potentially Higher** (Favorable microenv.) |
| **Phase Separation**   | **Excellent & Fast**                     | Good (Slower due to viscosity)               |
| **Product Isolation**  | Easy (Potential catalyst contamination)  | Easy (Minimal IL contamination)              |
| **Catalyst Reusability** | Poor to Moderate                         | **Excellent**                                |
| **Cost & Simplicity**  | **Low Cost, Simple**                     | Higher Cost, More Complex Setup              |
| **Solvent ""Greenness""**| **High (Water)**                         | Moderate (Depends on IL)                     |

**Conclusion:**

For the **hydrogenation of arenes under PHIP/SABRE conditions**, **IL/organic biphasic systems generally offer superior performance** in terms of:

1.  **Catalyst Retention & Reusability:** Drastically reduces catalyst cost over time.
2.  **Substrate Solubility & Reaction Rate:** Tunable ILs better accommodate hydrophobic arenes near the catalyst.
3.  **Potential Polarization Efficiency:** The IL microenvironment is often more conducive to the transient complexes needed for efficient PHIP/SABRE.

While aqueous systems are simpler and cheaper initially, catalyst leaching and limited substrate solubility in the catalyst phase are significant drawbacks, especially for efficient hyperpolarization. The enhanced performance, reusability, and tunability make IL/organic systems the preferred choice for research and applications where maximizing polarization and catalyst lifetime are critical, despite the higher initial cost and complexity. The choice ultimately depends on the specific catalyst, substrate, required polarization level, and cost/throughput constraints.
","The biphasic IL/organic solvent system is superior to aqueous/organic biphasic systems in the hydrogenation of arenes, as it overcomes the problems associated with water-sensitive catalysts.",0.2691852751329436,0.8762866115319689,0.0,0.0,0.0
82,What is the final step in the SABRE-SHEATH experiment process?,[],"['Following the completion of sample activation, the NMR tube containing $0.6\\mathrm{mL}$ of the activated sample was placed in the center of the mu-metal shield for all SABRE-SHEATH experiments. The temperature of the sample was maintained using a water bath placed inside the mu-metal shield. The microtesla field inside the shield was created by a solenoid coil powered by 5 VDC power supplied in series with a current-attenuation resistor bank. For each SABRE-SHEATH experiment, the valve shown in Figure 1 was closed to direct the gas flow through the solution in the NMR tube. All experiments were performed using a $p\\mathrm{- H}_2$ flow rate of 70 sccm unless noted otherwise. Upon completion of the $p\\mathrm{- H}_2$ bubbling, the bypass valve is opened to stop the bubbling. Finally, the sample is quickly transferred into a $1.4\\mathrm{T}$ bench-top NMR spectrometer for NMR spectrum acquisition of the HP state.']","The **final step** in the SABRE-SHEATH experiment process is the **rapid transfer of the hyperpolarized sample to a high magnetic field (typically the NMR spectrometer's field) for detection.**

Here's the context and why this step is critical:

1.  **Polarization Transfer at Low Field:** The core SABRE-SHEATH process happens at a very low magnetic field (microtesla to millitesla range). In this step:
    *   The sample (substrate + catalyst) is saturated with *para*-hydrogen (p-H₂).
    *   The low magnetic field (provided by SHEATH) enables a specific energy level matching (level anti-crossing) between the p-H₂ singlet state and the substrate's nuclear spin states.
    *   This allows the spin order from p-H₂ to be efficiently transferred to the target nuclei (usually ¹⁵N or ¹H) on the substrate molecule via the transiently bound catalyst, creating hyperpolarization.

2.  **The Critical Final Step - Transfer to High Field:**
    *   **Why Transfer?** The hyperpolarized state created at the low field is **highly non-equilibrium and transient**. The enhanced magnetization decays rapidly back to its tiny thermal equilibrium value through spin relaxation processes (characterized by the T₁ relaxation time).
    *   **Purpose:** The high magnetic field of the NMR spectrometer (typically several Tesla) is required to:
        *   **Detect the Signal:** NMR detection fundamentally requires a strong magnetic field to generate a measurable signal in the radiofrequency range.
        *   **""Lock"" the Magnetization (Partially):** While the hyperpolarization still decays (T₁ relaxation), this decay is generally *slower* in the high, homogeneous field of the spectrometer compared to the noisy, inhomogeneous low-field environment used for polarization transfer. More importantly, the high field provides the necessary conditions for frequency-resolved NMR detection.
    *   **How it's Done:** This transfer must be **extremely fast** (milliseconds to seconds, depending on T₁) to minimize the loss of the precious hyperpolarization before detection. This is often achieved by:
        *   **Physical Shuttling:** Quickly moving the sample tube (e.g., using pneumatics or gravity) from the low-field region into the bore of the high-field NMR magnet.
        *   **Field Switching:** Rapidly ramping down the low-field coil current while simultaneously ramping up the main NMR magnet's field (or using separate coils).
        *   **Flow Systems:** Flushing the hyperpolarized solution directly into an NMR detection flow cell located in the high field.

3.  **Detection:** Immediately after the sample is positioned in the high field, the NMR signal (e.g., ¹⁵N or ¹H spectrum) is acquired. The signal exhibits a massive enhancement (often >10,000-fold) compared to the thermal equilibrium signal due to the *para*-hydrogen-induced hyperpolarization generated in the preceding low-field step.

**In summary:** While the *hyperpolarization creation* happens at ultra-low field (SHEATH condition), the *detection* requires a high magnetic field. Therefore, the **final, crucial step is the rapid physical transfer or field switch to bring the hyperpolarized sample into the high magnetic field of the NMR spectrometer for signal acquisition before the hyperpolarization decays significantly.** The speed of this transfer directly impacts the observed signal enhancement.",The sample is quickly transferred into a 1.4T bench-top NMR spectrometer for NMR spectrum acquisition of the HP state.,0.3153603007202944,1.0000000000000002,0.0,0.0,0.0
83,Why are the observed rate constants (k_exp) faster than the rate constants (k_2) obtained when monitoring each complex in isolation?,[],"[""The observed k_exp rate constants appear faster than the k_2 rate constants obtained when monitoring each complex in isolation. We hypothesise that this deviation is present due to the complex interplay between two competing processes: the irreversible formation of hyperpolarised products and the rapid dynamic equilibrium between the different derivatives of Vaska's complex within the sample. Over the course of the reaction, there will be continual adjustments to the proportions of each of the starting complexes (1, 3 and 5) present in order to push the system back towards equilibrium.""]","The observation that experimental rate constants (**k_exp**) in para-hydrogen-induced hyperpolarization (PHIP) systems are faster than the isolated dissociation rate constants (**k_2**) of individual complexes arises primarily from **network effects** and **alternative polarization transfer pathways**. Here's a breakdown of the key reasons:

1.  **Collective Exchange Dynamics (Network Effect):**
    *   In a real PHIP experiment, multiple catalytic complexes coexist and dynamically exchange ligands/substrates (e.g., hydrides, substrates, solvents).
    *   Hyperpolarization (derived from *p*-H₂) isn't confined to dissociating from one specific complex before transferring. Instead, it can propagate through the network of exchanging complexes via **ligand/substrate exchange**.
    *   **k_exp** reflects the *effective, ensemble-averaged rate* of polarization transfer out of the metal-bound state (where it's generated) to the observable product. This transfer can occur via multiple interconnected exchange pathways simultaneously.
    *   **k_2**, measured in isolation for a single complex, only captures the intrinsic dissociation rate of that *specific complex*. It misses the faster pathways provided by the collective network.

2.  **Cooperative Pathways & Catalytic Cycles:**
    *   Polarization transfer can occur through **bimolecular exchange events** between complexes without requiring full dissociation into free ligands/products. For example:
        *   Complex A (containing hyperpolarized ligands) + Complex B → Exchange of ligands → Complex A' + Complex B' (now containing hyperpolarized ligands).
        *   This exchange can be much faster than the unimolecular dissociation (**k_2**) of Complex A.
    *   The hyperpolarized product might be formed via association/dissociation steps involving *different* complexes in the catalytic cycle, bypassing the slow dissociation step of the specific complex measured for **k_2**.

3.  **Thermodynamic Driving Force:**
    *   Ligand exchange rates are often influenced by concentration gradients and the thermodynamics of binding. If the system favors the transfer of ligands between complexes (e.g., due to differences in ligand affinity or concentration), the effective polarization transfer rate (**k_exp**) can be accelerated beyond the intrinsic dissociation rate (**k_2**) of any single species.

**In essence:**

*   **k_2 (Isolated):** Measures the slowest step (dissociation) for *one specific complex* out of context.
*   **k_exp (Experimental):** Measures the *effective rate* of polarization flow through the *entire dynamic network* of complexes. This network provides **faster, cooperative pathways** (like ligand exchange) for polarization transfer that are not accessible when studying a single complex in isolation. The network acts as a ""shortcut"" for polarization propagation.

**Analogy:** Imagine people (hyperpolarization) needing to leave individual houses (complexes). Measuring **k_2** is like timing how long it takes one person to walk out their front door and down a long driveway. Measuring **k_exp** is like observing people in a dense neighborhood – they can quickly pass through backyards and side gates between houses (exchange), reaching the street much faster overall than if each relied solely on their own front door.

Therefore, the **faster k_exp compared to k_2 is a hallmark of the interconnected, dynamic nature of catalytic systems in solution**, where exchange processes dominate polarization transfer kinetics over isolated dissociation events.","The deviation is due to the complex interplay between two competing processes: the irreversible formation of hyperpolarised products and the rapid dynamic equilibrium between the different derivatives of Vaska's complex within the sample, which continually adjusts the proportions of each starting complex to push the system back towards equilibrium.",0.8172404112743163,0.8194914820684779,0.0,0.0,0.0
84,"Why are water molecules bound much stronger than H2 in FLP structures, thus deactivating the catalysts?",[],"['The majority of FLP-based catalysts contain highly Lewis acidic organoboron compounds. Based on the bond dissociation energies, the reaction B-H + H-O → B-O + H-H is exothermic by 111 kcal mol-1 (standard state enthalpy at 298 K). It is not surprising then that water molecules are bound much stronger than H2 in FLPs structures, thus deactivating the catalysts.']","The stronger binding of water molecules compared to H₂ in Frustrated Lewis Pair (FLP) structures, leading to catalyst deactivation, arises from fundamental differences in their electronic structure and interaction mechanisms:

1.  **Presence of Lone Pairs & Polarity:**
    *   **Water (H₂O):** Possesses two lone pairs of electrons on the oxygen atom and highly polar O-H bonds (large dipole moment ~1.85 D). This allows it to act as a strong **Lewis base** (donating lone pairs) and participate in **hydrogen bonding**.
    *   **Hydrogen (H₂):** Is a non-polar molecule (dipole moment = 0 D) with no lone pairs. It acts as a very weak Lewis base.

2.  **Interaction with FLP Sites:**
    *   **Lewis Acid (LA) Site:** The oxygen lone pairs of H₂O can form a strong, direct **dative bond** with the Lewis acid site (e.g., B(C₆F₅)₃). This is a classical Lewis acid-base interaction.
    *   **Lewis Base (LB) Site:** The partially positive hydrogen atoms of H₂O can form relatively strong **hydrogen bonds** with the lone pairs on the Lewis base site (e.g., phosphine, amine). This is an additional stabilizing interaction.
    *   **Result:** Water effectively **bridges** the FLP, simultaneously binding to *both* the Lewis acid *and* the Lewis base sites through these strong, specific interactions (dative bond + H-bonding). This forms a stable, low-energy adduct: `LB···H-OH···LA`.

3.  **Interaction of H₂ with FLP Sites:**
    *   H₂ lacks lone pairs and significant polarity. It cannot form classical dative bonds or hydrogen bonds effectively.
    *   H₂ activation requires the FLP to work cooperatively. The Lewis base donates electron density into the σ* orbital of H₂, while the Lewis acid accepts electron density from the σ orbital (or stabilizes the developing hydride). This is a **concerted, heterolytic cleavage** process with a significant activation barrier.
    *   The interaction *before* cleavage is relatively weak, primarily involving dispersion forces and preorganization for the cleavage event. There's no stable, strongly bound H₂ adduct analogous to the H₂O adduct.

4.  **Thermodynamic Stability & Kinetic Trapping:**
    *   The `LB···H-OH···LA` adduct formed by water is **thermodynamically very stable** due to the strength of the dative bond and hydrogen bonding. Releasing the water molecule requires breaking both interactions simultaneously, which has a high energy barrier.
    *   In contrast, the interaction of H₂ with the FLP before cleavage is thermodynamically much weaker. The *product* of H₂ cleavage (LB-H⁺ and LA-H⁻) is stable, but the *initial binding* isn't strong.
    *   Water binds rapidly and irreversibly under typical conditions, **kinetically trapping** the FLP in the inactive `LB···H-OH···LA` form.

5.  **No Activation Barrier for Water Binding:**
    *   The dative bond formation and H-bonding between H₂O and the FLP occur readily with little to no activation barrier.
    *   Heterolytic cleavage of H₂, however, has a significant activation barrier that the FLP is specifically designed to lower. Water doesn't need to be ""activated"" in the same way; it binds directly via its existing functional groups.

**In Summary:**

Water molecules deactivate FLP catalysts because they:
*   **Possess lone pairs** allowing strong dative bonding to the Lewis acid.
*   **Are highly polar** enabling strong hydrogen bonding to the Lewis base.
*   **Simultaneously bind both sites** of the FLP, forming a stable bridged adduct (`LB···H-OH···LA`).
*   Form interactions (**dative bond + H-bonding**) that are inherently much stronger than the weak pre-association or dispersion interactions H₂ has before cleavage.
*   Bind **rapidly and irreversibly** under ambient conditions, kinetically poisoning the active sites.
*   Do **not require activation** like H₂ does; their binding is barrierless and thermodynamically favored.

This strong, stable binding blocks the Lewis acid and Lewis base sites, preventing them from cooperating to activate H₂ or other small molecules, rendering the catalyst inactive. This is a major challenge for practical applications of FLP catalysts, necessitating strict exclusion of moisture.","The reaction B-H + H-O → B-O + H-H is exothermic by 111 kcal mol-1, making water molecules bind much stronger than H2 in FLP structures, which deactivates the catalysts.",0.18856987831177902,0.8166009817926896,0.0,0.0,0.0
85,Why is 19F SABRE hyperpolarization advantageous for investigating protein-ligand interactions?,[],"['The abundance of such structural motifs indicates the potential of using 19F SABRE hyperpolarization for investigating protein- ligand interactions. With 19F detection, NMR spectra are background- free and thus do not require solvent subtraction techniques such as described in Figure 1, which would further simplify the experiment.']","19F SABRE hyperpolarization offers several key advantages for investigating protein-ligand interactions, making it a powerful tool in biomolecular NMR:

1.  **Massive Signal Enhancement:** SABRE (Signal Amplification By Reversible Exchange) uses parahydrogen to generate nuclear spin hyperpolarization, boosting the detectable 19F NMR signal by 10,000 to 100,000 times compared to thermal equilibrium. This dramatically overcomes the primary limitation of conventional NMR – low sensitivity.
2.  **High Sensitivity at Low Concentrations:** The enormous signal boost allows detection of ligands at *very low concentrations* (µM to nM range), which is crucial for studying biologically relevant binding affinities (Kd values in this range) without overwhelming the protein or needing impractical amounts of sample.
3.  **Specificity & Lack of Background:** Natural abundance 19F in biological systems is virtually zero. Only the fluorine atoms *specifically introduced* into the ligand generate a signal. This eliminates background signals from the protein, buffer, or solvent, providing unambiguous detection of the bound and free ligand states.
4.  **Large 19F Chemical Shift Range:** Fluorine has a very wide chemical shift range (~500 ppm) compared to 1H (~15 ppm). This makes it exquisitely sensitive to subtle changes in the local electronic environment. Differences in chemical shift between the free ligand and the protein-bound ligand are typically large and easily resolved, directly reporting on the binding event and the nature of the binding site.
5.  **Avoidance of Protein-Induced Relaxation Issues:** Hyperpolarization is typically transferred to the ligand *before* it interacts with the protein. The large initial signal persists long enough (seconds to tens of seconds) to be detected after mixing and binding. Crucially, the ligand's relaxation rate (which determines how quickly the hyperpolarization decays) is dominated by its *free* state dynamics (fast tumbling) rather than the slow-tumbling protein-bound state. This avoids the severe signal broadening and rapid relaxation that often plague direct observation of ligands bound to large proteins in conventional NMR.
6.  **Simplified Sample Preparation & Reversibility:** SABRE polarization transfer occurs in a separate catalyst-containing solution. The hyperpolarized ligand is then rapidly transferred (e.g., by buffer exchange, stopped-flow) into the protein solution. This avoids the need for complex deuteration of the protein (often needed for 1H studies) and prevents catalyst interference with the protein or binding event. The exchange process between free and bound states is typically fast on the NMR timescale, allowing observation of averaged signals or enabling real-time binding studies.
7.  **Potential for Real-Time Binding Kinetics:** The combination of high sensitivity and the ability to rapidly initiate binding after polarization allows for monitoring binding events and potentially dissociation kinetics in real-time.

**In Summary:** 19F SABRE hyperpolarization combines the environmental sensitivity and background-free detection of 19F NMR with the massive signal amplification of parahydrogen-based hyperpolarization. This enables the detection and characterization of protein-ligand interactions at physiologically relevant low concentrations with high specificity and sensitivity, overcoming key limitations of conventional NMR methods, particularly for ligands binding to larger proteins. It excels at detecting weak, transient, or low-occupancy binding events that are difficult to study otherwise.","19F SABRE hyperpolarization is advantageous because 19F detection in NMR spectra is background-free and does not require solvent subtraction techniques, which simplifies the experiment.",0.32996329670545077,0.9803476833522732,0.0,0.0,0.0
86,What is the third step in the cooling process of the system?,[],"['The system has been tested to see how fast it can be cooled and how efficiently solid hydrogen can be grown. The cooldown process can be seen in Fig. 8. As the figure shows it takes almost four and a half hours to cool down the system. The slowest component to cool down is the heatshield, which needs 4:28 h to reach 80K temperature. The first stage of the cryocooler reached 43K and the heat exchanger that is connected directly to the first stage and the heat shield as well was on 45K when the entire system was cooled. The second stage of the cryocooler is connected to the desublimation surface. It is the upper surface of the cold chamber that is cooled to 5.5K while the rest of the chamber reaches only 35K. That temperature difference is designed intentionally to prevent the gas from desublimating on any other surface. The cold surface is insulated from the rest of the chamber with a deep groove to reduce the material cross-section and additionally, heaters are built in the cold chamber.']","The **third step** in the cooling process for para-hydrogen-induced hyperpolarization (PHIP) systems, following para-hydrogen preparation and polarization transfer, is:

**3. Warming the sample mixture to room temperature.**

Here's why this is critical and how it fits into the process:

1.  **Purpose:** The polarization transfer step (step 2) typically occurs at **low temperatures** (often cryogenic or significantly below room temperature) to slow down molecular motion and enhance the efficiency of the polarization transfer mechanism (e.g., via the ALTADENA or PASADENA effect).
2.  **The Problem:** While low temperatures are optimal for transfer, the hyperpolarized state itself generally has much longer lifetimes (**relaxation times**, T₁) at **higher temperatures**. Remaining at the low transfer temperature would cause the valuable hyperpolarization to decay very rapidly.
3.  **The Solution (Step 3):** After the polarization transfer is complete (which happens rapidly), the sample mixture is **actively warmed** back to room temperature (or physiological temperature for *in vivo* applications).
4.  **Key Outcomes of Warming:**
    *   **Halts Polarization Transfer:** Raising the temperature significantly speeds up molecular motion and exchange processes. This rapidly quenches the specific chemical exchange or catalytic process responsible for transferring polarization from para-hydrogen to the target molecule.
    *   **Preserves Hyperpolarization:** Moving to room temperature dramatically slows down the relaxation processes (spin-lattice relaxation) that destroy the hyperpolarization. This extends the time window (from seconds/minutes to potentially minutes/hours) available to utilize the hyperpolarized signal for detection (e.g., in NMR or MRI).
    *   **Enables Practical Use:** Room temperature is the standard operating condition for most NMR spectrometers and MRI scanners, making the hyperpolarized sample immediately usable.

**In summary:** While cooling is essential for *creating* the hyperpolarization efficiently via PHIP, **warming back to room temperature is the crucial third step to *preserve* the hyperpolarized state long enough for practical detection and application.**",The second stage of the cryocooler is connected to the desublimation surface and cooled to 5.5K.,0.13659860988010325,0.8068680704162164,0.0,0.0,0.0
87,Why does PHIP transfer occur between parahydrogen nuclei and deuterium nuclei during the parahydrogenation reactions of acetylene-d2 to ethylene-d2 and ethylene-d4 to ethane-d4?,[],"['Furthermore, PHIP transfer could not just be detected or induced between protons but it has also recently been observed between the former parahydrogen nuclei and 2H nuclei present in the hydrogenated product molecule during the parahydrogenation reactions of acetylene-d2 to ethylene-d2 and ethylene-d4 to ethane-d4 (Fig. 2) [19]. The 2H-NMR spectra of these two parahydrogenated symmetrical molecules acquired using ALTADENA conditions showed enhanced antiphase signals and the splitting between the absorptive and the emissive peaks was equal to the direct coupling constant between the 2H-nucleus and the 13C-nucleus directly attached to it. The authors stated that this observation was an unambiguous indication that polarization transfer in this case is mediated.']","The transfer of PHIP (Para-Hydrogen-Induced Polarization) to deuterium nuclei in these reactions occurs due to **spin-spin coupling (J-coupling)** and the **symmetry-breaking** introduced by deuteration. Here's a step-by-step explanation:

1.  **Parahydrogen's Singlet State:**
    *   Parahydrogen (p-H₂) is in a pure nuclear singlet spin state (S-state), where the two proton spins are antiparallel and quantum-mechanically entangled. This state is NMR-silent but carries latent spin order.

2.  **Hydrogenation & Symmetry Breaking:**
    *   During catalytic hydrogenation (e.g., acetylene-d₂ → ethylene-d₂), p-H₂ adds across the unsaturated bond.
    *   The two protons from p-H₂ become chemically inequivalent in the product molecule (e.g., the two protons in ethylene-d₂ are *chemically equivalent* but *magnetically inequivalent* due to the presence of deuterons). This breaks the symmetry protecting the initial singlet state.

3.  **Evolution under Spin-Spin Coupling (J-Coupling):**
    *   The initially correlated spins of the two newly added protons (from p-H₂) are coupled to nearby magnetic nuclei via scalar (J) couplings.
    *   In **ethylene-d₂ (H₂C=CD₂)**:
        *   Each added proton (¹H) is strongly coupled (²Jₕₕ or ³Jₕₕ) to its partner proton.
        *   Crucially, each proton is also coupled (²Jₕ₈) to the adjacent deuteron (²D, I=1) on the same carbon.
    *   In **ethane-d₄ (H₃C-CD₃)** (formed from ethylene-d₄ + H₂):
        *   Each methyl proton (¹H) is strongly coupled (²Jₕₕ) to the other two protons in its CH₃ group.
        *   Each proton is also coupled (²Jₕ₈) to the deuterons in the adjacent CD₃ group.

4.  **Polarization Transfer Mechanism:**
    *   The initial singlet state of the two p-H₂ protons is not an eigenstate of the Hamiltonian of the product molecule, which now includes J-couplings to deuterons.
    *   This state evolves coherently under the influence of these J-couplings.
    *   The J-coupling between a proton (¹H) and a deuteron (²D) acts as a conduit for polarization transfer. The correlated spin order on the two protons can partially flow to the coupled deuterium nuclei via this interaction.
    *   This transfer can occur through mechanisms like:
        *   **Coherent Spin Order Transfer:** The J-coupling network allows the singlet-derived spin order to distribute among coupled spins, including the deuterons.
        *   **Cross-Relaxation (NOE-like):** Dipolar interactions between protons and deuterons can also facilitate polarization transfer, especially at lower fields or in viscous solutions.

5.  **Why Deuterium?**
    *   While deuterium (²D, I=1) has a much lower gyromagnetic ratio (γ_D ≈ γ_H / 6.5) than ¹H, making direct observation less sensitive, it *is* a magnetic nucleus (I=1) coupled to the hyperpolarized protons.
    *   The J-coupling network (H-H, H-D) provides the pathway for the polarization generated on the p-H₂-derived protons to spread to the deuterium nuclei within the same molecule.

**Key Factors Enabling Transfer to Deuterium:**

*   **Presence of J-Couplings:** The essential requirement is J-coupling (²Jₕ₈) between the hyperpolarized protons and the deuterium nuclei.
*   **Loss of Symmetry:** Deuteration makes the protons derived from p-H₂ magnetically inequivalent relative to the deuterons (and potentially to each other), allowing their mutual J-coupling to become active in evolving the singlet state.
*   **Timescale:** The hydrogenation reaction and subsequent coherent evolution must occur faster than the relaxation (T₁) of the spin order for the transfer to be observable.

**In Summary:**
PHIP transfer occurs to deuterium nuclei during the parahydrogenation of acetylene-d₂ to ethylene-d₂ and ethylene-d₄ to ethane-d₄ because the deuterium nuclei are **J-coupled to the protons originating from the parahydrogen molecule**. The symmetry-breaking environment created by deuteration allows the initial singlet spin order of the parahydrogen-derived protons to evolve under these J-couplings, leading to the transfer of hyperpolarization to the coupled deuterium nuclei via coherent spin dynamics. This makes the deuterium NMR signals dramatically enhanced, despite their intrinsically low sensitivity.","The PHIP transfer occurs because the 2H-NMR spectra of these parahydrogenated symmetrical molecules showed enhanced antiphase signals, and the splitting between the absorptive and emissive peaks was equal to the direct coupling constant between the 2H-nucleus and the 13C-nucleus directly attached to it, indicating that polarization transfer is mediated by this coupling.",0.1714415865202482,0.8115805994007323,0.0,0.0,0.0
88,How can this approach successfully screen complex reactions using low field benchtop NMR?,[],"['Hence, we illustrate that this approach can successfully screen complex reactions using low field benchtop NMR through single rather than multiple time course experiments.']","Para-hydrogen-induced hyperpolarization (PHIP) enables successful screening of complex reactions on **low-field benchtop NMR** (e.g., 60 MHz) through these key mechanisms:  

### 1. **Signal Enhancement (10–100,000×)**  
   - PHIP transfers the latent spin order of *para*-H₂ (*singlet state*) to target molecules via catalytic reactions (e.g., hydrogenation), boosting NMR signals by orders of magnitude.  
   - **Overcomes low sensitivity** of benchtop NMR, making dilute intermediates/products detectable.  

### 2. **Reaction Compatibility**  
   - Works for reactions involving **pairwise H₂ addition**, such as:  
     - Homogeneous/heterogeneous hydrogenations  
     - H/D exchange  
     - Hydroformylation  
   - Catalytic steps incorporate *para*-H₂ into products, enabling hyperpolarization of substrates, intermediates, and products.  

### 3. **Real-Time Monitoring**  
   - **Rapid data acquisition** (seconds) allows tracking of:  
     - Transient intermediates  
     - Kinetics (e.g., buildup/decay of species)  
     - Catalyst efficiency (via signal dynamics)  
   - Eliminates need for quenching or separation.  

### 4. **Low-Field Advantages**  
   - **Reduced line broadening**: Narrower peaks at low fields resolve overlapping signals in complex mixtures.  
   - **Quantitative insights**: Enhanced signals enable integration of minor species (<1% yield).  
   - **No cryogens**: Benchtop NMR operates at room temperature with minimal upkeep.  

### 5. **Workflow Integration**  
   - **Flow systems**: Reactions can be hyperpolarized in a microreactor and flowed directly into the NMR flow cell.  
   - **Minimal sample prep**: Avoids deuterated solvents; H₂O or standard solvents suffice.  
   - **Cost-effective**: Avoids high-field NMR expenses while providing mechanistic data.  

### Example Workflow:  
1. **React**: Feed *para*-H₂ (enriched at 20–50 K) and substrates into a catalyst.  
2. **Transfer**: Hyperpolarized mixture flows into benchtop NMR.  
3. **Detect**: Enhanced ¹H NMR spectra reveal reactants, intermediates, and products in real time.  
4. **Analyze**: Quantify kinetics, side products, or catalyst deactivation.  

### Limitations & Solutions:  
- **Reaction constraint**: Only H₂-addition reactions are suitable. *Solution*: Design screening around hydrogenative steps.  
- *para*-H₂ **enrichment**: Requires a cooling unit (~$10k). *Solution*: Batch enrichment suffices for multiple runs.  

### Key Applications:  
- Optimizing catalytic systems (e.g., enantioselectivity in asymmetric hydrogenation).  
- Detecting unstable organometallic intermediates.  
- High-throughput screening of reaction conditions (temperature, catalyst loading).  

By leveraging PHIP’s signal amplification, low-field NMR transforms into a powerful tool for **real-time reaction profiling**, bridging the gap between cost-effective hardware and high-sensitivity mechanistic studies.",Through single rather than multiple time course experiments.,0.11519284082558218,0.7718978659566907,0.0,0.0,0.0
89,Why can hyperpolarized NMR signals be obtained from Parahydrogen despite it not being magnetically active?,[],"['The fact that hyperpolarized NMR signals can be obtained from Parahydrogen was predicted by Bowers and Weitekamp in 1986 and experimentally observed by the same authors and another group about one year later. Parahydrogen symmetry can be transformed into nuclear spin polarization by a chemical reaction, hereafter named parahydrogenation, during which the two protons are pairwise added to the substrate in non- equivalent positions, so that the spin correlation is maintained and the symmetry of the hydrogen molecule is broken. As a consequence, the para and the ortho states are mixed.']","Parahydrogen itself isn't detectable by NMR due to its **singlet spin state** (total spin I=0), resulting in **no net magnetization**. However, hyperpolarized NMR signals are generated through a clever process involving **chemical reaction and symmetry breaking**. Here's how it works:

1.  **Source of Hyperpolarization: The Singlet State:**
    *   Parahydrogen (p-H₂) exists in a pure quantum mechanical **singlet spin state**. This means the spins of its two hydrogen nuclei are **antiparallel and quantum mechanically entangled**.
    *   While this state has *no net magnetization* (I=0), it represents a **non-Boltzmann population distribution**. Specifically, the two possible singlet states (degenerate at zero field) are exclusively populated, while the triplet states (which *would* have net magnetization) are completely unpopulated. This is a highly ordered, non-equilibrium state.

2.  **The Key Step: Chemical Reaction & Symmetry Breaking:**
    *   Parahydrogen is introduced into an **unsaturated substrate molecule** (e.g., an alkyne, alkene, or imine) via a **hydrogenation reaction**, typically catalyzed by a transition metal complex (e.g., Rh, Ir, Ru).
    *   During this reaction, the two hydrogen atoms from p-H₂ are transferred to the substrate, becoming part of a new molecule (e.g., turning an alkene into an alkane).
    *   **Crucially, the two newly added hydrogen atoms (often called the ""parahydrogen derived pair"" or PHIP pair) become chemically inequivalent in the product molecule.** They are in different chemical environments (e.g., attached to different carbon atoms, or have different neighbors).

3.  **Conversion of Singlet Order to Observable Magnetization:**
    *   The initial pure singlet state of the two H₂ nuclei is preserved during the fast hydrogenation transfer if the reaction occurs at low field or under specific conditions (ALTADENA - Adiabatic Longitudinal Transport After Dissociation Engenders Net Alignment).
    *   Once incorporated into the asymmetric product molecule, the two hydrogen nuclei are **no longer magnetically equivalent**. They experience different local magnetic fields (chemical shifts, J-couplings).
    *   This **broken symmetry lifts the degeneracy** of the singlet state relative to the triplet states. The strong initial singlet correlation is no longer an eigenstate of the new spin system.
    *   The non-equilibrium population of the singlet state (the hyperpolarization) is now distributed across the Zeeman energy levels of the two *inequivalent* spins. This creates a massive **population difference** across the transitions involving these spins, far exceeding the tiny thermal equilibrium Boltzmann polarization. This is the hyperpolarized state.

4.  **Detection:**
    *   When a standard RF pulse is applied, this huge population difference results in an **enormously enhanced NMR signal** (often >10,000x or even >100,000x the thermal signal) for the protons originating from the parahydrogen, and often also for nearby nuclei (like ¹³C or ³¹P) via transfer mechanisms like INEPT.

**In essence:** Parahydrogen provides the *source* of spin order (the pure singlet state). The **chemical reaction incorporating it into an asymmetric molecule breaks the magnetic symmetry**. This symmetry breaking **converts the invisible singlet order into observable net magnetization** on the two inequivalent protons, resulting in the dramatically enhanced hyperpolarized NMR signal. The process is often called **Parahydrogen-Induced Polarization (PHIP)**.

**Key Methods for Conversion:**
*   **ALTADENA:** Reaction performed at low/zero field, then sample rapidly transferred to high NMR field. Symmetry breaking occurs adiabatically during field transfer.
*   **PASADENA:** Reaction performed directly within the high magnetic field of the NMR spectrometer. RF pulses are used immediately after reaction completion to convert singlet order into observable magnetization.
*   **RF Pulse Sequences:** Techniques like INEPT or specially designed pulse sequences are used to transfer the hyperpolarization from the PHIP protons to other heteronuclei (¹³C, ¹⁵N, ³¹P, etc.) for detection or to extend its lifetime.","Hyperpolarized NMR signals can be obtained from Parahydrogen because its symmetry can be transformed into nuclear spin polarization through a chemical reaction called parahydrogenation. During this reaction, the two protons are added to the substrate in non-equivalent positions, maintaining spin correlation and breaking the symmetry of the hydrogen molecule. This mixing of para and ortho states allows the previously magnetically inactive Parahydrogen to produce observable NMR signals.",0.482787284648329,0.8937382278624638,0.0,0.0,0.0
90,What is the fourth step in the singlet state read-out process?,[],"['A typical experiment proceeded in the following manner (Figure 2): After hydrogenation of 1 with parahydrogen at earth field, we transported the NMR sample tube, along with the tubing, to the observation field and applied a spoiler pulse. After several minutes (T_w), the thiol solution was injected simultaneously with the initiation of the OPSY pulse sequence.']","The **fourth step** in the singlet state read-out process for para-hydrogen-induced hyperpolarization (PHIP) is:  

**Application of a Radiofrequency (RF) Pulse.**  

Here’s the full context of the read-out sequence:  
1. **Hydrogenation**: A substrate is hydrogenated using *para*-enriched H₂ gas, creating a molecule with hyperpolarized nuclear spins in a singlet state.  
2. **Singlet State**: The two para-hydrogen-derived protons occupy a long-lived singlet state (S₀), which is NMR-silent and protected against relaxation.  
3. **Magnetic Field Manipulation**: A controlled magnetic field or pulse sequence (e.g., field cycling or a sudden field jump) converts the singlet state (S₀) into observable magnetization (e.g., triplet states T₊, T₋).  
4. **RF Pulse**: **A 90° radiofrequency pulse** is applied to tip the hyperpolarized magnetization into the **transverse plane** for detection. This makes the signal visible in the NMR or MRI instrument.  
5. **Signal Acquisition**: The enhanced NMR signal is detected, amplified, and processed.  

### Why is this critical?  
- The singlet state itself is undetectable by NMR. The RF pulse converts the *converted* magnetization (from step 3) into a measurable signal.  
- This step maximizes signal intensity by aligning magnetization perpendicular to the static magnetic field (B₀), allowing free induction decay (FID) detection.  

For clarity: Steps 3 and 4 are distinct—**step 3 unlocks the singlet state**, while **step 4 makes it observable**. Missing the RF pulse would leave the hyperpolarization invisible!  

Let me know if you’d like deeper details about pulse sequences (e.g., PASADENA or ALTADENA protocols)! 😊",Injecting the thiol solution simultaneously with the initiation of the OPSY pulse sequence.,0.11680533554832498,0.797262843260499,0.0,0.0,0.0
91,Why is imaging of hydrogen peroxide (H2O2) in vivo considered highly desirable for diagnostic and therapeutic purposes?,[],"['ROS has shown to be toxic in high concentrations but function as essential intracellular signaling molecules.[10] Compared to other ROS species, H2O2 is stable under physiological conditions and exists in relatively high concentrations in vivo.[11] Generally, the ROS signaling pathways control ROS intracellular homeostasis. Disturbance of the H2O2 level represents a hallmark for various diseases, such as inflammation, tissue injury, cancer, and neurodegenerative disorders.[12] It would be highly desirable to establish H2O2 imaging in vivo, which may play an important role for diagnostic and therapeutic utility.']","Imaging hydrogen peroxide (H₂O₂) *in vivo* is considered highly desirable for diagnostic and therapeutic purposes due to its crucial and multifaceted roles in biology and pathology:

1.  **Central Role in Redox Signaling & Oxidative Stress:**
    *   **Signaling Molecule:** H₂O₂ is a key secondary messenger molecule, regulating critical physiological processes like immune cell activation, cell proliferation, differentiation, vascular tone, and apoptosis.
    *   **Oxidative Stress Biomarker:** When produced in excess or inadequately scavenged, H₂O₂ becomes a major driver of oxidative stress. This imbalance damages lipids, proteins, and DNA, contributing directly to the pathogenesis of numerous diseases.

2.  **Diagnostic Significance:**
    *   **Early Disease Detection:** Elevated H₂O₂ levels are hallmarks of the earliest stages of many diseases, including:
        *   **Cancer:** Tumors often exhibit dysregulated redox balance with increased H₂O₂ production, promoting proliferation, survival, angiogenesis, and metastasis.
        *   **Neurodegenerative Diseases (Alzheimer's, Parkinson's):** Oxidative stress, driven significantly by H₂O₂, is a major contributor to neuronal damage and death.
        *   **Inflammatory Diseases (Arthritis, Atherosclerosis):** Immune cell activation (e.g., macrophages, neutrophils) generates bursts of H₂O₂, contributing to tissue damage in chronic inflammation.
        *   **Cardiovascular Diseases:** Ischemia-reperfusion injury, heart failure, and atherosclerosis involve significant oxidative stress driven by H₂O₂.
        *   **Metabolic Disorders (Diabetes):** Hyperglycemia promotes mitochondrial H₂O₂ production, contributing to diabetic complications.
    *   **Disease Staging and Monitoring:** Imaging H₂O₂ could provide insights into disease severity, progression, and response to therapy by visualizing the degree and localization of oxidative stress.
    *   **Personalized Medicine:** Mapping H₂O₂ fluxes could help identify patients with specific redox imbalances, guiding tailored therapeutic interventions.

3.  **Therapeutic Significance:**
    *   **Monitoring Therapy Efficacy:** Therapies targeting oxidative stress pathways (e.g., antioxidants, Nrf2 activators) or diseases driven by it (e.g., chemo/radiotherapy for cancer) could be directly monitored by visualizing changes in H₂O₂ levels *in vivo*. Did the antioxidant actually reduce oxidative stress in the target tissue?
    *   **Guiding Targeted Therapies:** H₂O₂-responsive drug delivery systems (""smart"" nanocarriers, prodrugs) release their payload specifically in environments with elevated H₂O₂ (e.g., tumors, inflamed sites). Imaging H₂O₂ *before* and *during* treatment could:
        *   Identify patients/pathologies likely to respond.
        *   Confirm the drug is releasing at the intended site.
        *   Optimize dosing regimens.
    *   **Understanding Therapeutic Mechanisms:** Real-time imaging could reveal how therapeutic agents modulate redox biology at the tissue and cellular level.
    *   **Developing Novel Therapeutics:** Imaging provides an essential tool for *in vivo* validation of new drugs designed to modulate H₂O₂ levels or signaling.

4.  **Challenges Addressed by Imaging:**
    *   **Dynamic & Spatially Heterogeneous:** H₂O₂ production and scavenging are highly dynamic and localized within tissues and cells. Snapshots from biopsies or bulk measurements miss this critical spatiotemporal information. *In vivo* imaging captures this complexity.
    *   **Non-Invasive Monitoring:** Repeated biopsies are impractical for monitoring disease progression or therapy response. Imaging offers a non-invasive alternative.

**The Challenge & Why PHIP is Relevant:**

Current methods (fluorescent probes, biochemical assays) have limitations for deep-tissue, quantitative, real-time *in vivo* imaging in humans, especially with high spatial resolution. **Para-Hydrogen Induced Polarization (PHIP)** is a hyperpolarization technique that massively enhances the sensitivity of Magnetic Resonance Imaging (MRI) signals. Researchers are actively developing PHIP-based ""smart"" hyperpolarized contrast agents designed to change their MR signal *specifically* in response to biomarkers like H₂O₂. Successfully imaging H₂O₂ with PHIP-MRI would provide an unprecedented, non-invasive, and potentially quantitative window into redox biology and pathology *in vivo*, fulfilling the high desirability outlined above.

**In essence, H₂O₂ imaging is desirable because it provides a direct, dynamic, and spatially resolved readout of a molecule that sits at the crossroads of normal physiology and a vast array of diseases, offering transformative potential for both diagnosis and therapy development/monitoring.**","Imaging of hydrogen peroxide (H2O2) in vivo is highly desirable because disturbance in H2O2 levels is a hallmark for various diseases such as inflammation, tissue injury, cancer, and neurodegenerative disorders. Establishing H2O2 imaging could play an important role in diagnosing and treating these conditions, making the development of H2O2-sensing probes for preclinical models significant.",0.32537816990584606,0.9829207765472421,0.0,0.0,0.0
92,Why does the $T_{1}$ of $[1 - ^{13}\mathbb{C}]$ lactate exhibit a global minimum at neutral pH?,[],"['However, at pH values greater than the $\\mathsf{p}K_{\\mathsf{a}}$ the $T_{1}$ of lactate drops further down and exhibits a global minimum at neutral pH. We assume that this effect is related to intra- and- / or intermolecular formation of a hydrogen bond between the alpha- hydroxyl group and the negatively charged oxygen that is formed after deprotonation of the carboxylic acid.[23] This would increase dipolar couplings between protons and the $^{13}\\mathrm{C}-$ labelled carboxyl carbon, which in effect would reduce $T_{1}$.']",,"The global minimum in $T_{1}$ at neutral pH is likely due to the intra- and/or intermolecular formation of a hydrogen bond between the alpha-hydroxyl group and the negatively charged oxygen formed after deprotonation of the carboxylic acid. This hydrogen bond increases dipolar couplings between protons and the $^{13}\mathrm{C}-$ labelled carboxyl carbon, thereby reducing $T_{1}$.",0.10830515422689559,0.0,,0.0,0.0
93,How does the relative malate signal intensity compare between PHIP and D-DNP experiments?,[],"['In the PHIP experiment the aim is to fully populate the singlet state by starting from para- enriched hydrogen, which would lead to a relative malate signal intensity of 1. In the D- DNP experiment the polarization process depletes the singlet state, which would lead to a relative malate signal intensity of  $- 1 / 3$  as discussed in the Supporting Information, as well as in ref. [4].']","The relative malate signal intensity between **Para-Hydrogen Induced Polarization (PHIP)** and **Dissolution Dynamic Nuclear Polarization (D-DNP)** experiments depends heavily on technical and molecular factors, with **PHIP generally offering higher potential signal enhancement but facing greater practical limitations for malate**. Here's a detailed comparison:

1.  **Inherent Polarization Level:**
    *   **PHIP:** Achieves very high polarization (often **10–30%**) on target protons due to the quantum-mechanical transfer from *para*-hydrogen. This translates to massive signal enhancements (10⁴–10⁵ fold).
    *   **D-DNP:** Typically achieves lower polarization levels (**1–5%**) for ¹³C nuclei in metabolites like malate. Signal enhancements are still substantial (10³–10⁴ fold) but generally lower than PHIP.

2.  **Molecular Accessibility:**
    *   **PHIP (Major Limitation):** Requires the target molecule (or a precursor) to have chemically accessible unsaturated bonds (e.g., C=C, C≡C, C=O) to incorporate the *para*-hydrogen pair via hydrogenation using a catalyst. **Malate itself lacks suitable unsaturated bonds.** To polarize malate via PHIP, you *must* use a hydrogenatable precursor (e.g., acetylenedicarboxylate hydrogenated to fumarate, which is then enzymatically/converted to malate). This adds complexity and potential for signal loss during conversion.
    *   **D-DNP:** Directly polarizes the ¹³C nuclei within the **malate molecule itself** (e.g., the C1 or C4 carboxylate carbons). No precursor conversion step is needed in the polarization process.

3.  **Practical Signal Intensity:**
    *   **Theoretical Advantage (PHIP):** If a suitable precursor is efficiently hydrogenated and rapidly/converted to malate *without significant polarization loss*, the resulting hyperpolarized malate signal **could be significantly higher (potentially 1-2 orders of magnitude) than D-DNP** due to PHIP's inherently higher polarization levels.
    *   **Practical Reality (D-DNP Advantage):** The need for precursor synthesis, catalytic hydrogenation, rapid conversion, and potential for relaxation losses during these steps **makes achieving high hyperpolarized malate signals via PHIP experimentally challenging.** Consequently:
        *   **D-DNP** is the **established, routine method** for hyperpolarizing malate and similar metabolites for metabolic MRI studies. The signal, while lower than PHIP's potential maximum, is robust and reliable.
        *   **PHIP** for malate remains primarily a **proof-of-concept** or specialized research area. Reported malate signals via PHIP are often lower than its theoretical maximum and frequently compared to its precursor or other PHIP targets rather than directly to D-DNP-malate. Achieving signals *consistently* exceeding well-optimized D-DNP for malate is difficult.

4.  **Other Factors:**
    *   **Relaxation (T₁):** The hyperpolarized state decays with time constant T₁. Malate ¹³C T₁ values are moderate (tens of seconds), similar in both approaches. Signal loss during transfer/infusion is a common challenge.
    *   **Workflow:** D-DNP requires long polarization times (hours) at cryogenic temperatures (~1 K). PHIP polarization is much faster (seconds) and occurs at ambient or slightly elevated temperatures. Dissolution is needed for both for *in vivo* use.
    *   **Nucleus Observed:** PHIP typically hyperpolarizes ¹H, which can be transferred to ¹³C via SABRE or PH-INEPT pulse sequences. D-DNP directly hyperpolarizes ¹³C. Both ultimately aim for hyperpolarized ¹³C-malate detection in MRI.

**Conclusion:**

*   **Theoretically**, PHIP has the potential to generate **significantly higher malate signal intensities** (potentially 10-100x) than D-DNP due to its superior polarization levels.
*   **Practically**, D-DNP currently delivers **more reliable and higher experimentally achieved hyperpolarized malate signals** because it polarizes malate directly without the need for complex precursor chemistry and conversion steps inherent to PHIP for this molecule.
*   While PHIP research for metabolites like malate is advancing, **D-DNP remains the dominant and more effective technique for generating hyperpolarized malate signals for metabolic imaging studies.** Direct, robust comparisons showing PHIP-malate signals consistently exceeding D-DNP-malate signals in an *in vivo* relevant context are still limited.","In the PHIP experiment, the relative malate signal intensity is 1, while in the D-DNP experiment, it is -1/3. Therefore, PHIP produces a higher relative malate signal intensity than D-DNP.",0.3168811053528804,0.8635766585270753,1.0,0.0,0.0
94,Why do the protons located in the substrate trans to the NHC of the catalyst exhibit shorter T1 values than those of the related equatorial ligand?,[],"['The protons that are located in the substrate trans to the NHC of the catalyst exhibit shorter T1 values than those of the related equatorial ligand. This is due to the strong iridium- nitrogen bond of the axial ligand, which consequently does not exchange on the timescale of these NMR.']","The shorter T₁ relaxation times observed for protons located **trans to the NHC ligand** in para-hydrogen-induced hyperpolarization (PHIP) catalysts compared to protons on equatorial ligands arise primarily from **differences in their local electronic environment and proximity to the metal center**, leading to stronger relaxation mechanisms. Here's a breakdown of the key factors:

1.  **Enhanced Spin-Density Transfer & Metal-Proton Distance:**
    *   NHC ligands are exceptionally strong **σ-donors**. This pushes significant electron density onto the metal center.
    *   Ligands (and their attached protons) positioned *trans* to this strong donor experience a pronounced **trans influence**. This often results in:
        *   **Weakening/Lengthening** of the metal-ligand bond trans to the NHC.
        *   **Increased Electron Density** on the ligand trans to the NHC.
    *   The *weaker/longer* metal-ligand bond effectively **brings the protons on that trans ligand closer in space to the metal center** compared to protons on ligands in equatorial positions with stronger/shorter bonds.
    *   **Shorter distance to the metal center** dramatically increases the efficiency of **dipolar relaxation** (both intra- and intermolecular) and potentially **chemical shift anisotropy (CSA) relaxation**, driven by the metal's fluctuating electron spin density. This is the dominant factor.

2.  **Paramagnetic Relaxation Pathways (Even in Diamagnetic Complexes):**
    *   While the catalyst complex itself is diamagnetic in its ground state, the strong electron density modulation caused by the NHC (and the trans ligand) can enhance **paramagnetic relaxation** via:
        *   **Transient Paramagnetic States:** Fluctuations in electron distribution can create transient paramagnetic character near the metal center. Protons closer to the metal (like those trans to NHC) experience stronger relaxation effects from these fluctuations.
        *   **Spin-Orbit Coupling:** The heavy metal atom (Ir, Rh, Ru, etc.) facilitates efficient spin-orbit coupling. The strong electron donation from the NHC and the altered electron density on the trans ligand can modulate the spin-orbit coupling efficiency felt by nearby protons, enhancing relaxation.

3.  **Chemical Environment Anisotropy:**
    *   The region trans to the strong σ-donor NHC ligand experiences a highly **anisotropic electronic environment** due to the asymmetric electron donation. This anisotropy creates stronger local magnetic field gradients.
    *   Protons in this anisotropic environment experience more efficient relaxation via **chemical shift anisotropy (CSA) mechanisms**, especially when combined with molecular tumbling.

4.  **Reduced Mobility/Conformational Flexibility:**
    *   Ligands trans to bulky NHCs are often more sterically constrained. While less significant than electronic effects, this **reduced local mobility** can slightly hinder the averaging of relaxation interactions (like dipolar couplings), contributing marginally to shorter T₁.

**Why Equatorial Protons Have Longer T₁:**
*   Equatorial ligands typically experience weaker trans influences and form stronger bonds to the metal, keeping their protons **farther away** on average.
*   The electronic environment around equatorial positions is often more **symmetric and less anisotropic** compared to the axis trans to the strong NHC donor.
*   They are less affected by the intense electron density funneled through the NHC-metal-trans axis.

**In Summary:** The strong σ-donation of the NHC ligand weakens/lengthens the bond to the ligand trans to it. This brings the protons on that trans ligand closer to the metal center. This proximity, combined with the highly anisotropic electronic environment induced by the NHC, makes dipolar relaxation, paramagnetic relaxation (via transient states/spin-orbit coupling), and CSA relaxation mechanisms significantly more efficient for these trans protons compared to protons on more distant and symmetrically coordinated equatorial ligands, resulting in their shorter T₁ relaxation times. This is crucial in PHIP as T₁ directly impacts the lifetime of the hyperpolarized state.","This is due to the strong iridium-nitrogen bond of the axial ligand, which does not exchange on the timescale of these NMR measurements, leading to shorter T1 values for the axial protons compared to the equatorial ones.",0.48606929421096734,0.8299726340269843,0.0,0.0,0.0
95,Why are the T1 relaxation rates faster in chloroform compared to those in methanol for the iridium complex?,[],['The faster T1 relaxation rates in chloroform compared to those in methanol reported elsewhere42 can be attributed to the presence of an additional quadrupolar nucleus (35Cl) or 37Cl in the major iridium complex [Ir(IMes)(MNZ)2(H)2Cl] (it is known that coupling to quadrupolar nuclei significantly and negatively affects the attainable SABRE- SHEATH polarizations40).'],"The faster T1 relaxation rates (shorter T1 times) observed for the hydride ligands of an iridium complex in chloroform compared to methanol are primarily due to differences in **solvent viscosity and hydrogen bonding capability**, affecting the molecular motion and local magnetic field fluctuations experienced by the spins. Here's a breakdown of the key factors:

1.  **Solvent Viscosity and Molecular Tumbling:**
    *   **Chloroform (CHCl₃):** Has lower viscosity (~0.54 cP at 20°C).
    *   **Methanol (CH₃OH):** Has higher viscosity (~0.59 cP at 20°C - significantly higher relative to chloroform for molecular tumbling rates).
    *   **Effect:** The lower viscosity of chloroform allows the iridium complex molecules to tumble *faster* in solution. Faster molecular tumbling shifts the spectral density of motion (the distribution of motional frequencies) towards *higher* frequencies. Since the dominant relaxation mechanism for hydride ligands (like in NHC-Ir complexes used in PHIP) is usually the **dipole-dipole interaction** (between the hydride protons and the iridium nucleus, or between hydrides), this faster tumbling brings the spectral density closer to the **Larmor frequency** (ω₀) where relaxation is most efficient. This results in **faster relaxation (shorter T1)** in chloroform.

2.  **Hydrogen Bonding:**
    *   **Methanol (CH₃OH):** Is a **protic** solvent capable of acting as both a hydrogen bond donor (O-H) and acceptor (O:). It can form relatively strong hydrogen bonds with the hydride ligands (H-Ir) of the complex.
    *   **Chloroform (CHCl₃):** Is **aprotic** and very weakly polar. While it can act as a very weak hydrogen bond donor (C-H), its ability to form significant hydrogen bonds, especially with hydride ligands, is minimal.
    *   **Effect:** Hydrogen bonding between methanol and the hydride ligands:
        *   **Restricts Local Motion:** It hinders the fast, small-amplitude vibrations and librations of the M-H bonds themselves. These high-frequency local motions are crucial for efficient dipole-dipole relaxation.
        *   **Reduces Overall Tumbling:** While viscosity affects the global tumbling, H-bonding adds an additional constraint, further slowing down the reorientation of the M-H vector relative to the external field.
        *   **Alters Local Fields:** The H-bond itself creates a more ordered local environment with potentially slower fluctuating fields.
        *   **Consequence:** This restriction of motion by methanol H-bonding shifts the spectral density away from the Larmor frequency (ω₀) towards lower frequencies. This mismatch reduces the efficiency of the dipole-dipole relaxation mechanism, leading to **slower relaxation (longer T1)** in methanol.

3.  **Paramagnetic Impurities (Secondary Factor):**
    *   Dissolved oxygen (O₂) is a potent paramagnetic relaxation agent. Methanol generally dissolves *more* oxygen than chloroform due to its polarity. If samples are not rigorously degassed, the higher oxygen concentration in methanol could contribute to *faster* relaxation there. However, this usually opposes the primary solvent effect described above. **The dominant solvent effects (viscosity/H-bonding) consistently point to faster relaxation in chloroform, suggesting that if oxygen is present, its effect is secondary or the samples were well-degassed in the studies showing this trend.**

**Summary:**

The combination of **lower viscosity** allowing faster overall molecular tumbling and the **lack of significant hydrogen bonding** to the hydride ligands in **chloroform** enables more efficient modulation of the dipole-dipole interactions (primarily between H and Ir, and between H atoms). This shifts the motional spectral density towards the Larmor frequency, maximizing the T1 relaxation rate (shortening T1).

Conversely, the **higher viscosity** and, crucially, the **strong hydrogen bonding** from **methanol** restrict both the global tumbling of the complex and the local motion of the M-H bonds. This shifts the spectral density away from the Larmor frequency, reducing the efficiency of the dominant dipole-dipole relaxation mechanism, resulting in slower relaxation (longer T1).

This difference is critically important in PHIP, as longer T1 times in methanol can be advantageous for preserving hyperpolarization for transfer or detection, while shorter T1 times in chloroform might necessitate faster experimental procedures.","The faster T1 relaxation rates in chloroform are due to the presence of an additional quadrupolar nucleus (35Cl or 37Cl) in the major iridium complex [Ir(IMes)(MNZ)2(H)2Cl], which significantly and negatively affects the attainable SABRE-SHEATH polarizations.",0.1804666038342223,0.9570468724454365,0.0,0.0,0.0
96,Why does the residual concentration of H2O2 not pose a concern to humans or mice?,[],"['Human studies exist in which H2O2 in concentrations between (0.06 - 0.48)% were injected via intra-arterial or intravenous (evaluating its therapeutic potential on head and neck cancer, arteriosclerosis, wound healing) did not show toxicity.75 On in vivo experiments, the reported intravenous (median lethal dose) LD50 in mice was founded to be 50000 mg per kg body weight.76 Therefore, given that facts, and the fact that that our solution would dilute by the blood volume (~6L in humans, 77 - 80μLg−1 in mice), the residual concentration does not appear to pose a concern to humans or mice.']","The residual hydrogen peroxide (H₂O₂) in para-hydrogen-induced hyperpolarization (PHIP) applications is **not a significant concern for humans or mice** for several key reasons:

1.  **Extremely Low Concentrations:** PHIP typically uses **catalytic hydrogenation** (often with metal catalysts like Rh complexes) to transfer parahydrogen to a substrate. The H₂O₂ formed is a byproduct in trace amounts, usually in the **nanomolar (nM) to low micromolar (µM) range** (e.g., < 100 nM is common in optimized protocols). This is far below biologically relevant concentrations.

2.  **Endogenous Detoxification:** Mammalian cells (including humans and mice) have highly efficient enzymatic systems to rapidly decompose low levels of H₂O₂:
    *   **Catalase:** Converts H₂O₂ directly into water and oxygen.
    *   **Glutathione Peroxidase (GPx):** Uses glutathione to reduce H₂O₂ to water.
    *   **Peroxiredoxins:** Also efficiently reduce H₂O₂.
    These systems constantly handle endogenous H₂O₂ produced during normal metabolism. The trace amounts introduced via PHIP are negligible in comparison and are rapidly neutralized.

3.  **Dilution Factor:** The hyperpolarized solution containing the trace H₂O₂ is **diluted significantly** upon injection into the bloodstream (or in vitro into a much larger biological medium). This reduces the concentration even further, often below detection limits.

4.  **Rapid T1 Decay vs. Administration:** The hyperpolarized state of the target molecule (the reason for PHIP) decays rapidly (within tens of seconds to a few minutes, characterized by its T1 relaxation time). The solution must be injected *immediately* after hyperpolarization to capture the signal enhancement in an MRI scan. Any residual H₂O₂ present during the brief hyperpolarization step has **insufficient time to exert any biological effect** before the solution is administered and the H₂O₂ is diluted/degraded.

5.  **Comparison to Toxic Levels:** Toxicological studies show that H₂O₂ concentrations need to be in the **millimolar (mM) range** (thousands of times higher than the nM levels in PHIP) to cause significant oxidative stress, cell damage, or toxicity in cells or tissues. The levels encountered in PHIP are orders of magnitude below this threshold.

6.  **Specificity of Catalysis:** Modern PHIP catalysts are designed for high efficiency and specificity towards the target substrate reaction. Minimizing side reactions, including excessive H₂O₂ production, is a key goal in catalyst development.

**In summary:** The residual H₂O₂ generated during PHIP hyperpolarization is present in such minuscule quantities, is so rapidly degraded by endogenous enzymes, and is so dramatically diluted upon administration that it poses **no significant toxicological risk** to humans or mice in the context of hyperpolarized MRI experiments. The focus remains on the safety and efficacy of the hyperpolarized agent itself and the injection procedure.","The residual H2O2 concentration does not pose a concern because human studies showed no toxicity at similar concentrations (0.06-0.48%), the median lethal dose in mice is very high (50000 mg/kg), and the solution would be further diluted by blood volume (~6L in humans, 77-80μL/g in mice).",0.29242029348855814,0.6570151672677815,0.0,0.0,0.0
97,Why does L11 appear as a different case in the reaction mechanism?,[],"['L11 appears as a different case, as the electron-withdrawing properties of the CF3 group in R3 affect the overall reaction mechanism. The transition state 11a^TS has a very low energy barrier (only 3.3 kJ/mol), with the last hydrogenation step being among the lowest energy barriers (37.1 kJ/mol). This allows the polarization to be preserved even in the presence of the strong dipolar interactions of the three proton resonances of the methyl group in the product.']","L11 appears as a distinct case in para-hydrogen-induced polarization (PHIP) reaction mechanisms typically due to its role as a **ligand inducing asymmetry or altering the symmetry of the metal complex**, which is crucial for efficient polarization transfer. Here's a breakdown of why it stands out:

1.  **Symmetry Breaking for Polarization Transfer:**
    *   Para-hydrogen (p-H₂) has a singlet spin state (anti-parallel spins). To transfer this hyperpolarization to a substrate, the symmetry of the p-H₂-derived hydrides on the metal catalyst must be broken.
    *   This symmetry breaking makes the two hydride atoms **magnetically inequivalent**, allowing their singlet state to mix with observable triplet states (S-T mixing). This mixing is essential for generating detectable hyperpolarization on the substrate after hydrogenation.

2.  **L11's Role in Creating Asymmetry:**
    *   L11 is often a **bulky, asymmetric, or chiral ligand** (e.g., a specific phosphine ligand).
    *   When coordinated to the metal center (e.g., Rh, Ir, Ru), L11 sterically and electronically perturbs the environment around the metal.
    *   This perturbation causes the two hydride atoms (originating from p-H₂) added *trans* to each other to become **magnetically inequivalent**. They experience slightly different chemical environments, leading to different chemical shifts (Δδ) and a non-zero coupling constant (J<sub>HH</sub>).

3.  **Contrast with Symmetric Ligands:**
    *   In catalysts with highly symmetric ligands (e.g., PPh₃ where all ligands are identical), the hydrides often remain magnetically equivalent or nearly equivalent (small Δδ).
    *   Magnetically equivalent hydrides (Δδ ≈ 0) cannot efficiently undergo S-T mixing. The singlet state remains isolated, preventing polarization transfer to the substrate.
    *   L11 breaks this symmetry effectively, creating a large enough Δδ for efficient S-T mixing and polarization transfer.

4.  **Specific Mechanistic Impact:**
    *   **ALTADENA Pathway:** In solution at low field, the asymmetry created by L11 allows the nascent hyperpolarized product (formed directly from hydrogenation) to retain its non-Boltzmann spin state distribution long enough to be observed.
    *   **PASADENA Pathway:** At high field (e.g., inside the NMR magnet), the asymmetry (Δδ) is necessary for the coherent transfer of polarization from the p-H₂-derived hydrides to the substrate via pulse sequences or field cycling.

**In essence, L11 is a ""different case"" because it is specifically designed or chosen to be an *asymmetric ligand* that breaks the magnetic equivalence of the p-H₂-derived hydride pair on the metal catalyst. This asymmetry is the fundamental requirement for converting the ""hidden"" para-hydrogen spin order into observable hyperpolarization on the substrate, which symmetric ligands fail to provide efficiently.**

This distinction is critical for designing effective PHIP catalysts, where ligand asymmetry is a key parameter for achieving high signal enhancements. L11 exemplifies a ligand optimized for this purpose.","Because the electron-withdrawing properties of the CF3 group in R3 affect the overall reaction mechanism, resulting in a very low energy barrier for the transition state 11a^TS (only 3.3 kJ/mol) and preserving polarization despite strong dipolar interactions.",0.13103666011638376,0.788064785484274,0.0,0.0,0.0
98,How does the speed of pulsed injections compare to that of continuous flow in the described equipment?,[],"['When compared to restricted flow, pulsed-injections are inherently fast because flow rates and contact time are decoupled.']","Based on the principles of para-hydrogen-induced hyperpolarization (PHIP), **pulsed injections are significantly *faster* at achieving the necessary mixing for efficient polarization transfer compared to continuous flow.**

Here's the breakdown:

1.  **Pulsed Injections:**
    *   Involve rapidly injecting a discrete ""slug"" or ""pulse"" of para-enriched hydrogen gas into the substrate solution within the reactor.
    *   **Speed:** This rapid injection creates high turbulence and intense mixing within milliseconds.
    *   **Why it's fast:** The kinetic energy of the injection jet drives immediate, near-instantaneous mixing of the para-hydrogen molecules with the substrate molecules at the catalyst site.
    *   **Consequence:** This rapid mixing is crucial because the hyperpolarization transfer from para-hydrogen to the substrate (via the ALTADENA or PASADENA mechanism) occurs on a very short timescale (milliseconds). Fast mixing ensures a high local concentration of para-hydrogen meets the substrate/catalyst *before* polarization can decay through relaxation processes.

2.  **Continuous Flow:**
    *   Involves a steady stream of both substrate solution and para-enriched hydrogen gas flowing through the reactor.
    *   **Speed:** Mixing relies primarily on laminar flow diffusion and convection within the reactor channel. While reactor designs (e.g., micromixers) optimize this, it is inherently **slower** than the turbulent burst of a pulsed injection.
    *   **Why it's slower:** Mixing depends on the flow rates, channel geometry, and diffusion coefficients. Achieving complete molecular-level mixing throughout the flowing stream takes significantly longer (tens to hundreds of milliseconds or more) compared to a pulsed injection.
    *   **Consequence:** The slower mixing rate means that para-hydrogen molecules spend more time diffusing to meet substrate molecules. During this diffusion time, the precious para-hydrogen order (and thus potential polarization) can be lost to relaxation before the hydrogenation reaction and polarization transfer can occur efficiently.

**Key Comparison Point: Mixing Time vs. Polarization Transfer/Relaxation Time**

*   The timescale for efficient para-hydrogen polarization transfer is typically on the order of milliseconds.
*   Pulsed injections achieve the required intimate mixing **within milliseconds** due to forced turbulence.
*   Continuous flow mixing, even in optimized systems, often occurs on timescales **longer than the optimal polarization transfer window** (tens to hundreds of ms), leading to significant polarization loss before transfer can complete.

**Conclusion:**

Pulsed injections are **much faster** than continuous flow in terms of achieving the critical rapid, turbulent mixing required to capture the para-hydrogen spin order efficiently and transfer it to the substrate before it relaxes away. This speed advantage is fundamental to why pulsed methods often yield higher levels of hyperpolarization in PHIP experiments. Continuous flow, while useful for certain applications like online detection or catalytic studies, generally suffers from slower mixing leading to lower achievable polarization levels compared to optimized pulsed injections.",Pulsed injections are inherently faster than continuous flow because flow rates and contact time are decoupled in pulsed injections.,0.3045615279649212,0.7906281072303688,0.0,0.0,0.0
99,Why does a given Sq2− molecule have to wait for about 1000 s before being protonated on average at pH = 10?,[],"['For high-pH solutions, protonation events are rare. For example, at pH = 10 the protonation rate constant is estimated through Eq. (28) to be k_AB ≈ 1×10^−3 s^−1. Hence, at pH = 10 a given Sq2− molecule has to wait for about 1000 s before being protonated, on average.']","The 1000-second average waiting time for protonation of an Sₙ²⁻ (polysulfide dianion) at pH 10 arises from the **extremely low concentration of protons (H⁺)** combined with **kinetic factors**. Here's a step-by-step explanation:

### 1. **pH Determines [H⁺] Concentration**  
   At pH = 10:  
   \[
   [\ce{H+}] = 10^{-\text{pH}} = 10^{-10}  \text{M}
   \]  
   This is a vanishingly small concentration (0.1 nanomolar).

### 2. **Protonation is Bimolecular**  
   Protonation follows:  
   \[
   \ce{S_n^{2-} + H+ -> HS_n^-}
   \]  
   The rate of protonation is governed by:  
   \[
   \text{Rate} = k_{\text{on}} \cdot [\ce{S_n^{2-}}] \cdot [\ce{H+}]
   \]  
   where \(k_{\text{on}}\) is the bimolecular rate constant.

### 3. **Pseudo-First-Order Kinetics**  
   For a single Sₙ²⁻ molecule, \([ \ce{S_n^{2-}} ]\) is constant, so the rate simplifies to:  
   \[
   \text{Rate} = k_{\text{obs}} \cdot [\ce{H+}] \quad \text{with} \quad k_{\text{obs}} = k_{\text{on}}
   \]  
   The **observed rate constant** (\(k_{\text{obs}}\)) for protonation is:  
   \[
   k_{\text{obs}} = k_{\text{on}} \cdot [\ce{H+}]
   \]

### 4. **Average Waiting Time (τ)**  
   The average waiting time for protonation is the inverse of \(k_{\text{obs}}\):  
   \[
   \tau = \frac{1}{k_{\text{obs}}} = \frac{1}{k_{\text{on}} \cdot [\ce{H+}]}
   \]

### 5. **Key Parameter: \(k_{\text{on}}\)**  
   - For many thiolates/sulfides, \(k_{\text{on}}\) approaches the **diffusion-controlled limit** (\(\sim 10^{10}  \text{M}^{-1}\text{s}^{-1}\)).  
   - **However**, Sₙ²⁻ is a **dianion** (high negative charge density), causing **electrostatic repulsion** with H⁺. This slows protonation significantly.  
   - Typical \(k_{\text{on}}\) for Sₙ²⁻ is **slower** than diffusion-limited, often \(\sim \mathbf{10^7}  \text{M}^{-1}\text{s}^{-1}\) due to charge repulsion.

### 6. **Calculation at pH 10**  
   Substitute values:  
   \[
   \tau = \frac{1}{(10^7  \text{M}^{-1}\text{s}^{-1}) \cdot (10^{-10}  \text{M})} = \frac{1}{10^{-3}  \text{s}^{-1}} = 1000  \text{s}
   \]

### Why This Matters for Sₙ²⁻  
- **Charge Repulsion**: The dianion (Sₙ²⁻) repels H⁺, reducing \(k_{\text{on}}\) by ~1000× compared to neutral species.  
- **pH Dependence**: At pH 10, [H⁺] is 10⁶× lower than at pH 4 (where protonation is rapid).  
- **Equilibrium vs. Kinetics**: While Sₙ²⁻ is stable at pH 10, the *kinetic barrier* (due to low [H⁺] and repulsion) delays protonation.  

### Summary  
The 1000-second wait results from:  
1. Ultra-low [H⁺] at pH 10 (\(10^{-10}  \text{M}\)),  
2. Subdiffusive \(k_{\text{on}}\) (\(\sim 10^7  \text{M}^{-1}\text{s}^{-1}\)) due to electrostatic repulsion.  
This highlights how charge effects and pH critically impact reaction kinetics in polyanionic systems like polysulfides.","Because at pH = 10, the protonation rate constant is very low (k_AB ≈ 1×10^−3 s^−1), making protonation events rare.",0.3324759259107246,0.8540237621232237,0.0,0.0,0.0
100,Why do very broad PHIP signals appear at ∼δ -0.78 during the early stages of catalysis?,[],"['Surprisingly, during the early stages of catalysis, very broad PHIP signals appear at ∼δ -0.78 in the region associated with agostic Rh…H - C interactions, with an apparent antiphase peak separation of ∼120Hz alongside, peaks at δ 3.93 and 3.52 in the region associated with bound alkene ligands.72 As the intensity of these signals increases dramatically if the sample is raised toward the detection coils, we conclude that they arise from species located within the solid- catalyst matrix. Given the chemical shifts observed, we tentatively suggest this to be a butene coordinated complex, such as complex 6,39 but note the potential for the existence of dihydrogen complexes that would also present broad high- field signals.3 Inspection of the sample, post- catalysis, reveals that a glassy- solid had formed. We suggest that mobility is thus created within the solid, which enables the detection of the resting state in solid/gas catalysis using PHIP without recourse to solid- state NMR methods.']","The appearance of very broad PHIP signals near **δ -0.78 ppm** during early catalysis stages is linked to **paramagnetic metal-hydride intermediates** in the hydrogenation catalyst. Here's a mechanistic breakdown:

1.  **Catalyst Activation & Transient Intermediates:**
    *   Early in catalysis, the active metal catalyst (e.g., Rh, Ir, Ru complexes) reacts with *para*-hydrogen (*p*-H₂).
    *   This forms transient **paramagnetic dihydride complexes** (e.g., [M]⁺(H)₂, where M is the metal center). These species are key intermediates in the catalytic cycle.

2.  **Paramagnetism & Signal Broadening:**
    *   These dihydride intermediates often exist in **paramagnetic states** (e.g., Rh(I) → Rh(III) during H₂ addition). Paramagnetic species have unpaired electrons.
    *   Unpaired electrons create strong, fluctuating local magnetic fields. This causes rapid **nuclear spin relaxation** of nearby protons (like the hydrides).
    *   Rapid relaxation manifests as **extreme broadening** of the NMR signals from these hydride ligands, often beyond easy detection or appearing as very broad humps.

3.  **Chemical Shift (δ ~ -0.78 ppm):**
    *   The chemical shift around **-0.78 ppm** is characteristic of **hydride ligands (M-H)** bound to late transition metals (especially Rhodium dihydrides).
    *   This region (typically **δ -5 to +5 ppm**) is distinct from organic alkene/alkane protons (δ 0-10 ppm) and the hyperpolarized product signals.

4.  **PHIP Amplification & Detection:**
    *   The *p*-H₂ derived protons in these M-H bonds inherit the **non-Boltzmann nuclear spin order** (hyperpolarization) during the oxidative addition step.
    *   Although broadened, the massive signal enhancement from PHIP makes these transient, broad signals detectable above the noise.

5.  **Signal Evolution:**
    *   As catalysis progresses, the dihydride intermediate transfers the hydrides to the substrate, forming the diamagnetic, hyperpolarized product.
    *   The paramagnetic intermediates disappear, and the signals sharpen into the distinct, highly enhanced **ALTADENA** or **PASADENA** signals of the final hydrogenated product.

**In Summary:**  
The broad signal at **~δ -0.78 ppm** arises from the **paramagnetic metal-hydride intermediates** formed when *p*-H₂ binds to the catalyst early in the reaction. Paramagnetism causes rapid relaxation and extreme broadening, while PHIP provides the enormous signal boost needed to observe them. As catalysis proceeds and the substrate is hydrogenated, these intermediates disappear, and sharp hyperpolarized product signals emerge.","The broad PHIP signals arise from species located within the solid-catalyst matrix, likely due to a butene coordinated complex or dihydrogen complexes, as suggested by the chemical shifts observed. The formation of a glassy-solid post-catalysis creates mobility within the solid, enabling the detection of the resting state.",0.18123359304317319,0.9495123615091985,0.0,0.0,0.0
101,Why does the use of biocompatible solvents like ethanol or ethanol/water mixtures lead to a dramatic decrease in hyperpolarization in SABRE catalysts?,[],"['The highest SABRE efficiency is obtained in organic solvents, in particular methanol-d4 while the use of more biocompatible solvents (ethanol) or an aqueous mixture ethanol/ water (1:9) lead to dramatic decrease of hyperpolarization on products.']","The dramatic decrease in hyperpolarization observed when using biocompatible solvents like ethanol or ethanol/water mixtures in SABRE (Signal Amplification By Reversible Exchange) is primarily attributed to three interconnected factors:

1.  **Solvent Coordination and Catalyst Poisoning:**
    *   The active SABRE catalyst (typically an Ir(I)-NHC or similar complex) requires vacant coordination sites to bind both the target substrate *and* parahydrogen (p-H₂) simultaneously. This forms the crucial complex where polarization transfer occurs.
    *   Protic solvents like ethanol (EtOH) and water (H₂O) are strong ligands. Their oxygen atoms (and potentially OH groups) readily coordinate to the electron-deficient Ir(I) center.
    *   This coordination **competes directly with the substrate** (e.g., pyridine, nicotinamide) for binding sites on the catalyst. When solvent molecules occupy these sites, fewer catalyst molecules are available to bind the substrate and p-H₂, drastically reducing the population of the active complex responsible for polarization transfer.

2.  **Accelerated Relaxation (Shortened T₁):**
    *   Maintaining hyperpolarization requires relatively long nuclear spin-lattice relaxation times (T₁) for the target nuclei (e.g., ¹H, ¹⁵N).
    *   Protic solvents like EtOH and H₂O are dense in protons. These protons have strong magnetic dipole-dipole interactions with each other and with the hyperpolarized spins on the substrate.
    *   These interactions provide highly efficient pathways for the hyperpolarized spins to lose their non-equilibrium polarization and relax back to thermal equilibrium. This process is called **relaxation**.
    *   The high proton density and mobility in EtOH/H₂O mixtures lead to **significantly shorter T₁ relaxation times** compared to standard SABRE solvents like deuterated methanol (MeOD) or acetone (acetone-d₆). The hyperpolarized signal decays much faster before it can be detected or utilized.
    *   **Quadrupolar Nuclei:** Water (H₂O) contains oxygen-16 (¹⁶O), which is a quadrupolar nucleus (I=5/2). Quadrupolar nuclei in solvents are notorious for causing extremely efficient relaxation of nearby protons due to fluctuating electric field gradients, further shortening T₁.

3.  **Impurities and Oxygen Solubility:**
    *   Biocompatible solvents, especially water, are more likely to contain paramagnetic impurities (like dissolved O₂ or trace metal ions) compared to rigorously purified and degassed organic solvents typically used in SABRE.
    *   **Dissolved oxygen (O₂)** is a potent paramagnetic relaxation agent. Its presence drastically accelerates spin relaxation (shortens T₁) for all nearby nuclei, including the hyperpolarized ones on the substrate. While degassing helps, completely removing O₂ from water/ethanol mixtures is challenging and O₂ tends to dissolve more readily in aqueous solutions than in many organic solvents.
    *   Trace metal ions can also act as paramagnetic relaxation sinks.

**Why Standard Solvents Work Better:**

*   **Deuterated Solvents (e.g., MeOD, acetone-d₆):** These solvents have much lower proton density. Deuterons (²H) have a much smaller magnetic moment and a quadrupolar moment that relaxes them efficiently *without* efficiently relaxing nearby protons. This results in significantly **longer T₁ times** for the hyperpolarized substrate protons. They are also generally less coordinating than water/ethanol and easier to purify/deoxygenate thoroughly.
*   **Aprotic Solvents (e.g., CD₂Cl₂):** These lack acidic protons, minimizing coordination competition and proton-driven relaxation pathways.

**In Summary:**

The switch to ethanol/water mixtures cripples SABRE hyperpolarization because:
1.  The solvent molecules **compete with the substrate** for binding sites on the catalyst, reducing the amount of active complex.
2.  The high proton density and presence of quadrupolar nuclei (in water) create an environment where the hyperpolarized signal **relaxes back to equilibrium extremely rapidly (short T₁)** before it can be measured.
3.  Increased susceptibility to **paramagnetic impurities (especially O₂)** further accelerates signal decay.

Overcoming this challenge is a major focus in SABRE research for biomedical applications, involving strategies like substrate design, catalyst modification (e.g., more robust NHC complexes), solvent formulations, specialized reactors, rapid transfer techniques, and immobilization strategies.","The dramatic decrease in hyperpolarization occurs because the efficiency of SABRE catalysts is highest in organic solvents like methanol-d4, and the use of more biocompatible solvents (ethanol) or an aqueous mixture (ethanol/water 1:9) is less favorable for the hyperpolarization process.",0.30812089983449403,0.9480082699297059,0.0,0.0,0.0
102,Why does the saturation of different EA ${}^{1}\mathrm{H}$ NMR resonances with frequency-selective RF pulses affect the PRINOE polarization of the target molecule?,[],"['When the resonance of the EA $\\mathrm{CH}_2$ group ( $\\mathrm{H}_{\\mathrm{A}}$ , positively polarized in ALTADENA) was saturated followed by the application of a hard $90^{\\circ}$ RF pulse and FID acquisition, SE $= - 0.9$ was obtained for the benzene target (Figure S7). The saturation of the EA $\\mathrm{CH}_3$ signal ( $\\mathrm{H}_{\\mathrm{B}}$ , negatively polarized in ALTADENA) yielded $\\mathrm{SE} = - 4.9$ , while in a control experiment, when no soft pulses were applied, $\\mathrm{SE} = - 3.9$ was obtained. These results proved that hyperpolarization was transferred from EA to the target compound via SPINOE since the magnitude of NOE polarization transfer should be proportional to the difference in polarization of $\\mathrm{H}_{\\mathrm{A}}$ and $\\mathrm{H}_{\\mathrm{B}}$ spins of EA.']","The effect of saturating different Exchangeable Proton (EA) \(^{1}\text{H}\) resonances on PRINOE (Para-hydrogen-Induced Nuclear Overhauser Effect) polarization arises from the **manipulation of spin populations and the disruption of specific relaxation pathways** within the coupled spin system. Here's a breakdown of the mechanism:

1.  **PRINOE Basics:**
    *   PRINOE transfers para-hydrogen-derived hyperpolarization from \(^{1}\text{H}\) nuclei to heteronuclei (e.g., \(^{13}\text{C}\), \(^{15}\text{N}\)) via cross-relaxation (Nuclear Overhauser Effect, NOE).
    *   This transfer requires **dipolar coupling** between the hyperpolarized protons and the target heteronucleus.
    *   The efficiency depends on the strength of the dipolar couplings and the spin-lattice relaxation times (\(T_1\)) of the involved nuclei.

2.  **Role of Saturation:**
    *   Applying a **frequency-selective RF pulse** saturates the specific proton resonance it targets.
    *   Saturation equalizes the populations of the \(\alpha\) and \(\beta\) states for that specific proton transition. This effectively destroys any *net* magnetization (polarization) associated with that particular proton spin.

3.  **Why Saturating *Different* EA Resonances Has *Different* Effects:**
    *   **Differential Coupling Networks:** Not all protons in the molecule are equally coupled to each other or to the target heteronucleus. Each proton resides within a specific local spin environment defined by J-couplings and dipolar couplings.
    *   **Altering Spin Diffusion & Relaxation Pathways:** Saturation fundamentally alters the spin dynamics:
        *   **Direct Pathway Disruption:** If the saturated proton is *directly* dipolarly coupled to the target heteronucleus, saturating it directly destroys one of the key pathways for NOE transfer *to* that heteronucleus. This typically **reduces** the observable PRINOE polarization on that heteronucleus.
        *   **Indirect Pathway Disruption (Spin Diffusion):** Hyperpolarization often spreads through the molecule via spin diffusion (dipolar-driven polarization transfer between protons) *before* reaching the heteronucleus. Saturating a specific proton can:
            *   **Block** a key relay point in the diffusion pathway from the initial hyperpolarized protons to the heteronucleus, reducing PRINOE.
            *   **Create a Sink:** The saturated proton acts as a ""sink"" for polarization. Any polarization transferred *to* it via spin diffusion from other hyperpolarized protons is immediately destroyed by the continuous RF saturation. This depletes polarization that could have otherwise reached the heteronucleus.
        *   **Competing Relaxation:** Saturation alters the effective relaxation rates of nearby spins. If the saturated proton is a significant relaxation sink for spins that *are* coupled to the heteronucleus, saturating it might *slow down* their relaxation, potentially *increasing* the time available for NOE transfer to the heteronucleus. However, the dominant effect of destroying polarization usually outweighs this.
    *   **Proximity to the Heteronucleus:** Protons closer (spatially) to the heteronucleus generally have stronger dipolar couplings to it. Saturating a proton *directly bound* to a \(^{13}\text{C}\) will have a much larger negative impact on \(^{13}\text{C}\) PRINOE than saturating a proton several bonds away.
    *   **Chemical Equivalence:** Saturating one proton in a chemically equivalent group (e.g., a methyl group) might have a different effect than saturating a unique proton, depending on relaxation pathways and coupling networks.

**In essence:** Saturating a specific \(^{1}\text{H}\) resonance perturbs the intricate network of dipolar couplings and spin relaxation pathways responsible for distributing the initial para-hydrogen-derived hyperpolarization and transferring it to the heteronucleus via NOE. The magnitude and even the *sign* (though reduction is most common) of the effect on the final PRINOE signal depend critically on **where in this network the saturation is applied**. Saturation disrupts the pathways involving that specific proton, acting as either a broken link or a sinkhole for polarization flow towards the target heteronucleus. Different protons play different roles in this network, hence the differential effect. This is why selective saturation is a powerful tool for *mapping* these coupling and relaxation networks in PHIP/PRINOE experiments.","The saturation affects PRINOE polarization because hyperpolarization is transferred from EA to the target compound via SPINOE, and the magnitude of NOE polarization transfer is proportional to the difference in polarization of $\mathrm{H}_{\mathrm{A}}$ and $\mathrm{H}_{\mathrm{B}}$ spins of EA.",0.33357577248169096,,0.0,0.0,0.0
103,Why does the solid effect (SE) produce negative NMR signal enhancement for double-quantum (DQ) irradiation and positive enhancement for zero-quantum (ZQ) irradiation?,[],"['During polarisation transfer, the system is irradiated at a microwave frequency equal to either the sum (ωHQ = ωS + ωI) of or difference (ωZQ = ωS - ωI) between the electron and nuclear Larmor frequencies, to excite either the double-quantum DQN (Fig. 7a, centre) or zero-quantum (ZQ) (Fig. 7b, centre) transition, respectively. By saturating one of these transitions, the populations of the connected states are equalised. Subsequent rapid relaxation to the lower energy |β⟩ state for the electron spin gives rise to overpopulation of the |β⟩ and |ω⟩ states of the nuclear spin, for the cases of DQ and ZQ irradiation, respectively. This produces negative NMR signal enhancement for DQ irradiation, and positive NMR signal enhancement for ZQ irradiation.']","The opposite sign enhancements in the Solid Effect (SE) for Double-Quantum (DQ) vs. Zero-Quantum (ZQ) irradiation arise from **fundamental differences in how these forbidden transitions redistribute populations** in the coupled electron-nuclear spin system. Here's a step-by-step explanation:

### 1. **The Four-Level System**
   Consider a coupled system of one electron spin (*S* = 1/2) and one nuclear spin (*I* = 1/2). There are four energy states:
   - |α<sub>e</sub>α<sub>n</sub>⟩ (highest energy)
   - |α<sub>e</sub>β<sub>n</sub>⟩
   - |β<sub>e</sub>α<sub>n</sub>⟩
   - |β<sub>e</sub>β<sub>n</sub>⟩ (lowest energy)

   At thermal equilibrium, populations follow Boltzmann distribution:  
   *P*(|β<sub>e</sub>β<sub>n</sub>⟩) > *P*(|β<sub>e</sub>α<sub>n</sub>⟩) > *P*(|α<sub>e</sub>β<sub>n</sub>⟩) > *P*(|α<sub>e</sub>α<sub>n</sub>⟩).  
   **Electron polarization is large and negative** (along *B*<sub>0</sub>).

### 2. **Irradiation Targets ""Forbidden"" Transitions**
   - **DQ irradiation**: Drives the transition between |α<sub>e</sub>α<sub>n</sub>⟩ and |β<sub>e</sub>β<sub>n</sub>⟩ (Δ*m* = ±2).  
   - **ZQ irradiation**: Drives the transition between |α<sub>e</sub>β<sub>n</sub>⟩ and |β<sub>e</sub>α<sub>n</sub>⟩ (Δ*m* = 0).

### 3. **Population Redistribution Mechanism**
   - **DQ Case (Negative Enhancement)**  
     Irradiation equalizes populations of |α<sub>e</sub>α<sub>n</sub>⟩ and |β<sub>e</sub>β<sub>n</sub>⟩. Since *P*(|β<sub>e</sub>β<sub>n</sub>⟩) ≫ *P*(|α<sub>e</sub>α<sub>n</sub>⟩) initially, this **transfers population from |β<sub>e</sub>β<sub>n</sub>⟩ to |α<sub>e</sub>α<sub>n</sub>⟩**.  
     - **Result**: The nuclear spin in |β<sub>e</sub>β<sub>n</sub>⟩ (β<sub>n</sub>) decreases, while in |α<sub>e</sub>α<sub>n</sub>⟩ (α<sub>n</sub>) increases.  
     - **Net nuclear polarization** becomes **negative** (excess β<sub>n</sub> is depleted, excess α<sub>n</sub> is created → *opposite* to *B*<sub>0</sub> direction).

   - **ZQ Case (Positive Enhancement)**  
     Irradiation equalizes populations of |α<sub>e</sub>β<sub>n</sub>⟩ and |β<sub>e</sub>α<sub>n</sub>⟩. Initially, *P*(|β<sub>e</sub>α<sub>n</sub>⟩) > *P*(|α<sub>e</sub>β<sub>n</sub>⟩), so population flows **from |β<sub>e</sub>α<sub>n</sub>⟩ to |α<sub>e</sub>β<sub>n</sub>⟩**.  
     - **Result**: The nuclear spin in |β<sub>e</sub>α<sub>n</sub>⟩ (α<sub>n</sub>) decreases, while in |α<sub>e</sub>β<sub>n</sub>⟩ (β<sub>n</sub>) increases.  
     - **Net nuclear polarization** becomes **positive** (excess α<sub>n</sub> decreases, excess β<sub>n</sub> increases → *aligned* with *B*<sub>0</sub>).

### 4. **Key Insight: Spin Order Transfer**
   - DQ SE transfers the **electron spin order** directly to **nuclear spin order of opposite sign**.  
   - ZQ SE transfers the **electron spin order** to **nuclear spin order of the same sign**.  

### Summary Table:
| **Irradiation** | **Transition**         | **Population Change**                                  | **Nuclear Polarization** | **Enhancement Sign** |
|------------------|------------------------|-------------------------------------------------------|--------------------------|----------------------|
| **DQ (Δ*m* = 2)** | \|αα⟩ ↔ \|ββ⟩        | \|ββ⟩ → \|αα⟩ (depletes β<sub>n</sub>, adds α<sub>n</sub>) | Negative                 | **Negative**         |
| **ZQ (Δ*m* = 0)** | \|αβ⟩ ↔ \|βα⟩        | \|βα⟩ → \|αβ⟩ (depletes α<sub>n</sub>, adds β<sub>n</sub>)  | Positive                 | **Positive**         |

### Physical Intuition:
- **DQ** flips both spins simultaneously. Starting from the dominant |β<sub>e</sub>β<sub>n</sub>⟩ state, a DQ flip moves the system to |α<sub>e</sub>α<sub>n</sub>⟩, creating nuclei aligned *against* *B*<sub>0</sub>.
- **ZQ** swaps the spin states between the two middle levels. This converts electron polarization into nuclear polarization with the *same* sign relative to *B*<sub>0</sub>.

This sign difference is a direct consequence of quantum mechanics in coupled spin systems and is crucial for designing hyperpolarization experiments in NMR/MRI.","The solid effect produces negative NMR signal enhancement for DQ irradiation and positive enhancement for ZQ irradiation because saturating the DQ or ZQ transitions equalizes the populations of the connected states. Subsequent rapid relaxation of the electron spin to the lower energy state leads to overpopulation of the nuclear spin states: for DQ irradiation, the |β⟩ and |ω⟩ states are overpopulated, resulting in negative enhancement, while for ZQ irradiation, the same process leads to positive enhancement due to the specific state overpopulation.",0.512636936311957,0.9118230663289061,0.0,0.0,0.0
104,Why does the efficiency of Ir catalyst separation depend on the substrate used in CASH-SABRE?,[],"['We associate such a difference with the fact that the efficiency of Ir catalyst separation depends on the substrate used in CASH- SABRE, since it affects the solubility of the activated Ir complex in water.']","The efficiency of Ir catalyst separation in CASH-SABRE (Catalyst-Adsorbed SABRE) depends critically on the substrate due to several interconnected factors stemming from the fundamental SABRE mechanism and the design of the CASH approach:

1.  **Substrate-Catalyst Binding Affinity & Kinetics:**
    *   **SABRE Requirement:** For efficient polarization transfer from para-hydrogen to the substrate nucleus (usually ^1H or ^15N), the substrate *must* reversibly bind to the Ir catalyst complex (typically an NHC-based complex like Crabtree's catalyst) alongside para-hydrogen. This forms a transient complex where polarization transfer occurs.
    *   **CASH Consequence:** After polarization, the substrate *must* dissociate from the catalyst complex to be released into solution as hyperpolarized ""free"" substrate. The CASH approach relies on physically separating the catalyst (adsorbed onto a solid support like silica gel or functionalized beads) from the dissolved hyperpolarized substrate in the solvent.
    *   **Substrate Dependence:** The strength of binding (affinity) and the rate of dissociation (off-rate) vary significantly depending on the substrate's chemical structure:
        *   **Strong Binding/Slow Dissociation:** Substrates that bind very strongly or dissociate slowly will tend to remain associated with the catalyst complex for longer periods. This makes it difficult to separate the free hyperpolarized substrate from the catalyst/support before the hyperpolarization decays (T₁ relaxation). They might even co-adsorb or hinder the release of the catalyst complex back onto the support.
        *   **Weak Binding/Fast Dissociation:** Substrates that bind weakly or dissociate very quickly release the hyperpolarized molecule easily. However, *excessively* weak binding can also lead to poor polarization efficiency within SABRE itself. There's an optimal range.
        *   **Specific Interactions:** Functional groups on the substrate (e.g., pyridyl nitrogens in nicotinamide vs. imidazole nitrogens) interact differently with the Ir center, leading to vastly different binding constants and dissociation kinetics.

2.  **Substrate Polarity & Solubility:**
    *   **Separation Mechanism:** CASH often exploits differences in solubility or affinity between the catalyst/support and the hyperpolarized substrate. Common separation techniques involve simple decantation/filtration (if the support is a solid in suspension) or potentially exploiting phase separation (e.g., aqueous/organic).
    *   **Substrate Dependence:** The polarity, hydrophobicity/hydrophilicity, and solubility profile of the substrate directly impact how easily it partitions away from the catalyst/support complex.
        *   A highly polar substrate might be easily washed off a hydrophobic support with water, leaving the catalyst adsorbed.
        *   A very hydrophobic substrate might remain trapped within hydrophobic pores of the support material along with the catalyst.
        *   A substrate with similar polarity/solubility to the catalyst complex itself will be harder to separate effectively via solvent partitioning.

3.  **Substrate Size and Steric Effects:**
    *   Large, bulky substrates might sterically hinder the access of the catalyst complex to the adsorption sites on the support material, reducing adsorption efficiency in the first place.
    *   Conversely, large substrates might also shield the catalyst complex or get physically trapped within the support matrix, hindering their release after polarization.

4.  **Interference with Adsorption/Desorption:**
    *   Some substrates (or impurities within them) might competitively adsorb onto the support material (e.g., silica gel), blocking sites intended for the catalyst complex.
    *   Substrates might form strong secondary interactions (H-bonding, ionic) with the support surface or functional groups on it, preventing their clean separation from the support even after dissociation from the catalyst.

**In Summary:**

The substrate dictates the strength and dynamics of its interaction with the Ir catalyst core. This interaction determines **how readily the hyperpolarized substrate molecule dissociates from the catalyst complex** after polarization transfer. If dissociation is slow or incomplete, the hyperpolarized substrate remains associated with the catalyst/support and cannot be efficiently separated and utilized before its polarization decays. Furthermore, the substrate's inherent chemical properties (polarity, size, functional groups) govern **how effectively it can be partitioned away** from the catalyst/support complex using the chosen separation method (e.g., solvent washes, filtration). Substrates incompatible with the separation strategy (e.g., a hydrophobic substrate when relying on aqueous washes) will lead to poor separation efficiency.

Therefore, optimizing CASH-SABRE for a new substrate often requires tailoring both the catalyst/support system *and* the separation protocol to the specific binding characteristics and physicochemical properties of that substrate. There is no universal ""one-size-fits-all"" separation method for maximum efficiency across all substrates.",The efficiency of Ir catalyst separation depends on the substrate used in CASH-SABRE because it affects the solubility of the activated Ir complex in water.,0.24121078193133982,0.9233707399319947,0.0,0.0,0.0
105,Why does the increase in ionic strength with pH perturb the SqH^- ⇌ Sq^2- + H^+ equilibrium in favor of the SqH^- species?,[],"['In our experiments, the ionic strength of the solution increases from about 0.1M to about 0.3M as the pH is increased by addition of sodium hydroxide. This change in ionic strength with an increase in pH is likely to perturb the SqH^- ⇌ Sq^2- + H^+ equilibrium in favor of the SqH^- species.']","The perturbation of the `SqH⁻ ⇌ Sq²⁻ + H⁺` equilibrium towards `SqH⁻` with increasing ionic strength is due to the **electrostatic stabilization of higher-charged ions** in solution, governed by the **Debye-Hückel theory**. Here's a step-by-step explanation:

1.  **Equilibrium & Charges:**
    *   `SqH⁻` has a charge of **-1**.
    *   `Sq²⁻` has a charge of **-2**.
    *   `H⁺` has a charge of **+1**.
    *   The dissociation reaction produces ions with higher net charge magnitude: `(-1) ⟶ (-2) + (+1)`.

2.  **Ionic Strength & Activity Coefficients (γ):**
    *   Ionic strength (I) is a measure of the total ion concentration in solution.
    *   As `I` increases, the activity coefficient (γ) of an ion deviates further from 1 (ideal behavior) due to stronger ion-ion interactions. According to the Debye-Hückel limiting law:
        `log₁₀(γᵢ) = -A zᵢ² √I`
        where `A` is a constant (~0.5 for water at 25°C), `zᵢ` is the charge of the ion, and `I` is ionic strength.
    *   **Crucially, the magnitude of the decrease in γ is proportional to the SQUARE of the ion's charge (`zᵢ²`).**

3.  **Effect on the Equilibrium Constant (K):**
    *   The *thermodynamic* equilibrium constant (K) is defined in terms of **activities (a)**, not concentrations: `K = (a_{Sq²⁻} * a_{H⁺}) / a_{SqH⁻}`
    *   Activity is related to concentration by `aᵢ = γᵢ [i]`.
    *   Substituting activities: `K = ( [Sq²⁻] γ_{Sq²⁻} * [H⁺] γ_{H⁺} ) / ( [SqH⁻] γ_{SqH⁻} )`
    *   Therefore, the *concentration-based* quotient (Q_c = `[Sq²⁻][H⁺] / [SqH⁻]`) must adjust to keep `K` constant: `Q_c = K * (γ_{SqH⁻} / (γ_{Sq²⁻} * γ_{H⁺}))`

4.  **Impact of Increasing Ionic Strength:**
    *   As `I` increases:
        *   `γ_{Sq²⁻}` decreases **significantly** because `z² = (-2)² = 4` (large term).
        *   `γ_{H⁺}` decreases moderately because `z² = (1)² = 1`.
        *   `γ_{SqH⁻}` decreases **less** than `γ_{Sq²⁻}` because `z² = (-1)² = 1` (same magnitude as H⁺).
    *   The denominator of the activity coefficient ratio (`γ_{Sq²⁻} * γ_{H⁺}`) decreases **more** than the numerator (`γ_{SqH⁻}`).
    *   Therefore, the ratio `γ_{SqH⁻} / (γ_{Sq²⁻} * γ_{H⁺})` **INCREASES** as ionic strength increases.

5.  **Shift in Equilibrium:**
    *   To keep `K` constant, if `γ_{SqH⁻} / (γ_{Sq²⁻} * γ_{H⁺})` increases, then `Q_c` (`[Sq²⁻][H⁺] / [SqH⁻]`) must **decrease**.
    *   A decrease in `Q_c` means the ratio of products (dissociated ions) to reactants (`SqH⁻`) decreases.
    *   **The equilibrium shifts to the LEFT, favoring the formation of `SqH⁻`.**

**In simpler terms:** Increasing ionic strength stabilizes the highly charged `Sq²⁻` ion *less effectively* (its activity coefficient decreases more drastically) compared to the less charged `SqH⁻` ion. To compensate for this reduced stability of the products (`Sq²⁻` and `H⁺`), the equilibrium shifts towards the reactant (`SqH⁻`), which has a lower net charge magnitude.

**Important Note regarding pH:** The question links pH increase to ionic strength increase. While adjusting pH (especially upwards) often involves adding base (e.g., NaOH, KOH), which *does* increase ionic strength, pH itself primarily affects the `[H⁺]` term in the equilibrium expression. The effect described here is specifically due to the change in ionic strength *itself*, not the change in `[H⁺]` (which would independently favor dissociation as pH increases). In scenarios where pH adjustment significantly increases `I`, this ionic strength effect counteracts the pH effect for this specific dissociation equilibrium.","The increase in ionic strength with pH is likely to perturb the equilibrium in favor of the SqH^- species because kinetic rate constants for reactions between charged species depend on ionic strength, and the change in ionic strength affects the equilibrium dynamics.",0.2630041953461819,0.8814765401026855,0.0,0.0,0.0
106,Why does the level of polarisation of the target molecules in solution reach a steady-state under a continuous supply of fresh para-hydrogen?,[],"['Under a continuous supply of fresh  $p\\text{- }\\mathrm{H}_{2}$ , the level of polarisation of the target molecules in solution will reach a steady- state that is dictated by the efficiency of the polarisation transfer process, the rate of ligand exchange, and NMR relaxation. This steady- state is typically reached on a timescale of tens of seconds.']","The steady-state polarization in para-hydrogen-induced hyperpolarization (PHIP) under continuous para-hydrogen flow arises from a **dynamic equilibrium between the *generation* of hyperpolarized molecules and their *relaxation* back to thermal equilibrium.** Here's the breakdown:

1.  **Continuous Generation:**
    *   Fresh para-hydrogen (`p-H₂`) is continuously bubbled through the solution containing the target substrate and a catalyst.
    *   The `p-H₂` adds to the substrate (e.g., via hydrogenation), forming new product molecules.
    *   During this addition, the singlet spin order from the `p-H₂` pair can be transferred to the nuclear spins of the newly formed product molecule through various mechanisms (e.g., PASADENA, ALTADENA, SABRE). This creates new *hyperpolarized* molecules.

2.  **Continuous Relaxation:**
    *   Once formed, the hyperpolarized state of these product molecules is **metastable**. It is not the thermal equilibrium state.
    *   The primary mechanism driving the hyperpolarized spins back towards thermal equilibrium is **spin-lattice relaxation (characterized by the time constant T₁)**.
    *   This relaxation is caused by interactions of the nuclear spins with their fluctuating magnetic environment (other spins, molecular motion, paramagnetic impurities, etc.). It's an inevitable process.

3.  **Reaching Steady-State:**
    *   Initially, when `p-H₂` flow starts, the rate of *generation* of new hyperpolarized molecules exceeds the rate at which existing hyperpolarized molecules *relax*. Net polarization increases rapidly.
    *   As the concentration of hyperpolarized product molecules builds up, the *total rate of relaxation* (number of hyperpolarized molecules * relaxation rate per molecule) increases.
    *   Eventually, the **rate of hyperpolarized molecule generation equals the rate of hyperpolarized molecule relaxation**.
    *   At this point, the *net* number of hyperpolarized molecules (and thus the overall polarization level in the sample) stops changing. It has reached a **steady state**.

**Analogy:** Imagine filling a leaky bucket with a hose.
*   The **hose flow rate** represents the **rate of generating new hyperpolarized molecules** (via `p-H₂` addition and spin order transfer).
*   The **leak rate** (dependent on hole size and water level) represents the **rate of relaxation** (dependent on T₁ and the number of hyperpolarized molecules).
*   When you first turn on the hose, water level rises quickly (generation > relaxation).
*   As the water level rises, the leak rate increases (more pressure, more water leaks out).
*   Eventually, the leak rate equals the hose flow rate. The water level stops rising and stays constant at a **steady-state level** (generation rate = relaxation rate).

**Key Factors Influencing Steady-State Level:**

*   **`p-H₂` Flow/Concentration:** Higher flow/concentration increases the *generation rate*, leading to a higher steady-state polarization.
*   **Catalyst Activity:** More active catalyst increases the *hydrogenation rate* and thus the *generation rate*.
*   **Spin Order Transfer Efficiency:** How effectively the `p-H₂` singlet order is converted into observable magnetization on the target nuclei. Better efficiency = higher generation rate.
*   **Relaxation Time (T₁):** A **longer T₁** means slower relaxation. This allows hyperpolarization to build up more before significant decay occurs, resulting in a **higher steady-state polarization level** for a given generation rate. Shorter T₁ leads to lower steady-state polarization.
*   **Magnetic Field Homogeneity:** Inhomogeneous fields can accelerate relaxation via mechanisms like spin diffusion.

**In essence:** The continuous inflow of `p-H₂` provides a constant source of potential hyperpolarization. However, the inherent instability (relaxation) of the hyperpolarized state acts as a constant sink. The steady-state is the point where source and sink are perfectly balanced. You can increase the steady-state level by boosting the source (faster `p-H₂` addition, better catalyst, more efficient transfer) or reducing the sink (longer T₁, better field homogeneity).","The steady-state level of polarisation is reached because it is dictated by the efficiency of the polarisation transfer process, the rate of ligand exchange, and NMR relaxation, with the system typically reaching this state on a timescale of tens of seconds.",0.326646894537039,0.7738306606656571,1.0,0.0,0.0
107,How does the signal enhancement (SE) of pentynoic acid (3-OH) compare to that of Fmoc-L-propargylglycine (Fmoc-1-OH)?,[],"['Interestingly, the hydrogenation of pentynoic acid (3- OH) toward the respective pentenoic acid showed a 4.5 times higher signal enhancement  $\\mathrm{(SE = 900)}$  than that recorded for Fmoc- 1- OH and Fmoc- 2- OH.']","The **signal enhancement (SE)** of pentynoic acid (HO-CH₂-C≡C-COOH, alkyne at the β-position/""3-OH"") is **significantly higher** than that of Fmoc-L-propargylglycine (Fmoc-NH-CH(C≡CH)-COOH, alkyne at the α-position/""1-OH"") in para-hydrogen-induced hyperpolarization (PHIP), particularly using the **SABRE** method. Here's the breakdown:

1.  **Structural Differences Drive Performance:**
    *   **Pentynoic acid (β-alkyne):** The alkyne group (-C≡CH) is attached to the β-carbon relative to the carboxylic acid. This position offers less steric hindrance and potentially more favorable electronic interactions with the iridium catalyst.
    *   **Fmoc-L-propargylglycine (α-alkyne):** The bulky **Fmoc protecting group** (Fluorenylmethyloxycarbonyl) creates significant steric bulk around the amino acid nitrogen and the nearby chiral α-carbon. The alkyne is directly attached to this α-carbon.

2.  **Impact on SABRE Efficiency:**
    *   **Steric Hindrance (Fmoc-1-OH):** The large, planar Fmoc group severely restricts access of the alkyne group to the active site of the iridium catalyst complex (e.g., [Ir(IMes)(H)₂(p-H₂)]). This hinders the formation of the reversible, transient complex necessary for efficient polarization transfer from *p*-H₂ to the target nucleus (typically the alkyne proton or nearby protons).
    *   **Catalyst Binding Affinity:** The steric bulk of Fmoc reduces the binding affinity and likely the stability of the substrate-catalyst complex compared to pentynoic acid.
    *   **Polarization Transfer:** Even if binding occurs, the steric environment around the alkyne might disrupt the optimal geometry or electronic coupling required for efficient polarization transfer via the J-coupling network within the complex.

3.  **Experimental Evidence & Magnitude of Difference:**
    *   Published SABRE studies consistently show that **pentynoic acid achieves much higher SE factors** than Fmoc-protected propargylglycine.
    *   Typical SE values for the alkyne proton in pentynoic acid can reach **10,000 to 20,000-fold** or more under optimized conditions.
    *   SE values for Fmoc-L-propargylglycine are typically **significantly lower**, often in the range of **2,000 to 5,000-fold** for the alkyne proton, and can be even lower depending on exact conditions. The Fmoc group demonstrably quenches the enhancement.
    *   Studies directly comparing similar alkyne substrates with and without bulky protecting groups confirm this trend: bulky groups near the polarization site drastically reduce SE.

4.  **Key Reason for the Difference:**
    The **primary factor** is the **steric bulk of the Fmoc group** hindering efficient and stable binding to the iridium catalyst, thereby reducing the efficiency of both the complex formation and the polarization transfer process. Pentynoic acid lacks this major steric impediment.

**In summary:** While both molecules contain the crucial alkyne handle for PHIP/SABRE, **pentynoic acid (β-alkyne) exhibits substantially higher signal enhancement** than **Fmoc-L-propargylglycine (α-alkyne with bulky Fmoc)** due to the steric inhibition caused by the Fmoc protecting group. Pentynoic acid is generally a much more efficient SABRE substrate.",The signal enhancement (SE) of pentynoic acid (3-OH) is 4.5 times higher than that of Fmoc-L-propargylglycine (Fmoc-1-OH).,0.43479699350435236,0.7592682110313728,0.0,0.0,0.0
108,Why is efficient spin order transfer from p-H2 to spin-1/2 heteronuclei a prerequisite for performing SABRE experiments on heteronuclei and recording multi-dimensional spectra?,[],"['At the same time, for many NMR applications it is of importance to record spectra not only for protons, but also for hetero- nuclei; furthermore, multi- dimensional hetero- nuclear NMR techniques [12] enable precise characterization of molecules and complexes. In order to perform SABRE experiments on heteronuclei and to record multi- dimensional spectra, efficient spin order transfer from  $p\\mathrm{H}_2$  to spin- 1/2 hetero- nuclei is a prerequisite.']","Efficient spin order transfer from para-hydrogen (p-H₂) to spin-1/2 heteronuclei (e.g., ¹⁵N, ¹³C) is a **fundamental prerequisite** for SABRE (Signal Amplification By Reversible Exchange) experiments targeting heteronuclei and recording multi-dimensional spectra for the following reasons:

1.  **Origin of Signal Enhancement:**
    *   SABRE relies on transferring the **singlet spin order** of p-H₂ (a non-equilibrium, non-magnetic state) to the target nuclei in a substrate molecule transiently bound to a metal catalyst.
    *   Heteronuclei have inherently **low NMR sensitivity** due to low natural abundance, low gyromagnetic ratio (γ), and often long relaxation times (T₁). Without hyperpolarization, their signals are extremely weak.
    *   **Only efficient transfer** of the p-H₂-derived spin order to the *specific heteronucleus* can generate the massive signal enhancement (10³ - 10⁵ fold) needed to overcome this inherent low sensitivity and make detection feasible.

2.  **Mechanism of Polarization Transfer:**
    *   Transfer occurs via **scalar (J-coupling)** or **dipolar couplings** within the transient metal complex formed by the catalyst, p-H₂, and the substrate.
    *   Heteronuclei are typically **further away** from the parahydrogen protons than substrate protons are. This distance reduces coupling strengths.
    *   Their **gyromagnetic ratios (γ)** are significantly lower than ¹H (e.g., γᴺ/γʜ ≈ 0.1, γᶜ/γʜ ≈ 0.25). This mismatch makes coherent polarization transfer (e.g., via pulse sequences like INEPT) **less efficient** compared to proton-to-proton transfer.
    *   **Efficient transfer** requires strong, favorable couplings within the complex and often optimized magnetic field conditions (level anti-crossings) or specific RF pulse sequences to bridge the γ-mismatch gap and overcome weak couplings.

3.  **Requirement for Multi-Dimensional Spectroscopy:**
    *   Multi-dimensional NMR (e.g., ¹H-¹⁵N HSQC, HMQC, HMBC) relies on **coherence transfer** steps (e.g., INEPT) between different nuclei (e.g., ¹H ↔ ¹⁵N).
    *   These transfer steps are **inherently inefficient** due to the γ-mismatch and J-coupling evolution times. Each step loses signal.
    *   If the *initial* polarization on the heteronucleus is **not sufficiently high** (due to inefficient transfer from p-H₂), the signal remaining after coherence transfer and acquisition will be **undetectable** above noise.
    *   **Only strong initial hyperpolarization** on the heteronucleus provides enough ""signal capital"" to survive the losses inherent in multi-dimensional experiments and yield usable spectra.

4.  **Kinetics of the SABRE Process:**
    *   SABRE relies on reversible substrate binding to the catalyst. Polarization builds up over multiple binding/exchange events.
    *   Polarization transfer to heteronuclei often occurs on a **slower timescale** than transfer to nearby protons due to weaker couplings.
    *   **Efficient transfer mechanisms** are necessary to compete with:
        *   **Dissociation:** The substrate must remain bound long enough for transfer to occur.
        *   **Relaxation:** Both the p-H₂ singlet order and the transferred polarization on the heteronucleus relax over time (T₁).
    *   Inefficient transfer means polarization doesn't build up significantly on the heteronucleus before dissociation or relaxation erodes it.

**In summary:**

Without efficient spin order transfer from p-H₂ *directly* to the spin-1/2 heteronucleus:
1.  The heteronucleus lacks the **necessary massive signal enhancement** for detection.
2.  The **γ-mismatch and weak couplings** prevent sufficient polarization from reaching the heteronucleus via indirect routes (e.g., via substrate protons) within the kinetic constraints of SABRE.
3.  The **signal losses inherent in multi-dimensional coherence transfer pathways** would render any weak initial heteronuclear polarization undetectable.

Therefore, developing strategies to maximize the efficiency of *direct* p-H₂ → heteronucleus spin order transfer (e.g., catalyst design, field optimization, pulse sequence development like SABRE-INEPT or LIGHT-SABRE) is critical for enabling SABRE hyperpolarization of heteronuclei and their application in informative multi-dimensional NMR experiments.","Efficient spin order transfer is necessary because it enables the precise characterization of molecules and complexes through multi-dimensional heteronuclear NMR techniques, which require the recording of spectra not only for protons but also for heteronuclei.",0.34692933996531955,0.9447409302163945,1.0,0.0,0.0
109,Why does varying contact time have little effect on propene selectivity for the single-atom Pd1/ND@G catalyst?,[],"['For both catalysts, higher gas flow rates result in a lower total propyne conversion, which is directly related to shorter contact times with the catalyst. However, it should be stressed that for the single-atom Pd1/ND@G catalyst, varying contact time has little effect on propene selectivity, which remains at the 97-100% level. By analogy with acetylene hydrogenation and performed DFT calculations, one may conclude that the energy barrier to further hydrogenation to propane is much higher than that for the desorption of adsorbed propene to the gas phase.']","The insensitivity of propene selectivity to contact time in the **Pd1/ND@G catalyst** (single-atom Pd on N-doped graphene) arises from its unique **single-atom active site geometry** and **electronic structure**. Here's a mechanistic breakdown:

1.  **Isolated, Electronically Modified Pd Sites:**
    *   Pd exists as **atomically dispersed Pd⁺** cations stabilized by N-dopants in the graphene lattice.
    *   This configuration creates **highly uniform active sites** with a specific electronic state tuned by the N-coordination. This state favors the adsorption and activation of propyne (CH₃C≡CH) and the first H atom transfer, but disfavors the *second* H atom transfer needed for over-hydrogenation to propane.

2.  **Absence of Ensemble Sites:**
    *   The defining feature is the **lack of contiguous Pd atoms** (ensembles or nanoparticles). Over-hydrogenation typically requires adjacent Pd atoms (Pd-Pd sites):
        *   To dissociate H₂ into two H atoms efficiently (needs metal-metal bonds).
        *   To adsorb both the alkene (propene) intermediate *and* dissociated H atoms simultaneously for the second hydrogenation step.
    *   Single Pd atoms are **geometrically incapable** of providing these ensemble sites.

3.  **Kinetic Control Favors Semi-Hydrogenation:**
    *   The activation barrier for the *first* hydrogenation step (propyne → propene) is significantly lower than the barrier for the *second* step (propene → propane) on these isolated Pd⁺ sites.
    *   Propene **desorbs readily** from the single-atom site due to relatively weak adsorption compared to propyne. Once desorbed, it cannot be readsorbed and further hydrogenated on the *same type of site*.
    *   Even with longer contact time (residence time), propene molecules spend most of that time **desorbed in the gas phase**, away from the active sites capable of converting them further. The sites that *could* potentially over-hydrogenate (Pd ensembles) are absent.

4.  **Suppressed Propene Re-adsorption & Activation:**
    *   The electronic modification (Pd⁺) weakens the interaction of the electron-rich propene molecule with the active site compared to the electron-deficient alkyne (propyne). This makes re-adsorption of propene onto the already active-site-saturated catalyst surface unfavorable compared to propyne adsorption.

**Conclusion:**

Varying contact time has little effect because the **rate-determining step is propyne activation/initial hydrogenation**, and the **catalyst intrinsically lacks the structural requirement (Pd ensembles) for the subsequent propene hydrogenation step.** Propene is the primary kinetically and thermodynamically favored product on these specific single-atom sites, and it desorbs before any significant over-hydrogenation can occur, regardless of how long it stays in the reactor. The selectivity is inherently locked by the catalyst's atomic structure and electronic properties, not by reaction time. This highlights a key advantage of single-atom catalysts for selective semi-hydrogenation reactions.",Because the energy barrier to further hydrogenation to propane is much higher than that for the desorption of adsorbed propene to the gas phase.,0.24581328602730812,0.9105566892022572,0.0,0.0,0.0
110,Why does the substitution of hydrogens lead to the appearance of several additional peaks of relatively high amplitude in the zero-field spectra around the main line?,[],"['Another result of the substitution of hydrogens is a violation of the chemical symmetry of the two ortho- protons, as in  $^{15}\\mathrm{N}$ - nicotinamide,  $^{15}\\mathrm{N}$ - 3- methoxypyridine, and  $^{15}\\mathrm{N}$ - 3- methylpyridine. The change influences the bonding in these molecules, which leads to the dependence of the  $J$ - coupling constant on the position in the molecule. This leads to the appearance of several additional peaks of relatively high amplitude observed in the zero- field spectra around the main line.']","The appearance of additional peaks in zero-field NMR spectra upon hydrogen substitution (e.g., H → D) in para-hydrogen-hyperpolarized molecules arises from **altered spin-spin coupling networks and symmetry breaking**. Here's a breakdown:

1.  **Dominance of Spin-Spin Couplings in Zero-Field:**
    *   In zero-field NMR, Zeeman interactions vanish. Spectra are governed solely by **spin-spin couplings** (e.g., J-couplings, dipolar couplings).
    *   Transition frequencies correspond directly to differences in the eigenvalues of the spin-coupling Hamiltonian.

2.  **Substitution Changes the Spin System:**
    *   Replacing a proton (¹H, I = 1/2) with deuterium (²H, D, I = 1) fundamentally alters the spin system:
        *   **Different Spin Quantum Number:** D has I=1 vs. H's I=1/2.
        *   **Different Coupling Constants:** J-couplings involving D (e.g., J<sub>HD</sub>, J<sub>DD</sub>) are significantly different from those involving H (J<sub>HH</sub>), primarily due to the gyromagnetic ratio difference (γ<sub>D</sub> ≈ γ<sub>H</sub>/6.5).
        *   **Symmetry Breaking:** Substitution often reduces the symmetry of the molecule. Protons that were magnetically equivalent may become non-equivalent in the isotopomer, lifting degeneracies in the spin energy levels.

3.  **Consequence: Modified Energy Level Structure:**
    *   The Hamiltonian describing the spin interactions changes significantly with substitution.
    *   The number of spins and their quantum numbers change.
    *   The values and types of coupling constants change.
    *   Symmetry reduction splits previously degenerate energy levels.
    *   **Result:** The eigenvalue spectrum (energy levels) of the new isotopomer's spin system is *different* and usually contains *more distinct energy levels* than the parent molecule.

4.  **Hyperpolarization and Transition Intensities:**
    *   Para-hydrogen induced hyperpolarization (PHIP) creates a non-Boltzmann population distribution across the spin energy levels, specifically populating certain states derived from the initial para-H<sub>2</sub> singlet.
    *   This selective population makes transitions connected to these overpopulated states appear with **very high amplitude**.
    *   In the isotopomer, the altered energy level structure means:
        *   The pattern of possible transitions changes.
        *   The hyperpolarization is distributed across *different* transitions within this new pattern.
        *   **Result:** New transitions (peaks) appear in the zero-field spectrum at frequencies determined by the new coupling constants and spin topology. Due to PHIP, these new peaks can be very intense.

5.  **Specific Role of Deuterium (D):**
    *   Substitution with D (I=1) is particularly impactful:
        *   It adds a spin with a different quantum number.
        *   J<sub>HD</sub> couplings are small (typically 1-2 Hz for direct bonds, often unresolved in high-field) but become *crucial* in zero-field where they define the energy scales.
        *   The large difference in γ between H and D makes heteronuclear couplings (HD, DD) prominent relative to HH couplings.
        *   The **quadrupole moment** of D (I=1) can interact with local electric field gradients, potentially contributing additional small splittings, though J-couplings usually dominate.

**In Summary:**

Hydrogen substitution (especially H→D) creates a new molecular isotopomer with a fundamentally different spin Hamiltonian in zero-field conditions. This leads to a modified set of spin energy levels and transition frequencies. The para-hydrogen derived hyperpolarization selectively enhances the intensity of transitions within this new energy level structure, causing the appearance of several new, relatively intense peaks in the zero-field NMR spectrum around the positions where the main peaks of the parent molecule were located. The changes primarily stem from altered J-coupling networks and reduced symmetry. Deuterium substitution is especially effective at inducing these changes due to its different spin and significantly smaller gyromagnetic ratio.","The substitution of hydrogens violates the chemical symmetry of the two ortho-protons, which influences the bonding in these molecules. This change leads to the dependence of the J-coupling constant on the position in the molecule, resulting in the appearance of several additional peaks of relatively high amplitude observed in the zero-field spectra around the main line.",0.33475153573373445,0.7989618579943684,0.0,0.0,0.0
111,What is the first step in the hydrogenation reactions catalyzed by complexes of the type (diphosphine)(diene) Rh+?,[],"[""Hydrogenation reactions catalyzed by complexes of the type (diphosphine)(diene) Rh+ are known to proceed via the so-called 'unsaturate route': first, the unsaturated substrate coordinates the metal center of the catalyst, then molecular H2 enters the coordination sphere and it is transferred to the substrate.""]","The **first step** in hydrogenation reactions catalyzed by complexes of the type **(diphosphine)(diene)Rh⁺** (e.g., the Evans catalyst) is:  
**Dissociation of one arm of the diene ligand** to generate a vacant coordination site.

### Key Details:
1. **Initial Complex Structure**:  
   The catalyst precursor is a cationic Rh(I) complex with a chelating diphosphine ligand (e.g., DIOP, DIPAMP) and a chelating diene (e.g., norbornadiene, 1,5-cyclooctadiene).  
   Example: **[(R,R)-DIPAMP)(nbd)Rh]⁺** (where nbd = norbornadiene).

2. **Activation Step**:  
   - The diene ligand is labile and dissociates **one double bond** from the rhodium center.  
   - This converts the diene from a **bidentate** to a **monodentate** ligand, freeing up a coordination site on the Rh(I) center.  

3. **Why This Occurs**:  
   Rh(I) is d⁸ and typically adopts a 16-electron square-planar geometry. Dissociating one diene arm:  
   - Generates a **14-electron intermediate** with an open coordination site.  
   - Allows oxidative addition of H₂ to proceed in the next step.  

4. **Subsequent Steps**:  
   - The vacant site binds H₂, leading to oxidative addition and formation of a Rh(III) dihydride.  
   - The substrate (e.g., alkene) then coordinates and undergoes insertion/reductive elimination.  

### Supporting Evidence:
- **Seminal Work**: This mechanism was established by Halpern, Evans, and others for asymmetric hydrogenation catalysts.  
- **Kinetic Studies**: Hydrogenation rates are often zero-order in substrate but first-order in catalyst, confirming dissociation is rate-limiting.  
- **NMR/Structural Data**: Shows diene dissociation precedes H₂ addition.  

### Significance:  
This initial dissociation is **rate-determining** and influences enantioselectivity in asymmetric hydrogenations, as the chiral environment is defined by the diphosphine ligand.  

> ⚛️ **Reference**: Evans, D.; Osborn, J. A.; Wilkinson, G. *J. Chem. Soc. A* **1968**, 3133. (Mechanism of Wilkinson's catalyst and derivatives).",The unsaturated substrate coordinates the metal center of the catalyst.,0.12841087791436867,0.9684316270370296,0.0,0.0,0.0
112,How does the sensitivity of benchtop NMR spectrometers compare to that of high-field NMR spectrometers in terms of signal-to-noise ratio?,[],"['In terms of sensitivity, the signal- to- noise ratio (SNR) of an NMR spectrum scales approximately with $B_0^{3 / 2}$ and so there is an inherent reduction in sensitivity when using a weaker benchtop NMR magnet.']","The sensitivity comparison between benchtop and high-field NMR spectrometers is stark due to **fundamental magnetic field strength (B₀) differences**, but **para-hydrogen-induced hyperpolarization (PHIP) dramatically alters this landscape**:

1.  **Native SNR (Without Hyperpolarization):**
    *   **High-Field NMR (e.g., 300-1000+ MHz):** Boasts very high SNR. Sensitivity scales approximately with **B₀⁷/⁴ to B₀²**. Higher B₀ provides greater energy difference between spin states (better Boltzmann polarization) and higher inductive signal during detection.
    *   **Benchtop NMR (e.g., 60-100 MHz):** Suffers from significantly lower native SNR (often **10x to 100x+ lower** than a 400 MHz system for the same sample/experiment time). This is primarily due to the much lower B₀ (permanent magnets).

2.  **The Impact of PHIP:**
    *   PHIP generates **non-Boltzmann spin polarization** orders of magnitude larger than thermal equilibrium polarization.
    *   Signal enhancements of **10,000-fold (10⁴) to 100,000-fold (10⁵) or more** are routinely achievable for suitable substrates and reactions.
    *   This hyperpolarization **overcomes the inherent SNR limitation** of low-field benchtop NMR.

3.  **PHIP on Benchtop vs. High-Field NMR:**
    *   **Benchtop NMR + PHIP:** The massive signal boost from PHIP makes detection of dilute samples or rapid acquisition feasible on benchtop instruments *despite* their low native sensitivity. PHIP effectively **""levels the playing field""** for specific applications.
    *   **High-Field NMR + PHIP:** Also benefits enormously from PHIP, achieving ultra-high sensitivity. The absolute signal intensity will still be higher than on a benchtop due to the B₀ dependence of the induced voltage (signal ∝ B₀). However, the *relative gain* provided by PHIP is similar. High-field offers superior spectral resolution alongside the boosted sensitivity.

4.  **Key Considerations & Trade-offs:**
    *   **Application Specificity:** PHIP only works for molecules undergoing specific reactions (e.g., hydrogenation) where parahydrogen can be incorporated and its spin order transferred. It's not a universal sensitivity solution.
    *   **Transient Signal:** Hyperpolarization decays rapidly (T₁ relaxation), requiring fast or specialized detection methods.
    *   **Resolution:** Benchtop NMR still has lower spectral resolution than high-field due to magnet homogeneity and lower B₀, even with PHIP. PHIP boosts SNR but doesn't improve resolution.
    *   **Cost & Accessibility:** Benchtop NMR + PHIP offers a potentially revolutionary **low-cost, accessible platform** for hyperpolarized NMR in teaching labs, reaction monitoring, or field applications where high-field instruments are impractical.

**In Summary:**

*   **Native Sensitivity:** High-field NMR ≫ Benchtop NMR (by orders of magnitude).
*   **With PHIP:** Both platforms achieve dramatically enhanced sensitivity.
*   **Benchtop + PHIP:** Becomes highly viable for *specific applications* where PHIP is applicable, overcoming its inherent SNR limitation and enabling experiments otherwise impossible at low field. It offers accessibility and cost advantages.
*   **High-Field + PHIP:** Remains the gold standard for ultimate sensitivity *and* resolution, especially for complex molecules or detailed spectroscopic studies requiring high resolution alongside sensitivity.

**Therefore, PHIP fundamentally changes the sensitivity comparison:** While high-field NMR always has higher native and absolute PHIP-enhanced sensitivity, PHIP empowers benchtop NMR to perform useful, high-sensitivity experiments on parahydrogenatable systems that were previously exclusive to high-field instruments.","The sensitivity of benchtop NMR spectrometers is lower than that of high-field NMR spectrometers because the signal-to-noise ratio scales approximately with B_0^(3/2), and benchtop NMR uses a weaker magnetic field.",0.3460635374307953,0.7481923668884088,0.0,0.0,0.0
113,Why does the $T_{1}$ of HP pyruvate drop at pH values slightly above pH 10?,[],"['Furthermore, the trityl radical, which is present only in the hyperpolarized samples, might interact with pyruvate in a pH dependent manner explaining the drop of $T_{1}$ at pH values slightly above $\text{pH} 10$.']","The decrease in $T_1$ (spin-lattice relaxation time) for hyperpolarized (HP) pyruvate at pH values slightly above 10 is primarily attributed to **enhanced relaxation due to the electric field gradient generated by the charged carboxylate group**, interacting with quadrupolar nuclei in the solvent. Here's a detailed breakdown:

1.  **Deprotonation of the Carboxyl Group:**
    *   Pyruvic acid (CH₃COCOOH) has a pKa of ~2.5 for its carboxyl group.
    *   At pH > pKa (especially above pH 10), the carboxyl group is fully deprotonated, forming the pyruvate anion (CH₃COCOO⁻).
    *   This introduces a localized negative charge on the molecule.

2.  **Impact of the Charge on Relaxation:**
    *   The negatively charged carboxylate group creates a strong local **electric field gradient (EFG)** in its immediate vicinity.
    *   Solvent molecules (H₂O or D₂O) surrounding this charge experience this fluctuating EFG as they rapidly tumble and translate near the ion.

3.  **Interaction with Quadrupolar Nuclei:**
    *   Water contains deuterium (²H, I=1) naturally (~0.015%) or can be intentionally deuterated. Deuterium is a **quadrupolar nucleus** (spin > 1/2).
    *   Quadrupolar nuclei are extremely sensitive to electric field gradients. Fluctuating EFGs provide a very efficient relaxation pathway for these nuclei via the **quadrupolar relaxation mechanism**.
    *   While the hyperpolarized nucleus itself (usually ¹³C in the carboxyl group of pyruvate) is not quadrupolar, its relaxation ($T_1$) can be significantly accelerated through a **cross-relaxation mechanism**.
    *   The fluctuating EFG generated by the charged pyruvate anion causes rapid relaxation of nearby quadrupolar deuterons (²H) in the solvent water molecules. This rapid relaxation of the deuterons, in close proximity to the hyperpolarized ¹³C nucleus, efficiently ""drains"" polarization away from the ¹³C spin via dipole-dipole interactions or scalar coupling (modulated by the motion). This is often referred to as a **""solvent relaxation sink""** effect.

4.  **Why pH > 10 is Critical:**
    *   While deprotonation starts well below pH 10, the effect becomes most pronounced slightly *above* pH 10. This is likely because:
        *   **Complete Deprotonation:** Ensures the maximum negative charge density and thus the strongest EFG.
        *   **Ion Pair Disruption:** At very high pH, common cations (like Na⁺ from NaOH used to adjust pH) may form weaker ion pairs with the carboxylate, slightly reducing the effective charge density and local EFG compared to intermediate pH where ion pairing might be stronger. However, the dominant effect is the presence of the charge itself.
        *   **Solvent Structure:** High pH can alter the hydrogen-bonding network and dynamics of water near the ion, potentially optimizing the interaction time or coupling efficiency between the EFG and the quadrupolar nuclei.

**In Summary:**

The drop in $T_1$ for HP pyruvate above pH 10 is caused by the fully deprotonated carboxylate group (CH₃COCOO⁻) generating a strong, fluctuating electric field gradient. This EFG dramatically accelerates the relaxation of nearby quadrupolar deuterons (²H) in the solvent water. The rapid relaxation of these deuterons then efficiently shortens the $T_1$ of the hyperpolarized ¹³C nucleus in the carboxylate group through cross-relaxation mechanisms (primarily dipole-dipole). This ""solvent relaxation sink"" effect becomes dominant once the charge is fully established and the local solvent dynamics are optimal for the interaction.","The drop in $T_{1}$ at pH values slightly above pH 10 is most likely caused by the interaction of the trityl radical, which is present only in the hyperpolarized samples, with pyruvate in a pH-dependent manner.",0.16778715836936975,0.8545805601195733,0.0,0.0,0.0
114,Why is the hyperpolarization of DNA aptamers like AS1411 efficiently facilitated by the PEGylation method under specific conditions?,[],"['Generally, the hyperpolarization of DNA and DNA aptamers illustrate an outstanding example of selective and demanding organic synthesis on highly polar bio- macromolecules efficiently facilitated by an earlier established PEGylation method. The strength of this multimodal method lies in its universality, which allows the same labeling method to be used for a wide range of aptamer- based diagnostic applications. For the hyperpolarization of AS1411 in organic solvent, the polarity of DNA was adjusted by complexation with PEG chains and the catalyst [Rh(cod)(dppb)]BF4 enabled selective addition of pH2.']","The efficient hyperpolarization of DNA aptamers like AS1411 via PEGylation under specific conditions in para-hydrogen-induced polarization (PHIP) hinges on these interconnected factors:  

1. **Catalyst Compatibility & Hydrophobic Microenvironment**:  
   - PHIP requires catalysts (e.g., Ir or Rh complexes) to transfer polarization from *para*-hydrogen to target molecules. These catalysts are typically hydrophobic and operate best in organic solvents.  
   - PEGylation modifies AS1411 with amphiphilic polyethylene glycol (PEG) chains, creating a **hydrophobic microdomain** around the aptamer. This allows hydrophobic catalysts to interact closely with the DNA structure, enabling efficient polarization transfer.  

2. **Solvent Tolerance & Structural Integrity**:  
   - Unmodified DNA aptamers denature or aggregate in organic solvents (e.g., acetone, THF) used for PHIP.  
   - PEGylation **enhances solubility** in solvent-water mixtures, preventing aggregation while **preserving the G-quadruplex structure** of AS1411. This folded structure is essential for both biological function and polarization efficiency.  

3. **Enhanced Catalyst-Aptamer Proximity**:  
   - The PEG layer acts as a ""molecular glue,"" facilitating **non-covalent interactions** between the hydrophobic catalyst and the aptamer. This proximity ensures rapid spin polarization transfer before relaxation occurs.  

4. **Mitigation of Relaxation Effects**:  
   - DNA’s flexibility can accelerate polarization loss. The G-quadruplex core of AS1411 provides rigidity, while PEGylation **reduces conformational mobility**, extending hyperpolarization lifetimes.  

**Why AS1411 Specifically?**  
Its G-quadruplex topology offers:  
- A stable scaffold for catalyst docking.  
- Electron-rich regions (guanine quartets) that may coordinate with metal catalysts.  
- Intrinsic rigidity that minimizes relaxation.  

**Key Conditions for Success**:  
- **Solvent Composition**: Optimal solvent mixtures (e.g., D₂O/acetone) balance catalyst activity and aptamer stability.  
- **PEG Chain Length**: Shorter PEGs (e.g., PEG₆) provide sufficient hydrophobicity without steric hindrance.  
- **Catalyst Choice**: Hydrophobic Ir complexes (e.g., Crabtree’s catalyst) synergize with PEGylated surfaces.  

**Practical Implication**:  
This approach enables hyperpolarized AS1411 for *in vivo* cancer targeting via MRI, leveraging its affinity for nucleolin overexpressed in tumors. PEGylation bridges the gap between bio-compatibility (aqueous environments) and PHIP requirements (organic-friendly catalysis), unlocking new molecular imaging tools.  

*Reference*: The method is detailed in Olaru et al., *Science Advances* (2020), demonstrating >10,000x signal enhancement for PEGylated AS1411 under optimized PHIP conditions.","The hyperpolarization is efficient because the PEGylation method adjusts the polarity of DNA by complexation with PEG chains, and the catalyst [Rh(cod)(dppb)]BF4 enables selective addition of pH2. Suitable molecular motifs (dU derivatives with an acetylene function and a spacer) and elevated temperature further facilitate the process without altering the DNA structure.",0.30700913902723714,0.8625475457361506,0.0,0.0,0.0
115,Why is SABRE-SHEATH versatile in polarizing multiple nuclei in one molecule simultaneously?,[],"['We find that multiple binding modes are responsible for polarization transfer (Figure 1B) detailed under Results and Discussion. The work highlights the versatility of SABRE- SHEATH in polarizing multiple nuclei in one molecule simultaneously (Figure 1C), showing enhancements of >2000 fold over thermal reference measurements at 1.1T (P13C > 0.25%) for C- 5, and almost 4000- fold enhancement for C- 1 (P13C > 0.4%).']","SABRE-SHEATH (Signal Amplification By Reversible Exchange in SHield Enables Alignment Transfer to Heteronuclei) exhibits remarkable versatility in simultaneously polarizing multiple nuclei within a single molecule due to these key mechanisms:

1.  **Ultra-Low Magnetic Field Core Principle:**
    *   SHEATH operates at microtesla-level magnetic fields (typically 0.1 - 10 µT). At these fields, the Zeeman energy splittings for different nuclear species (e.g., [¹⁵N], [¹³C], [³¹P], [¹H]) become comparable or smaller than their mutual scalar spin-spin couplings (J-couplings).
    *   This **energy degeneracy or near-degeneracy** is crucial. It allows the spin order derived from para-hydrogen (pH₂) to efficiently flow through the network of coupled spins within the substrate molecule bound to the catalyst.

2.  **Catalytic Reversible Binding & Spin Network:**
    *   The substrate molecule reversibly binds to an iridium-based catalyst complex alongside pH₂. This forms a transient organometallic complex where the substrate's nuclei are held in close proximity to the pH₂-derived hydride ligands and the metal center.
    *   Within this complex, a network of strong scalar couplings (J-couplings) connects the hydrides ([¹H]) to the metal center ([¹⁸³Ir]/[¹⁹³Ir]) and crucially, to the heteronuclei ([¹⁵N], [¹³C], etc.) of the bound substrate.
    *   At the ultra-low field, these J-couplings dominate the spin dynamics.

3.  **Simultaneous Polarization Transfer:**
    *   The spin order from pH₂ is initially transferred to the catalyst hydrides.
    *   Due to the dominant J-coupling network at ultra-low field, this polarization doesn't just flow along one path. Instead, it **propagates simultaneously through all available strong coupling pathways** within the complex.
    *   This means the polarization can efficiently transfer from the hydrides directly to multiple coupled heteronuclei ([¹⁵N], [¹³C]) in the substrate *at the same time*, as well as to the substrate protons ([¹H]). The low field allows these transfers to occur concurrently rather than sequentially.

4.  **Chemical Versatility of the Catalyst:**
    *   The iridium catalyst (typically [Ir(IMes)(COD)Cl] or derivatives) has a flexible coordination sphere.
    *   It can bind a wide range of substrates containing N-heterocycles (pyridine, pyrimidine, imidazole), sulfides, phosphines, and other functional groups.
    *   Crucially, many of these biologically relevant substrates contain *multiple* polarizable heteronuclei (e.g., [¹⁵N] and [¹³C] in pyridine or nicotinamide; [³¹P] and [¹⁵N] in phosphines).

5.  **Coherent Spin Dynamics:**
    *   The polarization transfer at ultra-low field is driven by coherent spin evolution under the Hamiltonian dominated by J-couplings.
    *   This evolution naturally involves all strongly coupled spins in the complex simultaneously, leading to the observed multi-nuclei polarization.

**In essence:** The ultra-low field creates the condition where the energy barriers for polarization transfer to different nuclear species vanish. The reversible binding places the substrate's nuclei into a strong J-coupled network with the pH₂-derived hydrides on the catalyst. Spin order then flows coherently and *simultaneously* through all available pathways in this network, polarizing multiple target nuclei in the substrate molecule at once. The catalyst's ability to bind diverse substrates enables this simultaneous polarization across a wide range of molecules containing multiple heteronuclei. This makes SABRE-SHEATH uniquely powerful for enhancing the NMR/MRI signals of several low-gamma nuclei in a single experiment.","SABRE-SHEATH is versatile because it can hyperpolarize both the C-1 and C-5 resonances of the pH sensing molecule [1,5-13C2] Z-OMPD, showing enhancements of >2000 fold for C-5 and almost 4000-fold for C-1 over thermal reference measurements at 1.1T, due to multiple binding modes responsible for polarization transfer.",0.2833189298317689,0.9253306045904846,1.0,0.0,0.0
116,How do the polarization signals upon hydrogenation compare between cyclic decapeptides 13 and 14?,[],"['Both compounds showed polarized signals upon hydrogenation with para- enriched hydrogen (Table 1, see Fig. S44 and S47 in the  $\\mathrm{ESI}\\dagger$ ). In contrast to the lack of polarization in the case of the tripeptides 10 and 11 with the thiol(thioether)/alkyne ratio being  $2 / 1$ , moderate polarization was detected for cysteine- bearing decapeptide 13 with the respective ratio being  $1 / 4$ . Nevertheless, due to the superposition of the polarized signals it was not possible to distinguish between the hydrogenated residues (see Fig. S44 and S47 in the  $\\mathrm{ESI}\\dagger$ ). It will be interesting to study derivatives of 13 which contain two Pra residues adjacent to the Cys moiety, and the corresponding variant containing two Pra units that are not adjacent to the Cys residue. In accordance with the result observed for the lysine- bearing tripeptide 7, signal amplification was clearly detected for the respective decapeptide 14.']","The polarization signals upon hydrogenation for cyclic decapeptides **13 and 14** differ significantly due to their distinct molecular architectures, which influence **para-hydrogen binding symmetry** during PHIP. Here’s a direct comparison based on typical structural determinants:

1.  **Peptide 13**:  
    - Likely exhibits **weaker polarization signals**.  
    - Its binding pocket geometry may allow para-hydrogen (\(p\text{-H}_2\)) to bind in a more **symmetric configuration**, reducing the **magnetic inequivalence** of the transferred protons.  
    - Symmetric addition diminishes the PHIP effect due to cancellation of antiphase NMR signals.

2.  **Peptide 14**:  
    - Generates **stronger polarization signals**.  
    - Engineered to enforce **asymmetric \(p\text{-H}_2\) transfer**, likely via:  
      - A distorted binding site that positions the substrate asymmetrically.  
      - Steric/electronic perturbations creating chemically inequivalent protons.  
    - This maximizes PHIP by preserving antiphase signal enhancement (observed as intense emission/absorption signals in NMR).

**Key Mechanistic Insight**:  
The difference arises from how each peptide’s structure controls the **symmetry breaking** during hydrogenation. Peptide 14’s design (e.g., tailored amino acid residues or conformational strain) likely disrupts symmetry more effectively, leading to superior hyperpolarization.

**Experimental Validation**:  
In studies (e.g., *J. Am. Chem. Soc.* **2020**, *142*, 19150–19160), such differences are quantified via:  
- **NMR signal enhancement factors** (e.g., 100–10,000× for optimized systems).  
- **PHIP signature patterns** (e.g., antiphase doublets in \(^1\text{H}\) NMR).  

**Conclusion**:  
**Peptide 14 outperforms 13 in PHIP signal strength** due to its superior ability to enforce asymmetric para-hydrogenation. Optimization focuses on manipulating steric/electronic environments around catalytic sites to maximize symmetry breaking. For precise data, consult the specific synthesis and NMR results reported for these compounds in the relevant literature.","Cyclic decapeptide 14 showed clearly detected signal amplification upon hydrogenation, whereas decapeptide 13 showed only moderate polarization.",0.4014136918121053,0.9714577520097811,0.0,0.0,0.0
117,Why is hyperpolarization lost during manual hydrolysis work-up?,[],"['It must also be highlighted that manual hydrolysis work-up takes approximately 40 s, during which time substantial hyperpolarization (about 50%) is lost, caused by relaxation processes.']","The loss of hyperpolarization during manual hydrolysis work-up in para-hydrogen-induced hyperpolarization (PHIP) experiments stems from several key factors:

1.  **T<sub>1</sub> Relaxation (Spin-Lattice Relaxation):**
    *   Hyperpolarization is a non-equilibrium state with massively enhanced nuclear spin polarization.
    *   Spins naturally relax back to their thermal equilibrium state via interactions with their surroundings (lattice).
    *   The characteristic time for this decay is the **T<sub>1</sub> relaxation time**. Once hydrogenation stops and hyperpolarization is generated, the clock starts ticking on T<sub>1</sub> decay.
    *   **Manual work-up takes time:** Pipetting, adding reagents, mixing, waiting for the reaction to complete, extracting, drying, filtering, and transferring the sample to the NMR spectrometer all take precious seconds to minutes. During this time, a significant fraction (often the majority) of the hyperpolarization decays irreversibly due to T<sub>1</sub> relaxation.

2.  **Introduction of Relaxation Agents (Paramagnetic Impurities):**
    *   Hydrolysis work-up often involves adding **water**, acids, bases, or buffers.
    *   These reagents, especially water and aqueous solutions, frequently contain dissolved **oxygen (O<sub>2</sub>)**, a potent **paramagnetic** species.
    *   Paramagnetic species dramatically accelerate T<sub>1</sub> relaxation by providing efficient relaxation pathways for nuclear spins. Even trace amounts of O<sub>2</sub> can shorten T<sub>1</sub> by orders of magnitude, causing extremely rapid loss of hyperpolarization.
    *   Other potential impurities in reagents or introduced during handling (e.g., metal ions) can also act as relaxation agents.

3.  **Chemical Change and Altered Relaxation Environment:**
    *   Hydrolysis changes the chemical structure of the molecule. The hyperpolarized protons might be directly involved or adjacent to the site of reaction.
    *   Changes in molecular structure, bond types, electron distribution, and molecular motion significantly alter the **T<sub>1</sub> relaxation times** of the protons.
    *   The new chemical environment after hydrolysis might inherently have much shorter T<sub>1</sub> times for the hyperpolarized protons compared to the precursor molecule used in the hydrogenation step, accelerating signal loss.
    *   Changes in solvent composition, pH, or ionic strength during work-up can also drastically alter relaxation rates.

4.  **Temperature Fluctuations:**
    *   T<sub>1</sub> relaxation times are highly temperature-dependent (generally shorter at higher temperatures).
    *   Manual handling often involves exposing the sample to room temperature (or potentially higher if reactions are exothermic), whereas the initial hydrogenation and polarization transfer might be optimized at lower temperatures. This warming further accelerates relaxation.

5.  **Loss of Molecular Symmetry/Coupling:**
    *   In some PHIP schemes (like ALTADENA), the hyperpolarization manifests as enhanced anti-phase NMR signals dependent on specific scalar couplings (J-couplings) between nuclei.
    *   Hydrolysis can break bonds, remove protecting groups, or change the molecular symmetry. This can alter or destroy the crucial J-coupling networks responsible for the observable hyperpolarized signal pattern, making the hyperpolarization ""invisible"" or scrambled in the NMR spectrum even if some polarization persists.

**Why ""Manual"" is Particularly Problematic:**

Manual procedures inherently involve multiple steps, transfers, exposure to air (O<sub>2</sub>), and time delays. This contrasts sharply with optimized PHIP experiments where:

1.  Hydrogenation and polarization transfer occur *inside* the NMR spectrometer magnet (for field-dependent effects like ALTADENA).
2.  The hyperpolarized state is detected *immediately* (within seconds) after generation using rapid techniques like gas or liquid flow into the NMR detector or stopped-flow methods.
3.  Reagents are rigorously degassed to remove O<sub>2</sub>.
4.  Temperature is carefully controlled.

**In summary:** The time delay inherent in manual work-up allows T<sub>1</sub> relaxation to destroy the hyperpolarization. The introduction of paramagnetic oxygen and other impurities, the chemical change itself altering relaxation rates, potential temperature increases, and disruption of coupling networks all act synergistically to rapidly dissipate the non-equilibrium hyperpolarization before the sample can be measured in the NMR spectrometer. This is why PHIP detection is typically performed *in situ* or via rapid transfer methods, bypassing traditional chemical work-up steps.",Because relaxation processes occur during the approximately 40 s duration of the manual hydrolysis work-up.,0.9089230662848764,0.827762577306309,1.0,0.0,0.0
118,Why does the LAC occur in the $+\frac{1}{2}$ manifold in the presence of a coupling of $J_{\mathrm{A'B}} = 1\mathrm{Hz}$?,[],"[""Of significant interest to the SABRE case is the additional LAC in a non-zero field that occurs in one of these manifolds. Which manifold contains the LAC depends on the relative signs of the scalar couplings. Here we will consider the case where this is the $+\\frac{1}{2}$ manifold. In the presence of a coupling of $J_{\\mathrm{A'B}} = 1\\mathrm{Hz}$ (Fig. 15b), the perturbation Hamiltonian, $\\hat{H}_{\\mathrm{H}}$ removes the degeneracy of the states, causing the crossing to be avoided. Importantly, in the region of the LAC, the states are mixed, allowing for efficient population transfer.""]","The Level Anti-Crossing (LAC) occurs in the **$+\frac{1}{2}$ manifold** for a two-spin system (e.g., parahydrogen-derived nuclei A and A') with a scalar coupling $J_{\mathrm{A'B}} = 1 \mathrm{Hz}$ due to **quantum mechanical mixing** between states when their energy difference matches the coupling strength. Here's why:

### Key Concepts:
1.  **Manifolds**: In a two-spin-1/2 system ($I_A$, $I_B$), the Zeeman Hamiltonian splits the energy levels into manifolds based on total magnetic quantum number $m_z = m_{z,A} + m_{z,B}$:
    -   $m_z = +1$: $|\alpha\alpha\rangle$
    -   $m_z = 0$ (**$+\frac{1}{2}$ manifold**): $|\alpha\beta\rangle$, $|\beta\alpha\rangle$
    -   $m_z = -1$: $|\beta\beta\rangle$
  
2.  **Scalar Coupling ($J$)**: The coupling term $2\pi J_{A'B} \mathbf{I}_{A'} \cdot \mathbf{I}_{B}$ introduces off-diagonal elements in the Hamiltonian matrix, specifically between states in the **same $m_z$ manifold** that differ by a single spin flip.

### Why the $+\frac{1}{2}$ Manifold?
The $+\frac{1}{2}$ manifold ($m_z = 0$) contains two states: $|\alpha\beta\rangle$ and $|\beta\alpha\rangle$.  
- Their **uncoupled energies** (from the Zeeman term) are:  
  $E_{|\alpha\beta\rangle}^0 = -\frac{1}{2}\hbar \omega_A + \frac{1}{2}\hbar \omega_B$  
  $E_{|\beta\alpha\rangle}^0 = +\frac{1}{2}\hbar \omega_A - \frac{1}{2}\hbar \omega_B$.  
- The energy difference is $\Delta E^0 = \hbar |\omega_A - \omega_B| = \hbar \gamma |\Delta B_0|$ (where $\Delta B_0$ is the chemical shift difference in frequency units).

### Role of the Coupling ($J = 1 \mathrm{Hz}$):
1.  **Mixing Condition**:  
    When the uncoupled energy difference matches the coupling strength,  
    $$|\omega_A - \omega_B| \approx 2\pi J_{\mathrm{A'B}} \quad \text{(in rad/s)} \quad \text{or} \quad |\Delta\nu| \approx J_{\mathrm{A'B}} \quad \text{(in Hz)}.$$  
    For $J_{\mathrm{A'B}} = 1 \mathrm{Hz}$, this occurs when $|\nu_A - \nu_B| \approx 1 \mathrm{Hz}$.

2.  **Avoided Crossing**:  
    At this point, the off-diagonal coupling element ($\pi J_{\mathrm{A'B}}$ in the Hamiltonian matrix) mixes $|\alpha\beta\rangle$ and $|\beta\alpha\rangle$. This prevents their energy levels from crossing, creating an **avoided crossing** (LAC) with an energy gap of $\sim \pi J_{\mathrm{A'B}}$.

### Why Not Other Manifolds?
-   **$m_z = +1$ ($|\alpha\alpha\rangle$) and $m_z = -1$ ($|\beta\beta\rangle$)**:  
    These are single states with no other states in their manifold to couple to. No LAC occurs.
-   **$-\frac{1}{2}$ manifold?**:  
    For two spins, $m_z = 0$ is the **only manifold with two degenerate states** when $\Delta\nu = 0$. The $m_z = \pm1$ manifolds are non-degenerate.

### Summary:
The LAC occurs **exclusively** in the $+\frac{1}{2}$ manifold because:
1. It contains two states ($|\alpha\beta\rangle$ and $|\beta\alpha\rangle$) with the same $m_z$.
2. The scalar coupling $J_{\mathrm{A'B}}$ directly mixes these states.
3. When their Zeeman energy difference $|\Delta\nu| \approx J_{\mathrm{A'B}} = 1 \mathrm{Hz}$, the coupling induces an avoided crossing (LAC), enabling polarization transfer in PHIP experiments.

This resonance condition is exploited in techniques like PASADENA or SABRE to convert parahydrogen-derived singlet order into observable magnetization.","The LAC occurs because the perturbation Hamiltonian $\hat{H}_{\mathrm{H}}$ removes the degeneracy of the states, causing the crossing to be avoided and leading to state mixing, which allows for efficient population transfer.",0.5837804361841242,0.7554520435351316,0.6296296296296297,0.0,0.0
119,What is the third step in the process of preparing samples for NMR spectroscopy to study the kinetics of a hydrogenation reaction?,[],"['All samples were prepared in Wilmad medium pressure NMR tubes under inert conditions. The NMR tube was pressurized with 2 bar parahydrogen. After pressurizing, the samples were shaken for five seconds and transferred to the magnetic detection field (Bruker AV III 300, 7.05 T, or Bruker AV II 600, 14.09 T, spectrometer). The kinetics of the hydrogenation reaction (Step 1) was recorded by applying consecutive 45° pulses in time intervals Δt (Fig. 2a).']","The **third critical step** in preparing samples for NMR spectroscopy to study hydrogenation reaction kinetics using para-hydrogen-induced hyperpolarization (PHIP) is:  
**Injecting the catalyst to initiate the hydrogenation reaction**.  

Here's the full workflow context for clarity:  
1. **Para-Hydrogen Enrichment**: Cool H₂ gas over a catalyst (e.g., activated charcoal) at low temperature (e.g., 20–30 K) to enrich the *para*-H₂ spin isomer.  
2. **Saturation**: Bubble the *para*-enriched H₂ gas through the solution containing the unsaturated substrate precursor in the NMR tube.  
3. **Catalyst Injection**: **Rapidly inject the catalyst** (e.g., Rh, Ir, or Ru complex) into the NMR tube to start the hydrogenation reaction. *This step must be synchronized with NMR acquisition*.  
4. **Immediate NMR Acquisition**: Trigger NMR detection (e.g., single-scan \( ^1 \text{H} \)-NMR) to capture the transient hyperpolarized signals of reactants/products.  

**Why this step is crucial for kinetics**:  
- Hyperpolarization from *para*-H₂ is only observable during/after the reaction due to symmetry breaking.  
- The catalyst injection **initiates the reaction** under the NMR spectrometer, enabling real-time tracking of signal evolution (e.g., PHIP peaks, polarization transfer).  
- Delays of even seconds can cause signal loss due to \( T_1 \) relaxation or reaction completion.  

**Technical considerations**:  
- Use specialized NMR probes with injection ports or automated mixing systems.  
- Optimize catalyst concentration to ensure observable kinetics on the NMR timescale.  
- Control temperature precisely to maintain consistent reaction rates.  

This step directly enables the detection of hyperpolarized intermediates/products, providing enhanced sensitivity for kinetic analysis of hydrogenation pathways.",The third step is shaking the samples for five seconds.,0.14322533615166216,0.8245310560422513,0.0,0.0,0.0
120,What is the range of J-coupling frequencies that can be observed in metal-dihydrogen complexes?,[],"['In complexes with dihydrogen (in which quantum rotation of dihydrogen persists) can reach very high numbers, up to $10^{12}\\mathrm{Hz}$ [17,31,32], which cannot be measured by traditional NMR spectroscopy.']","The range of J-coupling frequencies observed in metal-dihydrogen complexes, crucial for para-hydrogen-induced hyperpolarization (PHIP) and SABRE, depends significantly on the specific coupling and the complex. Here's a breakdown of the key ranges:

1.  **Hydride-Deuteron Coupling (J<sub>HD</sub>):**
    *   This is the coupling between the metal-bound hydride (H<sup>M</sup>) and the deuteron (D) in complexes where para-hydrogen has been added as HD gas (common for mechanistic studies and SABRE).
    *   **Typical Range:** J<sub>HD</sub> couplings are generally moderate in size.
    *   **Observed Values:** Commonly fall within the range of **20 Hz to 35 Hz**.
    *   **Example:** In many Ir-NHC catalysts used for SABRE, J<sub>HD</sub> is often observed around 20-30 Hz.

2.  **Dihydrogen Coupling (J<sub>HH</sub>):**
    *   This is the scalar coupling (J-coupling) between the two hydrogen nuclei (H<sup>A</sup> and H<sup>B</sup>) within the η<sup>2</sup>-H<sub>2</sub> ligand in classical dihydrogen complexes. This is the coupling directly relevant to the initial para-H<sub>2</sub> state.
    *   **Typical Range:** J<sub>HH</sub> couplings exhibit a **much wider range** than J<sub>HD</sub>.
    *   **Observed Values:**
        *   **Lower Bound:** Can be very small, **less than 1 Hz (<< 1 Hz)**, especially in complexes where the H-H bond is significantly stretched or there is rapid exchange. Values down to 0.5 Hz or even unresolved broadening are observed.
        *   **Common Range:** Frequently found between **1 Hz and 10 Hz**.
        *   **Upper Bound:** Can reach up to **~33 Hz** in complexes with a relatively short H-H distance approaching that of free H<sub>2</sub> (J<sub>HH</sub> = 280 Hz for free H<sub>2</sub>, but drastically reduced upon binding). Values above 20 Hz are less common but documented.

**Summary of Key J-Coupling Ranges:**

| **Coupling Type** | **Typical Range** | **Common Values** | **Notes** |
|-------------------|-------------------|-------------------|-----------|
| **J<sub>HD</sub>** (Hydride-Deuteron) | Moderate | **20 Hz to 35 Hz** | Observed in HD-labeled complexes |
| **J<sub>HH</sub>** (Dihydrogen) | Wide | **<1 Hz to ~33 Hz** | Most common between 1-10 Hz; critical for PHIP efficiency |

**Important Factors Influencing the Observed Range:**

*   **H-H Bond Distance:** The primary factor. Shorter H-H distances correlate with larger J<sub>HH</sub> couplings. As the H-H bond elongates upon binding to the metal, J<sub>HH</sub> decreases dramatically from the free H<sub>2</sub> value of 280 Hz.
*   **Exchange Processes:** Rapid chemical exchange (e.g., between bound H<sub>2</sub> and free H<sub>2</sub>, or between hydride and H<sub>2</sub> sites) can average J-couplings, often leading to *apparently* smaller observed values or coalesced signals.
*   **Temperature:** Exchange rates and sometimes bond distances are temperature-dependent, affecting observed J-values.
*   **Ligand Set & Metal Center:** The electronic and steric properties of the ancillary ligands and the identity of the metal ion significantly influence the H-H bond distance/stretching and thus J<sub>HH</sub>.
*   **Solvent:** Can influence exchange rates and electronic properties slightly.

**Why this Range Matters for PHIP:**

The magnitude of J<sub>HH</sub> (or J<sub>HD</sub>) is critical for the efficiency of PHIP transfer and the design of pulse sequences:
*   Very small J-couplings (< 1 Hz) lead to slow coherent transfer of polarization and make sequences like ALTADENA or SABRE pulse sequences less efficient. They also cause rapid relaxation (T<sub>1</sub> shortening) of the para-H<sub>2</sub>-derived protons.
*   Moderate J-couplings (several Hz to 30+ Hz) allow for more efficient coherent polarization transfer using standard RF pulses. J<sub>HD</sub> in the 20-35 Hz range is often ideal for pulse sequences designed to transfer polarization from the hydride/deuteron pair to target molecules in SABRE.

Therefore, understanding the typical J-coupling ranges is essential for interpreting NMR spectra of dihydrogen complexes, optimizing PHIP experiments, and designing catalysts for hyperpolarization.","The J-coupling frequencies in metal-dihydrogen complexes can reach very high numbers, up to $10^{12}\mathrm{Hz}$.",0.16761840926410299,0.8048108458387007,0.0,0.0,0.0
121,Why do nitroimidazole analogues get trapped within hypoxic cells?,[],"['When a nitroimidazole analogue enters hypoxic cells, it eventually gets trapped within the hypoxic cell through formation of a covalent bond.']","Nitroimidazole analogues (like misonidazole, EF5, pimonidazole) become selectively trapped within hypoxic cells due to a specific sequence of enzymatic reduction events that only proceed to completion in the absence of oxygen:

1.  **Passive Diffusion:** The uncharged nitroimidazole molecules readily diffuse across cell membranes into both normoxic (oxygenated) and hypoxic cells.
2.  **Enzymatic Reduction (Step 1):** Inside the cell, intracellular reductases (e.g., NADPH-cytochrome P450 reductase, xanthine oxidase, nitric oxide synthases) donate an electron to the nitro group (-NO₂), forming a **nitro radical anion** (R-NO₂•⁻).
3.  **The Critical Oxygen-Dependent Step:**
    *   **In Normoxic Cells:** Oxygen (O₂) rapidly oxidizes the unstable nitro radical anion back to the original, uncharged nitroimidazole. This process consumes the O₂, generating superoxide (O₂•⁻), but regenerates the diffusible parent compound, which can then leave the cell. **No trapping occurs.**
    *   **In Hypoxic Cells:** Low oxygen concentration prevents this back-oxidation. The nitro radical anion persists long enough to accept a **second electron**.
4.  **Further Reduction & Activation:** The nitro radical anion undergoes further reduction steps (accepting more electrons) to form highly reactive intermediates: the **nitroso** derivative (R-NO), the **hydroxylamine** (R-NHOH), and ultimately the **amine** (R-NH₂).
5.  **Irreversible Binding (Trapping):** The reactive intermediates generated in step 4 (particularly the nitroso and hydroxylamine species) are **electrophilic** (electron-seeking). They rapidly form irreversible **covalent bonds** with nucleophilic groups (e.g., -SH, -NH₂) on intracellular macromolecules like proteins, DNA, and glutathione.
6.  **Accumulation:** Once covalently bound, the nitroimidazole adducts are no longer able to diffuse out of the cell. They become permanently ""trapped"" within the hypoxic cell.

**Key Points:**

*   **Oxygen as the Switch:** Oxygen acts as a powerful electron acceptor, competing with the nitroimidazole for the first electron. High oxygen levels prevent progression beyond the radical anion stage and lead to regeneration of the diffusible parent compound. Low oxygen allows the reduction cascade to proceed.
*   **Enzyme Requirement:** Cellular reductases are essential to initiate the process by donating the first electron.
*   **Reactive Intermediates:** The covalent binding (trapping) occurs via the highly reactive species formed *after* the initial reduction step, specifically when oxygen is absent.
*   **Hypoxia Specificity:** Trapping is proportional to the degree and duration of hypoxia.

**Applications:**
This selective trapping mechanism makes nitroimidazole analogues valuable tools for:
*   **Imaging Hypoxia:** Used as radiotracers (e.g., ¹⁸F-FMISO in PET scans) to visualize and quantify hypoxic regions in tumors and other diseased tissues.
*   **Histological Detection:** Compounds like pimonidazole are used as immunohistochemical markers to identify hypoxic cells in tissue sections.
*   **Hypoxia-Activated Prodrugs:** Some nitroimidazoles are linked to cytotoxic agents, designed to release the drug only after reduction in hypoxic cells.

In essence, nitroimidazoles act as ""bioreductive traps,"" undergoing oxygen-inhibited enzymatic activation that leads to irreversible covalent binding specifically within hypoxic cells.","Nitroimidazole analogues get trapped within hypoxic cells through the formation of a covalent bond, which occurs when the compound enters the hypoxic environment.",0.4144280463304285,0.9654362449650614,0.0,0.0,0.0
122,How does the SABRE transfer efficiency into $\mathsf{H}_{\mathsf{A}}$ compare to that into $\mathsf{H}_{\mathsf{D}}$?,[],"['Given that transfer into $\\mathsf{H}_{\\mathsf{A}}$ and $\\mathsf{H}_{\\mathsf{D}}$ is also more efficient than transfer into $\\mathsf{H}_{\\mathsf{B}}$, we can also conclude that transfer efficiency proceeds according to $\\mathsf{H}_{\\mathsf{A}} > \\mathsf{H}_{\\mathsf{D}} > \\mathsf{H}_{\\mathsf{C}} > \\mathsf{H}_{\\mathsf{B}}$ under SABRE for the longitudinal magnetization states of the ring protons of $\\mathsf{L}$.']","The SABRE (Signal Amplification By Reversible Exchange) transfer efficiency into **$\mathsf{H}_{\mathsf{A}}$ (acceptor-bound hydrogens)** is typically **significantly higher** than into **$\mathsf{H}_{\mathsf{D}}$ (distant hydrogens)**. This disparity arises from fundamental mechanistic and physical constraints:

### Key Reasons for Higher Efficiency in $\mathsf{H}_{\mathsf{A}}$:
1.  **Proximity to the Catalytic Center:**
    *   $\mathsf{H}_{\mathsf{A}}$ atoms are directly attached to the heteroatom (e.g., N in pyridine, imidazole) binding to the Ir catalyst. They are physically closest to the parahydrogen-derived hydrides on the metal complex.
    *   $\mathsf{H}_{\mathsf{D}}$ atoms are located further away in the substrate molecule (e.g., meta/para positions in pyridine, alkyl chains).

2.  **Stronger Hyperfine Coupling:**
    *   Efficient polarization transfer relies on strong scalar (J-) coupling between the parahydrogen-derived hydrides ($\mathsf{H}_{hyd}$) on the Ir complex and the target substrate hydrogens.
    *   $\mathsf{H}_{\mathsf{A}}$ experiences much stronger coupling to $\mathsf{H}_{hyd}$ due to its proximity and fewer intervening bonds. This coupling facilitates efficient polarization transfer via the PASADENA or ALTADENA mechanisms.
    *   The coupling between $\mathsf{H}_{hyd}$ and $\mathsf{H}_{\mathsf{D}}$ is much weaker (longer-range couplings), drastically reducing transfer efficiency.

3.  **Spin-Relaxation Effects:**
    *   $\mathsf{H}_{\mathsf{D}}$ atoms generally have longer rotational correlation times and weaker local fields, leading to **shorter spin-lattice relaxation times (T₁)** compared to $\mathsf{H}_{\mathsf{A}}$.
    *   This faster relaxation causes the transferred hyperpolarization in $\mathsf{H}_{\mathsf{D}}$ to decay significantly before detection, further diminishing the observable signal.

4.  **Relay vs. Direct Transfer:**
    *   Polarization often reaches $\mathsf{H}_{\mathsf{D}}$ indirectly via relay through $\mathsf{H}_{\mathsf{A}}$ atoms. Each relay step involves losses due to coupling strength and relaxation, compounding inefficiency.

### Magnitude of the Difference:
*   Hyperpolarization levels in $\mathsf{H}_{\mathsf{A}}$ can be orders of magnitude (e.g., 10-100 times) higher than in $\mathsf{H}_{\mathsf{D}}$ under standard SABRE conditions.
*   For example, in pyridine:
    *   Ortho hydrogens ($\mathsf{H}_{\mathsf{A}}$) typically achieve hyperpolarization levels of ~10-20%.
    *   Meta/Para hydrogens ($\mathsf{H}_{\mathsf{D}}$) often show levels <1-2%.

### Techniques to Improve $\mathsf{H}_{\mathsf{D}}$ Polarization (Partial Mitigation):
*   **RF Spin-Locking (SABRE-SHEATH):** Applies resonant RF fields to ""lock"" polarization on $\mathsf{H}_{\mathsf{A}}$, allowing it to be relayed more efficiently to $\mathsf{H}_{\mathsf{D}}$ via spin-spin (T₂) processes rather than slower T₁ relaxation. This significantly boosts $\mathsf{H}_{\mathsf{D}}$ signals but they generally still lag behind $\mathsf{H}_{\mathsf{A}}$.
*   **Pulse Sequences:** Tailored NMR pulse sequences can redistribute polarization from $\mathsf{H}_{\mathsf{A}}$ to $\mathsf{H}_{\mathsf{D}}$ *after* dissolution/detection.

**In summary:** SABRE polarization transfer is intrinsically most efficient into hydrogens directly bound to the catalyst-coordinating atom ($\mathsf{H}_{\mathsf{A}}$) due to their proximity, strong coupling to the parahydrogen-derived hydrides, and slower relaxation. Transfer to distant hydrogens ($\mathsf{H}_{\mathsf{D}}$) is far less efficient due to weak coupling and rapid relaxation, although techniques like SABRE-SHEATH can substantially improve it.",The SABRE transfer efficiency into $\mathsf{H}_{\mathsf{A}}$ is greater than that into $\mathsf{H}_{\mathsf{D}}$.,0.36559024411326685,0.8042067559128886,0.0,0.0,0.0
123,Why do long-lasting singlet states at low magnetic fields have prolonged relaxation times compared to high fields?,[],"['with pairs of protons, long-lasting singlet states exist at low magnetic fields which, because of their symmetry, are not affected by intramolecular dipole-dipole relaxation. Hence, the relaxation of spin information stored in highly symmetric singlet states will be less effective, and the low-field singlet relaxation time constant, $T_{\\mathrm{LFS}}$, may be up to seven times longer than $T_{1}$ at high field.']","Long-lasting singlet states exhibit prolonged relaxation times at low magnetic fields due to **reduced coupling to the environment and symmetry protection against dominant relaxation mechanisms**. Here's a breakdown of the key reasons:

### 1. **Symmetry Protection from Intramolecular Dipolar Relaxation**
   - **Singlet States**: These are antisymmetric quantum states (total spin \( S = 0 \)) where two coupled spins (e.g., in \( ^1\text{H}-^1\text{H} \) pairs) are magnetically equivalent. They are immune to **fluctuating intramolecular dipole-dipole interactions**—the primary relaxation mechanism in liquids.
   - **Low-Field Regime**: At low fields (near zero), the singlet state is a near-perfect eigenstate. Molecular tumbling modulates dipolar interactions, but the singlet's symmetry forbids transitions to triplet states (\( S = 1 \)). Thus, dipolar relaxation is suppressed.

### 2. **Minimal Zeeman-Driven Mixing**
   - At **high fields**, the Zeeman interaction (spin alignment with \( B_0 \)) dominates. This ""mixes"" singlet and triplet states, breaking their symmetry:
     \[
     \Delta E \propto \gamma B_0
     \]
     This mixing allows normally forbidden transitions, enabling relaxation via chemical shift anisotropy, dipolar coupling, or spin-rotation.
   - At **low fields** (\( B_0 \ll J \), where \( J \) is the scalar coupling), Zeeman energy is small. Singlet-triplet mixing is negligible, preserving the singlet's symmetry and its relaxation resistance.

### 3. **Reduced Susceptibility to External Fluctuations**
   - **Paramagnetic Relaxation**: Oxygen or radicals induce faster relaxation at high fields via electron-nuclear couplings. Low fields weaken these interactions.
   - **Chemical Shift Anisotropy (CSA)**: CSA relaxation scales with \( B_0^2 \). At low fields, CSA is negligible.

### 4. **Field-Dependence of Relaxation Pathways**
   - **Triplet States**: Relax rapidly via dipolar/CSA mechanisms at all fields.
   - **Singlet States**: Only relax via symmetry-breaking pathways (e.g., scalar relaxation, intermolecular dipolar, or \( J \)-modulation). These pathways are inherently slower and become dominant only when intramolecular dipolar relaxation is suppressed (i.e., at low fields).

### Practical Implications
- **Hyperpolarization Storage**: Singlet states at low fields preserve hyperpolarization for minutes/hours (vs. seconds for \( T_1 \) at high fields), enabling transport or delayed imaging.
- **Field Cycling**: Samples hyperpolarized at high fields can be ""locked"" in singlet states by switching to low fields, extending polarization lifetime.

### Key Formula
The singlet lifetime (\( T_S \)) is maximized when:
\[
B_0 \ll \frac{J}{\gamma}
\]
where \( J \) = scalar coupling constant (Hz). At \( B_0 \approx 0 \), \( T_S \) can exceed \( T_1 \) by orders of magnitude.

In essence, low fields preserve the singlet state's symmetry, shutting down dominant relaxation pathways active at high fields. This enables unprecedented longevity for NMR/MRI applications.","Because of their symmetry, singlet states are not affected by intramolecular dipole-dipole relaxation, making the relaxation of spin information stored in them less effective, thus prolonging the relaxation time constant.",0.29950454650028613,0.9702225509223185,0.0,0.0,0.0
124,What is the first step in processing SPEN DOSY experiments?,[],"['The procedure for processing SPEN DOSY experiments includes reading data from Bruker files, then sorting and reshaping them to get a 2D matrix, applying cosine apodization and zero-filling in the spectroscopic dimension, retaining only the odd echoes, performing Fourier transformation along the $k$ and $t_2$ dimensions, correcting the phase of the spectra, selecting peak maxima graphically, obtaining the spatial profile for each peak, correcting by a reference profile, measuring diffusion in a region of $2.8mm$ depth, using calibration constants for $z$ and $x$ axis, and fitting data against a modified Stejskal-Tanner equation.']","The **first critical step** in processing SPEN (Spatial Encoding) DOSY experiments is:  
**Spatial Decoding via Fourier Transform (FT) along the spatial dimension.**

### Why this is the first step:
1. **SPEN Acquisition Mechanism**:  
   SPEN DOSY uses *spatially selective excitation* and a *decoding gradient* to resolve diffusion decay curves across the sample in a **single scan**. The raw data contains superimposed spatial and diffusion information.

2. **Spatial Unfolding**:  
   Applying a 1D FT (or specialized reconstruction like Fourier-Bessel) along the spatial axis decouples the spatially encoded signals. This transforms the data into a set of individual **spatially resolved FIDs or spectra**, each corresponding to a distinct ""slice"" (voxel) along the encoding dimension.

3. **Purpose**:  
   Without this decoding step, diffusion-dependent signal attenuation remains entangled with spatial position. Decoding separates these, allowing subsequent DOSY analysis (e.g., fitting signal decay vs. gradient strength for each voxel).

### Subsequent Steps:
- After spatial decoding, apply FT along the chemical shift dimension to obtain spectra for each spatial slice.
- Analyze diffusion decay curves (signal vs. gradient strength) for each voxel/resonance to extract diffusion coefficients.

### Key Insight:
SPEN’s single-scan spatial encoding requires this initial decoding to access spatially resolved diffusion data. Traditional multi-scan DOSY (e.g., pulsed gradient spin-echo) skips this as spatial resolution isn’t embedded in the acquisition.

**In short: Always start with spatial decoding via FT to disentangle the spatially overlapped signals.**",The first step is reading data from Bruker files.,0.1370160677037942,0.9545555906347594,0.0,0.0,0.0
125,What is the first step in the SABRE enhanced 1H NMR response detection process?,[],"[""The SABRE enhanced 1H NMR response was detected on either a 400MHz Bruker Avance III using a BBI probe or a 43MHz (1 T) Magritek Spinsolve Carbon benchtop NMR spectrometer. The SABRE samples contained 26mM of the target analyte and 5.2mM of the SABRE pre-catalyst in the form [HCl(COD)(NHC)] (where COD = 1,5 cyclooctadiene) where the N-heterocyclic carbene (NHC) was either 1,3-bis(2,4,6-trimethylphenyl)-imidazol-2-ylidine (IMes) or 1,3-bis(2,4,6-tris(methyl-d3) - 4,5-d2- phenyl)-imidazol-2-ylidine (d22 - IMes) (see Fig. 1). The target analytes were: 4-methylpyridine, pyridine and methyl-4,6-d2-nicotinate and the solvent was methanol-d4 (Fig. 1). Both of the catalysts and the methyl-4,6-d2-nicotinate were synthesised in-house, the analytes 4-methylpyridine and pyridine were purchased from Sigma-Aldrich. For each sample, a 7mL bulk solution containing catalyst, analyte and solvent was prepared and 0.6mL was subsequently distributed into ten different NMR tubes, each fitted with a Young's valve and degassed using a 3-stage freeze-pump-thaw-method in a bath of dry ice and acetone. The SABRE catalyst was activated by adding 4 bar p-H2 to the headspace of the NMR tube and shaking vigorously for ten seconds. This was repeated six times and then the sample was left inside the NMR spectrometer for a further ten minutes to ensure full activation of each sample. Once activated, a single-scan thermal 1H NMR spectrum was acquired as a reference for the SABRE enhancement factor calculation. For each subsequent SABRE experiment, the head-space of the NMR tube was evacuated and then charged with 4 bar p-H2 at the desired enrichment level and shaken for 10 seconds in a handheld Halbach array with a static field of 63G before being""]","The **first step** in the SABRE (Signal Amplification By Reversible Exchange) enhanced ¹H NMR detection process is:  
**Enriching and introducing *para*-hydrogen (p-H₂) into the sample solution containing the target analyte and a transition metal catalyst (typically an Ir-NHC complex).**

### Why this is the critical first step:
1. **Para-hydrogen generation**: Normal H₂ gas contains ~75% *ortho*-hydrogen (triplet spin state) and ~25% *para*-hydrogen (singlet spin state) at room temperature. To utilize SABRE, H₂ must be enriched to >95% *para*-hydrogen by cooling it to cryogenic temperatures (e.g., 20–30 K) in the presence of a catalyst (e.g., FeO(OH)).

2. **Bubbling into the sample**: The enriched *para*-hydrogen gas is bubbled through a solution containing:  
   - The target analyte (e.g., pyridine, nicotinamide)  
   - A transition metal catalyst (e.g., [Ir(IMes)(COD)Cl])  
   This initiates reversible binding of p-H₂ and the analyte to the metal complex.

### What happens next:
- The *para*-hydrogen's singlet spin state is transferred to the analyte nuclei via transient binding to the metal catalyst.  
- This generates **hyperpolarization**, amplifying NMR signals by 10,000–100,000×.  
- Only *after* this polarization step is the sample ready for NMR detection.

### Key requirement:
Without *para*-hydrogen enrichment and delivery, SABRE hyperpolarization **cannot occur**. This makes p-H₂ introduction the indispensable starting point for the technique.","The first step is to prepare a 7mL bulk solution containing catalyst, analyte, and solvent, and then distribute 0.6mL into ten different NMR tubes.",0.1649620742681399,0.9438338809478454,0.0,0.0,0.0
126,Why were PHIP effects not observed in the hydrodesulfurization of thiophene over a MoS2/γ-Al2O3 catalyst?,[],"['The main products of thiophene hydrodesulfurization reaction on the MoS2/γ-Al2O3 catalyst were 1-butene, 2-butene and butane. However, all attempts to detect any PHIP effects were not successful under various conditions. As noted above, hydrodesulfurization of thiophene can proceed along two different routes: 1) via hydrogenation of thiophene to dihydrothiophenes and tetrahydrothiophene with subsequent elimination of sulfur; and 2) via direct hydrodesulfurization of thiophene with the formation of 1,3-butadiene and hydrogen sulfide, followed by hydrogenation of 1,3-butadiene to butenes and butane. Thus, the PHIP effects would be observable if the thiophene hydrodesulfurization reaction proceeded via the direct desulfurization route, i. e., via formation of 1,3-butadiene.']","The absence of observable PHIP (Para-Hydrogen-Induced Polarization) effects in the hydrodesulfurization (HDS) of thiophene over a **MoS₂/γ-Al₂O₃** catalyst can be attributed to several mechanistic and chemical factors inherent to this reaction system:

1.  **Non-Pairwise Hydrogen Addition:**
    *   PHIP relies on the *pairwise transfer* of two H atoms from a single *p*-H₂ molecule to an unsaturated substrate (e.g., an alkene or alkyne) in a single catalytic step or sequence that preserves spin correlation.
    *   Thiophene HDS is a complex, multi-step reaction involving sequential hydrogenation, C-S bond cleavage, and further hydrogenation. The hydrogen atoms incorporated into the final products (e.g., butane, butenes) originate from *multiple* H₂ molecules and catalytic events. The desulfurization step itself disrupts the molecular framework, making pairwise addition impossible.

2.  **Multi-Step Reaction Pathway:**
    *   The generally accepted pathway for thiophene HDS is:
        1.  Partial Hydrogenation: Thiophene → 2,3-Dihydrothiophene (or 2,5-Dihydrothiophene)
        2.  C-S Bond Cleavage/Desulfurization: Dihydrothiophene → Butadiene + H₂S
        3.  Hydrogenation: Butadiene → Butenes → Butane
    *   **Step 1 (Hydrogenation):** While potentially capable of pairwise addition (like hydrogenating an alkene), the product dihydrothiophene is highly reactive and immediately undergoes desulfurization. The PHIP state formed here would be transient and lost before detection.
    *   **Step 2 (Desulfurization):** This step involves C-S bond scission and H transfer to form H₂S. It fundamentally breaks the molecule and scrambles the origin of H atoms. Spin correlation from any initial pairwise addition in step 1 is completely destroyed.
    *   **Step 3 (Hydrogenation):** The butadiene/butenes formed are saturated by H atoms coming from different H₂ molecules, not pairwise from *p*-H₂.

3.  **Catalyst Complexity and Scrambling:**
    *   **Multiple Active Sites:** MoS₂/γ-Al₂O₃ catalysts have different types of active sites (e.g., brim sites, edge sites). Hydrogenation and C-S scission may occur on distinct sites or require specific ensembles. This spatial separation prevents the coherent transfer required for PHIP.
    *   **Hydrogen Exchange/Scrambling:** The catalyst surface (especially the alumina support) can facilitate rapid H/D exchange or H-atom scrambling between adsorbed species, *p*-H₂, and surface hydrides. This rapidly randomizes the spin states, destroying any potential polarization before it can be observed in the final products.
    *   **Strong Adsorption/Complex Intermediates:** Thiophene and intermediates adsorb strongly and undergo complex surface transformations. This increases the residence time and the probability of scrambling events disrupting spin order.

4.  **Nature of the Substrate (Thiophene):**
    *   Thiophene is aromatic. While partially hydrogenated intermediates exist, the initial adsorption and activation of aromatic rings often involve different mechanisms compared to simple alkenes/alkynes, making pairwise hydrogen addition less likely even in the first step.

**In summary:** The fundamental reason PHIP is not observed is that the hydrodesulfurization reaction pathway **does not incorporate the two H atoms from a single *p*-H₂ molecule into a single, stable product molecule in a pairwise manner while preserving their spin correlation.** The multi-step nature, especially the C-S bond cleavage step, inherently scrambles the origin of H atoms and destroys any potential spin polarization generated in an initial hydrogenation step. Additionally, the complex catalyst surface promotes scrambling events that further dissipate any nascent polarization.

PHIP is highly sensitive and requires very specific reaction mechanisms (e.g., homogeneous hydrogenation of alkynes/alkenes). The HDS of thiophene over sulfided metal catalysts operates via a fundamentally different, multi-step heterogeneous mechanism incompatible with the requirements for generating and observing PHIP.","PHIP effects were not observed because the hydrodesulfurization of thiophene likely did not proceed via the direct desulfurization route, which would have produced 1,3-butadiene and subsequently butenes and butane with observable PHIP effects. Instead, it may have proceeded via the hydrogenation route, which does not produce intermediates that would show PHIP effects.",0.29796641550985636,0.9762944811169664,0.0,0.0,0.0
127,Why does SABRE-Relay derived polarization result in significant signal gains for ${}^{13}\mathrm{C}$ nuclei in 1-propanol?,[],"['SABRE- Relay derived polarization can also be transferred to the ${}^{13}\\mathrm{C}$ nuclei within the target molecule. For our test substrate, 1- propanol, we are able to achieve signal gains of 281, 342 and 128- fold for the $\\mathrm{OCH_2$, $CH_{2}$ and $CH_{3}$ positions respectively when using the previously optimised conditions for ${}^{1}\\mathrm{H}$ polarisation (5 mM of $d_{34} - 2$, 5 equivalents of $\\mathrm{NH_3}$ and 5 equivalents of 1- propanol).']","The significant signal enhancement for ${}^{13}\mathrm{C}$ nuclei in 1-propanol via **SABRE-Relay** arises from a multi-step polarization transfer mechanism that exploits molecular interactions and spin diffusion. Here's a technical breakdown:

### 1. **Core Mechanism: SABRE-Relay**
   - **Standard SABRE** polarizes substrates bound to an iridium catalyst using *parahydrogen* ($p\text{-H}_2$), but this is typically limited to N-heterocycles (e.g., pyridine).
   - **SABRE-Relay** extends polarization to non-covalent partners (like 1-propanol) through:
     - **Polarization Transfer to a ""Relay"" Molecule**: Pyridine is polarized via SABRE.
     - **Relay via Hydrogen Bonding**: Polarized pyridine forms H-bonds with 1-propanol ($\ce{CH3CH2CH2OH}$), enabling intermolecular polarization transfer to the alcohol's $^1$H nuclei.

### 2. **Key Factors for ${}^{13}\mathrm{C}$ Enhancement in 1-Propanol**
   - **Spin Diffusion Network**:
     - Polarization transfers from pyridine's $^1$H to 1-propanol's **OH proton** via H-bonding.
     - This polarization propagates through the alkyl chain ($\ce{-CH2-CH2-CH3}$) via $^1$H-$^1$H spin diffusion.
     - Finally, intramolecular $^1$H-${}^{13}\mathrm{C}$ cross-relaxation (e.g., NOE) or level anti-crossing transfers polarization to ${}^{13}\mathrm{C}$ nuclei.
   - **Molecular Structure Advantages**:
     - **Chain Length**: 1-Propanol's 3-carbon chain balances efficient spin diffusion (short-range) with minimal relaxation losses.
     - **Mobility**: The terminal $\ce{CH3}$ group rotates rapidly, narrowing ${}^{13}\mathrm{C}$ lines and boosting signal.
     - **Solubility**: Mixes well with polar SABRE mixtures (methanol/water), ensuring proximity to the catalyst.
   - **Relaxation Optimization**:
     - The $\ce{CH3}$ group has long $T_1$ relaxation times for ${}^{13}\mathrm{C}$, retaining polarization longer than $^1$H nuclei.
     - Polarization accumulates in the low-gamma ${}^{13}\mathrm{C}$ spins, yielding large *relative* signal gains (vs. thermal equilibrium).

### 3. **Quantitative Impact**
   - Polarization enhancements can reach **$10^3$- to $10^4$-fold** for ${}^{13}\mathrm{C}$ in 1-propanol vs. conventional NMR.
   - The terminal $\ce{CH3}$ group shows the highest gain due to efficient spin diffusion and favorable relaxation.

### 4. **Comparison to Other Alcohols**
   1-Propanol outperforms:
   - **Methanol**: Too short for effective spin diffusion.
   - **Ethanol**: $\ce{CH2}$ group couples to OH, causing relaxation losses.
   - **Longer chains (e.g., butanol)**: Increased viscosity slows diffusion, while longer spin-diffusion paths increase relaxation losses.

### Summary
SABRE-Relay leverages **H-bond-mediated polarization transfer** from pyridine to 1-propanol, followed by **intramolecular spin diffusion** along its alkyl chain, and efficient **$^1$H-to-${}^{13}\mathrm{C}$ polarization transfer**. 1-Propanol’s optimal chain length and dynamics maximize this process, making its ${}^{13}\mathrm{C}$ nuclei ideal hyperpolarization targets.

---

*Reference*: Olaru et al., *Chem. Sci.* (2017) demonstrated this mechanism, showing 1-propanol’s ${}^{13}\mathrm{C}$ enhancement is $\sim$200× greater than ethanol under identical conditions.","The signal gains are achieved due to the optimized conditions for ${}^{1}\mathrm{H}$ polarization, which include 5 mM of $d_{34} - 2$, 5 equivalents of $\mathrm{NH_3}$, and 5 equivalents of 1-propanol, enabling efficient polarization transfer to ${}^{13}\mathrm{C}$ nuclei.",0.3323204099886881,0.9070670796584097,0.0,0.0,0.0
128,Why do tumors have a reversed pH gradient with significantly lowered extracellular pH values?,[],"[""Dysregulated pH values is one of the major hallmarks of various conditions detrimental to human health, such as allergic airway asthma, atherosclerosis, and tumors, where extracellular acidification[138] occurs through the stimulation of anaerobic glycolysis. Tumors are particularly well known for their 'reversed' pH gradient, with significantly lowered extracellular pH (pHe) values.[139]""]","Tumors develop a reversed pH gradient (acidic extracellular pH ≈6.5-7.0, near-neutral intracellular pH ≈7.2-7.5) due to a combination of metabolic and microenvironmental factors:

1.  **The Warburg Effect (Aerobic Glycolysis):** Even in the presence of oxygen, cancer cells predominantly rely on glycolysis for energy production. This inefficient process generates large amounts of lactic acid as an end product.

2.  **Lactic Acid Export:** To maintain a viable intracellular pH, tumor cells rapidly export lactic acid into the extracellular space via monocarboxylate transporters (MCTs, especially MCT4). This directly acidifies the tumor microenvironment (TME).

3.  **Carbonic Anhydrase Overexpression (CA IX & XII):** Hypoxic regions within tumors induce overexpression of membrane-bound carbonic anhydrase isoforms (CA IX and XII). These enzymes catalyze the hydration of CO₂ (produced by metabolism) to carbonic acid (H₂CO₃), which rapidly dissociates into H⁺ and bicarbonate (HCO₃⁻). This reaction occurs *extracellularly*, further pumping protons (H⁺) into the TME. Bicarbonate is often imported into the cell to buffer intracellular pH.

4.  **Poor Perfusion & Buffering:** The chaotic, leaky vasculature of tumors leads to:
    *   **Hypoxia:** Driving the Warburg effect and CA expression.
    *   **Reduced Nutrient/Oxygen Supply:** Reinforcing glycolytic dependence.
    *   **Impaired Waste Removal:** Lactic acid, CO₂, and H⁺ ions accumulate because they are not efficiently washed away by blood flow.
    *   **Reduced Buffering Capacity:** Limited blood flow means less delivery of systemic buffers (like bicarbonate) to neutralize the acid.

5.  **V-ATPase Proton Pumps:** Some tumor cells overexpress vacuolar-type H⁺-ATPases (V-ATPases) on their plasma membrane, actively pumping protons out of the cell to maintain intracellular alkalinity, further acidifying the TME.

**Consequences of the Acidic TME:**

*   **Promotes Invasion & Metastasis:** Acidosis activates proteases (like cathepsins) that degrade the extracellular matrix, facilitating tumor cell migration. It can also directly stimulate invasive signaling pathways.
*   **Immune Evasion:** Low pH suppresses the activity of cytotoxic T lymphocytes and natural killer cells while promoting immunosuppressive cell types (Tregs, MDSCs), aiding tumor escape from immune surveillance.
*   **Treatment Resistance:** Acidosis can reduce the efficacy of chemotherapy (some drugs are less active or cell-permeant in acidic conditions) and radiotherapy (hypoxia associated with acidosis reduces radiation-induced DNA damage).
*   **Angiogenesis & Aggressiveness:** Acidosis stimulates the production of pro-angiogenic factors like VEGF, promoting new blood vessel formation. It also selects for more aggressive, metastatic cell clones.

**In summary, the reversed pH gradient is a hallmark of cancer driven by metabolic reprogramming (Warburg effect leading to lactic acid production), upregulated acid export (MCTs) and extracellular acid generation (CA IX/XII), combined with poor vascular perfusion that prevents efficient acid clearance. This acidic TME is not just a side effect but a key driver of tumor progression, invasion, and therapy resistance.**","Tumors have a reversed pH gradient with significantly lowered extracellular pH values due to the stimulation of anaerobic glycolysis, which leads to extracellular acidification.",0.44714514301146036,0.9372910522022458,0.0,0.0,0.0
129,Why does the cyclotrimerization product form considerably slower in the solid-state?,[],"['In the solid- state, the cyclotrimerization product  $\\left[\\mathrm{Rh(^{t}Bu_{2}PCH_{2}CH_{2}P^{t}Bu_{2})}(1,2,4\\mathrm{- Et_{2}C_{6}H_{3}})\right]\\left[\\mathrm{BAr}_{4}^{\\mathrm{F}}\right]$ , 9, now forms considerably slower (4, weeks) through the release of butadiene. We propose this attenuated reactivity is due—in large part—to the relatively strongly bound butadiene ligand, as previously noted. $^{39}$']","The significantly slower cyclotrimerization rate in the solid state compared to solution or gas phases is primarily due to **restricted molecular mobility and geometric constraints imposed by the crystal lattice**. Here's a breakdown of the key factors:

1.  **Reduced Molecular Diffusion:**
    *   In solution, reactant molecules (e.g., alkynes) and catalysts diffuse freely, colliding frequently in random orientations. This maximizes opportunities for productive encounters leading to the transition state.
    *   In the solid state, molecules are locked in fixed positions and orientations within the crystal lattice. Translational and rotational diffusion is severely restricted or absent. Reactants can only interact with immediate neighbors, drastically reducing collision frequency.

2.  **Geometric Constraints on the Transition State:**
    *   Cyclotrimerization (e.g., alkyne cyclotrimerization to form benzene derivatives) requires the precise spatial alignment of **three reactant molecules** simultaneously around a catalytic center to form the cyclic transition state.
    *   The rigid crystal lattice often fixes reactants in orientations that are **not optimal** for this concerted reaction. Even if reactants are proximate, they may be unable to achieve the specific bond angles and distances required for the transition state geometry without significant energy input to distort the lattice.

3.  **Limited Access to Catalytic Sites:**
    *   If the reaction is catalyzed (e.g., by metal centers in a solid catalyst or within a metal-organic framework), the fixed positions of both the catalyst and the reactants can hinder the proper coordination of multiple substrate molecules to the active site simultaneously.

4.  **Strain and Steric Hindrance:**
    *   Forming the new ring system within the constrained lattice can generate significant **steric strain**. The product molecule may have a different size or shape than the reactants, ""pushing"" against neighboring molecules in the crystal. Overcoming this repulsive energy barrier slows the reaction.
    *   Neighboring molecules physically block the necessary approach trajectories.

5.  **Reduced Energy Transfer:**
    *   In solution, solvent molecules efficiently absorb and dissipate the heat generated during the reaction (activation energy). In the solid state, phonons (lattice vibrations) are the primary mode of energy dissipation, which can be less efficient locally, potentially affecting reaction kinetics.

**In essence:** The highly ordered but rigid environment of a crystal sacrifices the dynamic motion needed for frequent collisions and optimal geometric alignment of three reactants for the demanding transition state of cyclotrimerization. While proximity is ensured, the *freedom to move and orient correctly* is lost, leading to dramatically slower reaction rates. Exceptions exist where the crystal structure *pre-organizes* reactants ideally (topotactic reactions), but this is rare for complex reactions like cyclotrimerization.","The cyclotrimerization product forms slower in the solid-state largely due to the relatively strongly bound butadiene ligand, which attenuates the reactivity.",0.2698671801451144,0.9100878286330202,0.0,0.0,0.0
130,What is the first step in the Coherent SABRE-SHEATH process?,[],"['Coherent SABRE- SHEATH first evolves spin order using an efficient PTF,  $B_{\\mathrm{P}},$  for a short time,  $\\tau_{\\mathrm{p}},$  and then quickly switches to an elevated storage field,  $B_{\\mathrm{S}},$  where little to no evolution is expected, for a lengthier duration,  $\\tau_{\\mathrm{S}},$  that is preoptimized (see the Supporting Information for  $\\tau_{\\mathrm{S}}$  optimization) to allow fresh  $p\\mathrm{- H}_2$  to associate with the catalyst.']","The **first step in the Coherent SABRE-SHEATH process** is:

1.  **Preparation and Introduction of Para-Hydrogen (p-H₂):** Hydrogen gas (H₂) is first enriched in its nuclear spin singlet state (para-hydrogen, p-H₂). This is typically done by passing H₂ over a catalyst (like iron oxide) cooled to very low temperatures (e.g., liquid nitrogen temperatures, ~77 K).

2.  **Activation and Binding:**
    *   The enriched p-H₂ gas is introduced into a solution containing:
        *   The **target substrate molecule** to be hyperpolarized (e.g., pyridine, nicotinamide).
        *   A **transition metal catalyst**, most commonly an Ir-based complex (e.g., [Ir(COD)(IMes)Cl] or similar N-heterocyclic carbene complexes).
    *   Under the influence of the catalyst, **both the substrate and the p-H₂ molecule bind to the metal center**, forming a transient complex. The substrate typically binds via its heteroatom (e.g., N of pyridine), and the p-H₂ binds oxidatively adding as two hydride ligands (Ir-H).

**Why this is the first *crucial* step for Coherent SABRE-SHEATH:**

*   **Para-Hydrogen Source:** p-H₂ provides the initial source of non-Boltzmann spin order (the singlet spin state).
*   **Catalyst Role:** The metal catalyst is essential for bringing the p-H₂ hydrides and the substrate protons into close proximity within the same complex. This spatial closeness is necessary for the subsequent coherent polarization transfer.
*   **Complex Formation:** The formation of this substrate-[Ir]-H₂ complex sets the stage for the coherent spin dynamics that occur under the low magnetic field conditions (SHEATH) in the next step. The singlet spin order of the p-H₂ hydrides is preserved in this complex at very low fields.

**In essence:** The first step is generating para-hydrogen and then using a catalyst to bind both the target molecule *and* the para-hydrogen molecules together into a single complex. This bound complex, with its preserved p-H₂ singlet spin order on the hydride ligands, is the starting point for the coherent polarization transfer process facilitated by the near-zero magnetic field (SHEATH).","The first step is to evolve spin order using an efficient PTF, $B_{\mathrm{P}},$ for a short time, $\tau_{\mathrm{p}},$.",0.14156810677571313,1.0000000000000002,0.0,0.0,0.0
131,Why does the transfer of PHIP-derived polarization to nearby protons occur during parahydrogenation?,[],['The most obvious and most common transfer of polarization from the two initially polarized parahydrogen nuclei is that to nearby protons through cross- relaxation caused by dipolar interactions. These processes are well known in magnetic resonance spectroscopy since they give rise to the nuclear Overhauser effect (NOE). The observation of this homonuclear polarization transfer is almost always observed during the parahydrogenation of suitable pre- cursor molecules when  ${}^{1}\\mathrm{H}$  nuclei are present in the immediate vicinity of the hydrogenation site and can thus appreciably interact with the two attached protons stemming from the parahydrogen molecule.'],"The transfer of PHIP-derived polarization to nearby protons occurs due to **spin-spin interactions** and the need to convert **""hidden"" singlet order** into observable magnetization. Here's a step-by-step explanation:

1.  **Initial Singlet State (Parahydrogen):** Parahydrogen (p-H₂) exists in a quantum mechanically entangled **singlet spin state** (S=0, antisymmetric). This state has no net magnetization in a magnetic field and is ""NMR silent"" under normal conditions.

2.  **Symmetry Breaking & Singlet Order Creation:** During hydrogenation, p-H₂ adds across an unsaturated bond (e.g., in an alkene or alkyne). If the two added hydrogen atoms become **chemically inequivalent** (i.e., they occupy magnetically distinct sites, A and B, in the product molecule), the initial singlet state is preserved *but* becomes a **""singlet order""** state. This state still lacks observable net magnetization but contains a large amount of correlated spin order.

3.  **Conversion to Observable Magnetization:** To detect the hyperpolarization, the singlet order must be converted into observable magnetization (net polarization). This is typically achieved using specialized RF pulse sequences (like PASADENA or ALTADENA protocols) or magnetic field cycling. After conversion, the two protons derived from p-H₂ (Hₐ and Hᵦ) become highly polarized, often with one strongly positive and the other strongly negative signal.

4.  **Polarization Transfer Mechanisms:** Once observable polarization exists on Hₐ and Hᵦ, it can spread to nearby protons (e.g., on the same molecule or a substrate) through:
    *   **Scalar (J-) Coupling:** This through-bond interaction allows coherent transfer of polarization via mechanisms like INEPT (Insensitive Nuclei Enhanced by Polarization Transfer) or similar pulse sequences. The strength of the J-coupling dictates the efficiency and rate of transfer.
    *   **Dipole-Dipole Coupling:** This through-space magnetic interaction facilitates polarization transfer via:
        *   **Cross-Relaxation (Nuclear Overhauser Effect - NOE):** Fluctuating dipolar interactions cause mutual spin flips. If Hₐ/Hᵦ are highly polarized, they can polarize nearby spins via this mechanism, especially significant in liquids over short distances.
        *   **Coherent Transfer:** In solids or under specific conditions, direct coherent dipolar transfer (like in solid-state NMR) can occur.
    *   **Chemical Exchange or Proton Exchange:** In systems where protons rapidly exchange (e.g., with solvent or catalyst), polarization can be physically carried to new sites.

5.  **Why Transfer Occurs:**
    *   **Relaxation Pathways:** The highly polarized spins Hₐ/Hᵦ are out of equilibrium. Spin-spin interactions (J and dipolar) provide efficient relaxation pathways for them to return to equilibrium, transferring energy (and thus polarization) to neighboring spins in the process.
    *   **Proximity and Coupling:** Nearby protons are physically close and/or chemically bonded to Hₐ/Hᵦ, enabling the magnetic interactions necessary for transfer (J-coupling or dipolar coupling).
    *   **Timescales:** If the timescales of these polarization transfer mechanisms are faster than the intrinsic spin-lattice relaxation (T₁) of Hₐ/Hᵦ or the target protons, significant transfer can occur before the hyperpolarization decays.

**In essence:** The hyperpolarization generated on the two parahydrogen-derived protons (Hₐ/Hᵦ) is a valuable source of ""spin order energy."" Spin-spin interactions (J-coupling and dipolar coupling) act as conduits, allowing this excess energy to flow to nearby coupled protons as they collectively relax towards thermal equilibrium. This transfer is crucial for amplifying the NMR signals of nuclei beyond those directly added by parahydrogen, significantly enhancing the scope and sensitivity of PHIP-based NMR and MRI applications.","The transfer occurs due to cross-relaxation caused by dipolar interactions between the initially polarized parahydrogen nuclei and nearby protons, similar to the nuclear Overhauser effect (NOE), especially when these protons are in close proximity to the hydrogenation site.",0.33619850347746466,0.8871687587067675,0.0,0.0,0.0
132,"Why is the $^{15}\mathrm{N}$ signal enhancement modulated by spin coupling constants with the optimal value of $	au$ approaching $rac{1}{\left|J_{AN}ight|}$ for all substrates?",[],"['The $^{15}\\mathrm{N}$ signal enhancement is modulated only by spin coupling constants, with the optimal value of $\tau$ approaching to $\x0crac{1}{\\left|J_{AN}\right|}$ for all substrates; see Table I. It is noteworthy that INEPT oscillations are truncated at the large values of $\tau$ ($>50\\mathrm{ms}$). This behavior is a consequence of the acquisition of the longitudinal polarization, which is efficient only if a substrate molecule does not dissociate throughout the entire INEPT polarization cycle.']","The modulation of $^{15}\mathrm{N}$ signal enhancement in para-hydrogen-induced hyperpolarization (PHIP) by spin coupling constants, with the optimal evolution time $τ \approx 1 / |J_{AN}|$, arises from the **quantum mechanical evolution of spin coherence under $J$-coupling** during the hyperpolarization transfer step. Here's a breakdown:

### 1. **Role of $J$-Coupling in PHIP**  
   - Para-hydrogen ($p$-H₂) is introduced into a substrate, where the two parahydrogen-derived protons (Hₐ, Hᵦ) become magnetically inequivalent and $J$-coupled to the $^{15}\mathrm{N}$ nucleus (denoted as $J_{AN}$, where $A$ represents the protons).  
   - During a variable delay period $τ$ (e.g., in pulse sequences like PASADENA or ALTADENA), the spin system evolves under the **scalar coupling Hamiltonian** $H = 2\pi J_{AN} I_z^{(H)} S_z^{(N)}$, where $I_z^{(H)}$ and $S_z^{(N)}$ are spin operators for protons and $^{15}\mathrm{N}$, respectively.  

### 2. **Coherence Transfer and Signal Modulation**  
   The initial parahydrogen-derived singlet state (antiparallel spin order) evolves into observable magnetization on $^{15}\mathrm{N}$ via **coherence transfer**. The efficiency of this transfer depends on:  
   - **Anti-phase coherence development**: The $J$-coupling drives oscillatory interconversion between in-phase and anti-phase spin states.  
   - **Transfer function**: The $^{15}\mathrm{N}$ signal enhancement $E$ is modulated by a trigonometric function of $J_{AN}$ and $τ$:  
     $$
     E \propto \sin\left(2\pi J_{AN} \tau\right) \cdot f(\text{other parameters})
     $$  
     This $\sin(2\pi J_{AN} \tau)$ term arises from the quantum evolution of the spin system under $J$-coupling.  

### 3. **Optimal $τ$ for Maximum Enhancement**  
   - The signal $E$ is maximized when $\sin(2\pi J_{AN} \tau) = \pm 1$, corresponding to:  
     $$
     2\pi J_{AN} \tau = \frac{\pi}{2} + k\pi \quad (k \in \mathbb{Z})
     $$  
     The **first maximum** occurs at $2\pi J_{AN} \tau = \pi/2$, simplifying to:  
     $$
     \tau_{\text{opt}} = \frac{1}{4 |J_{AN}|}
     $$  
     - However, your query cites $\tau_{\text{opt}} \approx 1 / |J_{AN}|$. This discrepancy stems from:  
       - **System-specific dynamics**: In multi-spin systems (e.g., Hₐ-Hᵦ-$^{15}\mathrm{N}$), the effective oscillation frequency may involve combinations of couplings (e.g., $|J_{\text{eff}}| \approx |J_{AN}|$ for certain substrates).  
       - **Experimental calibration**: Optimal $τ$ often approximates $1 / |J_{AN}|$ (half-period of the $\sin$ function) to balance transfer efficiency and relaxation losses. For $J_{AN}$ in Hz:  
         - Period of $\sin(2\pi J_{AN} \tau)$ is $1 / |J_{AN}|$.  
         - The first maximum is at $\tau = 1/(4|J_{AN}|)$, but **relaxation effects** (e.g., $T_2$ decay) often shift $\tau_{\text{opt}}$ toward longer times, approaching $1 / |J_{AN}|$.  

### 4. **Why This Holds for All Substrates**  
   - **$J$-coupling dependence**: The oscillation frequency in the transfer function is universally governed by $|J_{AN}|$, regardless of substrate structure.  
   - **Relaxation-dominated adjustment**: While the quantum limit predicts $\tau_{\text{opt}} = 1/(4|J_{AN}|)$, practical optimization accounts for:  
     - Signal attenuation due to $T_1$/$T_2$ relaxation.  
     - Multi-spin effects (e.g., additional couplings in complex molecules).  
     Thus, $\tau_{\text{opt}} \to 1 / |J_{AN}|$ emerges as a **robust empirical rule** to maximize net signal-to-noise before relaxation erodes hyperpolarization.  

### Summary  
The $^{15}\mathrm{N}$ enhancement is modulated by $\sin(2\pi J_{AN} \tau)$, with maxima recurring at $\tau = (2k+1)/(4|J_{AN}|)$. However, **relaxation and experimental constraints** shift the practical optimum toward $\tau \approx 1 / |J_{AN}|$ for all substrates, ensuring peak signal within the hyperpolarization lifetime.  

For precise systems, $\tau_{\text{opt}}$ should be calibrated using $J_{AN}$-values from NMR spectra, but the inverse relationship with $|J_{AN}|$ remains foundational.","The $^{15}\mathrm{N}$ signal enhancement is modulated by spin coupling constants because the application of selective $^{15}\mathrm{N}$ RF pulses at the frequency of $250\mathrm{ppm}$ excites all the NMR signals of free 5-nitroimidazoles, and the optimal value of $	au$ is determined by the spin coupling constants, approaching $rac{1}{\left|J_{AN}ight|}$ for all substrates.",0.3267206771278618,0.7023964782491027,0.0,0.0,0.0
133,How does the Rh-Rh distance measured by EXAFS compare to that measured by single-crystal X-ray diffraction?,[],"['The Rh- Rh distance of 2.64(2) A compares favorably with independently synthesized 4: EXAFS, 2.66(2) A and single- crystal X- ray diffraction, 2.6575(5) A.39']","The comparison between Rh-Rh distances measured by **EXAFS** and **single-crystal X-ray diffraction (SCXRD)** involves differences in **physical principles, sensitivity, and interpretation**. Here's a detailed comparison:

### 1. **Fundamental Differences**
   - **EXAFS**:
     - Probes *local atomic structure* (typically within 4–6 Å) around the Rh absorber.
     - Measures a **radially averaged distance** from the absorbing Rh atom to neighboring Rh atoms.
     - Sensitive to **disorder/dynamic motion** (e.g., thermal vibration, static disorder).
     - Reports distances as **pair distribution averages** (weighted by coordination number and disorder).
   - **SCXRD**:
     - Determines the **global crystal structure** by analyzing Bragg diffraction.
     - Provides **precise atomic coordinates** in the unit cell.
     - Assumes a **static, ordered lattice** (thermal motion is modeled anisotropically but averaged).

### 2. **Key Comparisons**
   - **Accuracy & Precision**:
     - **SCXRD**: Typically offers higher precision (±0.001–0.005 Å) for well-ordered crystals.
     - **EXAFS**: Moderate precision (±0.01–0.03 Å), but accuracy depends on data quality and modeling.
   - **Sensitivity to Disorder**:
     - EXAFS captures **distance distributions** (e.g., for flexible clusters or solution dynamics).
     - SCXRD may ""smear"" disorder into thermal parameters or miss it entirely if static.
   - **Environment**:
     - EXAFS can study **solutions, amorphous solids, or catalysts under operando conditions**.
     - SCXRD requires **high-quality single crystals**, limiting applicability to crystalline solids.

### 3. **Typical Discrepancies & Causes**
   - **Shorter Distances in EXAFS**:  
     If Rh-Rh bonds exhibit dynamic ""breathing"" or disorder, EXAFS may report a shorter **weighted average** due to the \( \frac{1}{r^2} \) dependence in EXAFS theory.
   - **Longer Distances in SCXRD**:  
     Static disorder or thermal motion can elongate distances in XRD models.
   - **Systematic Offsets**:  
     EXAFS phase shifts may introduce small errors (±0.02 Å). SCXRD distances rely on electron density models (e.g., independent atom model).

### 4. **Hyperpolarization Context**
   For Rh-based catalysts in para-hydrogen-induced hyperpolarization:
   - **EXAFS** reveals solution-state structures under catalytic conditions (e.g., Rh dimer dynamics during H₂ activation).
   - **SCXRD** provides the ""idealized"" geometry of synthesized precursors but may not reflect active species.

### 5. **Consensus & Validation**
   - Agreement within **0.01–0.05 Å** is typical for well-defined systems.
   - Larger discrepancies (>0.1 Å) suggest:
     - Significant disorder (EXAFS sees a shorter effective distance).
     - Crystal packing effects (SCXRD).
     - Different sample states (e.g., solution vs. crystal).

### Summary
| **Aspect**               | **EXAFS**                                  | **SCXRD**                                  |
|---------------------------|--------------------------------------------|--------------------------------------------|
| **Rh-Rh Distance**        | Radial average, disorder-sensitive         | Modeled from electron density              |
| **Precision**             | Moderate (±0.01–0.03 Å)                    | High (±0.001–0.005 Å)                      |
| **Sample Requirements**   | Solutions, powders, *operando* conditions | High-quality single crystals               |
| **Disorder Detection**    | Excellent (distribution widths)            | Limited (modeled as thermal motion)        |
| **Relevance to Catalysis**| Captures solution dynamics                 | Shows static precursor geometry            |

In practice, **combining both techniques** resolves ambiguities: SCXRD gives a structural baseline, while EXAFS validates solution behavior under catalytic conditions. Discrepancies >0.05 Å warrant investigation into dynamic effects or sample differences.",The Rh-Rh distance measured by EXAFS (2.66(2) Å is slightly larger than that measured by single-crystal X-ray diffraction (2.6575(5) Å).,0.48313103381690553,0.9105150015978412,0.0,0.0,0.0
134,Why does polarization first increase and then decrease upon increase of $W_{\mathrm{a}}$ and $k_{\mathrm{d}}$ at a constant ratio of rates?,[],"['Upon increase of $W_{\\mathrm{a}}$ and $k_{\\mathrm{d}}$ (at a constant ratio of rates, $W_{\\mathrm{a}} / k_{\\mathrm{d}}$), polarization first increases and then decreases (Fig. 3). The reason for such a dependency is the interference of the exchange processes with spin mixing at the LAC. At the center of the LAC, the mixing frequency is minimal (equal to $\\omega_{\\mathrm{LAC}}$) but the mixing amplitude is maximal. Consequently, the maximal polarization is always formed at $B_{\\mathrm{p}} = B_{\\mathrm{LAC}}$ but the mixing efficiency becomes suppressed when $\\omega_{\\mathrm{LAC}} \\ll k_{\\mathrm{d}}$.']","The non-monotonic behavior of polarization with increasing $W_{\mathrm{a}}$ and $k_{\mathrm{d}}$ at a **constant ratio** $W_{\mathrm{a}}/k_{\mathrm{d}}$ (which defines the equilibrium constant $K = W_{\mathrm{a}}/k_{\mathrm{d}}$) arises from the competition between spin order transfer kinetics and spin relaxation within the metal complex. Here's a breakdown of the mechanism:

1.  **The Critical Rates & Relaxation ($R$):** The key player is the intrinsic spin relaxation rate ($R$) of the hyperpolarized protons *while bound* to the metal complex (in the $\ce{H2}$ adduct or alkyl hydride intermediate). $R$ is typically slow compared to chemical rates but finite.

2.  **Polarization Generation:** Observable polarization arises from the transfer of the initial para-H₂ singlet spin order into observable magnetization (often via SOT - Spin Order Transfer). This transfer primarily occurs *during the dissociation step* ($k_{\mathrm{d}}$) of the hydrogenated product from the catalyst. The efficiency depends on how well the spin order is preserved during the bound lifetime.

3.  **Effect of Increasing Rates ($W_{\mathrm{a}}$ and $k_{\mathrm{d}}$) at Constant $K$:**
    *   **Increasing $k_{\mathrm{d}}$ (Faster Dissociation):** This *shortens the average lifetime* ($\tau = 1/k_{\mathrm{d}}$) that the hyperpolarized molecule spends bound to the metal complex.
    *   **Increasing $W_{\mathrm{a}}$ (Faster Association):** This ensures the substrate concentration stays saturated despite faster dissociation, maintaining the same equilibrium concentration of the bound complex (since $K = W_{\mathrm{a}}/k_{\mathrm{d}}$ is constant).

4.  **The Competition: Kinetics vs. Relaxation:**
    *   **Low $k_{\mathrm{d}}$ (Long Bound Lifetime):** When $k_{\mathrm{d}}$ is much smaller than $R$ ($k_{\mathrm{d}} \ll R$), the bound lifetime ($1/k_{\mathrm{d}}$) is long. This gives *ample time for spin relaxation ($R$)* to destroy the precious para-H₂ spin order *before* dissociation can occur and convert it into observable magnetization. Result: **Low Polarization.**
    *   **Optimal $k_{\mathrm{d}}$:** As $k_{\mathrm{d}}$ increases (bound lifetime decreases), it approaches and becomes comparable to $R$ ($k_{\mathrm{d}} \approx R$). Now, dissociation happens *fast enough* that a significant fraction of the complexes dissociate *before* their spin order is relaxed. However, the lifetime is still long enough for the spin order transfer process (SOT) during dissociation to be efficient. Result: **Maximum Polarization.**
    *   **High $k_{\mathrm{d}}$ (Very Short Bound Lifetime):** When $k_{\mathrm{d}}$ becomes much larger than $R$ ($k_{\mathrm{d}} \gg R$), the bound lifetime ($1/k_{\mathrm{d}}$) is extremely short. Relaxation ($R$) has *insufficient time* to destroy the spin order (good). *However*, the spin order transfer process *itself* (SOT) requires a finite amount of time to occur effectively. If dissociation happens *too rapidly*, there is *insufficient time during the dissociation event* for the coherent spin order transfer (e.g., coherent mixing with metal spins or J-couplings) to fully convert the singlet order into observable magnetization. Result: **Polarization Decreases.**

5.  **Role of Constant $K$:** Keeping $W_{\mathrm{a}}/k_{\mathrm{d}}$ constant ensures that the *equilibrium concentration* of the bound complex doesn't change. The observed effect is purely due to the kinetic rates ($k_{\mathrm{d}}$ and $W_{\mathrm{a}}$) relative to the relaxation rate ($R$) and the intrinsic time scale of the SOT process, *not* a shift in equilibrium populations.

**In essence:** The initial increase in polarization is due to dissociation becoming fast enough to outpace relaxation losses. The subsequent decrease occurs because dissociation becomes *so fast* that it outpaces the spin order transfer process itself. There is a ""Goldilocks zone"" for $k_{\mathrm{d}}$ (and consequently $W_{\mathrm{a}}$, since their ratio is fixed) where the bound lifetime is just right: long enough for efficient SOT during dissociation, but short enough to minimize relaxation losses. The peak occurs roughly when $k_{\mathrm{d}} \approx R$.","The reason for this dependency is the interference of the exchange processes with spin mixing at the LAC. At the center of the LAC, the mixing frequency is minimal (equal to $\omega_{\mathrm{LAC}}$) but the mixing amplitude is maximal. Consequently, the maximal polarization is always formed at $B_{\mathrm{p}} = B_{\mathrm{LAC}}$ but the mixing efficiency becomes suppressed when $\omega_{\mathrm{LAC}} \ll k_{\mathrm{d}}$.",0.1545100452877355,0.8521565840216955,0.0,0.0,0.0
135,Why does the addition of NaCl significantly increase the signal gain and improve aqueous pz loading in the described experiment?,[],"['The effect of this change was dramatic with the resulting signal gain increasing to $790\\pm 20$ fold $2.5\\%$ polarization) per proton after 10 seconds when phase separation is achieved. We used UV monitoring to compare the rate of transfer of pz from $\\mathrm{H}_2\\mathrm{O}$ into $\\mathrm{CHCl}_3$ in the presence $(0.16\\%$ w/v) and absence of $\\mathrm{NaCl}$ and observed an approximate 4- fold increase, which means the reverse process is also accelerated. In this case, phase-separation occurs significantly faster than the relaxation of the hyperpolarized pz response.']","The significant signal gain and improved aqueous parahydrogen (p-H₂) loading observed with NaCl addition in PHIP experiments stems from two key mechanisms:

1.  **Oxygen Scavenging (Primary Mechanism):**
    *   Dissolved oxygen (O₂) is a potent relaxation agent for hyperpolarized spin states due to its paramagnetic nature. It drastically shortens nuclear spin relaxation times (T₁ and T₂), causing rapid decay of the hyperpolarized signal.
    *   Chloride ions (Cl⁻) present in NaCl can react with reactive oxygen species (ROS) like superoxide (O₂⁻•) and hydroxyl radicals (•OH), which are often generated in solution or catalyzed by the hydrogenation catalyst. These ROS are *even more potent* relaxants than O₂ itself.
    *   Cl⁻ acts as a radical scavenger/trap:
        *   `Cl⁻ + •OH → Cl• + OH⁻`
        *   `Cl⁻ + O₂⁻• (+ 2H⁺) → Cl• + H₂O₂` (indirectly, via protonation steps)
    *   While chlorine radicals (Cl•) are also paramagnetic, they are typically less efficient relaxants for protons than the ROS they consume, and they often react further or dimerize (Cl₂⁻•).
    *   **Net Effect:** Adding NaCl reduces the effective concentration of the most potent paramagnetic relaxation agents (ROS) in the solution. This significantly prolongs the lifetimes (T₁ and T₂) of the hyperpolarized spin states generated by the p-H₂ reaction. Longer lifetimes allow for:
        *   **Increased Signal Gain:** More hyperpolarized magnetization survives to be detected.
        *   **Improved Aqueous p-H₂ Loading:** The slower relaxation gives more time for the parahydrogen-derived spin order to be efficiently transferred to the substrate molecule during the hydrogenation reaction and potentially for subsequent polarization transfer steps (like SABRE or signal amplification by reversible exchange).

2.  **Ionic Strength Effects (Secondary Contributor):**
    *   Increasing ionic strength (by adding NaCl) compresses the electrical double layer around charged molecules.
    *   If the catalyst (e.g., a charged metal complex) and/or the substrate have ionic character, higher ionic strength can:
        *   Reduce electrostatic repulsion between catalyst and substrate, potentially improving association kinetics.
        *   Modulate the solubility or aggregation state of hydrophobic catalysts or substrates.
    *   **Net Effect:** While less critical than O₂ scavenging, optimized ionic strength can enhance the efficiency of the hydrogenation reaction itself (the step where p-H₂ adds to the substrate and transfers spin order), contributing to overall signal gain and loading efficiency.

**In Summary:** The primary reason NaCl boosts signal and p-H₂ loading in aqueous PHIP is that chloride ions act as efficient scavengers of highly paramagnetic reactive oxygen species (ROS), dramatically reducing their concentration and thus significantly prolonging the lifetime of the hyperpolarized spin states. The increase in ionic strength can also play a secondary, supportive role by optimizing catalyst-substrate interactions. This combined effect makes NaCl a simple and effective additive for improving the performance of aqueous PHIP experiments.","The addition of NaCl increases the signal gain and improves aqueous pz loading because it accelerates the transfer rate of pz from H2O into CHCl3 by approximately 4-fold, as observed through UV monitoring. This acceleration also means the reverse process is similarly enhanced. Additionally, NaCl facilitates faster phase-separation, which occurs significantly faster than the relaxation of the hyperpolarized pz response, thereby retaining more pz in the aqueous phase.",0.3881814401607286,0.8294252433105735,0.0,0.0,0.0
136,Why does deuterium not significantly affect the $^{13}\mathrm{C - 1}$ $T_{\mathrm{b}}$ and $T_{1}$ values in the context of exchangeable substrate deuteration?,[],"['Deuterium is a quadrupolar nucleus that may potentially act as a source of relaxation for the nearby spins due to enhanced scalar relaxation of the second kind. Therefore, potentially deleterious effects of deuterium on $^{13}\\mathrm{C - 1}$ $T_{1}$ (and by extension, on the maximum attainable $P_{13\\mathrm{C - 1}}$ due to the increased rate of spin destruction) may be expected in a manner similar to that observed for $^{15}\\mathrm{N}$ $T_{1}$ relaxation arising from $^{15}\\mathrm{N} - ^{14}\\mathrm{N}$ two- bond interactions (where $^{14}\\mathrm{N}$ spins act as quadrupolar relaxation sinks). We rationalize the above observation by the negligible strength of the relevant interactions over three ($^{13}\\mathrm{C - C - C - D}$) chemical bonds.']","In the context of **exchangeable substrate deuteration** (e.g., replacing labile H in **–OH**, **–NH**, or **–SH** groups with D), deuterium does **not** significantly affect the $^{13}\mathrm{C}$ longitudinal relaxation times ($T_1$) or build-up times ($T_{\mathrm{b}}$) for the following reasons:

1.  **Dominant Relaxation Mechanisms for $^{13}\mathrm{C}$:**
    *   The primary relaxation mechanisms for protonated $^{13}\mathrm{C}$ nuclei are:
        *   **Dipole-Dipole (DD) Coupling:** Interaction with directly bonded $^{1}\mathrm{H}$ nuclei. This is usually the strongest mechanism.
        *   **Chemical Shift Anisotropy (CSA):** Especially significant at high magnetic fields or for carbons in rigid/unsaturated environments.
        *   **Scalar Coupling (J-modulation):** Less dominant for $T_1$ but can affect $T_{\mathrm{b}}$ in hyperpolarization transfer schemes like PHIP.
        *   **Spin-Rotation (SR):** More relevant in small, rapidly tumbling molecules/gases.

2.  **Impact of Deuteration on Exchangeable Sites:**
    *   Exchangeable protons (H in -OH, -NH, -SH) are **not directly bonded to the $^{13}\mathrm{C}$ nucleus** under observation. They are typically separated by one or more bonds (e.g., $^{13}\mathrm{C}$-OH, $^{13}\mathrm{C}$-NH).
    *   **Dipole-Dipole Relaxation:** The efficiency of DD relaxation depends critically on the **distance** ($r$) and the **gyromagnetic ratio** ($\gamma$) of the interacting spins ($T_1^{-1} \propto \gamma_H^2 \gamma_C^2 r_{CH}^{-6}$ for $^{1}\mathrm{H}$-$^{13}\mathrm{C}$).
        *   **Reduced $\gamma$:** Deuterium ($^2\mathrm{H}$) has a gyromagnetic ratio ($\gamma_D$) approximately **6.5 times smaller** than that of $^{1}\mathrm{H}$ ($\gamma_H$). Since DD relaxation scales with $\gamma^2$, replacing $^{1}\mathrm{H}$ with $^{2}\mathrm{H}$ at an exchangeable site reduces the *potential* DD contribution to $^{13}\mathrm{C}$ relaxation by a factor of roughly **($\gamma_D / \gamma_H$)$^2 \approx (1/6.5)^2 \approx 1/42$**.
        *   **Increased Distance:** The $^{13}\mathrm{C}$ nucleus is closer to the carbon/heteroatom it's directly bonded to than to the exchangeable proton/deuteron. The DD interaction strength drops off as $r^{-6}$. Even a slight increase in effective distance (H vs. D bond length difference is minimal) makes this contribution weak.
    *   **Scalar Relaxation:** J-coupling between $^{13}\mathrm{C}$ and an exchangeable $^{1}\mathrm{H}$ is usually small due to multiple bond separation. Replacing $^{1}\mathrm{H}$ with $^{2}\mathrm{H}$ changes the J-coupling constant, but since the coupling was weak to begin with and $^{2}\mathrm{H}$ relaxes very rapidly via its quadrupole mechanism (effectively decoupling it), the impact on $^{13}\mathrm{C}$ $T_1$ is negligible.
    *   **Chemical Shift Anisotropy (CSA):** Deuteration of exchangeable sites has **no direct effect** on the CSA of the $^{13}\mathrm{C}$ nucleus itself.
    *   **Spin-Rotation (SR):** Deuteration might slightly alter molecular tumbling, but this effect is indirect, small, and unlikely to be significant for $T_1$/$T_{\mathrm{b}}$ of carbons not directly involved in the exchange.

3.  **Key Conclusion:**
    The **dominant relaxation pathways** for most $^{13}\mathrm{C}$ nuclei are interactions with **non-exchangeable protons directly bonded to them or nearby** (DD), or CSA. Exchangeable protons are too distant and/or their magnetic influence is too weak (especially after deuteration) to contribute significantly to these relaxation mechanisms. Replacing them with deuterium removes an already negligible relaxation pathway, resulting in **no significant change** in the observed $^{13}\mathrm{C}$ $T_1$ or $T_{\mathrm{b}}$.

**In contrast:** Deuteration of **non-exchangeable protons directly bonded to $^{13}\mathrm{C}$** (e.g., $-^{13}\mathrm{CH}_3 \rightarrow -^{13}\mathrm{CD}_3$) has a **dramatic effect** on $T_1$/$T_{\mathrm{b}}$. This is because it removes the very strong DD relaxation pathway provided by the directly bonded high-$\gamma$ $^{1}\mathrm{H}$ nuclei, significantly lengthening the relaxation times.","The negligible strength of the relevant interactions over three chemical bonds ($^{13}\mathrm{C - C - C - D}$) means that deuterium does not act as a significant source of relaxation for nearby spins, thus not affecting the $^{13}\mathrm{C - 1}$ $T_{\mathrm{b}}$ and $T_{1}$ values.",0.3026021467446079,0.8804861713715638,0.0,0.0,0.0
137,Why does the ${}^{119}\mathrm{Sn}$ signal receive its polarization indirectly via the ${}^{1}\mathrm{H}$ polarization of $\mathbf{A}_{\mathrm{Sn}}$ rather than through a direct route?,[],"['In this case, the ${}^{119}\\mathrm{Sn}$ response receives its polarisation indirectly via the ${}^{1}\\mathrm{H}$ polarisation of $\\mathbf{A}_{\\mathrm{Sn}}$ rather than through a direct route as exemplified recently by Theis et al. for ${}^{15}\\mathrm{N}^{22}$ and Koptyug for ${}^{31}\\mathrm{P}$.']","The indirect polarization transfer to ${}^{119}\mathrm{Sn}$ via the attached protons ($\mathbf{A}_{\mathrm{Sn}}$, typically $\ce{^{119}Sn-^1H}$ groups) in para-hydrogen-induced hyperpolarization (PHIP) is favored over a direct route due to two key physical principles:

1.  **Gyromagnetic Ratio ($\gamma$) Advantage:**
    *   The proton ($^1\mathrm{H}$) has the largest gyromagnetic ratio ($\gamma_{\mathrm{H}}$) among common NMR-active nuclei.
    *   The gyromagnetic ratio of ${}^{119}\mathrm{Sn}$ ($\gamma_{\mathrm{Sn}}$) is significantly smaller ($\gamma_{\mathrm{Sn}} \approx -0.37 \gamma_{\mathrm{H}}$).
    *   **Why it matters:** The efficiency of coherent polarization transfer mechanisms (like those in PHIP, e.g., PASADENA, ALTADENA, or SABRE) depends strongly on the **square of the ratio of the gyromagnetic ratios** ($(\gamma_{\mathrm{rec}} / \gamma_{\mathrm{src}})^2$).
    *   Transferring polarization *directly* from $\ce{p-H2}$ (source, $\gamma_{\mathrm{H}}$) to ${}^{119}\mathrm{Sn}$ (recipient, $\gamma_{\mathrm{Sn}}$) would have an efficiency proportional to $(\gamma_{\mathrm{Sn}} / \gamma_{\mathrm{H}})^2 \approx 0.14$. This represents a **substantial loss**.
    *   Transferring polarization *first* to the directly attached protons $\mathbf{A}_{\mathrm{Sn}}$ (which also have $\gamma_{\mathrm{H}}$) is much more efficient. The efficiency for $^1\mathrm{H} \rightarrow ^1\mathrm{H}$ transfer (e.g., between the two $\ce{p-H2}$ derived H atoms) is proportional to $(\gamma_{\mathrm{H}} / \gamma_{\mathrm{H}})^2 = 1$ (ideal). Subsequent transfer from these protons ($\gamma_{\mathrm{H}}$) to ${}^{119}\mathrm{Sn}$ ($\gamma_{\mathrm{Sn}}$) still only suffers the $(\gamma_{\mathrm{Sn}} / \gamma_{\mathrm{H}})^2 \approx 0.14$ factor. The initial high-efficiency step to the protons makes the overall indirect path **more favorable**.

2.  **Scalar Coupling ($J$) Network:**
    *   In the hydrogenation product, the two hydrogen atoms originating from $\ce{p-H2}$ are usually **strongly coupled to each other** ($J_{\mathrm{HH}}$ large) and often also **strongly coupled to the protons directly attached to the Sn atom** ($\mathbf{A}_{\mathrm{Sn}}$, $J_{\mathrm{HH}}$ large).
    *   The direct scalar coupling between the $\ce{p-H2}$ derived H atoms and the ${}^{119}\mathrm{Sn}$ nucleus ($J_{\mathrm{HSn}}$) is often significantly **smaller** than the $J_{\mathrm{HH}}$ couplings.
    *   **Why it matters:** Coherent polarization transfer mechanisms (like INEPT, used conceptually in PHIP variants) rely on scalar coupling ($J$) to mediate the transfer. The rate and efficiency of transfer are proportional to the magnitude of the relevant $J$-coupling.
    *   The strong $J_{\mathrm{HH}}$ couplings provide a very efficient pathway to transfer the initial $\ce{p-H2}$ singlet order/significant polarization to the $\mathbf{A}_{\mathrm{Sn}}$ protons.
    *   The subsequent transfer from these $\mathbf{A}_{\mathrm{Sn}}$ protons to the ${}^{119}\mathrm{Sn}$ nucleus they are directly bonded to leverages the relatively **large one-bond $^1J_{\mathrm{HSn}}$ coupling**, which is typically much larger than any potential $^2J_{\mathrm{HSn}}$ or $^3J_{\mathrm{HSn}}$ coupling between the $\ce{p-H2}$ derived H atoms and the Sn nucleus. This makes the relayed path via $\mathbf{A}_{\mathrm{Sn}}$ **faster and more efficient** than a slower, weaker direct path.

**In Summary:**

The indirect route $\ce{p-H2 \rightarrow} $ adjacent protons $\ce{ \rightarrow }$ $\mathbf{A}_{\mathrm{Sn}}$ protons $\ce{ \rightarrow }$ ${}^{119}\mathrm{Sn}$ is preferred because:

1.  It maximizes the use of the large $\gamma_{\mathrm{H}}$ for the initial critical transfer steps, minimizing losses inherent in transferring directly to the low-$\gamma$ ${}^{119}\mathrm{Sn}$ nucleus early on.
2.  It follows the network of strong scalar couplings ($J_{\mathrm{HH}}$ and large $^1J_{\mathrm{HSn}}$), ensuring faster and more efficient coherent transfer compared to relying on potentially weak direct $J_{\mathrm{HSn}}$ couplings.

This relay mechanism is a fundamental aspect of many PHIP experiments targeting heteronuclei like ${}^{13}\mathrm{C}$, ${}^{15}\mathrm{N}$, ${}^{31}\mathrm{P}$, and ${}^{119}\mathrm{Sn}$, where the high polarization of parahydrogen is most efficiently harnessed through the attached protons. The ${}^{119}\mathrm{Sn}$ nucleus benefits from the high polarization delivered to its directly bonded protons via the efficient H-to-H transfer network.","The ${}^{119}\mathrm{Sn}$ signal receives its polarization indirectly via the ${}^{1}\mathrm{H}$ polarization of $\mathbf{A}_{\mathrm{Sn}}$ because this indirect route is more efficient or favorable under the given conditions, as exemplified by the signal enhancements and SNR values observed in the experiment.",0.3692942952307345,0.789903764340855,0.0,0.0,0.0
138,Why was the signal enhancement factor for the carbonyl carbon nuclei of the methoxy group so substantial?,[],"['In this case, the polarization stemming from $p\\mathrm{- H}_2$ was transferred to all $^{13}\\mathrm{C}$-nuclei of the hydrogenation product and the amount of polarization was substantial. The signal enhancement (SE) factor for the carbonyl carbon nuclei of the methoxy group exceeded 2580 corresponding to a signal-to-noise ratio of 300.']","The substantial signal enhancement factor for the carbonyl carbon nuclei in methoxy-containing compounds (e.g., esters like methyl acrylate derivatives) under para-hydrogen-induced hyperpolarization (PHIP) arises from a combination of **spin dynamics, relaxation properties, and molecular structure**. Here’s a breakdown of the key factors:

### 1. **Long \( T_1 \) Relaxation Time of Carbonyl Carbons**
   - Carbonyl carbons (\( \text{C=O} \)) are **quaternary nuclei** (no directly attached protons), resulting in very slow **spin-lattice relaxation** (\( T_1 \)).
   - Slow \( T_1 \) decay allows hyperpolarization to persist longer during detection, amplifying the signal relative to rapidly relaxing protons.
   - *Contrast*: Nearby protons (e.g., \( \text{CH}_3 \) or \( \text{CH}_2 \) groups) relax faster due to dipole-dipole interactions, diminishing their enhancement over time.

### 2. **Efficient Polarization Transfer via J-Coupling Networks**
   - After para-hydrogenation (e.g., of vinyl or alkyne groups), hyperpolarization transfers to \( ^{13}\text{C} \) via **J-couplings**.
   - Carbonyl carbons often exhibit **significant \( J_{\text{CH}} \) couplings** (e.g., \( ^2J \approx 5-6 \, \text{Hz} \), \( ^3J \approx 3-4 \, \text{Hz} \)) to protons near the hyperpolarized site (e.g., \( \alpha\text{-CH}_2 \) protons in hydrogenated acrylates).
   - Example: In hydrogenated methyl acrylate (\( \text{CH}_3\text{-O-C(O)-CH}_2\text{-CH}_3 \)), polarization flows:
     - Para-hydrogen → β-CH\(_2\) protons → (via \( ^2J_{\text{HH}} \)) α-CH\(_2\) protons → (via \( ^2J_{\text{CH}} \) or \( ^3J_{\text{CH}} \)) carbonyl carbon.
   - Strong/medium couplings enable efficient relayed polarization transfer.

### 3. **Proximity to Hyperpolarized Protons**
   - In molecules like methyl propanoate (\( \text{CH}_3\text{CH}_2\text{C(O)OCH}_3 \)), the carbonyl carbon is **only 2–3 bonds away** from hyperpolarized protons after hydrogenation.
   - Short distances facilitate:
     - **Through-bond polarization transfer** (J-couplings).
     - **Cross-relaxation** (e.g., NOE effects) in some cases.

### 4. **Low Thermal Background Signal**
   - Natural abundance \( ^{13}\text{C} \) signals are intrinsically weak (due to low gyromagnetic ratio and 1.1% abundance).
   - Hyperpolarization boosts the signal by **10,000–100,000×**, making carbonyl carbons—which normally require long signal-averaging—appear dramatically enhanced.

### 5. **Minimal Relaxation During Transfer**
   - PHIP experiments often use **pulse sequences** (e.g., reverse INEPT) to rapidly transfer polarization from \( ^1\text{H} \) to \( ^{13}\text{C} \).
   - The carbonyl carbon’s long \( T_1 \) ensures minimal polarization loss during this transfer, maximizing the detected signal.

### Practical Example: Methyl Acrylate Hydrogenation
- **Substrate**: \(\text{CH}_2=\text{CH-C(O)OCH}_3\)  
- **After para-hydrogenation**: \(\text{CH}_3\text{-CH}_2\text{-C(O)OCH}_3\)  
- **Hyperpolarized protons**: β-CH\(_2\) (directly from para-hydrogen addition).  
- **Polarization transfer to carbonyl**:  
  - β-CH\(_2\) → α-CH\(_2\) (via \( ^2J_{\text{HH}} \)) → carbonyl carbon (via \( ^2J_{\text{CH}} \approx 5 \, \text{Hz} \)).  
- **Result**: 10,000–50,000× signal enhancement for the carbonyl carbon, far exceeding enhancements for protons or other carbons.

### Summary
The exceptional enhancement stems from the **synergy of slow relaxation (\( T_1 \)) and efficient J-coupling-mediated polarization transfer** from hyperpolarized protons to the carbonyl carbon. This makes carbonyl groups—despite their lack of attached protons—ideal targets for PHIP-based hyperpolarization in NMR spectroscopy.",The substantial signal enhancement was due to the transfer of polarization from $p\mathrm{- H}_2$ to all $^{13}\mathrm{C}$-nuclei of the hydrogenation product.,0.27978354963127106,0.7792454550951752,0.0,0.0,0.0
139,What property makes nanostructures potentially suitable for MRI applications?,[],"['In recent developments, a combination approach of SEOP and DNP has been used to achieve 13C hyperpolarization in NDs which then show long T1 sufficient for potential MRI applications. First images using NDs have already been recorded in postmortem mouse models thus illustrating that NDs are a promising candidate for MRI applications.']","Nanostructures are particularly promising for MRI applications primarily due to their **extremely high surface area-to-volume ratio**. This property enables efficient **para-hydrogen-induced hyperpolarization** (PHIP) and its variant SABRE (Signal Amplification By Reversible Exchange), leading to dramatically enhanced MRI signals. Here's why this is crucial:

1.  **Efficient Catalyst Hosting:**
    *   PHIP/SABRE require metal catalysts (e.g., Ir, Ru complexes) to transfer polarization from para-hydrogen to target molecules.
    *   Nanostructures (e.g., mesoporous silica nanoparticles, metal-organic frameworks, carbon nanotubes) provide vast surface areas.
    *   This allows high catalyst loading density, maximizing the number of catalytic sites available per particle.

2.  **Concentrated Polarization Transfer:**
    *   The target molecules (substrates) needing hyperpolarization must interact with the catalyst and para-hydrogen.
    *   High surface area allows substrates to be concentrated near the catalyst sites immobilized on the nanostructure.
    *   This proximity significantly enhances the efficiency and speed of polarization transfer.

3.  **Hyperpolarization of Heteronuclei:**
    *   While traditional MRI detects protons (`¹H`), PHIP/SABRE are excellent at hyperpolarizing other nuclei like `¹³C` or `¹⁵N`.
    *   Nanostructures can be functionalized to bind specific `¹³C`- or `¹⁵N`-labeled biomolecules (e.g., metabolites, drugs) near the catalyst, enabling their efficient hyperpolarization for highly sensitive heteronuclear MRI/MRS.

4.  **Protection & Stability:**
    *   Encapsulating the sensitive catalyst complex within porous nanostructures can shield it from deactivation by oxygen or other biological components, improving stability.

5.  **Multifunctional Platforms:**
    *   The large surface allows co-functionalization:
        *   **Targeting Ligands:** For specific accumulation at disease sites (e.g., tumors).
        *   **Imaging Payloads:** Other contrast agents (e.g., Gd³⁺ for `¹H` MRI) or fluorescent dyes.
        *   **Therapeutic Agents:** For theranostic applications (diagnosis + therapy).
    *   This creates ""all-in-one"" agents delivering hyperpolarized signal *specifically* to the region of interest.

6.  **Delivery Vehicles:**
    *   Nanostructures can act as carriers, protecting the often short-lived hyperpolarized state during delivery to the target site within the body.

**In essence:** The massive surface area of nanostructures maximizes the interaction between immobilized catalysts, para-hydrogen gas, and target substrate molecules. This spatial confinement and concentration are key to achieving highly efficient hyperpolarization, which translates to massively amplified, background-free MRI signals for early disease detection, metabolic imaging, and targeted molecular imaging with unprecedented sensitivity. This addresses the fundamental sensitivity limitation of conventional MRI.",Nanostructures can exhibit long T1 relaxation times sufficient for potential MRI applications.,0.1633551375558307,0.9412950169865807,0.0,0.0,0.0
140,Why was it long believed that PHIP effects cannot be observed with heterogeneous metal catalysts?,[],"['At the same time, it was long believed that the PHIP effects cannot be observed with heterogeneous metal catalysts22 since a rapid loss of spin correlation was expected upon dissociative chemisorption of a  $\\mathrm{p - H_2}$  molecule on the catalyst surface.']","The long-standing belief that PHIP (Para-Hydrogen Induced Polarization) effects couldn't be observed with **heterogeneous metal catalysts** stemmed from two fundamental challenges inherent to solid surfaces:

1.  **Loss of Spin Correlation/Symmetry Breaking:**
    *   **Homogeneous Catalyst Advantage:** In soluble organometallic complexes (homogeneous catalysts), para-hydrogen (p-H₂) typically adds *synergistically* across a substrate bound to a single, well-defined metal center in a symmetric fashion (e.g., pairwise addition). This pairwise addition preserves the spin order (singlet state) of the p-H₂ molecule into the nascent hydrogenated product, making the hyperpolarization detectable via NMR.
    *   **Heterogeneous Catalyst Problem:** Heterogeneous catalysts involve metal surfaces (e.g., nanoparticles, supported metals) with numerous, often ill-defined, active sites. It was assumed that:
        *   Hydrogen dissociates readily on the metal surface into individual H atoms.
        *   These H atoms diffuse randomly across the surface.
        *   Hydrogenation occurs via the *stepwise, random addition* of these individual H atoms from the surface ""pool"" to the adsorbed substrate molecule.
    *   This random, stepwise addition mechanism completely scrambles the initial spin order of the p-H₂ molecule. The two H atoms ending up in the product molecule would originate from *different* p-H₂ molecules (or even from H₂O impurities), destroying any correlated singlet state needed for observable PHIP.

2.  **Rapid Nuclear Spin Relaxation:**
    *   Even *if* a pairwise addition event preserving spin order occurred transiently at a specific surface site, it was strongly suspected that interactions between the nascent product protons and the paramagnetic sites, conduction electrons, or strong fluctuating magnetic fields present on metal surfaces would cause extremely rapid relaxation (loss) of the hyperpolarization (T₁ relaxation).
    *   This relaxation would occur far too quickly (on the microsecond timescale or faster) for the polarized product to desorb, diffuse into the solution, and be detected in the NMR spectrometer (which operates on millisecond to second timescales).

**Summary of the Prevailing Viewpoint:**

Researchers reasoned that the dominant mechanism on metal surfaces (random H addition from a dissociated pool) inherently destroyed the spin correlation, and even rare pairwise events would lose polarization instantly due to surface relaxation. Therefore, observing the PHIP effect with heterogeneous catalysts seemed fundamentally impossible based on the known properties of metal surfaces and the mechanism of heterogeneous hydrogenation.

**The Paradigm Shift:**

This belief persisted until around **2009**, when groundbreaking work primarily by **Simon Duckett's group** demonstrated that PHIP *could* indeed be observed using **supported metal nanoparticles** (specifically, Rh and Ir nanoparticles). This breakthrough required:

1.  **Careful Catalyst Selection/Preparation:** Using specific metals (Rh, Ir) and small nanoparticles where certain types of surface sites might favor pairwise addition or preserve spin correlation longer.
2.  **Optimized Reaction Conditions:** Ensuring efficient substrate adsorption/desorption near active sites.
3.  **Detection of Surface Species:** Using techniques like PASADENA (direct detection of the reaction intermediate/product *before* it desorbs and relaxes) or very fast transfer methods to solution-state NMR.

The discovery showed that under specific conditions, pairwise addition *can* occur on certain heterogeneous catalysts, and the relaxation, while fast, is not always instantaneous on the timescale of the surface reaction and product desorption. This opened the field of **Heterogeneous Para-Hydrogen Induced Polarization (HET-PHIP)**.",It was long believed that PHIP effects cannot be observed with heterogeneous metal catalysts because a rapid loss of spin correlation was expected upon dissociative chemisorption of a p-H2 molecule on the catalyst surface.,0.2834086655423891,0.9871579467517299,0.0,0.0,0.0
141,Why are there polarization losses for the H13CO3-/13CO2 sensor?,[],"['It is important to note that the polarization losses for the H13CO3-/13CO2 sensor can be attributed mainly to relaxation effects (T1, 54.3 for H13CO3- and 49.0 s for 13CO2), which could be further improved in the future by optimized reactions in an automatized setup.']","Polarization losses in hyperpolarized H<sup>13</sup>CO<sub>3</sub><sup>-</sup>/<sup>13</sup>CO<sub>2</sub> sensors using *para*-hydrogen-induced polarization (PHIP) arise from several intrinsic factors related to the physics of hyperpolarization and the sensor's operation:

1.  **Spin-Lattice Relaxation (T<sub>1</sub> decay):**
    *   **The Core Issue:** Hyperpolarization represents a non-equilibrium state. Nuclear spins naturally relax back to their thermal equilibrium polarization via interactions with their environment (lattice). This process is characterized by the T<sub>1</sub> relaxation time.
    *   **Impact:** The hyperpolarized signal decays exponentially with time constant T<sub>1</sub>. For <sup>13</sup>C nuclei in small molecules like CO<sub>2</sub>/HCO<sub>3</sub><sup>-</sup>, T<sub>1</sub> values typically range from 10s to 60s at common field strengths, though they can be shorter depending on temperature, pH, dissolved oxygen, and paramagnetic impurities. **Any delay** between generating the hyperpolarization, delivering it to the sample, allowing the enzymatic reaction (if used), and performing the NMR/MRS measurement results in irreversible signal loss due to T<sub>1</sub> decay.

2.  **Chemical Exchange & Reaction Kinetics:**
    *   **The Process:** In many PHIP-based CO<sub>2</sub>/HCO<sub>3</sub><sup>-</sup> sensors, the hyperpolarization is often generated on a precursor molecule (e.g., [1-<sup>13</sup>C]succinate, [1-<sup>13</sup>C]ethyl pyruvate) *before* it is rapidly converted to <sup>13</sup>CO<sub>2</sub> via an enzymatic reaction (e.g., using succinate dehydrogenase, pyruvate dehydrogenase).
    *   **Loss Mechanisms:**
        *   **Relaxation During Reaction:** The enzymatic conversion takes finite time. During this reaction time, the hyperpolarized precursor (<sup>13</sup>C label) is relaxing via T<sub>1</sub> processes.
        *   **Intermediate States:** The reaction may involve transient intermediate species. Relaxation can occur on these intermediates before the final <sup>13</sup>CO<sub>2</sub>/H<sup>13</sup>CO<sub>3</sub><sup>-</sup> is formed.
        *   **Reverse Reactions/Equilibrium:** The CO<sub>2</sub>/HCO<sub>3</sub><sup>-</sup> system is in a pH-dependent equilibrium. Hyperpolarization exchange between the two pools (CO<sub>2</sub> and HCO<sub>3</sub><sup>-</sup>) and potential back-reaction to precursors (if kinetically possible) can dilute the observable polarization on the target species.

3.  **Transport and Mixing Delays:**
    *   **The Challenge:** Getting the hyperpolarized precursor solution from the PHIP reactor to the sample chamber containing the enzyme/buffer, ensuring rapid and complete mixing, and then positioning it in the NMR detector takes time.
    *   **Impact:** Every millisecond of delay between polarization generation and signal detection contributes to T<sub>1</sub> decay losses. Inefficient mixing prolongs the reaction time, further increasing losses.

4.  **Magnetic Field Inhomogeneities (T<sub>2</sub><sup>\*</sup> decay):**
    *   **The Mechanism:** While T<sub>1</sub> decay destroys the overall polarization magnitude, inhomogeneities in the static magnetic field (B<sub>0</sub>) cause the spins to dephase relative to each other. This results in a faster decay of the observable NMR signal (Free Induction Decay - FID) characterized by T<sub>2</sub><sup>\*</sup> (much shorter than T<sub>1</sub>).
    *   **Impact:** Poor shimming of the magnet, susceptibility differences within the sample or sample container, or unstable fields lead to rapid signal decay *within a single scan*, reducing the detectable signal intensity even if the overall polarization (T<sub>1</sub>) is still high. This is critical for the initial FID detection.

5.  **Imperfect PHIP Transfer:**
    *   **The Origin:** The process of transferring the spin order from *para*-hydrogen to the target <sup>13</sup>C nucleus (via the SABRE or ALTADENA/PHIP-SAH method) is never 100% efficient.
    *   **Impact:** Factors like incomplete *para*-hydrogen enrichment, sub-optimal reaction conditions (catalyst, concentration, temperature, field), or competing reactions mean that not all of the theoretically possible polarization is generated on the precursor molecule in the first place. This represents an initial ""loss"" before the signal even starts decaying via T<sub>1</sub>/T<sub>2</sub><sup>\*</sup>.

6.  **Sample-Dependent Relaxation Agents:**
    *   **The Culprits:** Dissolved molecular oxygen (O<sub>2</sub>) is a potent paramagnetic relaxer. Trace metal ions (e.g., Cu<sup>2+</sup>, Mn<sup>2+</sup>, Fe<sup>3+</sup>) present in buffers, enzymes, or biological samples can dramatically shorten T<sub>1</sub> (and T<sub>2</sub><sup>\*</sup>) of nearby <sup>13</sup>C nuclei.
    *   **Impact:** These contaminants significantly accelerate the irreversible decay of the hyperpolarized signal. Careful deoxygenation and use of ultra-pure reagents/chelators are essential but not always perfectly achievable, especially in complex samples.

**In Summary:**

The primary loss mechanism is **T<sub>1</sub> relaxation**, an unavoidable physical process constantly eroding the hyperpolarized state. This decay is compounded by **delays inherent in the sensor operation** (transport, mixing, reaction kinetics) and **chemical exchange processes**. **T<sub>2</sub><sup>\*</sup> decay** reduces the detectable signal within the acquisition window. **Imperfect initial polarization generation** and **paramagnetic impurities** further reduce the achievable signal. Minimizing these losses requires optimizing every step: efficient PHIP generation, rapid transport/mixing/reaction, fast detection, excellent magnetic field homogeneity, and meticulous sample preparation to minimize relaxation agents.

","The polarization losses for the H13CO3-/13CO2 sensor can be attributed mainly to relaxation effects (T1, 54.3 for H13CO3- and 49.0 s for 13CO2).",0.3527628124765024,0.8034521196809233,0.0,0.0,0.0
142,How does the effect of deuteration on SABRE hyperpolarization transfer efficiency compare between methylnicotinate and pyridine?,[],"['Previous studies have established that using deuterated NHC ligands (d22-1 and d22-2) improve SABRE hyperpolarization transfer efficiency into methylnicotinate. However, deuteration is not beneficial for the 15N transfer in pyridine, pyrazine, and acetonitrile.']","The effect of deuteration on SABRE hyperpolarization efficiency differs significantly between **methylnicotinate** and **pyridine** due to their distinct molecular structures and roles in the polarization transfer mechanism:

1.  **Pyridine:**
    *   **High Sensitivity to Ortho-Deuteration:** Pyridine's efficiency relies heavily on strong scalar (J-) couplings between the ortho protons (H2/H6) and the parahydrogen-derived protons on the Ir catalyst. Deuteration at the **ortho positions (d₂-pyridine)** drastically reduces these crucial couplings.
    *   **Result:** Significantly **decreased polarization transfer efficiency.** While deuteration extends relaxation times (T₁), the loss of transfer efficiency outweighs this benefit, leading to lower overall hyperpolarization levels.

2.  **Methylnicotinate:**
    *   **Reduced Sensitivity to Meta-Deuteration:** The ester group (-COOCH₃) at the 3-position makes H5 (meta to N) the most favorable site for polarization transfer. Deuteration at the **meta position (H5 → D5)** primarily targets a proton less critical for the *initial* transfer step compared to pyridine's ortho protons.
    *   **Result:** **Less pronounced decrease in transfer efficiency** compared to ortho-deuteration in pyridine. The extended T₁ due to deuteration becomes a dominant factor.
    *   **Net Effect:** Deuteration (specifically at H5) in methylnicotinate **improves the overall observable hyperpolarization** significantly. The gains from longer-lasting polarization (longer T₁) outweigh the relatively smaller reduction in transfer efficiency.

**Key Comparison Summary:**

| Feature               | Pyridine (Ortho-Deuteration)      | Methylnicotinate (Meta-Deuteration) |
| :-------------------- | :-------------------------------- | :---------------------------------- |
| **Critical Site**     | Ortho protons (H2/H6)             | Meta proton (H5)                    |
| **Deuteration Target**| H2/H6 (Disrupts key J-couplings)  | H5 (Less critical for initial transfer) |
| **Transfer Efficiency** | **Severely Decreased**            | **Modestly Decreased**              |
| **Relaxation Time (T₁)** | Increased                         | Increased                           |
| **Net Hyperpolarization** | **Decreased** (Loss of transfer dominates) | **Increased** (Longer T₁ dominates) |

**Why the Difference?**

1.  **Site of Polarization Transfer:** Pyridine depends on ortho protons directly adjacent to the coordinating nitrogen. Methylnicotinate's ester group shifts the optimal transfer site to the meta proton (H5).
2.  **Strength of J-Couplings:** The ortho protons in pyridine have inherently stronger couplings to the catalyst's hydrides than the meta proton in methylnicotinate. Disrupting stronger couplings (pyridine ortho) has a larger negative impact.
3.  **Electron Withdrawing Group:** The ester group in methylnicotinate alters electron density, potentially making the J-coupling network involving H5 less sensitive to deuteration compared to the highly sensitive ortho position in unsubstituted pyridine.

**Conclusion:** Deuteration has a **detrimental effect** on SABRE efficiency in **pyridine** (specifically ortho-deuteration) because it cripples the essential polarization transfer step. In contrast, deuteration (specifically at the meta position) in **methylnicotinate** provides a **net positive effect** on observable hyperpolarization by dramatically extending the relaxation time without catastrophically damaging the transfer efficiency. The structural difference (ester substitution) shifts the critical transfer site to a position where deuteration is more tolerable and beneficial overall.",Deuteration improves SABRE hyperpolarization transfer efficiency for methylnicotinate but is not beneficial for pyridine.,0.40103370940078076,0.9648188214658839,0.0,0.0,0.0
143,How does the polarization amplification achieved using the Ir-IMes catalyst compare to that achieved using the Crabtree catalyst for the 2-functionalized substrate?,[],"['Surprisingly, the polarization amplification achieved using the Ir- IMes catalyst surpassed that achieved using the Crabtree catalyst, even for our 2- functionalized substrate.']","The polarization amplification achieved using the **Ir-IMes catalyst** typically **exceeds that of the Crabtree catalyst** for 2-functionalized substrates in para-hydrogen-induced hyperpolarization (PHIP). Here's a detailed comparison:

### Key Differences:
1. **Steric Accessibility**:
   - **Ir-IMes** (NHC ligand): Features a sterically bulky yet flexible *N*-heterocyclic carbene (IMes) ligand. This creates a **less congested active site** around the iridium center, accommodating ortho/2-substituted substrates more effectively.
   - **Crabtree Catalyst** (PCy₃ ligand): Uses a highly bulky and rigid tricyclohexylphosphine (PCy₃) ligand. This causes **steric clashes** with 2-functional groups (e.g., -OH, -OR, halogens), hindering substrate binding and polarization transfer.

2. **Functional Group Tolerance**:
   - **Ir-IMes**: Tolerates polar 2-substituents (e.g., in 2-ketones, 2-alcohols) due to reduced steric pressure and ligand flexibility.
   - **Crabtree Catalyst**: Struggles with such groups due to its rigid pocket, often leading to reduced polarization or catalyst deactivation.

3. **Polarization Efficiency**:
   - For 2-substituted alkenes/alkynes, **Ir-IMes achieves 2–10× higher polarization** than Crabtree in optimized conditions.
   - Example: 2-hydroxyethyl acrylate shows **~5× higher SABRE enhancement** with Ir-IMes vs. Crabtree.

### Mechanistic Insight:
- The **IMes ligand** allows substrates to adopt optimal geometries for efficient *pairwise* parahydrogen transfer via J-couplings or dipolar interactions.
- **Crabtree's PCy₃** forces distorted binding in sterically crowded substrates, disrupting coherent spin order transfer.

### Summary Table:
| **Catalyst**       | **Ligand Type**      | **Steric Profile**       | **Performance for 2-Substituted Substrates** |
|--------------------|----------------------|--------------------------|----------------------------------------------|
| **Ir-IMes**        | N-Heterocyclic Carbene | Bulky but **flexible**   | **Superior** (Higher polarization, wider tolerance) |
| **Crabtree**       | Tricyclohexylphosphine | Rigid and **highly bulky** | **Inferior** (Steric inhibition, lower signal) |

### Practical Implications:
- Use **Ir-IMes** for substrates with **ortho/2-position functionalization** to maximize hyperpolarization.
- Reserve Crabtree for **unhindered substrates** (e.g., unsubstituted alkenes) where its performance remains robust.

This difference arises from the **critical balance of steric bulk and flexibility** in catalyst design, where Ir-IMes better navigates steric constraints near the active site. For precise optimization, substrate-specific catalyst screening is still recommended.",The polarization amplification achieved using the Ir-IMes catalyst surpassed that achieved using the Crabtree catalyst for the 2-functionalized substrate.,0.3320025876466045,0.8776609495780416,0.0,0.0,0.0
144,Why are certain effects like heteronuclear dipole-dipole couplings and scalar couplings ignored in the model of squarate proton exchange?,[],"['For the sake of simplicity, we consider only the high-pH regime, ignoring the neutral SqH2 species and neglecting the distinction between the multiple 1,2-13C2 isotopomers of SqH-. Protonation (or deuteration) of squarate is taken into account solely through its influence on the 13C chemical shifts. We ignore any direct effects of the proton or deuteron nuclear spins, through heteronuclear dipole-dipole couplings or scalar couplings, and also ignore the effect of protonation on other interactions such as the 13C-13C J-coupling. We also ignore the effect of 18O or 2H on the chemical equilibria. Although this model is highly simplified, we show below that it reproduces the main features of the observed data.']","In the specific context of squarate proton exchange within Signal Amplification By Reversible Exchange (SABRE), heteronuclear dipole-dipole couplings (e.g., between H and N) and scalar couplings (J-couplings) are typically ignored in the simplified model for the following key reasons:

1.  **Dominance of Proton Exchange Rates:** The defining feature of squarate-based SABRE is the **extremely fast proton exchange rate** between the catalyst-bound substrate and the free substrate in solution. This exchange happens on the microsecond timescale (µs). This rapid exchange is the primary mechanism driving polarization transfer out of the catalyst complex into the bulk substrate pool.

2.  **Timescale Mismatch (Dipole-Dipole):**
    *   Heteronuclear dipole-dipole couplings (like H-N) fluctuate rapidly due to molecular tumbling (rotational diffusion). The correlation time (τ_c) for this motion in solution is typically on the order of picoseconds to nanoseconds (ps-ns).
    *   The polarization transfer driven by proton exchange occurs on the much slower microsecond (µs) timescale.
    *   Because τ_c << transfer time, the dipolar interactions **average to zero** over the relevant timescale for polarization transfer via exchange. Their fluctuating effect is too fast to coherently influence the slower exchange-driven process.

3.  **Timescale/Strength Mismatch (Scalar Couplings):**
    *   Scalar couplings (J) are static interactions but are generally **weak** (Hz to tens of Hz range). The strength of the J-coupling interaction is characterized by a timescale of 1/(2πJ), which is milliseconds (ms) for J ~ 100 Hz.
    *   The fast proton exchange process occurs on the µs timescale. Therefore, the exchange rate (k_ex) is much faster than the scalar coupling interaction strength (k_ex >> 2πJ).
    *   This rapid exchange effectively **decouples** the spins involved. Before the scalar coupling has a significant chance to evolve the spin state coherently, the proton has already exchanged places, scrambling any potential coherence built up via J-coupling.

4.  **Model Focus on the Primary Mechanism:** The purpose of the simplified model for squarate proton exchange is to capture the **essential physics** of the dominant polarization transfer pathway – the relay of polarization via rapid chemical exchange of protons. Including much weaker or effectively averaged interactions like H-N dipolar or J-couplings adds significant complexity without substantially improving the model's ability to predict or explain the primary experimental observation: efficient transfer of polarization *from* the parahydrogen-derived protons on the catalyst *to* the substrate protons via fast exchange.

5.  **Experimental Validation:** The model successfully explains the observed polarization levels, the dependence on exchange rate, pH, and substrate concentration in squarate systems. If H-N dipolar or scalar couplings were significant contributors under these specific conditions, the predictions of the simplified exchange model would fail, which is generally not the case for this mechanism.

**In essence:** The extremely rapid proton exchange rate in squarate SABRE systems is the dominant process governing polarization transfer to the substrate. Both heteronuclear dipolar couplings (which average out due to fast motion) and scalar couplings (which are too weak and slow compared to the exchange rate) are negligible on the timescale of this exchange process. The simplified model correctly focuses on the exchange kinetics as the primary driver. Including these other couplings wouldn't significantly alter the core predictions of the model for how polarization builds up in the substrate via this specific pathway.
<｜end▁of▁thinking｜>
In the model of squarate proton exchange for para-hydrogen-induced hyperpolarization (specifically in SABRE-SHEATH), heteronuclear dipole-dipole couplings (e.g., <sup>1</sup>H-<sup>15</sup>N) and scalar couplings (<sup>J</sup>) are typically ignored due to **timescale dominance and mechanistic priorities**:

1.  **Proton Exchange Rate Dominance:**  
    The defining feature of squarate systems is the **ultrafast proton exchange** (microsecond timescale) between the catalyst-bound substrate and free substrate. This exchange is the *primary driver* of polarization transfer, overwhelming slower processes.

2.  **Timescale Mismatch for Dipole-Dipole Couplings:**  
    Heteronuclear dipole-dipole interactions fluctuate rapidly due to molecular tumbling (picosecond-nanosecond timescales). During the slower microsecond-scale proton exchange, these interactions **average to zero**, rendering them irrelevant to the polarization transfer mechanism.

3.  **Scalar Couplings Are Too Weak:**  
    Scalar couplings (<sup>J</sup>) are static but operate on millisecond timescales (e.g., <sup>J</sup><sub>NH</sub> ≈ 1–100 Hz). The proton exchange rate (<sup>k</sup><sub>ex</sub> ≈ 10<sup>6</sup> s<sup>−1</sup>) is orders of magnitude faster, **decoupling spins** before <sup>J</sup>-couplings can meaningfully influence spin evolution.

4.  **Model Simplification Focuses on Core Physics:**  
    The model prioritizes capturing the **exchange-relayed polarization transfer**, the dominant mechanism. Including weaker couplings adds mathematical complexity without improving predictive power for experimental outcomes (e.g., polarization levels in substrate protons).

5.  **Experimental Validation:**  
    The model accurately predicts hyperpolarization efficiency based on exchange kinetics, pH, and concentration. If ignored couplings were significant, model predictions would deviate from observations—which they do not for squarate systems.

**In essence:** The proton exchange mechanism operates so rapidly that it supersedes the slower/weaker effects of heteronuclear dipolar and scalar couplings. The model deliberately isolates this dominant process to explain experimental results without unnecessary complexity.","These effects are ignored to simplify the model and focus on the main features of the observed data, specifically the influence of protonation on the 13C chemical shifts, while neglecting other interactions that are deemed less critical for reproducing the observed phenomena.",0.3210775520724066,0.8791791913388854,0.0,0.0,0.0
145,What is the third step in the procedure to obtain hyperpolarized [1-13C] pyruvate-d3?,[],"['The text describes a detailed laboratory procedure for obtaining hyperpolarized [1-13C] pyruvate-d3, involving chemical reactions, evaporation, and filtration steps.']","The **third step** in the procedure to obtain hyperpolarized [1-13C]pyruvate-d3 via Para-Hydrogen-Induced Polarization (PHIP) is:  
**Dissolution and Transfer for Measurement**.  

Here is the full context of the steps:  
1. **Para-Hydrogen Preparation**: Enrich H₂ gas in the *para*-spin state (typically via low-temperature catalysis).  
2. **Hydrogenation**: React *para*-enriched H₂ with the precursor molecule ([1-13C]ethyl acrylate-d3) in a polarizing device to form hyperpolarized [1-13C]ethyl pyruvate-d3.  
3. **Dissolution & Transfer**:  
   - Rapidly dissolve the hydrogenated solid/liquid sample in a **superheated solvent** (e.g., D₂O or buffered saline).  
   - Immediately transfer the solution to an NMR/MRI system *within seconds* to preserve hyperpolarization.  

### Key Details:
- **Purpose**: Hyperpolarization decays rapidly (T₁ ~ 10–60 s for ¹³C-pyruvate). Dissolution must be ultra-fast (< 5 s) to retain signal enhancement.  
- **Method**: Uses a ""dissolution stick"" or automated polarizer (e.g., Hypersense®) for rapid heating/pressurization.  
- **Deuteration Note**: *d3*-labeling (pyruvate-D₃) extends T₁ but doesn’t eliminate the need for rapid transfer.  

This step is critical for *in vivo* applications, as hyperpolarized pyruvate must be physiologically compatible and delivered to the target (e.g., bloodstream) before polarization decays.  

> ⚡ **Why this order?**: Dissolution occurs *after* polarization because the hyperpolarized state is transient and incompatible with liquid-phase handling during hydrogenation.",The third step is adding 50 µL of HEPES 100 mM pH10 in D2O to obtain physiological conditions in the final solution.,0.20680416090069154,0.8730056011432256,0.0,0.0,0.0
146,How do the signal patterns from 'PASADENA' hydrogenations compare to those from 'ALTADENA' hydrogenations?,[],"[""It is noted that significantly different signal patterns are obtained from the 'PASADENA' hydrogenations as compared to the 'ALTADENA' hydrogenations.""]","The signal patterns in **PASADENA** and **ALTADENA** hydrogenations differ significantly due to distinct reaction conditions and spin dynamics. Here's a comparison:

### **PASADENA** (Parahydrogen and Synthesis Allow Dramatically Enhanced Nuclear Alignment)
- **Reaction Location**: Hydrogenation occurs **inside** the high-field NMR magnet.  
- **Initial Spin State**: The reaction proceeds in a high magnetic field, converting para-H₂ into a mixture of **singlet and triplet states**.  
- **Signal Pattern**:  
  - **Antiphase Doublets**: Hyperpolarization manifests as **antiphase signals** (positive and negative peaks in the same multiplet).  
  - **Example**: For a target proton (e.g., in succinate), the NMR signal appears as a 1:−1 doublet.  
- **Polarization Type**: **Net magnetization is near-zero** due to cancellation of antiphase components.  
- **Key Requirement**: Requires field homogeneity during reaction.  

### **ALTADENA** (Adiabatic Longitudinal Transport After Dissociation Engenders Net Alignment)
- **Reaction Location**: Hydrogenation occurs **outside** the magnet (at low/zero field).  
- **Initial Spin State**: Para-H₂ reacts in near-zero field, preserving the **pure nuclear singlet state**.  
- **Signal Pattern**:  
  - **In-Phase Signals**: Upon rapid transfer to high field, singlet-to-triplet conversion produces **strong in-phase polarization** (all peaks positive).  
  - **Example**: A 1:1 doublet for the target proton.  
- **Polarization Type**: Generates **large net magnetization** (enhancements >10,000×).  
- **Key Requirement**: Requires adiabatic sample transfer to high field to preserve spin order.  

### Critical Differences Summary:
| **Feature**          | **PASADENA**                          | **ALTADENA**                          |
|----------------------|---------------------------------------|---------------------------------------|
| **Reaction Field**   | High field (inside magnet)            | Low/zero field (outside magnet)       |
| **Initial State**    | Mixed singlet/triplet                 | Pure singlet                          |
| **Signal Phase**     | Antiphase (e.g., 1:−1 doublet)        | In-phase (e.g., 1:1 doublet)         |
| **Net Magnetization**| Near-zero (antiphase cancellation)   | Large net signal                      |
| **Practical Use**    | Complex processing needed             | Directly interpretable spectra        |

### Why This Matters:
- **ALTADENA** provides simpler, stronger signals ideal for real-time detection.  
- **PASADENA** is useful for polarization transfer to heteronuclei (e.g., ¹³C, ¹⁵N) via pulse sequences.  
- Field conditions during hydrogenation dictate whether spin order evolves coherently (PASADENA) or remains ""locked"" (ALTADENA).

Understanding these differences is crucial for designing hyperpolarized NMR/MRI experiments!",The signal patterns from 'PASADENA' hydrogenations are significantly different from those of 'ALTADENA' hydrogenations.,0.24461168469606576,0.9229165956729543,0.0,0.0,0.0
147,What is the first step in the SABRE method?,[],"['The text describes the Signal Amplification By Reversible Exchange (SABRE) method, detailing the steps involved in the catalytic transfer of magnetization into a substrate through the formation of a J-coupled network within the associated catalyst. The first step involves the conversion of a stable 16 electron precursor into an intermediate, followed by hydrogen addition and subsequent hydrogenation of the COD ligand to form the SABRE catalyst.']","The **first step in the SABRE (Signal Amplification By Reversible Exchange) method** is the **preparation of para-enriched hydrogen (p-H₂)**.

Here's why this is critical and how it works:

1.  **What is para-hydrogen?** Normal hydrogen gas (H₂) at room temperature consists of ~75% *ortho*-hydrogen (nuclear spins parallel) and ~25% *para*-hydrogen (nuclear spins antiparallel). Para-hydrogen is the spin isomer where the two proton spins are in a quantum mechanically entangled singlet state (antiparallel).
2.  **Enrichment Process:** To significantly enrich the para-hydrogen fraction (ideally > 50%, often > 90%), normal H₂ gas is cooled to very low temperatures (typically below ~77 K, often using liquid nitrogen) in the presence of a **paramagnetic catalyst** (commonly activated charcoal or metal oxides like Fe₂O₃ or Cr₂O₃ on a substrate).
3.  **Purpose:** At these low temperatures and with the catalyst, the equilibrium shifts strongly towards the lower-energy para state. This enriched p-H₂ gas is then stored and used in the subsequent SABRE step.
4.  **Why it's the first step:** The unique nuclear spin order (singlet state) of p-H₂ is the source of the hyperpolarization. Without this enriched p-H₂ feedstock, the SABRE effect cannot occur. This step is distinct from the actual hyperpolarization chemistry and must be done beforehand.

**In summary:** Before any substrate is introduced or exchange happens, the essential fuel for SABRE – para-enriched hydrogen gas – must be prepared by catalytic ortho-para conversion at cryogenic temperatures. **This preparation of p-H₂ is the fundamental first step.** The next steps involve introducing this p-H₂ and the target molecule to a metal complex catalyst where reversible binding and polarization transfer occur.",The first step in the SABRE method involves the conversion of a stable 16 electron precursor such as [IrCl(COD)(IMes)] into an intermediate [Ir(COD)(IMes)(sub)]Cl.,0.16213903525588017,0.8506715215014363,0.0,0.0,0.0
148,Why did the addition of ascorbate to the aqueous base increase the polarization level during hydrolysis?,[],"[""We surmise that the difference in the polarization of the ester and the aqueous pyruvate solution, can be is attributed to the paramagnetic impurities derived from catalyst degradation. This hypothesis lead us to add a radical scavenger (ascorbate  $50~\\mathrm{mM}$  which has already been used in d- DNP experiments [35], to the aqueous base. When hydrolysis was carried out using this solution, the observed polarization level increased to  $5.16\\pm 0.18\\%$  observed S.E.  $4250\\pm 150$  and the relaxation time constant at earth's field increased also  $(54.4\\pm 4.4\\mathrm{s})$  .The nascent  $^{13}\\mathrm{C}$  polarization  $(^{13}\\mathrm{C}\\mathrm{Pol}(\\mathrm{t}_0)$  see Figs. 1 and 3) was  $9.45\\pm 0.5\\%$  (signal enhancement  $7780\\pm 400$  times). This result indicates that ascorbate significantly limits polarization loss during hydrolysis.""]","The addition of ascorbate (a common antioxidant/reducing agent) to the aqueous base during hydrolysis in para-hydrogen-induced polarization (PHIP) experiments increases the polarization level primarily by **suppressing radical-induced relaxation pathways**. Here's the breakdown:

1.  **Hydrolysis Creates the Observable Product:** The hydrolysis step typically converts a parahydrogen-derived precursor molecule (like a hyperpolarized ester or lactone) into the final, observable molecule (like a hyperpolarized acid or alcohol). This step is necessary to generate the hyperpolarized species detectable by NMR.

2.  **Radicals Cause Relaxation:** Hyperpolarization is a non-equilibrium state. The highly polarized nuclear spins (usually \(^1\)H) naturally want to return to their equilibrium state through processes called relaxation. **Free radicals** dissolved in the solution (e.g., O\(_2^-\), HO\(^•\), other organic radicals) are potent relaxation agents. They create strong, fluctuating local magnetic fields that cause rapid depolarization (loss of polarization).

3.  **Aqueous Base Can Promote Radical Formation/Activity:**
    *   **Oxygen Sensitivity:** Alkaline solutions (aqueous base) can facilitate the formation of reactive oxygen species (ROS) like superoxide (O\(_2^-\)) and hydroxyl radicals (HO\(^•\)) from dissolved oxygen. This is especially problematic if oxygen isn't rigorously excluded.
    *   **Trace Metal Ions:** Basic solutions might also contain trace metal ions that catalyze radical formation reactions (e.g., Fenton-like reactions).

4.  **Ascorbate as a Radical Scavenger:** Ascorbate (Vitamin C) is a potent reducing agent and radical scavenger:
    *   It rapidly reacts with and neutralizes free radicals like O\(_2^-\), HO\(^•\), and other organic radicals.
    *   It reduces oxidized metal ions (e.g., Fe\(^{3+}\), Cu\(^{2+}\)) to forms less likely to catalyze radical generation.

5.  **Preserving Polarization During Hydrolysis:** By quenching radicals *during the critical hydrolysis step*, ascorbate significantly reduces the rate of radical-mediated relaxation. This allows the hyperpolarization generated via PHIP in the precursor molecule to be preserved and transferred more efficiently to the final hydrolysis product before it is detected by NMR.

**In summary:** The aqueous base environment required for hydrolysis can inadvertently promote radical formation or activity, leading to rapid depolarization. Ascorbate acts as a chemical ""bodyguard,"" sacrificially neutralizing these radicals and thus preserving the valuable hyperpolarization throughout the hydrolysis process, resulting in a higher observed polarization level in the final NMR signal. This is a common practical strategy to maximize sensitivity in dissolution-based PHIP experiments where complete oxygen removal during hydrolysis might be challenging.","The addition of ascorbate increased the polarization level because it acted as a radical scavenger, limiting polarization loss by neutralizing paramagnetic impurities derived from catalyst degradation.",0.5053388583344193,0.8737209542954072,0.0,0.0,0.0
149,Why does the transfer of PHIP to fluorine nuclei occur during parahydrogenation reactions?,[],"['Our studies, however, clearly confirmed the efficient transfer of PHIP to fluorine nuclei of the selected substrates following their parahydrogenation. In the $^{19}\\mathrm{F}$ PHIP spectra of all parahydrogenated substrate molecules the polarization signals representing the single $^{19}\\mathrm{F}$ nucleus showed net emission and were characterized by a substantial signal enhancement of about two orders of magnitude compared to a normal $^{19}\\mathrm{F}$ NMR spectrum of the same compounds acquired after their hydrogenation using thermally equilibrated dihydrogen gas.']","The transfer of parahydrogen-induced polarization (PHIP) to fluorine nuclei (**¹⁹F**) during parahydrogenation reactions occurs due to specific spin physics and molecular properties:

1.  **Spin-1/2 Nature:**
    *   Both protons (**¹H**) and **¹⁹F** nuclei have a spin quantum number (I) of 1/2. This is crucial because the hyperpolarization generated from parahydrogen (which is inherently a two-spin-1/2 system) relies on spin correlations and coherence between spin-1/2 nuclei. Polarization transfer mechanisms operate most efficiently between like spins.

2.  **Scalar (J-) Coupling Networks:**
    *   For polarization to transfer from the nascent protons added via parahydrogenation to **¹⁹F** nuclei, there must be a network of strong scalar couplings (J-couplings) connecting them.
    *   Fluorine often forms strong **¹H-¹⁹F** J-couplings (J<sub>HF</sub>) due to its high electronegativity and direct bonding or proximity to protons in the target molecule. These couplings provide the ""communication pathway"" for the spin order to flow.
    *   Polarization transfer mechanisms like **PASADENA** (Parahydrogen And Synthesis Allow Dramatically Enhanced Nuclear Alignment) or **ALTADENA** (Adiabatic Longitudinal Transport After Dissociation Engenders Net Alignment) rely on these J-couplings to redistribute the parahydrogen-derived spin order throughout the molecule during or immediately after the hydrogenation reaction.

3.  **Preservation of Spin Order:**
    *   The hydrogenation reaction must be pairwise, meaning the two atoms from the same parahydrogen molecule are added to the *same* target molecule, preserving their initial spin correlation.
    *   If the molecule containing the nascent protons also contains fluorine atoms coupled to them, the strong J<sub>HF</sub> network allows the parahydrogen-derived spin order to be shared with the fluorine spins, hyperpolarizing them.

4.  **Advantages of Fluorine:**
    *   **High Gyromagnetic Ratio:** **¹⁹F** has a gyromagnetic ratio (γ) very close to that of **¹H** (about 83% of **¹H**'s γ). This means:
        *   The energy difference between spin states is similar, making polarization transfer via mechanisms like INEPT (Insensitive Nuclei Enhanced by Polarization Transfer) efficient.
        *   The high γ leads to a high NMR receptivity, meaning the hyperpolarized signal from **¹⁹F** is inherently strong and easily detectable.
    *   **Longer T₁ Relaxation Times:** Fluorine nuclei often have significantly longer longitudinal relaxation times (T₁) compared to protons in the same molecule. This is critical because:
        *   Hyperpolarization decays with the T₁ time constant. Longer T₁ means the hyperpolarized fluorine signal persists much longer than the hyperpolarized proton signal, allowing more time for detection, manipulation, or even in vivo applications (e.g., as hyperpolarized MRI contrast agents).
        *   The long T₁ allows the hyperpolarized fluorine state to be ""stored"" for practical use.
    *   **Chemical Specificity:** Many biologically or pharmaceutically relevant molecules contain fluorine. PHIP hyperpolarization of **¹⁹F** offers a highly sensitive, specific probe for studying these compounds.

**In summary:** PHIP transfers to fluorine nuclei because **¹⁹F** is a spin-1/2 nucleus with strong scalar couplings (**J<sub>HF</sub>**) to the protons added during pairwise parahydrogenation. Its favorable NMR properties (high γ, long T₁) not only make the transfer efficient but also make the resulting hyperpolarized fluorine signal exceptionally strong and long-lived, offering significant advantages for detection and application.","The transfer of PHIP to fluorine nuclei occurs because the parahydrogen-derived polarization is efficiently transferred to the fluorine nuclei of the selected substrates following their parahydrogenation, resulting in substantial signal enhancement.",0.3096196729955716,0.8960733736425567,1.0,0.0,0.0
150,What is the first step in determining the polarization transfer efficiency (PTE) in a PHIP experiment?,[],"['The text outlines a method for calculating the polarization transfer efficiency (PTE) in a PHIP experiment, detailing the necessary measurements and calculations to determine PTE quantitatively.']","The **first and most critical step** in determining polarization transfer efficiency (PTE) in a para-hydrogen-induced polarization (PHIP) experiment is:  

**1. Acquire the Hyperpolarized NMR Spectrum**  
   - Immediately after initiating the para-hydrogenation reaction (or after the polarization transfer pulse sequence, e.g., PASADENA or ALTADENA), acquire the NMR spectrum of the **hyperpolarized target nucleus** (typically \(^{13}\text{C}\) or \(^{15}\text{N}\)).  
   - This spectrum captures the **enhanced signal intensity** (\(I_{\text{HP}}\)) resulting from the hyperpolarization transfer.  

### Key Details for This Step:
- **Timing is Crucial**: Hyperpolarization decays rapidly (within seconds to minutes). The spectrum must be acquired as quickly as possible after polarization transfer to avoid signal loss from \(T_1\) relaxation.
- **Target Nucleus**: Focus on the specific nucleus (e.g., \(^{13}\text{C}\)) bonded to the former para-hydrogen-derived protons.
- **Quantify Signal**: Measure the absolute integrated intensity (\(I_{\text{HP}}\)) of the hyperpolarized peak.  

### Why This Comes First?
PTE is defined as:  
\[
\text{PTE} = \frac{I_{\text{HP}}}{I_{\text{therm}} \times \frac{\gamma_{\text{H}}}{\gamma_{\text{X}}}} \times \frac{1}{4}
\]  
where:  
- \(I_{\text{HP}}\) = Hyperpolarized signal intensity (from this step),  
- \(I_{\text{therm}}\) = Thermal equilibrium signal intensity (measured later),  
- \(\gamma_{\text{H}}/\gamma_{\text{X}}\) = Ratio of gyromagnetic ratios (e.g., \(\gamma_{\text{H}}/\gamma_{{}^{13}\text{C}} ≈ 4\)).  

**Without \(I_{\text{HP}}\), no further calculation is possible.**  

### Subsequent Steps:
1. **Measure \(I_{\text{therm}}\)**: Acquire a reference spectrum of the *same sample* at thermal equilibrium (after hyperpolarization decays).  
2. **Account for Experimental Factors**: Normalize for scan number, concentration, and hardware settings.  
3. **Calculate PTE**: Use the formula above to compute efficiency.  

### Practical Tip:  
Ensure para-hydrogen is highly enriched (>95% para-state) and the reaction/polarization transfer is optimized *before* quantifying PTE. Field-cycling setups or rapid transfer to the NMR magnet may be necessary to capture \(I_{\text{HP}}\) accurately.  

This foundational step directly impacts the reliability of all subsequent PTE analysis.",The first step is determining the effective hydrogenation rate (k_hyd) and one T1 measurement.,0.15352328757779155,0.9068720859865488,0.0,0.0,0.0
151,Why is there a small deviation from proportionality between $W_{\mathrm{a}}$ and $1 / [\mathrm{S}]$ in the experiment?,[],"['A small deviation from proportionality between $W_{\\mathrm{a}}$ and $1 / [\\mathrm{S}]$ in Fig. 9 is attributed to the fact that after bubbling with $\rho H_{2}$ some time is needed so that the concentration of $\rho H_{2}$ in the solution can reach its steady- state value. The resulting transient effects give a slight experimental inaccuracy. Furthermore, solvent evaporation during each dataset acquisition leads to an increase of concentration of up to $5\\%$ during the experiment.']","The small deviation from proportionality between $W_{\mathrm{a}}$ (hyperpolarization amplitude) and $1 / [\mathrm{S}]$ (inverse substrate concentration) in para-hydrogen-induced hyperpolarization (PHIP) experiments arises due to **departures from the ""sudden approximation""** inherent in the ideal theoretical model. Here's a breakdown of the key reasons:

1.  **Finite Singlet-Triplet Mixing Time ($\tau_{\text{mix}}$):**
    *   **Ideal Case:** The theory assumes the hydrogenation event and subsequent singlet-triplet (S-T) mixing (required for observable hyperpolarization) are instantaneous compared to other timescales. This implies all para-H₂ molecules add to the substrate within a time much shorter than $\tau_{\text{mix}}$, and mixing happens ""suddenly"" afterward.
    *   **Real Case:** S-T mixing (driven by J-couplings, dipolar couplings, or field gradients) occurs over a finite time $\tau_{\text{mix}}$. If the hydrogenation reaction time ($\approx 1/(k[\mathrm{S}])$, where $k$ is the effective rate constant) becomes comparable to or longer than $\tau_{\text{mix}}$, the assumption breaks down.
    *   **Consequence:** At *high* [S] (fast reaction), hydrogenation is fast compared to mixing. Most molecules hydrogenate quickly and *then* undergo mixing efficiently, following proportionality ($W_a \propto 1/[\mathrm{S}]$). At *low* [S] (slow reaction), hydrogenation is slow. Molecules add over a period comparable to/longer than $\tau_{\text{mix}}$. While some molecules hydrogenate and mix efficiently, others hydrogenate *while* mixing is already occurring or after significant singlet decay has happened. This **reduces the *average* hyperpolarization per molecule** compared to the ideal sudden case. Thus, $W_a$ becomes *less than* predicted by strict proportionality to $1/[\mathrm{S}]$ at low [S], causing downward curvature in the plot.

2.  **Catalyst Lifetime/Deactivation ($\tau_{\text{cat}}$):**
    *   **Ideal Case:** Assumes a constant, fully active catalyst concentration throughout the experiment.
    *   **Real Case:** Homogeneous catalysts can deactivate over time (e.g., decomposition, poisoning). The catalyst lifetime $\tau_{\text{cat}}$ might be significant.
    *   **Consequence:** At *low* [S], the experiment takes longer to achieve full conversion. If $\tau_{\text{cat}}$ is comparable to this longer reaction time, a significant fraction of the catalyst deactivates *before* all substrate is hydrogenated. This effectively reduces the active catalyst concentration, slowing the reaction further and reducing the total number of para-hydrogenated molecules produced within the active catalyst window. This also leads to $W_a$ being *less than* predicted by $1/[\mathrm{S}]$ at low [S], contributing to downward curvature.

3.  **Magnetic Field Inhomogeneity:**
    *   **Ideal Case:** Assumes perfectly homogeneous magnetic field during S-T mixing.
    *   **Real Case:** All NMR magnets have some degree of spatial field inhomogeneity ($\Delta B_0$).
    *   **Consequence:** S-T mixing rates ($\propto \Delta \omega = \gamma \Delta B_0$) depend critically on the local field strength. In an inhomogeneous field, molecules in different parts of the sample experience different mixing efficiencies and resonance frequencies. This leads to **dephasing and reduced net observable hyperpolarization** ($W_a$). While this effect is present at all [S], its *relative impact* can change. At lower [S], the slower reaction means molecules experience the inhomogeneous field environment for a longer time *during* the critical mixing period, potentially allowing more dephasing to occur before observation. This can also contribute to the deviation, generally reducing $W_a$ more at lower [S].

**In Summary:**

The deviation (typically observed as $W_a$ falling *below* the straight line predicted by $W_a \propto 1/[\mathrm{S}]$ at lower substrate concentrations) primarily results from:

1.  **Finite Mixing Time:** Slow hydrogenation at low [S] allows singlet decay and inefficient mixing during the prolonged reaction.
2.  **Catalyst Deactivation:** Slow reactions at low [S] expose the catalyst to deactivation for longer, reducing effective catalyst concentration and total product yield.
3.  **Field Inhomogeneity:** Prolonged exposure to inhomogeneous fields during slow reactions increases dephasing losses.

To minimize the deviation:
*   Use catalysts with very high activity ($k$) to ensure fast hydrogenation even at low [S].
*   Optimize conditions for fast S-T mixing (e.g., suitable J-couplings, use of ALTADENA, higher fields for SABRE, or controlled field cycling).
*   Use robust catalysts with long lifetimes ($\tau_{\text{cat}}$).
*   Ensure excellent magnetic field homogeneity.
*   Keep substrate conversion low to minimize concentration-dependent effects and catalyst loading.

Understanding this deviation is crucial for accurate quantification and optimization of PHIP experiments.","The deviation occurs because after bubbling with $ho H_{2}$, some time is needed for the concentration of $ho H_{2}$ in the solution to reach its steady-state value, causing transient effects. Additionally, solvent evaporation during the experiment leads to an increase in concentration of up to $5\%$, contributing to the slight experimental inaccuracy.",0.14987661003705902,0.8172650746252653,0.0,0.0,0.0
152,Why does complex 3 form from the reaction of the proposed intermediate 5 with H2?,[],"['We speculate that 3 forms from a reaction of the proposed, but not directly observed, r-propane intermediate [Rh(^tBu2PCH2CH2P^tBu2)C3H8)][BAr^F4] 5 with H2, that itself is formed on initial hydrogenation of 1. In support of this assignment, the very close analogue of 5, crystallographically characterized, but short-lived at 25°C, propane σ complex [Rh(Cy2PCH2CH2PCy2)[C3H8)}][BAr^F4] has been prepared by solid/gas hydrogenation,44 while the more stable σ-alkane complex 2 reacts rapidly in CD2Cl2 to also give complex 3 (Scheme 2).39']","The formation of **Complex 3** from the reaction of **Intermediate 5** with H₂ in para-hydrogen-induced polarization (PHIP) systems is driven by **oxidative addition chemistry** and the need to preserve para-H₂ spin order. Here's a mechanistic explanation:

1.  **Nature of Intermediate 5:**  
    Intermediate 5 is typically a **coordinatively unsaturated metal complex** (often a **16-electron species**), formed after ligand dissociation or substrate binding. This electron deficiency makes it highly reactive towards small molecules like H₂.

2.  **H₂ Activation via Oxidative Addition:**  
    H₂ approaches the electron-deficient metal center in Intermediate 5. The σ-bonding electrons of H₂ donate into an empty orbital on the metal, while filled metal d-orbitals back-donate into the σ* antibonding orbital of H₂ (an **η²-H₂ interaction**). This weakens the H-H bond and leads to **oxidative addition**.  
    *   The metal center formally increases its oxidation state by +2.  
    *   The H-H bond cleaves homolytically.  
    *   Two new M-H bonds are formed.  

3.  **Formation of Complex 3 (Dihydride Complex):**  
    The product of this oxidative addition is **Complex 3, a dihydride complex** (an **18-electron species**). This is a stable, common intermediate in catalytic hydrogenation and PHIP cycles.  
    *   **General Reaction:**  
        `Intermediate 5 (Mᴸⁿ, 16e⁻) + H₂ → Complex 3 (Mᴸⁿ(H)₂, 18e⁻)`

4.  **Crucial Role in PHIP:**  
    The formation of Complex 3 is essential for PHIP because:  
    *   **Pairwise Addition:** The *two hydrogen atoms from the same para-H₂ molecule* are added to the *same metal center* in a single step. This **preserves the spin correlation** (the singlet state) of the original para-H₂ molecule within the two hydride ligands.  
    *   **Magnetic Non-Equivalence:** In the dihydride Complex 3, the two hydride ligands are often magnetically non-equivalent (e.g., having different chemical shifts or J-coupling). This non-equivalence allows the singlet spin order of the para-H₂ derived hydrides to be detected as **enhanced anti-phase NMR signals** when the complex is probed or undergoes further reaction (like transfer to a substrate).

**In Summary:**  
Intermediate 5 reacts with H₂ because it is an electron-deficient metal center primed for oxidative addition. This reaction specifically forms Complex 3 (a dihydride) because the oxidative addition pathway:  
1.  Is energetically favorable for many transition metals (Ru, Rh, Ir, etc.) common in PHIP catalysts.  
2.  Results in a stable 18-electron complex.  
3.  **Most critically, facilitates the pairwise transfer of the two H-atoms from a single para-H₂ molecule onto the metal center, preserving their spin order** – the fundamental requirement for generating the hyperpolarization observed in PHIP.

**Key PHIP Concept:** If the H₂ addition were not pairwise (e.g., if the H atoms came from different H₂ molecules or were added sequentially), the spin correlation of para-H₂ would be lost, and no hyperpolarization could occur. The formation of the dihydride Complex 3 via oxidative addition directly enables this pairwise transfer.","Complex 3 forms from the reaction of the proposed intermediate 5 with H2 because intermediate 5 is itself formed on the initial hydrogenation of 1, and the reaction of 5 with H2 leads to the formation of 3. This is supported by the observation of a close analogue of 5 and the rapid reaction of the more stable σ-alkane complex 2 to also give complex 3.",0.34884881132246714,0.7743173095992838,0.0,0.0,0.0
153,How does the signal enhancement with NHC 1 for substrate B compare to that with NHC 2 for substrate A?,[],"['The largest overall signal enhancement was observed for the substrates A and C with NHC 2- 981- fold and  $- 640$  - fold respectively).64 However, substrate B worked best with NHC 1  $- 401$  - fold signal enhancement) whilst D worked best with 3  $- 756$  - fold) (Fig.4a).']","Based on the query's context (comparing NHC catalysts in para-hydrogen-induced polarization (PHIP)), the signal enhancement comparison depends on **experimental data not provided in your question**. However, here’s how to interpret such a comparison:

### Key Factors for Comparison:
1.  **Catalyst-Substrate Specificity:**  
    NHC 1 may be optimized for **Substrate B** (e.g., steric/electronic match), while NHC 2 may suit **Substrate A** better. Direct comparison is only meaningful if tested under identical conditions (field strength, temperature, pH₂, etc.).

2.  **Enhancement Metrics:**  
    PHIP signal enhancements (often 10³–10⁵×) are typically reported as:
    -   **η = S<sub>hyperpolarized</sub> / S<sub>thermal</sub>**  
    *(where S = signal intensity)*

3.  **Critical Considerations:**  
    - **Substrate Differences:** Substrates A and B likely have distinct chemical structures (e.g., alkynes vs. acrylates), affecting polarization transfer efficiency.  
    - **Catalyst Performance:** NHC ligands alter metal center electronics (e.g., Ir, Ru), impacting H₂ activation and polarization transfer rates.  
    - **Experimental Conditions:** Field strength (low vs. high field), temperature, and pH₂ pressure significantly influence results.

### How to Compare (Hypothetical Example):
Suppose experimental data shows:  
| Catalyst | Substrate | Enhancement (η) |  
|----------|-----------|-----------------|  
| NHC 1    | B         | 12,000×        |  
| NHC 2    | A         | 8,500×         |  
→ Here, **NHC 1 for Substrate B yields higher enhancement** than NHC 2 for Substrate A.  

### Caveats:
- **Unequal substrates:** If Substrate B inherently polarizes better than A, NHC 1’s performance might reflect substrate suitability, not catalyst superiority.  
- **Control needed:** To fairly compare catalysts, test both NHC 1 and NHC 2 on the *same* substrate (e.g., Substrate A).  

### Conclusion:
Without specific data:  
🔬 **NHC 1 with Substrate B could show higher, lower, or similar enhancement to NHC 2 with Substrate A**, depending on:  
- Catalyst-substrate compatibility  
- Intrinsic substrate ""hyperpolarizability""  
- Experimental parameters  

For accurate analysis, consult the original study’s figures/tables reporting enhancement values for these specific combinations. If this is from a paper, share the reported η values for a direct comparison!",The signal enhancement with NHC 1 for substrate B (401-fold) is lower than that with NHC 2 for substrate A (981-fold).,0.6939414200867607,0.0,0.0,0.0,0.0
154,Why does the carbonyl group in the product molecule show higher signal enhancements compared to other carbon atoms during the parahydrogenation reaction?,[],"['Specifically, the carbonyl group in the product molecule C3 (⋄) showed significant signal enhancements between 4000 and 5500 after the conversion rate of reaction stabilized around the third minute. The reason for the higher signal enhancement of the carbonyl group might be that the 15 ms time delay chosen for the PH-INEPT+ sequence is most effective for the J couplings between the hyperpolarized protons and C3 resulting in more efficient polarization transfer than to C1 and C2.']","The enhanced carbonyl carbon signal in para-hydrogenation reactions (e.g., ALTADENA or PASADENA) arises from two key factors: **efficient hyperpolarization transfer** and **longitudinal relaxation time (T₁)**. Here's a breakdown:

1.  **Strong J-Coupling Network:**
    *   Hyperpolarization from parahydrogen-derived protons transfers to nearby nuclei via scalar spin-spin couplings (*J*-couplings).
    *   Carbonyl carbons (C=O) in α,β-unsaturated systems (common substrates like alkynoates or acrylates) often have **large one-bond J-couplings (¹Jₛₕᵢᵥₑ)** to directly attached atoms (e.g., ¹Jcₒ in aldehydes/ketones is ~30-40 Hz; in carboxylic acids/esters ~50-65 Hz).
    *   Crucially, they also experience **significant two-bond J-couplings (²Jcₕ)** to the newly added parahydrogen-derived vinyl protons (Hα and/or Hβ). These ²Jcₕ couplings can be substantial (5-15 Hz).
    *   This network of strong couplings provides an efficient pathway for hyperpolarization to flow rapidly from the nascent protons directly to the carbonyl carbon.

2.  **Long T₁ Relaxation Time:**
    *   Carbonyl carbons are often **quaternary** (no directly attached hydrogens).
    *   Longitudinal relaxation (T₁) for carbon nuclei is dominated by dipole-dipole relaxation with nearby protons. Quaternary carbons relax much **slower** than protonated carbons (CH, CH₂, CH₃) because they lack the strong, efficient relaxation pathway provided by directly bonded H atoms.
    *   Hyperpolarization decays exponentially with a time constant T₁. A **long T₁ allows the hyperpolarization to persist significantly longer** on the carbonyl carbon compared to protonated carbons.
    *   When the sample is transferred to the high-field NMR magnet for detection, the hyperpolarization on fast-relaxing protonated carbons (short T₁) has partially decayed by the time the experiment starts, while the hyperpolarization on the slow-relaxing carbonyl carbon (long T₁) is largely preserved, leading to a **relatively stronger observed signal**.

**Why other carbons show less enhancement:**

*   **Protonated Carbons (CH, CH₂, CH₃):** While hyperpolarization may transfer efficiently to them via strong ¹Jcₕ couplings, their **short T₁ values** cause the hyperpolarization to decay rapidly before or during detection.
*   **Remote Quaternary Carbons:** Carbons far from the addition site may lack strong enough *J*-coupling pathways back to the hyperpolarized protons, hindering efficient transfer.
*   **Weak Coupling Pathways:** Carbons connected only through small long-range couplings (³Jcₕ, ⁴Jcₕ) experience slower, less efficient transfer.

**In essence:** The carbonyl carbon often benefits from both **efficient hyperpolarization transfer** due to its position within a network of strong *J*-couplings to the hyperpolarized protons *and* **excellent retention** of that hyperpolarization due to its long T₁ relaxation time. This combination results in its signal being disproportionately enhanced compared to other carbons in the molecule during PHIP NMR experiments. This effect is particularly pronounced in molecules like ethyl pyruvate or similar α,β-unsaturated carbonyls.","The higher signal enhancement of the carbonyl group is due to the 15 ms time delay chosen for the PH-INEPT+ sequence, which is most effective for the J couplings between the hyperpolarized protons and C3, resulting in more efficient polarization transfer than to C1 and C2.",0.2832820266754267,0.7879392419249038,0.0,0.0,0.0
155,Why does the chemical shift change in C6 occur upon hydrogenation?,[],"['The chemical shift change in C6 is consistent with hydrogenation of the alkyne to alkene, lowering its anisotropic effect.']","The change in chemical shift at position C6 upon hydrogenation is primarily due to **fundamental alterations in the molecular structure and electronic environment** caused by the addition of hydrogen. Here's a breakdown of the key reasons:

1.  **Change in Hybridization & Bond Order:**
    *   **Before Hydrogenation:** C6 is typically part of an unsaturated system (e.g., a double bond in an alkene or alkyne, or adjacent to a carbonyl). This means C6 is usually **sp²-hybridized**.
    *   **After Hydrogenation:** The double bond (or triple bond) is saturated. C6 becomes **sp³-hybridized** as it forms new single bonds.
    *   **Consequence:** sp² carbons (alkene/aromatic) resonate at **lower field (higher ppm)** (e.g., 100-150 ppm) compared to sp³ carbons (alkane) which resonate at **higher field (lower ppm)** (e.g., 0-50 ppm). This shift towards higher field (lower ppm) for C6 is the most significant contributor.

2.  **Change in Electron Density:**
    *   Hydrogenation directly alters the electron distribution around C6.
    *   The addition of hydrogen atoms changes the local electron density. The nature of this change depends on the specific functional groups involved, but the shift from sp² to sp³ hybridization generally increases the electron density shielding the C6 nucleus, contributing to the upfield shift.

3.  **Loss of Magnetic Anisotropy (π-Systems):**
    *   **Before Hydrogenation:** If C6 was part of or near an unsaturated system (C=C, C≡C, C=O, aromatic ring), the π-electrons generated strong local magnetic fields (anisotropy). These fields can significantly deshield nearby nuclei (like C6), pulling their signals downfield.
    *   **After Hydrogenation:** Saturation destroys these π-systems. The anisotropic effects vanish. C6 is no longer deshielded by these fields, leading to a shift **upfield (lower ppm)**.

4.  **Changes in Conjugation:**
    *   If C6 was part of a conjugated system (e.g., in an α,β-unsaturated carbonyl like acrylate: `H₂C=CH-C(=O)-`), hydrogenation breaks this conjugation.
    *   **Before:** The conjugated system delocalizes electrons, affecting chemical shifts throughout (e.g., the β-carbon is deshielded).
    *   **After:** Conjugation is lost. C6 (formerly the β-carbon) loses the deshielding effect of the carbonyl group through conjugation, contributing further to an **upfield shift**.

5.  **Alteration of Neighboring Groups:**
    *   Hydrogenation changes the atoms/groups directly bonded to C6 and its neighbors.
    *   For example, if C6 was `=CH-` in an alkene, after hydrogenation it becomes `-CH₂-`. The change from one H to two H neighbors, and the change in hybridization of the carbon it was double-bonded to, significantly alter its local magnetic environment.

**Example: Hydrogenation of Styrene (C₆H₅-CH=CH₂) to Ethylbenzene (C₆H₅-CH₂-CH₃):**

*   **Cβ (vinyl CH₂):** Before hydrogenation, the sp² carbons resonate around 113-115 ppm (CH₂=) and 136-138 ppm (=CH-).
*   **C6 (equivalent to the -CH₂- in ethylbenzene):** After hydrogenation, the methylene group (-CH₂-) resonates around 28-29 ppm.
*   **Change:** A massive **upfield shift of ~85-110 ppm** for the carbon atoms that were part of the vinyl group, primarily due to the change from sp² to sp³ hybridization and loss of magnetic anisotropy from the phenyl ring conjugation.

**In Summary:**

The chemical shift change at C6 upon hydrogenation is overwhelmingly driven by the **transition from sp² to sp³ hybridization** and the consequent **loss of magnetic anisotropy effects** from unsaturated systems. Changes in electron density, loss of conjugation, and altered neighboring groups also contribute to this significant shift towards **higher field (lower ppm)**.",The chemical shift change in C6 occurs because the hydrogenation of the alkyne to alkene lowers its anisotropic effect.,0.2902471825448225,0.9546898643698806,0.0,0.0,0.0
156,Why is the final reaction product solvent-dependent?,[],"['Complex 6 is zwitterionic, and its cationic  $\\operatorname {Ir}(\\mathrm{m})$  centre is balanced by phenoxide ion formation. Hence the final reaction product formed from 1 with pyridine and  $\\mathrm{H}_{2}$  is solvent dependent.']","The solvent dependence of the final hyperpolarized product in para-hydrogen-induced hyperpolarization (PHIP) arises from the intricate interplay between the solvent and several critical aspects of the PHIP process:

1.  **Reaction Pathway & Kinetics:**
    *   **Catalyst Solvation:** Solvents directly influence the solvation shell around the catalyst (usually a metal complex like Rh, Ir, Ru). This affects the catalyst's stability, solubility, ligand exchange rates, and ultimately, its activity and selectivity.
    *   **Substrate/Catalyst Interaction:** Solvents modulate how the substrate interacts with the catalyst's active site. Polar solvents might stabilize polar transition states or intermediates differently than non-polar solvents. Hydrogen-bonding solvents can directly interact with substrates or intermediates.
    *   **Reaction Rate & Selectivity:** Solvent polarity, viscosity, and coordinating ability can significantly alter the rate of hydrogen addition and the regioselectivity/stereoselectivity of the reaction. A different solvent can favor the formation of one isomer over another or even lead to a completely different reaction product if alternative pathways become accessible.

2.  **Hyperpolarization Transfer Mechanism:**
    *   **Crucial J-Couplings:** The efficiency of transferring the spin order from the nascent para-H₂ derived protons to the target nuclei (e.g., ¹³C, ¹⁵N, ³¹P) fundamentally depends on the scalar spin-spin coupling constants (J-couplings) within the molecule.
    *   **Solvent Effects on J-Couplings:** Solvents can significantly alter J-coupling values, especially through:
        *   **Hydrogen Bonding:** Strongly affects electron density distribution around atoms involved in the bond. Changes in electron density directly impact J-couplings. Protic solvents (e.g., water, methanol) are particularly potent at altering J-couplings via H-bonding to electronegative atoms (O, N).
        *   **Polarity & Dielectric Effects:** Solvent polarity influences the conformational equilibrium of flexible molecules. Since J-couplings are highly conformation-dependent (especially vicinal ³J couplings), a solvent shift can change the average coupling constant.
        *   **Specific Solute-Solvent Interactions:** Coordination, π-stacking, or other specific interactions can distort bond angles/lengths or electron distribution, changing J-couplings.
    *   **Impact on Transfer:** The PHIP transfer pulse sequence (e.g., PASADENA, ALTADENA, SABRE, or pulse sequences for in-situ detection) is typically optimized for specific J-coupling values and network topologies. If the solvent changes these J-couplings, the pulse sequence may no longer efficiently transfer polarization to the intended target nucleus, or it might transfer it to a different nucleus instead. This can make a different signal appear hyperpolarized or drastically reduce the desired hyperpolarization.

3.  **Relaxation Times (T₁):**
    *   **Solvent Viscosity & Rotation:** Solvent viscosity directly impacts the molecular tumbling rate (rotational correlation time, τ_c). This affects dipole-dipole relaxation, a major contributor to nuclear spin-lattice relaxation (T₁).
    *   **Solvent Interactions:** Paramagnetic impurities (like O₂) dissolved in the solvent, or specific interactions promoting relaxation (e.g., exchangeable protons in protic solvents), can shorten T₁.
    *   **Impact on Hyperpolarization:** The observable hyperpolarization level depends on how quickly the hyperpolarized state relaxes back to thermal equilibrium. A solvent that shortens T₁ (e.g., a viscous solvent or one containing paramagnetic species) will cause the hyperpolarization to decay faster, potentially making the signal undetectable or much weaker by the time measurement occurs. Different nuclei within the same molecule can be affected differently.

4.  **Phase & Solubility:**
    *   **Reaction Medium:** The solvent must dissolve both the catalyst and the substrate adequately for the reaction to proceed efficiently.
    *   **Gas Solubility:** The solubility of H₂ (and para-H₂) itself varies greatly with solvent. Lower solubility can limit reaction rates and para-H₂ availability.
    *   **Phase Separation:** In some cases (e.g., aqueous/organic systems), the reaction product might partition into a different phase than where the hyperpolarization transfer pulse is applied or detected, leading to apparent solvent dependence of the observed product.

**In Summary:**

The solvent isn't just an inert medium. It actively participates by:
*   Influencing *which* chemical product forms and *how fast* (Reaction Pathway/Kinetics).
*   Altering the *magnetic environment* (J-couplings) crucial for efficient spin order transfer.
*   Controlling how *long* the hyperpolarization lasts before relaxing (T₁).
*   Governing the *physical accessibility* of the product for detection.

Therefore, changing the solvent can lead to:
*   A completely different chemical product.
*   The same chemical product but with hyperpolarization transferred to a different nucleus within it.
*   The same hyperpolarized nucleus but with significantly reduced intensity due to faster relaxation.
*   Failure to observe hyperpolarization due to phase separation or poor reaction efficiency.

Optimizing the solvent is therefore a critical parameter in designing and performing successful PHIP experiments targeting specific hyperpolarized products or signals.","The final reaction product is solvent-dependent because the cationic Ir(m) centre is balanced by phenoxide ion formation, and the ligand exchange rates vary with the solvent, influencing the reaction outcome.",0.28554442660616214,0.6571431905376738,0.0,0.0,0.0
157,Why can residual water in the solvent become hyperpolarised in the SABRE-Relay method?,[],"['In the example presented in Fig. 6, NH3 is used as the carrier and the target molecule is 1- propanol. The solvent, DCM - d2, is chosen as it has no exchangeable protons. However, if the solvent is not completely dry, any residual water present can participate in the proton exchange process and also become hyperpolarised.']","Residual water becomes hyperpolarized in SABRE-Relay due to a two-step process involving **chemical exchange** with a hyperpolarized relay molecule (like pyridine). Here's the mechanism:

1.  **Hyperpolarization of the Relay Molecule (e.g., Pyridine):** In standard SABRE, para-hydrogen-derived spin order is transferred to a substrate bound to an Ir catalyst. In SABRE-Relay, the primary target is a specific molecule, the ""relay agent,"" like pyridine (Py). Pyridine binds to the catalyst alongside para-hydrogen and becomes hyperpolarized on its **N-H protons**.

2.  **Chemical Exchange with Water:** Pyridine (Py) possesses exchangeable protons (N-H). Water (H₂O) also has rapidly exchanging protons (O-H). When dissolved together, these protons undergo **chemical exchange**:
    `Py-NH + H₂O ⇌ Py-N⁻ + H₃O⁺`
    This exchange happens very rapidly (on the millisecond timescale or faster).

3.  **Transfer of Hyperpolarization:** The hyperpolarization resides in the nuclear spin state of the protons on the Py-NH group. When a hyperpolarized proton on Py is exchanged with a proton from H₂O (or H₃O⁺), the **spin state (and thus the hyperpolarization) is physically carried over** to the water molecule. The newly arrived proton on the water molecule is now hyperpolarized.

4.  **Amplification by Fast Exchange and Relaxation:** Several factors make this efficient even for trace water:
    *   **Fast Exchange Rate:** The exchange between Py-NH and water protons is much faster than the hyperpolarized state's relaxation time (T₁) on either Py or water. This means the hyperpolarization can be transferred many times before it decays.
    *   **Large Water Pool:** Although the *absolute* polarization per water proton transferred might be small initially, the hyperpolarization rapidly spreads throughout the large pool of exchanging water protons via fast chemical exchange and spin diffusion within the water network.
    *   **Long T₁ of Water:** Protons in pure water have relatively long relaxation times (T₁ ~ 2-4 seconds) compared to protons bound to molecules like pyridine. Once hyperpolarization is transferred to a water proton, it decays relatively slowly, allowing it to be detected.

**Why Residual Water Works:**

Even small amounts of residual water (ppm levels) act as a vast reservoir of protons. The fast exchange efficiently ""dilutes"" the hyperpolarization from the Py-NH protons *into* this reservoir. While the polarization per proton in water is lower than it was on the Py-NH group initially, the sheer number of water protons means the overall hyperpolarized signal from water can be very strong and easily detectable in NMR.

**In essence:** The hyperpolarization ""hops"" from the catalyst-generated state on the relay molecule's exchangeable proton onto the residual water molecules via rapid chemical proton exchange. The large number of water protons and their relatively slow relaxation allows this hyperpolarized state to build up and be observed.","Residual water can become hyperpolarised because it can participate in the proton exchange process, similar to the target analyte, even though the solvent (DCM-d2) is chosen to have no exchangeable protons.",0.5111818578727108,0.9205529365324013,0.0,0.0,0.0
158,Why does the addition of d7 benzylamine enable polarization transfer to proton and 15N in metronidazole solutions with iridium precursors?,[],"['However, once a 3.6-fold excess of d7 benzylamine was added, polarization transfer to proton and 15N was readily seen with both precursors. For [IrCl(COD)(h22 - 1)] the P15N value was 22% while for [IrCl(COD)(h22 - 2)], it was 24%. In all cases, the reaction with d9-benzylamine and metronidazole formed [Ir-(H)2(mtz)2(d9-BnND2)(NHC)]Cl and [Ir(H)2(d9-BnND2)2(mtz)(NHC)]Cl with the ratio being 1.4:1 for d22 - 2.']","The addition of **d7-benzylamine** (deuterated benzylamine, C6D5CD2NH2) enables efficient polarization transfer to protons and 15N in metronidazole solutions with iridium catalysts in **SABRE (Signal Amplification By Reversible Exchange)** hyperpolarization due to these key reasons:

1.  **Deuteration Minimizes Relaxation:**
    *   Benzylamine acts as a **co-ligand** that binds to the iridium complex alongside metronidazole and H2 (para-hydrogen), forming an active catalytic complex.
    *   The **deuteration (d7)** of the aryl ring and methylene group drastically reduces the number of nearby protons.
    *   Protons cause rapid relaxation (loss) of the hyperpolarized state via dipole-dipole interactions. Replacing H with D (which has a much smaller magnetic moment) significantly **slows down this relaxation**, allowing the hyperpolarization generated on the transiently bound parahydrogen-derived hydrides to persist long enough for efficient transfer to target nuclei (1H and 15N in metronidazole).

2.  **Facilitates Ternary Complex Formation:**
    *   Benzylamine is a strong **σ-donor ligand** (via the amine nitrogen). Its binding to the Ir center helps stabilize the active SABRE catalyst complex (typically [Ir(IMes)(L)2(H)2]+, where IMes is an N-heterocyclic carbene ligand).
    *   This stable complex readily binds both metronidazole (the substrate) *and* H2 (parahydrogen) simultaneously, forming the crucial **ternary complex** [Ir(IMes)(benzylamine)(metronidazole)(H)2]+. This ternary complex is essential for the polarization transfer process via the J-coupling network.

3.  **Enables Polarization Transfer to 15N:**
    *   Transferring polarization to low-gamma nuclei like 15N (γ_15N ≈ -1/10 γ_1H) is inherently inefficient due to weak J-couplings and relaxation.
    *   The deuteration effect (point 1) is *critical* here. The slow relaxation allows the hyperpolarized state to evolve under the weak **long-range scalar couplings (J<sub>H-N</sub>)** between the parahydrogen-derived hydrides on Ir and the 15N nucleus in metronidazole.
    *   Magnetic field cycling (shuttling between polarization and detection fields) is often used to optimize the matching condition for this transfer. The long-lived hyperpolarization state enabled by d7-benzylamine makes this field cycling much more effective for 15N.

4.  **Minimizes Signal Competition:**
    *   While benzylamine itself binds to Ir, its extensive deuteration means its residual CH2 group (C<em>D</em>2NH2) has very few protons. This minimizes signals from the co-ligand itself competing with the desired signals from metronidazole in the NMR spectrum.

**In Summary:**

d7-Benzylamine acts as a **deuterated, stabilizing co-ligand** that:
1.  **Dramatically reduces relaxation losses** of the hyperpolarized state by minimizing dipole-dipole interactions.
2.  **Promotes formation** of the active Ir complex and the essential ternary complex (Ir/benzylamine/metronidazole/H2).
3.  **Enables efficient polarization transfer to 15N** by allowing sufficient time for the weak J-couplings to act, especially during field cycling protocols.
4.  **Minimizes background signals** in the NMR spectrum.

The deuteration is key to achieving the long hyperpolarization lifetimes required for the polarization to flow effectively to both the sensitive protons and the insensitive 15N nuclei in metronidazole.","The addition of d7 benzylamine facilitates the formation of hyperpolarized complexes such as [Ir-(H)2(mtz)2(d9-BnND2)(NHC)]Cl and [Ir(H)2(d9-BnND2)2(mtz)(NHC)]Cl, which are necessary for the observed polarization transfer to proton and 15N.",0.29007897044638764,0.764144692557048,0.0,0.0,0.0
159,"How do the relaxation rates of the reporter ligand compare when benzylamine, benzamidine, and leupeptin are the competing ligands?",[],"['Under the solution conditions of the experiments, the relaxation rate in competition, R2(c), determined from three separate measurements was fastest with benzylamine at 1.47 ± 0.04 s⁻¹, followed by benzamidine at 0.88 ± 0.06 s⁻¹, and leupeptin at 0.58 ± 0.05 s⁻¹ (Table S1 in the SI). These rates indicate that in the first experiment, the smallest fraction of the reporter ligand was displaced, with increasing fractions in the second and third experiments.']","The relaxation rates of the reporter ligand in para-hydrogen-based hyperpolarization (e.g., SABRE) **depend critically on the steric bulk, binding affinity, and exchange kinetics** of competing ligands like benzylamine, benzamidine, and leupeptin. Here's how they generally compare:

1.  **Benzylamine (smallest, lowest affinity):**
    *   **Effect:** Typically **increases relaxation rate (T₁⁻¹)** of the reporter ligand.
    *   **Why?** Its small size and fast exchange kinetics allow frequent collisions and rapid ligand displacement at the metal catalyst (e.g., Ir-IMes complex). This dynamic environment enhances dipole-dipole relaxation and shortens the reporter's hyperpolarized state lifetime. Benzylamine's lower affinity also means it spends less time blocking the site, allowing more reporter access *but* also more frequent disruptive interactions.

2.  **Benzamidine (intermediate size/affinity):**
    *   **Effect:** Likely results in **intermediate relaxation rates** compared to benzylamine and leupeptin.
    *   **Why?** Its bulkier structure (compared to benzylamine) and higher affinity (two potential N-donors) lead to slower exchange kinetics. It occupies the catalytic site more persistently, partially shielding the reporter ligand from solvent/paramagnetic relaxation sources. However, its size still allows some dynamic interactions that promote relaxation faster than very bulky ligands.

3.  **Leupeptin (largest, highest affinity):**
    *   **Effect:** Typically **decreases relaxation rate (prolongs T₁)** of the reporter ligand.
    *   **Why?** Its large peptidic structure and high affinity cause very slow exchange kinetics. It acts like a ""protective cap,"" occupying the catalytic site for extended periods. This significantly shields the bound reporter ligand from interactions with solvent molecules, dissolved oxygen (paramagnetic), and the catalyst's own potential paramagnetism that cause relaxation. The reporter ligand experiences a more rigid, less dynamic environment while bound.

**Summary Comparison (Relaxation Rate: High = Fast Relaxation = Short T₁):**

| **Competing Ligand** | **Size/Affinity** | **Exchange Kinetics** | **Reporter Relaxation Rate (T₁⁻¹)** | **Reporter Lifetime (T₁)** |
| :------------------- | :---------------- | :-------------------- | :--------------------------------- | :------------------------- |
| **Benzylamine**      | Small / Low       | Fast                  | **Highest**                        | Shortest                   |
| **Benzamidine**      | Medium / Medium   | Moderate              | **Intermediate**                   | Medium                     |
| **Leupeptin**        | Large / High      | Slow                  | **Lowest**                         | Longest                    |

**Key Mechanism:** The competing ligand modulates the reporter's relaxation primarily by:
*   **Steric Shielding:** Blocking access of relaxation agents (O₂, solvent protons).
*   **Modulating Dynamics:** Faster ligand exchange increases reporter exposure to relaxation sources.
*   **Affinity/Residency Time:** Higher affinity/longer residency of the competitor reduces the frequency of reporter binding/unbinding events that induce relaxation.

**Important Considerations:**
*   **Reporter Identity:** The effect can depend on the specific reporter ligand used (e.g., pyridine vs. nicotinamide).
*   **Concentrations:** Relative concentrations of para-H₂, catalyst, reporter, and competitor significantly influence the outcome.
*   **Catalyst:** The specific catalyst complex (e.g., [Ir(IMes)(COD)Cl]) and its potential decomposition products matter.
*   **Solvent/Temperature:** These environmental factors strongly influence exchange kinetics and relaxation pathways.

**In essence:** For maximizing the hyperpolarized signal *lifetime* (long T₁) of your reporter ligand, **leupeptin is generally the most effective competitor** due to its strong shielding effect. **Benzylamine typically gives the shortest lifetime**, while **benzamidine falls in between**. However, optimizing signal *build-up* often requires balancing relaxation rate with polarization transfer efficiency, which is also influenced by the competitor. Experimental determination under specific conditions is always recommended.","The relaxation rate is fastest with benzylamine (1.47 ± 0.04 s⁻¹), followed by benzamidine (0.88 ± 0.06 s⁻¹), and slowest with leupeptin (0.58 ± 0.05 s⁻¹).",0.5049474893996599,0.8324381761610883,0.0,0.0,0.0
160,Why is hyperpolarization necessary for detecting metabolites in vivo using MRI?,[],"['Yet at Boltzmann equilibrium, spin polarizations of conventional MR (on the order of ca.  $10^{- 5} - 10^{- 6}$ ) are too low—and the metabolites are often too dilute—to detect, quantify, or image such substances in vivo on a reasonable time scale.[1] However, spin- order attained by hyperpolarizing substances beyond Boltzmann levels can be high enough to overcome the otherwise poor detection sensitivity, thus enabling a wide range of novel approaches.']","Hyperpolarization is essential for detecting metabolites in vivo using MRI primarily because it **overcomes the fundamental sensitivity limitations** of conventional MRI when dealing with low-concentration biomolecules. Here's why:

1.  **Extremely Low Natural Polarization:**
    *   At thermal equilibrium (governed by Boltzmann statistics), the population difference between nuclear spin states (e.g., ¹H, ¹³C) aligned with vs. against the MRI's strong magnetic field is *very* small.
    *   For ¹H at 1.5 Tesla (a common clinical field strength), only about 5 out of every 100,000 protons contribute to the detectable NMR signal. For less sensitive nuclei like ¹³C (which is crucial for tracking specific metabolic pathways), this difference is *orders of magnitude smaller*.
    *   Metabolites are present in tissues at concentrations typically **thousands to millions of times lower** than water protons (the primary source of signal in conventional MRI). Their natural signal is therefore far below the noise floor of the MRI scanner.

2.  **Signal-to-Noise Ratio (SNR) Problem:**
    *   MRI detection relies on having sufficient SNR. The intrinsically weak signal from low-concentration metabolites combined with their low natural polarization results in an SNR far too low for practical detection within a reasonable scan time using standard methods.

3.  **Hyperpolarization Provides a Massive Signal Boost:**
    *   Hyperpolarization techniques (like PHIP, DNP, SABRE) artificially create a *non-equilibrium* state where the population difference between spin states is dramatically increased – often by factors of **10,000 to 100,000 times or more** compared to thermal equilibrium.
    *   This massive boost in polarization translates directly into a massive boost in the detectable NMR signal (signal ∝ polarization).
    *   Suddenly, the signal from low-concentration metabolites like pyruvate, lactate, fumarate, or bicarbonate becomes strong enough to be detected above the noise with high temporal and spatial resolution.

4.  **Enabling Real-Time Metabolic Imaging:**
    *   The hyperpolarized state is transient. It decays back to thermal equilibrium with the characteristic T₁ relaxation time of the nucleus (seconds to minutes for ¹³C in typical metabolites).
    *   This decay imposes a strict time limit (typically < 2-5 minutes) for injecting the hyperpolarized agent and acquiring images. While a constraint, this also allows for **dynamic imaging of metabolic fluxes** in real-time. You can inject hyperpolarized [1-¹³C]pyruvate and literally watch it be taken up by tissues and converted into lactate, alanine, or CO₂/bicarbonate within seconds.

**Why PHIP Specifically is Well-Suited:**
*   **Speed:** PHIP can achieve very high levels of polarization very rapidly (seconds), crucial for in vivo applications before the signal decays.
*   **Efficiency:** It can be highly efficient, polarizing a large fraction of the target molecules.
*   **Cost & Complexity:** While requiring specialized equipment, it can be less complex and potentially more cost-effective than techniques like DNP for specific molecules (especially small symmetric molecules like parahydrogen precursors and their hydrogenation products).
*   **Molecular Specificity:** It can be designed to polarize specific metabolic substrates or probes.

**In summary:** Hyperpolarization, including PHIP, is necessary because it provides the enormous signal enhancement (10,000x+) required to lift the intrinsically weak NMR signals of low-concentration metabolites far above the noise floor of an MRI scanner. Without this boost, detecting and imaging specific metabolic processes in vivo with MRI is simply impossible due to the limitations of Boltzmann polarization at physiological temperatures and clinically relevant magnetic field strengths. It transforms MRI from primarily an anatomical water-imaging technique into a powerful tool for real-time functional metabolic imaging.","Hyperpolarization is necessary because at Boltzmann equilibrium, the spin polarizations of conventional MR are too low and the metabolites are often too dilute to detect, quantify, or image such substances in vivo on a reasonable time scale. Hyperpolarizing substances beyond Boltzmann levels can achieve high enough spin-order to overcome the poor detection sensitivity.",0.6776254074577248,0.993371919522526,0.0,0.0,0.0
161,How do the signal enhancements for 1-propanol compare when using ammonia versus isobutylamine as the carrier?,[],"['Relay conditions that use ammonia (A) as the carrier gave the largest signal enhancements for 1-propanol. We quantified enhancements of 441, 723, 783 and 648-fold per proton in the OH, OCH2, CH2 and CH3 positions respectively. In contrast, isobutylamine (B) gave comparably poor signal enhancements of less than 50-fold per proton environment.']","The signal enhancement for 1-propanol in para-hydrogen-induced hyperpolarization (PHIP) using **ammonia (NH₃)** versus **isobutylamine ((CH₃)₂CHCH₂NH₂)** as the carrier differs significantly due to key molecular properties:  

### Key Factors Influencing Enhancement:
1. **Molecular Size & Dynamics**:  
   - **Ammonia**: Smaller size enables faster diffusion and efficient interaction with the catalyst (e.g., Ir-IMes), facilitating rapid polarization transfer to 1-propanol.  
   - **Isobutylamine**: Bulkier structure causes slower diffusion and steric hindrance, reducing efficiency in polarization transfer.  

2. **Binding Affinity to Catalyst**:  
   - **Ammonia**: Weak binding allows rapid exchange, enhancing polarization transfer to 1-propanol.  
   - **Isobutylamine**: Stronger binding (due to alkyl groups) may occupy catalytic sites longer, slowing polarization transfer.  

3. **Relaxation Effects**:  
   - Isobutylamine’s larger size shortens T₁ relaxation times for hyperpolarized 1-propanol, accelerating signal decay. Ammonia’s minimal impact preserves polarization longer.  

4. **Hydrogenation Kinetics**:  
   - Ammonia’s small size promotes faster para-hydrogenation kinetics, improving overall polarization yield.  

### Expected Enhancement Comparison:
- **Ammonia**: Typically achieves **higher enhancements (e.g., 100–1,000-fold)** for 1-propanol due to optimal kinetics and exchange dynamics.  
- **Isobutylamine**: Yields **lower enhancements (e.g., 10–100-fold)** due to steric limitations, slower exchange, and relaxation penalties.  

### Practical Recommendation:  
For maximum ¹H signal enhancement in 1-propanol, **ammonia is superior**. Use isobutylamine only if solubility or chemical compatibility necessitates it, accepting reduced performance.  

*Experimental Tip*: Optimize catalyst concentration (e.g., Ir-IMes) and reaction temperature to further leverage ammonia’s advantages.","Ammonia (A) gave significantly larger signal enhancements (441-783 fold per proton) for 1-propanol compared to isobutylamine (B), which gave poor enhancements of less than 50-fold per proton.",0.3091477248677005,0.9078567515977315,0.0,0.0,0.0
162,Why are the differences in hydride polarisation levels seen for 4b in these solutions not due to different hydrogen exchange rates in 3?,[],"['We note that the linewidths of the hydride resonances of 4b at $298\\mathrm{K}$ are similar in each of these samples $(43 - 45\\mathrm{Hz})$. Similarly, the linewidths of 3, 3- Br and 3- Acn are comparable at $245\\mathrm{K}$ $(3 - 5\\mathrm{Hz})$. Therefore, we do not expect that differences in hydride polarisation levels seen for 4b in these solutions are due to different hydrogen exchange rates in 3, but rather the different binding strengths of the coligands that must be displaced by pyruvate to form 4 from 3.']","The differences in hydride polarization levels for substrate **4b** across different solutions are **not primarily due to variations in hydrogen exchange rates at the catalyst (compound 3)** for these key reasons:

1.  **Polarization Transfer Mechanism Dominance:**
    *   In SABRE (Signal Amplification By Reversible Exchange), hydride polarization on the catalyst (e.g., Ir-H in **3**) arises from the *para*-hydrogen-derived singlet order. This polarization is then transferred to the bound substrate (**4b**) via J-coupling networks during the complex's lifetime.
    *   The **efficiency of this spin-order transfer** (from *p*-H₂-derived hydrides to substrate nuclei) depends critically on:
        *   **Matching J-Couplings:** The strength and topology of scalar couplings (J) between the hydrides and target nuclei in **4b**.
        *   **Magnetic Field (Transfer Field):** The spin evolution (singlet-triplet mixing) is highly field-dependent. Optimal transfer occurs at specific fields (typically μT to mT) dictated by the J-couplings.
        *   **Binding Lifetime:** The substrate must remain bound long enough for efficient polarization transfer to occur, but not so long that relaxation dominates.
    *   **Changes in solvent alter the J-coupling values and the optimal transfer field.** Even if the exchange rate (on/off kinetics of **4b**) is similar, polarization efficiency drops if the experiment isn't performed at the *solvent-specific* optimal transfer field.

2.  **Relaxation Pathways (T₁):**
    *   The observable hyperpolarization signal depends on the longitudinal relaxation time (T₁) of the target hydride signal in **4b** *after* dissociation from the catalyst.
    *   **Solvent viscosity, dissolved oxygen, paramagnetic impurities, and molecular tumbling rates significantly impact T₁.** A solvent causing faster relaxation (shorter T₁) will lead to lower observed polarization, even if the polarization transfer *on the catalyst* was identical. This is often a dominant factor.

3.  **Catalyst Hydride Relaxation:**
    *   The polarization level *on the catalyst hydrides themselves* (**3**) before transfer also depends on their T₁ relaxation. Solvent effects (viscosity, paramagnetic species) can alter this hydride T₁, changing the ""source"" polarization available for transfer to **4b**.

4.  **Exchange Rate vs. Binding Lifetime:**
    *   While the *substrate exchange rate* (on/off rate of **4b** from **3**) influences the binding lifetime and thus the time available for transfer, it is **not the sole determinant of polarization efficiency.**
    *   An optimal binding lifetime exists. Too fast exchange doesn't allow enough time for transfer. Too slow exchange leads to significant relaxation losses *while bound*.
    *   Crucially, **changes in solvent primarily affect polarization by altering the *spin dynamics* (J, optimal B₀) and *relaxation* (T₁ of substrate and catalyst hydrides), rather than solely the exchange kinetics.** Even if exchange rates were constant across solvents, polarization differences would arise due to these other factors.

**In Summary:**

While hydrogen exchange kinetics (substrate binding/release) play a role in defining the time window for polarization transfer, the *observed differences* in hydride polarization for **4b** across solvents are overwhelmingly governed by:

1.  **Solvent-induced changes in J-coupling constants**, shifting the **optimal magnetic transfer field** away from the field used in the experiment.
2.  **Solvent-induced changes in relaxation rates (T₁)** of:
    *   The target hydride signal in free **4b** (dominant).
    *   The catalyst hydrides in **3** (source polarization).
    *   Possibly the bound complex.
3.  Potentially, solvent effects on the *binding affinity/strength* influencing the exact J-coupling topology within the active complex.

Therefore, attributing the polarization differences in **4b** solely to variations in hydrogen exchange rates at **3** overlooks the critical roles of spin dynamics (field dependence) and relaxation, which are highly sensitive to the solvent environment. The exchange kinetics are a necessary factor but not the primary *cause* of the observed solvent-dependent differences.","The differences in hydride polarisation levels are due to the different binding strengths of the coligands that must be displaced by pyruvate to form 4 from 3, rather than different hydrogen exchange rates in 3.",0.29898771441671324,0.8529587671328924,0.0,0.0,0.0
163,How do the bimetallic interactions in heterobimetallic early-late transition metal complexes compare to those in symmetric bimetallic complexes with mid- to late transition metals?,[],"['Most of these bimetallic species fall into two groups: (i) heterobimetallic early- late transition metal complexes, or (ii) symmetric bimetallic complexes with a core consisting of two mid- to- late transition metals. Group (i) typically relies on ligands that combine in close proximity both soft and hard moieties, and feature a highly polar dative interaction from the late to the early transition metal. Group (ii) relies on symmetric bridging ligands, often leading to an apolar bimetallic interaction.']","The bimetallic interactions in **heterobimetallic early-late transition metal complexes** differ fundamentally from those in **symmetric mid-to-late transition metal complexes** due to contrasting electronic structures, orbital symmetries, and bonding modes. Here’s a structured comparison:

### 1. **Electronic Asymmetry vs. Symmetry**  
   - **Heterobimetallic (Early-Late)**:  
     - **Large electronegativity difference** (e.g., Ti/Rh, Zr/Co): Early metals (low χ, electropositive) act as **Lewis acids**, late metals (high χ, electronegative) as **Lewis bases**.  
     - **Polarized bonding**: Interactions are often **dative/dipolar** (e.g., early→late donation via σ-bonding, late→early back-donation via π-symmetry).  
     - Example: Ti(II)→Ru(0) bonds involve Ti(d) → Ru(d) donation.  
   - **Symmetric (Mid-Late)**:  
     - **Smaller electronegativity gap** (e.g., Rh/Rh, Pd/Pd): Bonds are more **covalent/less polar**.  
     - **Homovalent or mixed-valent** interactions with symmetric orbital overlap (e.g., δ-bonds in [Re₂Cl₈]²⁻).  

### 2. **Orbital Interactions**  
   - **Heterobimetallic**:  
     - **Complementary orbital symmetry**: Early metals (low d-electron count) have vacant orbitals; late metals (high d-electron count) have filled orbitals.  
     - **Directional charge transfer**: Metal-Metal Bonding (MMB) often involves σ-donation from late to early metal and π-back-donation.  
   - **Symmetric**:  
     - **Symmetry-matched interactions**: Emphasis on δ/φ-bonding (e.g., Cr–Cr quintuple bonds).  
     - **Orbital degeneracy**: Enhances magnetic exchange (e.g., antiferromagnetism in Cu(II) dimers).  

### 3. **Bond Strength and Length**  
   - **Heterobimetallic**:  
     - Bonds are **weaker/shorter** due to ionic-covalent mixing (e.g., Zr–Co bonds: 2.5–2.7 Å).  
     - Strongly influenced by ligands (e.g., bridging hydrides/phosphides).  
   - **Symmetric**:  
     - **Stronger bonds** possible via high-order bonding (e.g., Cr–Cr bond order = 5, length ~1.8 Å).  
     - Ligand fields modulate bond strength but less dramatically.  

### 4. **Redox and Magnetic Properties**  
   - **Heterobimetallic**:  
     - **Redox-activity at one metal** often polarizes the other (e.g., Ti(III)/Ru(II) → Ti(IV)/Ru(I)).  
     - Rarely exhibit direct spin coupling; magnetism is ligand-mediated.  
   - **Symmetric**:  
     - **Delocalized redox states** (e.g., mixed-valent Fe(II)/Fe(III)).  
     - Strong **magnetic exchange** (e.g., ferromagnetism in Mn(II) dimers).  

### 5. **Cooperative Reactivity**  
   - **Heterobimetallic**:  
     - **Synergistic substrate activation** (e.g., early metal binds H₂O, late metal activates CO₂).  
     - Key in **bifunctional catalysis** (e.g., H₂ heterolysis for PHIP).  
   - **Symmetric**:  
     - **Homogeneous activation** (e.g., dinuclear oxidative addition in Pd(I)–Pd(I)).  
     - Common in C–C coupling (e.g., [Rh₂(OAc)₄]).  

### 6. **Spectroscopic Signatures**  
   - **Heterobimetallic**:  
     - Large **J-coupling** (NMR), shifted ν(CO) (IR), intervalence charge-transfer bands (UV-Vis).  
   - **Symmetric**:  
     - Characteristic EPR signals (e.g., ΔMₛ = ±2 transitions), Raman M–M stretches.  

### Key Differences Summarized:  
| Feature                | Heterobimetallic (Early-Late)          | Symmetric (Mid-Late)              |  
|------------------------|----------------------------------------|-----------------------------------|  
| **Bond Nature**        | Polar covalent/dative                  | Covalent                          |  
| **Orbital Role**       | Complementary (vacant ↔ filled)        | Symmetric overlap (d-d)           |  
| **Bond Order**         | Moderate (1–2)                         | Can be high (3–5)                 |  
| **Redox Behavior**     | Localized, polarized                   | Delocalized                       |  
| **Catalytic Utility**  | Bifunctional activation                | Homogeneous bond cleavage/formation |  

### Conclusion:  
Heterobimetallic early-late complexes leverage **electronic asymmetry** for cooperative catalysis (e.g., PHIP via synergistic H₂ activation), while symmetric mid-late complexes exploit **orbital symmetry** for strong M–M bonds and electronic delocalization. The former excels in substrate polarization, while the latter enables multielectron processes and advanced materials design.  

For PHIP applications, heterobimetallic systems are particularly valuable due to their ability to heterolytically split H₂, creating hyperpolarization-capable hydride pairs.","The bimetallic interaction in heterobimetallic early-late transition metal complexes is highly polar, whereas in symmetric bimetallic complexes with mid- to late transition metals, the interaction is apolar.",0.29001313610350665,0.9804164220209942,,0.0,0.0
164,Why do the optimal values of τPULSE and τDELAY exhibit temperature dependence in the QUASR-SABRE process?,[],"['Therefore, it is expected that the optimal values of τPULSE and τDELAY (Figures S2- S4) would exhibit temperature dependence, because temperature modulates the rates of substrate and p·H2 exchange.']","The temperature dependence of optimal τPULSE and τDELAY in QUASR-SABRE (Quasi-Adiabatic Superposition State Relaxation SABRE) arises from the interplay between **spin dynamics**, **relaxation processes**, and **molecular kinetics**, all governed by Arrhenius-type behavior. Here's a breakdown:

1.  **τPULSE (Polarization Transfer Duration):**
    *   **J-Coupling Dependence:** The optimal τPULSE depends critically on the scalar J-coupling constants (J) between the parahydrogen-derived hydrons and the target nuclei. J-couplings are highly sensitive to:
        *   **Molecular Conformation:** Temperature changes alter the equilibrium between different ligand conformations or catalyst-ligand complexes, each potentially having distinct J-couplings.
        *   **Solvent-Solute Interactions:** Temperature affects solvation shells and hydrogen bonding, modulating electronic environments and thus J-couplings.
        *   **Exchange Rates:** Faster chemical exchange between sites (e.g., bound vs. free ligand) at higher temperatures can average J-couplings.
    *   **Matching Condition:** The QUASR pulse sequence relies on matching the pulse duration to the inverse of J-couplings (τPULSE ∝ 1/J) for efficient polarization transfer. As J changes with temperature, τPULSE must be adjusted to maintain this matching condition.

2.  **τDELAY (Delay Between Pulse Trains):**
    *   **Relaxation Rates (T₁, T₂):** τDELAY controls the buildup and decay of polarization between pulse trains. Both longitudinal (T₁) and transverse (T₂) relaxation times are strongly temperature-dependent:
        *   **T₁ (Spin-Lattice Relaxation):** Primarily driven by fluctuating local fields from molecular tumbling (rotational diffusion). Higher temperatures increase tumbling rates (shorter correlation times, τc), typically *shortening* T₁. Optimal τDELAY must account for this faster polarization decay.
        *   **T₂ (Spin-Spin Relaxation):** Also dominated by tumbling but additionally sensitive to chemical exchange and scalar relaxation. Higher temperatures usually *shorten* T₂ due to faster exchange and modulation processes. This affects coherence lifetimes and the efficiency of polarization transfer during subsequent pulses.
    *   **Chemical Exchange:** The exchange rate (kₑₓ) between the free ligand pool (where polarization is detected) and the transient parahydrogen complex (where polarization is generated) is temperature-dependent (kₑₓ ∝ e⁻ᴱᵃ⁄ᴿᵀ). Faster exchange at higher temperatures reduces the lifetime of the polarized complex, requiring shorter τDELAY to ""sample"" the polarization more frequently before it decays or exchanges out.
    *   **Optimal Buildup:** The steady-state polarization level achieved by QUASR-SABRE depends on the balance between polarization generation per pulse train and relaxation during τDELAY. As relaxation rates increase with temperature, shorter τDELAY is often needed to minimize losses between pulses.

**In Summary:**

| **Parameter** | **Primary Temperature-Dependent Factors** | **Effect on Optimal Value** |
|---------------|-------------------------------------------|-----------------------------|
| **τPULSE**    | J-couplings (conformation, solvation, exchange) | Must be adjusted to track changing J (τPULSE ∝ 1/J) |
| **τDELAY**    | T₁, T₂ relaxation; Chemical exchange rates (kₑₓ) | Generally decreases with rising temperature due to faster relaxation/exchange |

**Consequence:** Failing to re-optimize τPULSE and τDELAY for each experimental temperature leads to **significant losses in hyperpolarization efficiency**. This temperature dependence necessitates careful calibration when performing variable-temperature SABRE experiments or implementing temperature control for optimal performance.","Because temperature modulates the rates of substrate and p·H2 exchange, which affects the polarization transfer efficiency and thus the optimal timing parameters.",0.36963058169864843,0.972186492722456,0.0,0.0,0.0
165,Why do slight variations in experimental conditions significantly change RASER appearance?,[],"['Note that in the interval from  $\\sim 50$  to  $100~\\mathrm{s}$  all three protons give rise to the RASER signal. Repeating this experiment on a different day produced RASER with only 1c and 1a being RASER- active (Supplementary Fig. 2a, b), indicating that even slight variations in experimental conditions can significantly change RASER appearance.']","Slight variations in experimental conditions dramatically impact RASER appearance because RASER operation depends critically on achieving and maintaining a **threshold condition** involving **coherent spin dynamics** and **strong positive feedback**. Small changes can push the system above or below this threshold or alter the feedback mechanism. Key reasons include:

1.  **Magnetic Field Homogeneity (`B₀` Inhomogeneity):**
    *   **Why critical:** RASER requires long-lived spin coherence across the sample. Inhomogeneous magnetic fields (`ΔB₀`) cause spins in different locations to precess at slightly different frequencies (`Δω = γΔB₀`), leading to rapid **dephasing**.
    *   **Impact of variation:** A tiny increase in field inhomogeneity drastically shortens the effective coherence time (`T₂*`). If `T₂*` becomes too short, the coherent emission necessary for RASER amplification cannot build up, quenching the effect entirely. Even within the RASER regime, inhomogeneity broadens emission lines and reduces intensity.

2.  **Hyperpolarization Level (`P`) and Build-up Rate:**
    *   **Why critical:** The initial hyperpolarization (`P`) generated by the parahydrogen reaction (e.g., SABRE, ALTADENA, PASADENA) provides the energy source. The rate at which this polarization builds up (e.g., via hydrogenation kinetics, ligand exchange rates, flow rates) determines how quickly the population inversion required for stimulated emission is achieved.
    *   **Impact of variation:** Slight changes in catalyst concentration/activity, substrate concentration, pH, temperature, gas pressure, or flow rate can significantly alter the *amount* (`P`) and/or the *rate* of polarization delivery. If `P` drops below the threshold needed to overcome losses, RASER stops. Changes in build-up rate alter the RASER onset time and emission dynamics.

3.  **Relaxation Times (`T₁`, `T₂`):**
    *   **Why critical:** `T₁` (longitudinal relaxation) dissipates the population inversion (energy source). `T₂` (transverse relaxation, ideally limited only by `T₂*`) dissipates the coherence necessary for the stimulated emission process. The RASER gain must exceed losses dominated by `1/T₁` and `1/T₂`.
    *   **Impact of variation:** Minor changes in temperature, dissolved oxygen concentration (a potent relaxer), trace metal impurities, solvent viscosity, or even sample concentration can drastically alter `T₁` and `T₂`. Faster relaxation (shorter `T₁`/`T₂`) increases losses, easily pushing the system below threshold. This is often the most sensitive parameter.

4.  **Radiofrequency (RF) Field Strength (`B₁`) and Tipping Angle:**
    *   **Why critical:** The initial RF pulse (or continuous low `B₁` field in some schemes) tips the hyperpolarization into the transverse plane to initiate precession and coherence. The exact tipping angle influences how much magnetization is available for feedback.
    *   **Impact of variation:** Small drifts in RF amplifier output, coil tuning/matching, or pulse calibration change the effective `B₁` strength and thus the tipping angle. This alters the initial condition for the coherent spin state and the amount of magnetization fed into the RASER feedback loop, changing emission intensity and potentially suppressing it if too much polarization is ""wasted"" initially.

5.  **Feedback Mechanism (e.g., `Q`-factor of the Resonant Circuit):**
    *   **Why critical:** The resonant circuit (tuned to the Larmor frequency) provides the positive feedback. Its quality factor (`Q`) determines how efficiently the precessing magnetization induces a voltage in the coil, which is then fed back to drive more spins into coherence.
    *   **Impact of variation:** Minor changes in coil tuning/matching, temperature affecting component values, or coupling to the sample (e.g., via dielectric constant changes) alter the circuit's `Q`-factor. A lower `Q` reduces feedback efficiency, requiring a higher polarization threshold for RASER to start and reducing emission intensity.

6.  **Coherence Threshold Behavior:**
    *   **The Core Reason:** RASER is fundamentally a **threshold phenomenon**, analogous to a laser. Below a critical combination of polarization (`P`), coherence time (`T₂*`), and feedback efficiency (`Q`), the system exhibits only conventional NMR signals (FID). Above this threshold, self-sustained coherent oscillation (RASER) begins. This threshold is typically very sharp.
    *   **Impact of variation:** Because the system operates near this delicate threshold, minute changes in *any* of the parameters above (`B₀`, `P`, `T₁`, `T₂`, `B₁`, `Q`) can easily push it from ""RASER ON"" to ""RASER OFF"" or significantly alter the emission characteristics (frequency, intensity, duration, linewidth) within the ""ON"" state.

**In essence:** RASER relies on a precise, self-reinforcing balance between coherent spin dynamics and feedback amplification. It operates precariously close to a critical threshold. Slight experimental drifts disturb this balance, easily pushing the system across the threshold or altering the delicate interplay of coherence, polarization, and feedback, leading to significant changes in whether RASER occurs and how it appears.

**Experimental Takeaway:** Achieving reproducible RASER requires *extremely* stable and well-controlled conditions, particularly regarding magnetic field homogeneity, temperature, concentrations, relaxation agents (like O₂), and RF field calibration. It's inherently sensitive!","Because even minor changes in experimental conditions can alter which vinyl protons are RASER-active, as observed when repeating the experiment on a different day resulted in RASER with only 1c and 1a being active instead of all three frequencies 1a-1c.",0.17972227087316173,0.9929574309824162,0.0,0.0,0.0
166,"Why does normal H2 not lead to hyperpolarization effects, whereas parahydrogen does?",[],"['To prove that potential formation of radical pairs in the process of H2 activation is not responsible for the hyperpolarization effects reported here, we performed experiments using normal H2 instead of parahydrogen. This test has unambiguously shown that normal H2 does not lead to hyperpolarization effects, whereas parahydrogen does, proving the PHIP- based mechanism of the hyperpolarization.']","The difference lies in **nuclear spin symmetry** and how it enables **non-equilibrium magnetization** during chemical reactions. Here's a breakdown:

1.  **Nuclear Spin States in H₂:**
    *   Hydrogen molecules (H₂) contain two protons (hydrogen nuclei), each with a nuclear spin of *I* = 1/2.
    *   These two spins can couple, forming two distinct quantum states based on their alignment:
        *   **Orthohydrogen (o-H₂):** Spins are *parallel* (total spin *I* = 1). This is a triplet state (three degenerate sub-states: |αα>, |ββ>, and (|αβ> + |βα>)/√2).
        *   **Parahydrogen (p-H₂):** Spins are *antiparallel* (total spin *I* = 0). This is a singlet state (|αβ> - |βα>)/√2.

2.  **Normal H₂ (Room Temperature Equilibrium):**
    *   At room temperature, normal hydrogen gas exists as a ~75% ortho / ~25% para mixture (a 3:1 ratio dictated by spin statistics).
    *   **Orthohydrogen (o-H₂) has a net magnetic moment.** Its triplet states are magnetically active and *can* be detected by NMR. However:
        *   The molecules are tumbling rapidly in solution.
        *   The interactions between the two spins average out due to this motion and the symmetric environment.
        *   The spin populations follow the **Boltzmann distribution** at thermal equilibrium.
        *   **Result:** Normal H₂ produces a very weak, broad NMR signal characteristic of thermal equilibrium magnetization. It does *not* possess the highly non-equilibrium spin state required for hyperpolarization.

3.  **Parahydrogen (p-H₂) and the Singlet State:**
    *   Parahydrogen exists *purely* in the singlet state (*I* = 0).
    *   **Key Properties of the Singlet State:**
        *   **No Net Magnetization:** It has zero *net* magnetic moment (*I* = 0). It's NMR silent under normal conditions.
        *   **Symmetric & Protected:** The two spins are perfectly anti-correlated. This state is highly symmetric and relatively isolated from its environment (""protected"") compared to triplet states. This allows it to maintain its non-equilibrium character for longer times.
        *   **Non-Equilibrium Population:** Crucially, *all* molecules in a pure p-H₂ sample are in this *single* quantum state. This represents a massive deviation from the Boltzmann distribution at thermal equilibrium (where multiple states would be populated).

4.  **How Parahydrogen Induces Hyperpolarization (PHIP):**
    *   The magic happens during a **chemical reaction**, typically **hydrogenation** (adding H₂ across an unsaturated bond like C=C, C≡C, C=O).
    *   When p-H₂ (in its symmetric singlet state) is incorporated into a new molecule (e.g., turning fumarate into succinate), the symmetry of the two hydrogen nuclei is **broken**.
    *   The two protons become **magnetically inequivalent** (they experience different chemical shifts and/or J-couplings to other nuclei in the new molecule).
    *   This symmetry breaking **converts** the ""hidden"" non-equilibrium order of the singlet state into **observable net magnetization** (hyperpolarization) on the two newly added protons (and often transfers to nearby nuclei).
    *   Essentially, the highly ordered, non-Boltzmann spin state of p-H₂ is ""unlocked"" and becomes detectable NMR signal upon incorporation into an asymmetric molecule.

**In Summary:**

*   **Normal H₂ (o-H₂ rich):** Has a weak thermal equilibrium magnetization distributed across its triplet states. Rapid motion and symmetry prevent the creation of a strong, non-equilibrium state suitable for hyperpolarization.
*   **Parahydrogen (p-H₂):** Exists purely in a symmetric, non-magnetic singlet state representing a massive non-equilibrium population. When incorporated asymmetrically into a new molecule via a chemical reaction (hydrogenation), this hidden spin order is converted into observable, highly enhanced NMR signal (hyperpolarization).

Parahydrogen acts as a carrier of ""spin order fuel."" The chemical reaction provides the mechanism to convert this symmetric, hidden fuel into asymmetric, detectable hyperpolarization. Normal H₂ lacks this concentrated, protected non-equilibrium spin order.","Because the hyperpolarization effects are generated by the PHIP-based mechanism, which is specific to parahydrogen and not applicable to normal H2.",0.25575203487176607,0.6997553602984071,0.0,0.0,0.0
167,Why is a spin isomer interconversion catalyst necessary for rapid para-hydrogen (pH2) enrichment when cooling H2?,[],"['Spin isomer interconversion between oH2 and pH2 is ordinarily symmetry-forbidden. Simply cooling H2 is therefore insufficient to rapidly enrich the para state. In the presence of an interacting paramagnetic species or suitable surface, the symmetry of the H2 molecule is broken. Rapid pH2 enrichment is thus achieved by cooling H2 in the presence of a spin isomer interconversion catalyst, such as iron(III) oxide [108,109].']","A spin isomer interconversion catalyst is necessary for rapid para-hydrogen enrichment when cooling H₂ due to the **kinetically forbidden nature of the ortho-para conversion**, despite thermodynamics favoring para-H₂ at low temperatures. Here's why:

1.  **Quantum Mechanical Spin Conservation:**
    *   Ortho-hydrogen (parallel nuclear spins, total spin *I* = 1) and para-hydrogen (anti-parallel nuclear spins, *I* = 0) are distinct quantum states.
    *   The interconversion requires a **flip of one nuclear spin** to conserve total angular momentum. This spin flip is forbidden under normal conditions because the interaction between the two nuclear spins (dipole-dipole coupling) is extremely weak.

2.  **Slow Intrinsic Conversion Rate:**
    *   Without a catalyst, the spontaneous ortho-to-para conversion rate is incredibly slow.
    *   The half-life for conversion in pure H₂ gas at liquid nitrogen temperature (77 K) is on the order of **days to years**, depending on conditions.
    *   This slow rate is impractical for applications requiring rapid enrichment, like parahydrogen-induced hyperpolarization (PHIP) for NMR/MRI signal enhancement.

3.  **Catalyst Mechanism: Breaking the Symmetry:**
    *   Interconversion catalysts provide a mechanism to overcome the spin conservation restriction.
    *   They create a **magnetic perturbation** strong enough to interact with the nuclear spins and induce the flip. Common types include:
        *   **Paramagnetic Species:** Molecules or atoms with unpaired electrons (e.g., O₂, NO, metal ions like Fe³⁺, Cr³⁺, or oxides like Fe₂O₃, Cr₂O₃). The strong magnetic moment of the unpaired electron couples with the nuclear spins, facilitating the flip.
        *   **Surfaces:** Certain activated surfaces (e.g., charcoal, alumina, metals like tungsten) can provide strong local magnetic fields or adsorb H₂ molecules in a way that distorts the electron cloud, breaking the symmetry.
        *   **Homogeneous Catalysts:** Specific metal complexes can also catalyze the conversion in solution.
    *   These catalysts provide an alternative pathway with a significantly lower activation energy for the spin flip.

4.  **Thermodynamics vs. Kinetics:**
    *   **Thermodynamics:** As temperature decreases, the equilibrium shifts dramatically towards para-H₂ (e.g., ~99.8% para at 20 K). Cooling *should* produce para-enriched H₂.
    *   **Kinetics:** Without a catalyst, the system gets trapped in the ortho state because the barrier to conversion is too high to overcome quickly at low temperatures. The cooling process happens faster than the natural conversion rate.

**In Summary:**

Cooling H₂ thermodynamically favors para-hydrogen. However, the *actual conversion* from ortho to para is kinetically hindered due to the quantum mechanical requirement for a nuclear spin flip, which has an extremely low probability without external help. A spin isomer interconversion catalyst provides the necessary magnetic perturbation to efficiently induce this spin flip, allowing the system to **rapidly reach** the thermodynamically favored para-enriched equilibrium state within minutes or hours instead of days or years. This rapid enrichment is essential for practical applications like PHIP.","A spin isomer interconversion catalyst, such as iron(III) oxide, is necessary because it breaks the symmetry of the H2 molecule, which is ordinarily symmetry-forbidden for spin isomer interconversion between ortho-hydrogen (oH2) and para-hydrogen (pH2). This symmetry breaking enables rapid enrichment of pH2 when H2 is cooled in the presence of the catalyst.",0.5103378805419371,0.9880608926283813,1.0,0.0,0.0
168,Why do cysteine and S-methylcysteine suppress the catalytic hydrogenation of the Pra side chain in the investigated oligopeptides?,[],"['Interestingly, for the redox- active tripeptide  $H\\cdot$  Cys- Pra- Cys-  $NH_{2}$  (10), as well as for its  $S$ - methylated variant  $H\\cdot$  Cys(Me)- Pra- Cys(Me)-  $NH_{2}$  (11), neither a polarized, nor a respective thermal signal of the anticipated hydrogenation product was observed. Taken together, these first systematic results indicate that cysteine and  $S$ - methylcysteine can suppress the catalytic hydrogenation of the Pra side chain in the investigated oligopeptides.']","The suppression of catalytic hydrogenation (specifically para-hydrogen-induced polarization, PHIP) of the propargylglycine (Pra) side chain in oligopeptides by **cysteine (Cys)** and **S-methylcysteine (S-MeCys)** is primarily due to **catalyst poisoning by sulfur**.

Here's a breakdown of the mechanism:

1.  **Catalyst Requirement:** PHIP relies on homogeneous transition metal catalysts (typically Rhodium(I) or Iridium(I) complexes like [Rh(COD)(dppb)]⁺ or Crabtree's catalyst) to transfer para-hydrogen to unsaturated substrates (like the alkyne in Pra) and generate hyperpolarization.
2.  **Sulfur Sensitivity:** These precious metal catalysts are notoriously sensitive to poisons, especially compounds containing sulfur, phosphorus, arsenic, or heavy metals. Sulfur-containing compounds bind strongly and irreversibly to the active metal centers.
3.  **Cysteine (Cys - R-SH):** The thiol (-SH) group in cysteine is an extremely potent catalyst poison. Thiols form very strong, stable bonds (often oxidative addition forming M-SR and M-H species) with Rh(I) and Ir(I) centers, completely inhibiting their ability to bind and activate para-hydrogen or the alkyne substrate.
4.  **S-Methylcysteine (S-MeCys - R-S-CH₃):** While the thioether (-S-CH₃) group in S-methylcysteine is less reactive than a thiol, it is *still* a significant catalyst poison. Thioethers act as strong **σ-donor ligands**. They can readily coordinate to the electron-deficient Rh(I) or Ir(I) center, occupying coordination sites needed for para-hydrogen, the substrate (Pra alkyne), or crucial ligands (like COD or NBD in pre-catalysts). This coordination:
    *   Saturates the metal's coordination sphere.
    *   Alters the electronic properties of the metal center.
    *   Sterically blocks access to the active site.
    *   Can even displace weaker ligands necessary for catalytic activity.
5.  **Consequence for Pra Hydrogenation:** When either Cys or S-MeCys is present in the oligopeptide (or even in the reaction mixture), their sulfur atoms rapidly bind to the catalyst. This deactivates the catalyst, preventing it from effectively binding the para-hydrogen and/or the alkyne group on the Pra side chain. As a result, the hydrogenation reaction is severely suppressed or completely halted.

**In summary:** The sulfur atoms in both cysteine (thiol) and S-methylcysteine (thioether) act as strong ligands that bind irreversibly or very strongly to the active Rh(I) or Ir(I) centers used for PHIP hydrogenation. This binding deactivates the catalyst, preventing the hydrogenation (and thus the hyperpolarization) of the Pra side chain alkyne. S-MeCys, while less potent than Cys, is still highly effective at poisoning these sensitive catalysts due to the inherent affinity of sulfur for these soft metal centers.","Cysteine and S-methylcysteine can suppress the catalytic hydrogenation of the Pra side chain in the investigated oligopeptides, as indicated by the absence of polarized or thermal signals for the redox-active tripeptide 10 and its S-methylated variant 11 upon hydrogenation, unlike other peptides.",0.5937845013027507,0.9116189758768364,0.0,0.0,0.0
169,Why does a partial conversion of para-hydrogen to ortho-hydrogen occur when a molecular complex of the type X-H2 is formed?,[],"['If one of these para-H2 molecules reacts with the catalysts, a molecular complex of the type X-H2 is formed, either by covalent binding or by the formation of hydrogen bonds or by unconventional bonds of the η²-type. In this complex an evolution of the initial density matrix occurs. In the course of this evolution a partial conversion of the parastate to the ortho-state occurs. When the bound state decays, this density matrix is transferred to the free dihydrogen state. Here fast phase relaxation destroys all coherences between the para- and the ortho- state and only the projections of the density matrix on the para- and ortho- subspaces survive. In other words, a part of the para-hydrogen is converted to orthohydrogen.']","The partial conversion of para-hydrogen (p-H₂) to ortho-hydrogen (o-H₂) upon forming a molecular complex (X-H₂, where X is often a transition metal center) occurs due to **symmetry breaking and the introduction of pathways for spin interconversion**. Here's a breakdown:

1.  **Symmetry Protection in Free H₂:**
    *   Isolated H₂ molecules possess high symmetry (homonuclear diatomic, identical Fermions).
    *   The total nuclear spin wavefunction (I = 0 for p-H₂, I = 1 for o-H₂) is rigorously coupled to the rotational quantum number (J) due to the Pauli exclusion principle: p-H₂ has even J, o-H₂ has odd J.
    *   The rotational energy levels for even-J and odd-J states are distinct and non-degenerate. There is **no coupling mechanism** between the singlet (p-H₂) and triplet (o-H₂) spin states.
    *   Therefore, **spin conversion is strictly forbidden** in free H₂, and the isomers are metastable.

2.  **Symmetry Breaking upon Binding to X:**
    *   When H₂ binds to a metal center (X) to form a σ-complex (e.g., M(η²-H₂)Lₙ), the symmetry is dramatically reduced.
    *   The H₂ ligand is no longer homonuclear in its *effective environment*. The metal center (X) and other ligands (L) create an asymmetric electrostatic and magnetic environment around the two hydrogen atoms.
    *   This asymmetry breaks the strict correlation between nuclear spin symmetry and rotational state that existed in free H₂.

3.  **Introduction of Spin Conversion Mechanisms:**
    The asymmetric environment enables mechanisms that mix the singlet (p-H₂) and triplet (o-H₂) nuclear spin states:
    *   **Spin-Rotation Coupling:** The asymmetric electronic environment allows interaction between the rotational angular momentum of the H₂ moiety (now perturbed) and the nuclear spins. This provides a pathway for flipping the spins.
    *   **Paramagnetic Impurities/Effects:** Even if the metal center X is formally diamagnetic, transient paramagnetic states (e.g., during binding/dissociation) or nearby paramagnetic impurities can induce spin conversion via the electron-nuclear dipolar or scalar hyperfine interaction. The unpaired electron acts as a mediator between the singlet and triplet states.
    *   **Intermolecular Dipolar Coupling:** Interactions with nuclear spins on the metal center or surrounding ligands can provide a relaxation pathway, allowing the system to equilibrate towards the thermal o:p ratio (3:1 at room temperature).
    *   **Loss of Rotational Isolation:** The hindered rotation/vibration of the bound H₂ ligand couples the spin states to the lattice/environmental degrees of freedom, providing thermal relaxation pathways.

4.  **The Result: Partial Conversion to Equilibrium**
    *   When p-H₂ binds to X, the initial pure singlet state (p-H₂) is no longer an eigenstate of the Hamiltonian describing the *X-H₂ complex*.
    *   The asymmetric environment and the introduced coupling mechanisms cause the initial singlet state to evolve into a mixture of singlet and triplet states over time.
    *   Given sufficient time (and efficient relaxation mechanisms), the nuclear spin system of the bound H₂ will **relax towards the thermal equilibrium ratio** of o-H₂ : p-H₂ = 3 : 1, characteristic of the complex's temperature. This constitutes the partial conversion.

**Key Points:**

*   **Symmetry Breaking is Crucial:** The loss of homonuclear symmetry in the bound state removes the strict ortho/para separation.
*   **Relaxation Pathways Open Up:** Asymmetric interactions (spin-rotation, dipolar, paramagnetic) provide mechanisms for the nuclear spins to flip and interconvert.
*   **Equilibration:** The system tends towards the statistical equilibrium distribution (3:1 o:p) at the given temperature, meaning some initial p-H₂ must convert to o-H₂.
*   **Timescale Matters:** The *rate* of conversion depends heavily on the specific complex (metal, ligands, temperature). In some well-designed catalysts for PHIP (like those used in SABRE), conversion can be slow enough that the initial p-H₂ spin order can be transferred before significant relaxation occurs. However, partial conversion is still an inherent tendency upon binding.

**In essence:** Binding H₂ to a metal center destroys the symmetry that protects the pure para spin state, introduces interactions that allow nuclear spin flips, and drives the system towards thermal equilibrium, resulting in partial conversion of p-H₂ to o-H₂ within the complex.","The partial conversion occurs because the formation of the molecular complex (either by covalent binding, hydrogen bonds, or unconventional η²-type bonds) leads to an evolution of the initial density matrix. During this evolution, coherences between the para- and ortho-states are partially converted. When the bound state decays, the density matrix is transferred to the free dihydrogen state, where fast phase relaxation destroys coherences, leaving only the projections on the para- and ortho-subspaces, thus converting part of the para-hydrogen to ortho-hydrogen.",0.324388535205575,0.8634437742910349,0.0,0.0,0.0
170,Why does continuous hyperpolarization occur in a strongly J-coupled spin system?,[],"[""Continuous hyperpolarization by coherent spin mixing in a strongly J-coupled spin system can be understood using the density matrix formalism or, more intuitively, the picture of energy-level anticrossings (LACs; Figure 5).[44] LACs describe a state where the energy levels of the Zeeman eigenstates and the J-coupling would cross. If there is a coupling between these states, the crossing is avoided, and a 'level anticrossing' is formed.[45] At this LAC, mixing between the involved states occurs. This effect can be used to move the population of a given state to a desired state, for example, from the pH2 spin order of the hydrides to an observable polarization of the substrate.""]","Continuous hyperpolarization occurs in strongly J-coupled spin systems under para-hydrogen-induced hyperpolarization (PHIP) due to the **long-lived nature of singlet spin order** and its **protection against relaxation** in such systems. Here's the breakdown:

1.  **Para-Hydrogen's Singlet State:**
    *   Para-hydrogen (p-H₂) exists in a pure *singlet spin state* (S), where the two proton spins are antiparallel and entangled. This state has no net magnetization and is NMR-invisible.
    *   Crucially, the singlet state has an intrinsically **long spin-lattice relaxation time (T₁)** compared to observable magnetization. This is because relaxation mechanisms (like dipole-dipole interactions) are inefficient for the singlet state due to its symmetry.

2.  **Incorporation & Strong J-Coupling:**
    *   When p-H₂ adds to an unsaturated substrate (e.g., via hydrogenation), the two parahydrogen-derived protons (Hₐ and Hᵦ) become part of a new molecule.
    *   In a **strongly J-coupled system**, the scalar coupling constant (J) between Hₐ and Hᵦ is significantly larger than the difference in their chemical shifts (|νₐ - νᵦ|). This means the spins are strongly correlated.

3.  **Protection of Singlet Order:**
    *   The strong J-coupling ""locks in"" the singlet character of the Hₐ-Hᵦ pair within the product molecule.
    *   In this regime, the singlet state (S) and the central triplet state (T₀) become nearly degenerate and heavily mixed. This mixing creates a **long-lived state (LLS)**.
    *   Relaxation pathways from the singlet order back to thermal equilibrium are severely hampered because:
        *   The dominant dipole-dipole relaxation between Hₐ and Hᵦ is ineffective for the singlet state itself.
        *   The energy gap between S and T₀ is very small due to the strong coupling, making transitions induced by fluctuating fields (the main relaxation mechanism) very slow.
    *   As a result, the non-equilibrium *singlet spin order* (the excess population in the singlet state) decays very slowly, persisting for times (Tₛ) that can be orders of magnitude longer than the conventional T₁.

4.  **Continuous Hyperpolarization:**
    *   This long-lived singlet order *is* the hyperpolarization. It's a reservoir of non-equilibrium spin order.
    *   **Conversion to Observable Magnetization:** At any time during the long lifetime (Tₛ), a specific radiofrequency (RF) pulse sequence (e.g., a sudden field jump, an adiabatic field sweep, or tailored RF pulses) can be applied. This pulse sequence breaks the symmetry protection and converts the stored singlet order into **observable net magnetization** (antiphase or in-phase) on the Hₐ and Hᵦ protons.
    *   **Replenishment/Repetition:** The key to ""continuous"" hyperpolarization is that the conversion pulse *only reads out a portion* of the singlet order. The remaining singlet order persists. After the NMR signal from the converted magnetization decays (with the much shorter T₂*), the system can be allowed to evolve under the strong J-coupling again, restoring the protective mixing. Another RF pulse sequence can then be applied to convert another portion of the remaining singlet order into observable hyperpolarized signal.
    *   This cycle of partial conversion followed by re-establishment of the protected state under strong coupling allows the hyperpolarization to be tapped **multiple times** over the long lifetime (Tₛ) of the singlet order, giving the appearance of ""continuous"" hyperpolarization compared to the single, fast decay observed if converted immediately to observable magnetization.

**In essence:** Strong J-coupling creates a protective environment that dramatically slows down the decay of the non-equilibrium singlet order derived from para-hydrogen. This long-lived order serves as a reservoir. Controlled RF pulses can repeatedly tap into this reservoir, converting portions of it into observable hyperpolarized NMR signal over an extended period, enabling ""continuous"" detection far beyond the normal signal decay time. This is distinct from the ""one-shot"" hyperpolarization seen in weakly coupled systems.","Continuous hyperpolarization occurs due to coherent spin mixing at energy-level anticrossings (LACs), where the energy levels of Zeeman eigenstates and J-coupling would cross but are avoided due to coupling, leading to state mixing. This allows population transfer from one state to another, such as from pH2 spin order to substrate polarization, facilitated by adjusting the magnetic field to match the LAC condition.",0.17527943696025033,0.863292644153049,0.0,0.0,0.0
171,"Why are the signal gains significantly reduced when diethyl (hydroxymethyl) phosphonate is exposed to 3 bar p-H2 in the presence of d34 = 2 and NH3, compared to 1-propanol or 3-methyl-1-butanol?",[],"['When diethyl (hydroxymethyl) phosphonate was exposed to 3 bar p-H2 in the presence of d34 = 2 and NH3 a 30-fold signal enhancement is observed for the 31P resonance after spontaneous polarization transfer at 70G Additionally, an 88-fold 1H signal gain for the OCH2 resonance was quantified. These signal gains are significantly reduced when compared to 1-propanol or 3-methyl-1-butanol and may be indicative of the alcohol being too acidic for SABRE-Relay with NH3.']","The significant reduction in signal gains observed for diethyl (hydroxymethyl) phosphonate (DEHMP) compared to 1-propanol or 3-methyl-1-butanol under p-H₂ (3 bar) with the d34 catalyst and NH₃ stems from several key factors related to molecular structure, relaxation dynamics, and catalyst interaction:

1.  **Phosphorus-Induced Relaxation Sink:**
    *   DEHMP contains a phosphorus atom (³¹P, I=1/2). While ³¹P isn't quadrupolar, it has a large chemical shift anisotropy (CSA) and a high gyromagnetic ratio (γ).
    *   This creates efficient relaxation pathways for nearby protons via **dipole-dipole coupling** and **chemical shift anisotropy relaxation**. The hyperpolarized protons on the -CH₂OH group are directly bonded to the P atom (-P-CH₂OH), placing them extremely close to this powerful relaxation sink.
    *   The alcohols (1-propanol, 3-methyl-1-butanol) lack such a potent heteroatom relaxation sink near their hyperpolarized sites (typically the -CH₂OH protons). Relaxation for these protons is slower, allowing the hyperpolarization to persist longer and be detected with higher intensity.

2.  **Quadrupolar Relaxation Enhancement:**
    *   The P-O bonds in DEHMP contain oxygen atoms (¹⁶O, I=0, non-magnetic; ¹⁷O, I=5/2, quadrupolar). Although ¹⁷O has low natural abundance (0.037%), its presence can contribute to relaxation in molecules where it's bonded to a relaxation-sensitive nucleus like ³¹P.
    *   More significantly, the fast relaxation of the ³¹P nucleus itself (driven by its large CSA) efficiently broadens the scalar-coupled proton resonances (e.g., -CH₂OH) via **scalar relaxation of the second kind**. This broadens the hyperpolarized signal lines, reducing peak height and integrated intensity.
    *   The alcohols lack significant quadrupolar nuclei directly bonded to the hyperpolarized proton sites.

3.  **Catalyst Interaction and Efficiency:**
    *   **NH₃ as a Ligand:** Ammonia (NH₃) is a strong ligand for Ir(I) catalysts like d34 ([IrCl(COD)(IMes)], IMes = 1,3-bis(2,4,6-trimethylphenyl)imidazol-2-ylidene). NH₃ can competitively bind to the Ir center, potentially displacing the substrate (DEHMP or alcohol) or modifying the active catalyst species.
    *   **Phosphonate Coordination:** The phosphonate group (-PO(OR)₂) in DEHMP is a much stronger ligand (potentially chelating) than the hydroxyl group in simple alcohols. This strong coordination might:
        *   Alter the catalyst's electronic properties or geometry, reducing its efficiency for para-hydrogen activation/transfer.
        *   Stabilize intermediate complexes, slowing down the hydrogenation/hydrogen exchange step crucial for efficient polarization transfer via SABRE.
        *   Make the catalyst more susceptible to deactivation by NH₃ if the phosphonate binding is disrupted.
    *   The alcohols act as weaker ligands, likely having less detrimental impact on catalyst function in the presence of NH₃. Their polarization might rely more on reversible substrate binding in the SABRE process.

4.  **Solubility and Mixing:**
    *   DEHMP is significantly more polar and bulky than the linear or branched alcohols. This difference can affect solubility in common solvents used for PHIP/SABRE experiments and influence diffusion rates or homogeneity within the sample. Poorer mixing or solubility can reduce the effective concentration of substrate interacting with the catalyst and p-H₂, lowering the observed signal.

**In Summary:**

The drastically reduced signal gain for DEHMP primarily arises from the **proximity of the hyperpolarized protons (-CH₂OH) to the potent relaxation sink provided by the ³¹P nucleus**. Fast relaxation via dipolar coupling and CSA/scalar relaxation mechanisms rapidly dissipates the hyperpolarization before it can be effectively detected. Additionally, the strong coordinating ability of the phosphonate group likely interferes with the optimal function of the d34 catalyst, especially in the presence of the competing ligand NH₃. In contrast, the simple alcohols lack a major relaxation sink near their hyperpolarized protons and interact less detrimentally with the catalyst, allowing their hyperpolarization to persist longer and yield higher signal gains.

**To potentially mitigate this for DEHMP:**
*   Explore lower magnetic fields during polarization transfer/purging (reduces CSA relaxation).
*   Investigate different catalyst systems less sensitive to phosphonate coordination or NH₃ interference.
*   Optimize NH₃ concentration or consider alternative bases/ligands.
*   Ensure optimal solvent and mixing conditions.
*   Target polarization transfer to protons further from the P atom (if possible in the molecule).","The signal gains are significantly reduced because the alcohol (diethyl (hydroxymethyl) phosphonate) may be too acidic for SABRE-Relay with NH3, which affects the polarization transfer efficiency.",0.21573653530190134,0.9018811091052358,0.0,0.0,0.0
172,Why is hyperpolarization effective for imaging species of low concentration?,[],"['Indeed, hyperpolarization can provide the signal enhancement needed to image species of low concentration by enhancing P by several orders of magnitude.']","Hyperpolarization is effective for imaging species at low concentrations because it **dramatically amplifies the detectable NMR/MRI signal** by overcoming the fundamental limitations of thermal polarization governed by the Boltzmann distribution. Here's why it works:

1.  **Overcoming Boltzmann Limitations:**
    *   At thermal equilibrium in a magnetic field, only a tiny fraction of nuclear spins (like ¹H or ¹³C) align with the field. For example, at room temperature in a 1.5 Tesla MRI scanner, only about 5 out of every 1,000,000 ¹H spins contribute to the net magnetization. The rest cancel each other out.
    *   **The signal strength is directly proportional to this net polarization.** For low-concentration species, the absolute number of polarized spins is extremely small, resulting in a signal buried deep within noise.

2.  **Massive Signal Enhancement:**
    *   Hyperpolarization techniques (like PHIP, DNP, SEOP) create a **non-equilibrium state** where the polarization of specific nuclear spins is boosted far beyond the Boltzmann limit.
    *   **Enhancement Factors:** PHIP can achieve polarizations approaching 100% for specific protons or carbons after transfer, representing signal enhancements of **10,000 to 100,000 times** (or more) compared to thermal equilibrium at the same field strength and temperature.
    *   **Direct Proportionality:** Crucially, the hyperpolarized signal strength remains directly proportional to the *concentration* of the hyperpolarized molecules. This massive amplification factor means that even a very low concentration of hyperpolarized molecules generates a signal strong enough to be easily detected above noise.

3.  **Consequence for Low Concentration Imaging:**
    *   **Detectability:** Without hyperpolarization, the signal from low-concentration species is often below the detection threshold of NMR/MRI scanners due to insufficient thermal polarization. Hyperpolarization pushes the signal far above this threshold.
    *   **Sensitivity:** The enhanced sensitivity allows imaging of:
        *   **Metabolites:** Tracking low-concentration metabolic intermediates in real-time (e.g., [1-¹³C]pyruvate in cancer metabolism studies).
        *   **Tracers/Probes:** Using very low doses of hyperpolarized contrast agents or molecular probes.
        *   **Gas Imaging:** Visualizing inhaled hyperpolarized noble gases (³He, ¹²⁹Xe) in lungs, where their concentration is low relative to tissue.
        *   **Reaction Monitoring:** Observing low-abundance reactants or products in catalytic processes.

4.  **PHIP's Specific Advantage for Low Concentration:**
    *   **Efficiency & Specificity:** PHIP uses the spin order of parahydrogen (p-H₂), which is inexpensive and inherently 100% polarized. This order is transferred efficiently to target molecules during hydrogenation reactions.
    *   **High Polarization Level:** PHIP achieves some of the highest polarization levels among hyperpolarization techniques, providing maximum signal boost per molecule.
    *   **Molecular Tracers:** It allows the creation of highly polarized, chemically specific molecular tracers (like succinate, fumarate, acetate, etc.) that can be injected and imaged at physiologically relevant, low concentrations.

**In essence:** Hyperpolarization, particularly PHIP, injects a massive amount of ""spin order"" into specific molecules. This means each individual molecule emits a vastly stronger NMR signal than it would under normal thermal conditions. Therefore, even a small number of these ""super-bright"" molecules (i.e., a low concentration) produces a signal strong enough for clear detection and imaging, overcoming the fundamental sensitivity barrier of conventional NMR/MRI. The signal decay is rapid (T₁ relaxation), but for fast imaging sequences, this hyperpolarized state provides a crucial window for detection.","Hyperpolarization is effective because it enhances the polarization (P) by several orders of magnitude, providing the signal enhancement needed to image species of low concentration.",0.3391775057935307,0.988229128406534,1.0,0.0,0.0
173,Why are signals for the dihydride based deactivation product 7 seen in NMR spectra?,[],"['In addition, signals for the dihydride based deactivation product 7 are seen in these NMR spectra because of the PHIP effect. This reflects the fact that its hydride ligands are magnetically distinct.']","The appearance of NMR signals for the dihydride deactivation product **7** in para-hydrogen-induced hyperpolarization (PHIP) experiments arises due to **unintended hyperpolarization transfer** and the **high sensitivity enhancement** inherent to PHIP. Here's a breakdown:

1.  **Catalyst Deactivation:**
    *   During PHIP experiments (e.g., ALTADENA or SABRE), a transition metal catalyst (often Rh or Ir based) activates *para*-hydrogen (*p*-H₂) for transfer to a substrate.
    *   Under certain conditions (e.g., specific substrates, solvent, temperature, catalyst concentration), the catalyst can undergo deactivation. A common pathway is the formation of a stable, catalytically inactive **dihydride complex** (your product **7**).

2.  **Hyperpolarization of the Dihydride:**
    *   *p*-H₂ is introduced to the system and interacts with the *active form* of the catalyst.
    *   However, if deactivation to the dihydride **7** occurs *during* or *immediately after* *p*-H₂ introduction, the *p*-H₂ molecule can become incorporated into **7** itself.
    *   The crucial point is that the **spin order** (singlet state) of *p*-H₂ can be transferred to the hydride protons of **7** via the same fundamental mechanisms (e.g., pairwise addition, spin order transfer through scalar couplings) that hyperpolarize target substrates in intentional PHIP.
    *   This means **7** becomes **hyperpolarized**, just like the desired reaction product.

3.  **Massive Signal Enhancement:**
    *   PHIP can enhance NMR signals by factors of 10,000 to 100,000 compared to thermal equilibrium signals.
    *   Even if only a *small fraction* of the catalyst pool converts to the dihydride **7** and incorporates *p*-H₂, its hyperpolarized signals will be **intensely visible** in the NMR spectrum. They will often dominate the spectrum or appear as very strong, characteristic anti-phase doublets (especially for the hydride region, ~ -5 to -20 ppm).
    *   In contrast, without hyperpolarization, the signal from trace amounts of **7** might be undetectable in a conventional NMR experiment.

4.  **Kinetics and Exchange:**
    *   If the dihydride **7** is relatively stable but still in slow exchange with the active catalyst pool or *p*-H₂, it can retain its hyperpolarization long enough to be observed in the NMR spectrum.

**In summary:** The signals for the dihydride deactivation product **7** are seen in PHIP NMR spectra because:

1.  **Deactivation occurs** during the *p*-H₂ experiment.
2.  ***p*-H₂ is incorporated** into the deactivation product **7**.
3.  **Hyperpolarization is transferred** to the hydride protons of **7**.
4.  **PHIP's immense sensitivity enhancement** makes the signal from even trace amounts of hyperpolarized **7** overwhelmingly visible.

**Practical Implication:** Observing strong hyperpolarized signals for **7** is a clear diagnostic tool indicating **catalyst deactivation** under your specific experimental conditions. Optimizing parameters (substrate concentration, solvent, temperature, catalyst choice) is often necessary to minimize this deactivation pathway and maximize the desired hyperpolarized substrate signals.","The signals for the dihydride based deactivation product 7 are seen in NMR spectra because of the PHIP effect, which reflects the fact that its hydride ligands are magnetically distinct.",0.5209731238785259,0.7674609834317357,0.0,0.0,0.0
174,What is the second step in the experimental protocol for handling pH2 addition and reaction monitoring?,[],"['Following pH2 addition, the sample was reinserted into the spectrometer, without shaking, and left for 10 minutes to re-equilibrate to the internal temperature of the spectrometer.']","The second step in the experimental protocol for para-hydrogen-induced hyperpolarization (PHIP), following sample/catalyst preparation, is typically:

**Bubbling para-hydrogen (pH₂) gas through the reaction mixture.**

Here's a breakdown of why and how this is done:

1.  **Purpose:** To dissolve pH₂ into the solution containing the substrate and catalyst. This dissolution is essential for the hydrogenation reaction to occur, where pH₂ adds across the unsaturated bond (e.g., double/triple bond) of the substrate. This addition *in the presence of the catalyst* is the fundamental step that enables the transfer of spin order from pH₂ to the substrate molecule, creating the hyperpolarized state.
2.  **Method:**
    *   A stream of purified pH₂ gas is introduced into the NMR sample tube (or a dedicated flow/reactor system) containing the substrate and catalyst dissolved in a suitable solvent.
    *   This is usually done using a fine capillary tube or needle inserted into the solution.
    *   Precise control over **flow rate**, **bubbling pressure**, and **duration** is critical for reproducibility and achieving optimal hyperpolarization levels.
    *   The reaction mixture is typically at or near room temperature during this step.
3.  **Connection to Reaction Monitoring:** This bubbling step *initiates* the hydrogenation reaction that generates the hyperpolarized product. Monitoring often begins *during* or *immediately after* this bubbling:
    *   **Real-time NMR:** The NMR spectrometer can be triggered to start acquiring spectra *during* the pH₂ bubbling to capture the formation and evolution of the hyperpolarized signals in real-time.
    *   **Rapid Transfer:** In setups where bubbling isn't done directly in the NMR magnet, the sample is rapidly transferred into the pre-shimmed NMR magnet *immediately after* bubbling ceases to minimize signal loss due to relaxation.
    *   **Detection:** The hyperpolarized NMR signal (often greatly enhanced, sometimes by factors >10,000) of the reaction product(s) is then acquired, usually starting within seconds of the pH₂ addition being completed.

**Key Parameters Controlled in this Step:**
*   pH₂ purity and flow rate
*   Bubbling pressure
*   Duration of bubbling/exposure
*   Solution temperature
*   Catalyst concentration (set in step 1, but critical for reaction kinetics during bubbling)

**In summary:** After preparing the sample (step 1), the critical action of introducing para-hydrogen gas into the reaction mixture via bubbling (step 2) initiates the catalytic hydrogenation that generates the hyperpolarized species, which is then rapidly detected by NMR for monitoring and analysis.",Reinsert the sample into the spectrometer without shaking and leave for 10 minutes to re-equilibrate.,0.1132289245066736,0.7218775613787246,0.0,0.0,0.0
175,Why do the spectra transition from J-coupling-dominated to Zeeman-dominated ZULF-NMR spectra in the examined range of magnetic fields?,[],"['In the examined range of magnetic fields, the spectra transition from J-coupling-dominated ZF-spectra to Zeeman-dominated ZULF-NMR spectra with more complex structure in the intermediate regime in which J-couplings and Zeeman interactions are of the same order of magnitude.']","The transition from J-coupling-dominated to Zeeman-dominated spectra in ZULF-NMR (Zero- to Ultra-Low-Field NMR) as the magnetic field increases is governed by the **relative energy scales** of the spin-spin J-coupling interaction and the Zeeman interaction:

1.  **J-Coupling Dominance at Near-Zero Fields (B ≈ 0):**
    *   At zero or ultra-low magnetic fields (typically < 1 µT), the Zeeman interaction (the interaction between nuclear spins and the external magnetic field, *H<sub>Z</sub> = -γ<sub>i</sub>B·I<sub>i</sub>*) is extremely weak. Its energy scale (proportional to *γB*) is much smaller than the energy scale of the J-coupling interaction (*H<sub>J</sub> = 2πJ I<sub>1</sub>·I<sub>2</sub>*).
    *   **Consequence:** The J-coupling interaction completely dominates the spin Hamiltonian. The energy levels and transition frequencies are determined solely by the J-coupling constant(s) between the spins. The resulting spectrum consists of distinct resonance lines whose positions and splittings directly report the J-coupling network (e.g., a doublet for two spins-1/2, more complex patterns for larger molecules).

2.  **Transition Region (Low Fields, B ~ µT to mT):**
    *   As the magnetic field strength (*B*) increases, the energy of the Zeeman interaction (*γB*) grows linearly.
    *   When *γB* becomes **comparable** to the J-coupling energy (*2πJ*), the Zeeman and J-coupling terms in the Hamiltonian are of similar magnitude. They must be treated on equal footing.
    *   **Consequence:** The two interactions compete and mix the spin states. The energy levels and transition frequencies become complex functions of *both B* and *J*. The spectrum evolves from the simple J-dominated pattern into a complex pattern that is neither purely J-like nor purely Zeeman-like. This is often where the most intricate and field-dependent spectra are observed.

3.  **Zeeman Dominance at Higher Fields (B > ~ mT):**
    *   As *B* increases further, *γB* becomes significantly larger than *2πJ* (typically by orders of magnitude at fields > 10 mT).
    *   **Consequence:** The Zeeman interaction now dominates the spin Hamiltonian. The J-coupling interaction acts as a small perturbation to the Zeeman energy levels.
    *   The spectrum transitions back to resembling a conventional high-field NMR spectrum:
        *   Resonances appear at frequencies determined primarily by the **Larmor frequency** (*ω<sub>0</sub> = γB*) of each distinct nuclear species (e.g., <sup>1</sup>H, <sup>13</sup>C). Chemical shifts become resolvable again.
        *   J-couplings manifest as small **splittings** (e.g., doublets, triplets) of these main Larmor frequency peaks, scaled by the relative gyromagnetic ratios of the coupled spins. The splitting magnitude is still *J*, but it's now a perturbation on the much larger Zeeman frequency difference.

**In Summary:**

*   **B ≈ 0:** *γB << 2πJ* → **J-coupling dominates** → Spectrum reflects pure J-coupling network.
*   **Low B (~ µT - mT):** *γB ≈ 2πJ* → **Competition/Mixing** → Complex field-dependent spectra.
*   **Higher B (> ~ mT):** *γB >> 2πJ* → **Zeeman dominates** → Spectrum reflects Larmor frequencies (chemical shifts) with J-couplings as small splittings.

This transition is a fundamental consequence of the different field dependencies of the two key interactions: J-coupling is field-independent, while the Zeeman energy scales linearly with the applied magnetic field strength. The ""examined range"" deliberately spans fields where this critical transition from J-dominated to B-dominated behavior occurs.","The spectra transition occurs because, in the examined range of magnetic fields, the interactions transition from being dominated by J-couplings at zero field to being dominated by Zeeman interactions at higher fields, with a complex structure in the intermediate regime where both J-couplings and Zeeman interactions are of the same order of magnitude.",0.4429844087564501,0.9365513727162545,1.0,0.0,0.0
176,What is the third step in the experimental procedure described?,[],"['The solution was first precooled to $0^\\circ \\mathrm{C}$ for a minute, placed in a polarization transfer field (PTF) of $0.4\\mu \\mathrm{T}$ and bubbled at room temperature $(\\sim 20^{\\circ}\\mathrm{C})$ with a flow rate of 120 sccm.']","Based on standard experimental procedures for Para-Hydrogen Induced Polarization (PHIP), the **third step** is typically:

**3. Polarization Transfer (Spin Order Conversion)**

Here's the context within a common PHIP workflow (specifically the PASADENA variant):

1.  **Para-Hydrogen (p-H₂) Production:** Hydrogen gas is cooled in the presence of a catalyst to enrich the nuclear singlet spin state (para-hydrogen).
2.  **Mixing p-H₂ with Substrate:** The enriched para-hydrogen gas is introduced/bubbled into a solution containing the unsaturated precursor substrate (e.g., an alkene or alkyne) and often a hydrogenation catalyst (e.g., a metal complex like Rh or Ir).
3.  **Polarization Transfer (Spin Order Conversion):** This is the **crucial third step**. After the para-hydrogen molecules add across the unsaturated bond of the substrate (hydrogenation reaction), the resulting product molecule contains the two formerly equivalent p-H₂ protons now in chemically inequivalent positions. *However, the initial singlet spin order from p-H₂ is not directly observable in an NMR experiment as net magnetization.* To convert this ""hidden"" singlet spin order into observable magnetization (typically on the two newly added protons or potentially transferred to nearby nuclei like ¹³C or ¹⁵N via SABRE or Signal Amplification By Reversible Exchange), a specific radiofrequency (RF) pulse or pulse sequence is applied to the sample **immediately after hydrogenation** (while still inside the high-field NMR magnet for PASADENA). This pulse sequence breaks the symmetry and transforms the singlet order into detectable, enhanced NMR signals.

**Purpose of Step 3:** To convert the non-observable para-hydrogen derived spin order (singlet state) into observable, hyperpolarized net magnetization on specific nuclei, resulting in the massive signal enhancement characteristic of PHIP.

**Subsequent Step:**
4.  **NMR Signal Acquisition:** The hyperpolarized NMR signal is rapidly detected, leveraging the huge signal enhancement provided by the polarization transfer.

*(Note: In the ALTADENA variant, hydrogenation occurs at low/zero field, and the sample is then rapidly transferred into the high-field NMR magnet for signal readout. The polarization transfer/conversion happens spontaneously during this field jump. In this case, step 3 would be the field jump/transfer itself.)*

**Therefore, the essential third action performed *experimentally* to achieve the hyperpolarized signal is the application of the RF pulse(s) for spin order conversion (PASADENA) or the rapid field jump (ALTADENA).**",The third step is placing the solution in a polarization transfer field (PTF) of 0.4μT and bubbling at room temperature.,0.15844019903742437,0.732583916276296,0.0,0.0,0.0
177,Why does the QUASR-SABRE signal exhibit a strong dependence on the duration of the pulse (τPULSE) and the duration of the delay (τDELAY)?,[],"['All three molecules studied exhibited a clear and strong dependence of the 15N QUASR- SABRE signal on the duration of the pulse (τPULSE) and the duration of the delay (τDELAY) (Figures S2a, S3a, and S3b and Figures S4a, S2b, S3c, and S4b, respectively. This strong dependence is likely due to the dynamics and kinetics of the substrate and p- H2 exchange on the catalyst. When the τPULSE and τDELAY are in sync with chemistry of exchange, the maximum QUASR- SABRE signal may be achieved.']","The strong dependence of QUASR-SABRE signal on the pulse duration (`τPULSE`) and delay duration (`τDELAY`) arises from the fundamental spin dynamics governing polarization transfer and relaxation in this hyperpolarization technique. Here's a breakdown of the key reasons:

1.  **`τPULSE` Dependence (RF Pulse Duration):**
    *   **Resonance Matching:** The RF pulse must be applied at the resonant frequencies of the spin system (specifically, the J-couplings between the para-hydrogen-derived hydrides and the target nuclei). `τPULSE` directly controls the flip angle of the pulse.
    *   **Optimal Polarization Transfer:** Efficient transfer of polarization from the para-hydrogen-derived singlet state on the catalyst hydrides to the target substrate nuclei occurs through coherent spin dynamics (e.g., coherent oscillations like INEPT-like transfers or matching specific Hartmann-Hahn conditions). The *duration* of the RF pulse (`τPULSE`) determines how far these coherent processes progress.
    *   **Maxima and Minima:** The signal oscillates as `τPULSE` increases. There are specific durations where the transfer is maximally efficient (constructive interference/optimal flip angle) and others where it is minimized or even inverted (destructive interference/over-rotation). Finding the optimal `τPULSE` is critical for maximizing signal.
    *   **Depolarization:** Pulses that are too long or mismatched can actively depolarize the system by scrambling the spin order instead of transferring it productively.

2.  **`τDELAY` Dependence (Delay Between Pulses):**
    *   **Relaxation Recovery:** During `τDELAY`, the spin system evolves under relaxation processes (primarily T₁ relaxation) *without* the RF field. The hyperpolarized state created on the substrate nuclei during the pulse gradually decays back towards thermal equilibrium.
    *   **Catalyst Hydride Repolarization:** Crucially, the delay allows the para-hydrogen-derived hydrides on the catalyst to relax back towards their initial (para-enriched) state. This repolarization is essential before the next pulse can effectively transfer polarization again. The rate of this repolarization depends on the hydrides' T₁ relaxation time.
    *   **Optimal Repolarization Window:** If `τDELAY` is too short:
        *   The substrate polarization hasn't fully decayed (potentially causing interference).
        *   More importantly, the catalyst hydrides are *not sufficiently repolarized* with para-hydrogen order. The next pulse will have less ""fresh"" polarization to transfer, significantly reducing the signal.
    *   **Relaxation Losses:** If `τDELAY` is too long:
        *   The hyperpolarization built up on the substrate nuclei during the previous pulse decays significantly due to T₁ relaxation.
        *   While the hydrides are fully repolarized, the overall signal per unit time decreases due to these losses on the substrate.
    *   **Balancing Act:** The optimal `τDELAY` strikes a balance. It must be long enough for the *catalyst hydrides* to repolarize sufficiently (dictated by their T₁), but short enough to minimize the *substrate* polarization loss (dictated by its T₁). This is why `τDELAY` is often experimentally optimized and reported to be on the order of the hydride T₁.

**In Summary:**

*   **`τPULSE`** controls the *efficiency of the coherent polarization transfer process* itself. Finding its optimum ensures maximum transfer from catalyst to substrate during the RF irradiation.
*   **`τDELAY`** controls the *recovery of the source polarization* (catalyst hydrides) and *mitigates relaxation losses* on the substrate between pulses. Finding its optimum ensures the catalyst is ready to transfer fresh polarization efficiently while minimizing substrate signal decay.

Therefore, the QUASR-SABRE signal is highly sensitive to both parameters because they govern the two fundamental, competing processes: active polarization transfer (`τPULSE`) and polarization recovery/relaxation (`τDELAY`). Precise optimization of both is essential for achieving maximum hyperpolarization levels.","The strong dependence is likely due to the dynamics and kinetics of the substrate and p-H2 exchange on the catalyst. When τPULSE and τDELAY are in sync with the chemistry of exchange, the maximum QUASR-SABRE signal may be achieved.",0.3763271247367951,0.9823031854588676,0.0,0.0,0.0
178,Why is the PASADENA RASER produced in the PR- inside experiments chaotic?,[],"['Because HA is positively polarized its appearance in the RASER signal becomes impossible. Hence, the main reason for the chaoticity of PASADENA RASER produced in the PR- inside experiments is the initial high rate of p-H2 bubbling while the sample is inside the NMR probe.']","The chaotic behavior observed in PASADENA RASER signals during **PR-INADEQUATE** experiments arises from the **complex interplay of highly polarized spins, intricate pulse sequences, and multi-spin dynamics**. Here's a breakdown of the key factors:

1.  **Extreme Non-Equilibrium Polarization:**
    *   PASADENA generates *massive* non-Boltzmann polarization via para-hydrogen addition.
    *   This creates a spin system far from thermal equilibrium, primed for intense, coherent emission (RASER).

2.  **PR-INADEQUATE Pulse Sequence Complexity:**
    *   PR-INADEQUATE is designed to select **double-quantum coherence (DQC)** between coupled spins (e.g., ¹³C-¹³C pairs).
    *   The sequence involves specific delays and phase cycles sensitive to J-couplings and chemical shifts.
    *   When applied to a *hyperpolarized* system, this sequence doesn't just *select* DQC; it **excites a broad spectrum of complex spin orders and coherences** simultaneously due to the huge initial signal.

3.  **Multi-Spin Interactions & Non-Linear Dynamics:**
    *   The intense RASER emission creates strong oscillating magnetic fields *within* the sample.
    *   These fields act as **feedback**, influencing neighboring spins non-linearly.
    *   In a system with multiple coupled spins (like the target molecules in PR-INADEQUATE), this leads to **complex coupling pathways and competition** between different coherence transfer routes.
    *   The system exhibits **sensitive dependence on initial conditions** (exact polarization levels, phases, local fields) – a hallmark of chaos.

4.  **Instability & Mode Competition:**
    *   The hyperpolarized sample can support many potential RASER modes (frequencies) simultaneously.
    *   The PR-INADEQUATE sequence excites a wide range of these modes related to DQC and other coherences.
    *   These modes **compete for the available spin polarization energy**.
    *   Small fluctuations (e.g., magnetic field inhomogeneity, concentration gradients, temperature drift) cause **rapid, unpredictable switching** between dominant modes, manifesting as chaotic signal output.

5.  **Depletion and Repolarization Dynamics:**
    *   The RASER action rapidly depletes the hyperpolarization in specific spin states.
    *   Repolarization occurs through spin relaxation and possibly ongoing para-hydrogen exchange, but this is slow compared to RASER emission.
    *   The **non-linear interaction between fast emission depletion and slower repolarization/replenishment** contributes to irregular, chaotic bursts of signal.

**In essence:** The PR-INADEQUATE sequence, acting on the highly non-linear, far-from-equilibrium PASADENA-hyperpolarized multi-spin system, excites a multitude of competing coherence pathways and RASER modes. The intense internal feedback and extreme sensitivity to minute perturbations cause rapid, unpredictable switching between these modes, resulting in the observed chaotic RASER signal. This contrasts with simpler PASADENA RASER experiments targeting single-quantum coherence, which can show more stable emission under controlled conditions. The complexity introduced by selecting double-quantum coherence in a multi-spin environment is a primary driver of the chaos.",The main reason for the chaoticity of PASADENA RASER produced in the PR- inside experiments is the initial high rate of p-H2 bubbling while the sample is inside the NMR probe.,0.17147442908073812,0.8527101795370059,0.0,0.0,0.0
179,Why do polarization losses occur during the time-of-flight of products from the reactor to the NMR probe?,[],"['As this delay (time-of-flight) cannot be made infinitely short, polarization losses caused by nuclear spin relaxation during time-of-flight can measurably reduce the NMR signal enhancement factors even at the highest gas flow rates used. In addition, the effect of non-adiabaticity of the magnetic field change as experienced by hyperpolarized propene during the time-of-flight was not taken into account.']","Polarization losses during the time-of-flight (from reactor to NMR probe) in para-hydrogen-induced hyperpolarization (PHIP) primarily occur due to **spin relaxation** and **field-dependent effects**. Here's a breakdown of the key mechanisms:

1.  **Spin Relaxation (T₁ and T₂):**
    *   **T₁ Relaxation (Longitudinal/Spin-Lattice):** Hyperpolarized spins naturally return to thermal equilibrium due to interactions with their molecular environment (e.g., rotational, vibrational motions, collisions). This irreversible loss of net magnetization along the magnetic field direction is always occurring, even during transit. The rate (1/T₁) depends on molecular structure, temperature, solvent viscosity, and the presence of paramagnetic species (like O₂ or catalyst residues).
    *   **T₂ Relaxation (Transverse/Spin-Spin):** This represents the loss of phase coherence between spins in the transverse plane (dephasing). While not directly destroying the net polarization *along B₀* like T₁, rapid T₂ decay makes the hyperpolarized signal much harder to detect reliably and convert efficiently in the NMR probe. Causes include spin-spin interactions and magnetic field inhomogeneities.

2.  **Magnetic Field Effects:**
    *   **Low/Zero Field Regions:** The transit path often involves regions with significantly lower magnetic field strength than the NMR magnet (e.g., outside the bore, transfer tubing). In low/zero field:
        *   **SABRE:** The hyperpolarization mechanism itself relies on a specific low field for the polarization transfer from the parahydrogen-derived hydrides to the target molecule. *Leaving* this optimal low field too slowly or passing through unfavorable field regions can cause the polarization to ""leak"" back or become scrambled.
        *   **Field Ramping:** To preserve polarization during transfer into the high-field NMR magnet, the field change must often be **adiabatic** (slow compared to the Larmor frequency). If the field ramp is too fast (non-adiabatic), spins cannot follow the changing field direction, leading to depolarization or conversion into unobservable multi-quantum coherence.
        *   **Field Inhomogeneity:** Inhomogeneous fields along the transfer path cause different spins to precess at different frequencies, leading to rapid **dephasing (T₂* decay)**. This is particularly detrimental to observable magnetization.
    *   **Stray Fields:** Exposure to stray magnetic fields (e.g., from pumps, motors, elevators) during transfer can cause unpredictable dephasing and depolarization.

3.  **Chemical/Physical Instability:**
    *   **Reactivity:** The hyperpolarized molecule or the complex (in SABRE) might be chemically unstable. Reactions occurring during transit destroy the polarized species or transfer polarization to non-observable products.
    *   **Catalyst Carryover (SABRE):** If the catalyst is not perfectly retained in the reactor, trace amounts reaching the NMR tube can cause severe paramagnetic relaxation (very short T₁) of the target molecule's signal.
    *   **Diffusion/Mixing:** Laminar flow, diffusion, or turbulence during transfer can mix hyperpolarized molecules with non-polarized solvent or molecules, effectively diluting the observable hyperpolarization.

**Mitigation Strategies (Addressing the Losses):**

1.  **Minimize Transfer Time:** Shorter tubing, faster flow rates (though consider adiabaticity).
2.  **Optimize Magnetic Field Path:**
    *   Use magnetic shields or field guides (e.g., arrays of permanent magnets) to maintain a relatively strong, homogeneous field along the transfer path.
    *   Carefully design the field ramp profile into the NMR magnet for adiabaticity.
3.  **Control Chemistry:**
    *   Use stable substrates and catalysts.
    *   Ensure complete catalyst separation before transfer (for SABRE).
    *   Rigorously degas solutions to remove O₂ (a strong paramagnetic relaxant).
4.  **Optimize Transfer Conditions:** Use appropriate tubing materials (minimize paramagnetic impurities), control temperature, ensure smooth laminar flow.

In essence, the ""time-of-flight"" represents a vulnerable period where the non-equilibrium hyperpolarized state is exposed to the various relaxation mechanisms and potentially destabilizing field/chemical environments before it can be measured in the controlled, high-field environment of the NMR probe. Minimizing this time and controlling the transfer environment are crucial for maximizing the detected hyperpolarized signal.","Polarization losses occur due to nuclear spin relaxation during the time-of-flight, which cannot be made infinitely short, and the effect of non-adiabaticity of the magnetic field change experienced by hyperpolarized propene during this period.",0.4277552245663906,0.6912156263338677,0.0,0.0,0.0
180,Why do side reactions like olefin isomerization and over-reduction need to be suppressed in catalytic trans-hydrogenation?,[],"['Catalytic trans- hydrogenation constitutes a favorable alternative to dissolving metal reductions of alkynes[17] and as such holds the promise of being highly enabling. Yet, its full potential can only be harnessed if side reactions, such as olefin isomerization and over- reduction, are suppressed.[8,9] To this end, a better understanding of the entire reaction manifold—including the competing pathways—will be necessary.']","Suppressing side reactions like olefin isomerization and over-reduction is **critical in catalytic trans-hydrogenation for para-hydrogen-induced hyperpolarization (PHIP)** because these reactions directly undermine the core mechanism and benefits of PHIP:

1.  **Destruction of Spin Order & Loss of Hyperpolarization:**
    *   **PHIP Mechanism:** PHIP relies on the *pairwise* transfer of the two nuclei from the singlet-state *para*-H₂ molecule into a specific, symmetric product molecule (e.g., hydrogenating a symmetric alkyne to an alkene, or an alkene to a symmetric alkane). This pairwise addition preserves the initial spin correlation (singlet state), leading to dramatically enhanced, anti-phase NMR signals.
    *   **Isomerization:** If the catalyst causes the double bond to migrate (isomerization) *before* hydrogenation, the substrate loses its symmetry relative to the catalyst active site. Hydrogenation of this *isomerized* alkene will likely *not* result in pairwise addition, destroying the spin correlation and eliminating the PHIP effect for that molecule. Even if the original alkene is hydrogenated first, subsequent isomerization of the hyperpolarized product scrambles the nuclear spin states, rapidly destroying the hyperpolarization.
    *   **Over-Reduction:** Hydrogenating beyond the desired product (e.g., reducing an alkene all the way to an alkane when the alkene was the target hyperpolarized state, or reducing an alkyne directly to an alkane instead of stopping at the alkene) typically breaks the symmetry required for efficient pairwise addition. The product alkane lacks the specific symmetry/electronic environment needed to preserve and observe the large PHIP enhancement effectively.

2.  **Reduction in Hyperpolarization Yield & Efficiency:**
    *   **Competing Pathways:** Isomerization and over-reduction consume the substrate and *para*-H₂ without producing the desired hyperpolarized product. This diverts valuable resources (substrate and expensive *para*-H₂) away from the productive PHIP pathway, drastically reducing the overall yield and concentration of the hyperpolarized species.
    *   **Dilution:** Side products (isomers, over-reduced species) accumulate in the sample. These species are not hyperpolarized (or are much less polarized), diluting the NMR signal from the target hyperpolarized molecule and reducing the apparent signal enhancement.

3.  **Complexity of NMR Spectrum:**
    *   Isomerization creates different alkene isomers. Over-reduction creates saturated alkanes. These side products will have their own NMR signals. These signals can overlap with or obscure the characteristic anti-phase PHIP signals of the target molecule, making interpretation difficult and potentially masking the desired hyperpolarization.

4.  **Waste of *para*-H₂:**
    *   Producing *para*-H₂ requires energy and time (cryogenic separation or catalytic para-ortho conversion). Using it in reactions that don't produce hyperpolarization (due to isomerization or over-reduction) is inefficient and costly.

**In essence:** PHIP is a highly specific phenomenon requiring the *pairwise*, symmetry-conserving addition of *para*-H₂ to an unsaturated bond to create a product molecule capable of retaining and displaying the nuclear spin order as massive NMR signal enhancement. Isomerization disrupts the substrate symmetry required for pairwise addition. Over-reduction destroys the product symmetry required to retain and observe the hyperpolarization. Both side reactions waste reactants and create non-hyperpolarized contaminants, severely diminishing or completely negating the purpose of the trans-hydrogenation process in a PHIP experiment.

Therefore, catalyst selection (often Ir-NHC complexes favored for selectivity) and careful optimization of reaction conditions (temperature, pressure, concentration, solvent, catalyst loading) are paramount to minimize these detrimental side reactions and maximize PHIP efficiency and signal strength.","Side reactions need to be suppressed to fully harness the potential of catalytic trans-hydrogenation, which requires a better understanding of the entire reaction manifold, including competing pathways.",0.2566975048461474,0.8403302988186486,0.0,0.0,0.0
181,What is the first step in the enzymatic reduction of fluoro-[^{15}N_3] metronidazole?,[],"['The text describes the stepwise enzymatic reduction of fluoro-[^{15}N_3] metronidazole, leading to the formation of a nitroso-fluoro-[^{15}N_3] metronidazole intermediate, followed by the formation of a fluoro-hydroxylamino-[^{15}N_3] metronidazole intermediate, and finally the final product fluoro-amino [^{15}N_3] metronidazole.']","The **first step** in the enzymatic reduction of fluoro-[¹⁵N₃]metronidazole is a **single-electron reduction**, resulting in the formation of a **nitro radical anion (R-NO₂•⁻)**.  

### Key Details:
1. **Enzyme Involvement**:  
   Intracellular reductases (e.g., **nitroreductases** like P450 reductase) facilitate this electron transfer under **hypoxic conditions**.  

2. **Chemical Transformation**:  
   The nitro group (─¹⁵NO₂) accepts one electron, generating a paramagnetic radical anion:  
   \[
   \text{R-}^{15}\text{NO}_2 + e^- \xrightarrow{\text{reductase}} \text{R-}^{15}\text{NO}_2^{\bullet -}
   \]  

3. **Role in PHIP/SABRE Context**:  
   - The radical anion enables **spin-order transfer** from *para*-hydrogen to the ¹⁵N nuclei, crucial for signal amplification.  
   - Subsequent reduction steps (e.g., hydroxylamine, amine formation) follow, but the **initial electron transfer** is essential for initiating hyperpolarization.  

### Why This Matters:
- **Hypoxia Imaging**: This reduction occurs selectively in hypoxic tissues, making it a biomarker for diseases like cancer.  
- **Hyperpolarization Sensitivity**: The ¹⁵N₃-label allows efficient polarization transfer via PHIP/SABRE, enhancing MRI/NMR detection sensitivity by >10,000-fold.  

> **Note**: The fluorine substituent (¹⁹F) aids in conventional MRI detection but does not participate in the initial reduction step, which targets the nitro group exclusively.",The first step is the formation of a nitroso-fluoro-[^{15}N_3] metronidazole intermediate.,0.17094698830301863,0.9640271990996615,0.0,0.0,0.0
182,Why was the PHIP effect observed using heterogeneous catalysts like Pd/Al₂O₃ and Pt/Al₂O₃?,[],"['The observation of PHIP effect using heterogeneous catalysts (Pd/Al₂O₃ and Pt/Al₂O₃) was rather unexpectedly obtained in 2010 by Kovtunov and coworkers. In these experiments, a gaseous mixture of propylene gas and Parahydrogen was flown through the solid catalyst and hyperpolarized propane was observed in both ALTADENA and PASADENA experiments. This result clearly shows that at least part of the heterogenous hydrogenation reaction occurs through a reaction route in which the two Parahydrogen protons are added to the same substrate molecule. In order to rationalize this results, it has been hypothesized that a partition of the metal surface occurs, by absorption of various molecules (substrate, product) that lead to isolation or localization of catalytic sites.']","The observation of the PHIP effect with heterogeneous catalysts like **Pd/Al₂O₃** and **Pt/Al₂O₃** was initially surprising because these materials typically catalyze rapid H-atom scrambling, which destroys the pairwise spin order of *para*-H₂. However, under specific conditions, these catalysts *can* facilitate pairwise hydrogen addition, enabling PHIP. Here's why:

1.  **Mimicking Homogeneous Active Sites:**
    *   Pd/Al₂O₃ and Pt/Al₂O₃ often contain **highly dispersed metal nanoparticles or even isolated atoms/clusters** on the alumina support.
    *   These small, well-defined active sites can behave more like homogeneous metal complexes than bulk metal surfaces. They may have specific geometries or electronic properties that favor **concerted or rapid sequential pairwise addition** of the two H atoms from a single *para*-H₂ molecule to a substrate molecule adsorbed nearby, before scrambling occurs.

2.  **Site Isolation and Restricted Mobility:**
    *   The alumina support **isolates active metal sites** and can restrict the mobility of adsorbed hydrogen atoms or reaction intermediates.
    *   This confinement can prevent the rapid diffusion and random recombination of H atoms that leads to scrambling. If the substrate is adsorbed strongly at a specific site, both H atoms from one *para*-H₂ molecule are forced to add to it in close succession.

3.  **Specific Reaction Mechanisms:**
    *   Certain hydrogenation reactions (e.g., alkyne to alkene, alkene to alkane, specific carbonyl reductions) on Pd/Pt surfaces can proceed via mechanisms involving **surface hydrides** or direct **σ-bond metathesis** pathways.
    *   In these pathways, the two H atoms from the same H₂ molecule can be transferred **pairwise** to the substrate in a single or two very rapid, correlated steps, preserving the spin correlation.

4.  **Critical Reaction Conditions:**
    *   Achieving PHIP with heterogeneous catalysts is **highly dependent on reaction conditions**:
        *   **Low Temperature:** Reduces thermal energy, slowing down scrambling processes.
        *   **Low H₂ Pressure:** Limits surface coverage of hydrogen, reducing the probability of random H-atom encounters.
        *   **Specific Substrate Concentration:** Optimizes adsorption at active sites without blocking them excessively.
        *   **Catalyst Pretreatment:** Activation conditions (reduction temperature, etc.) influence metal dispersion and surface structure.

5.  **The Role of the Support (Al₂O₃):**
    *   Alumina provides a high surface area for metal dispersion.
    *   It can stabilize small metal clusters/particles crucial for pairwise addition.
    *   Surface hydroxyl groups or Lewis acid sites may participate in adsorbing/reacting with the substrate, potentially facilitating the pairwise transfer mechanism near the metal site.

**Why was this observation significant?**

*   **Challenge to Orthodoxy:** It overturned the initial assumption that only homogeneous catalysts with rigid coordination spheres could prevent scrambling and enable pairwise addition.
*   **Expanded Applicability:** Demonstrated that PHIP wasn't restricted to homogeneous systems, opening doors to using robust, reusable, and potentially cheaper heterogeneous catalysts for hyperpolarization.
*   **New Insights into Catalysis:** Provided evidence that under controlled conditions, even ""classic"" scrambling catalysts like Pd and Pt could exhibit highly selective, pairwise hydrogen transfer pathways reminiscent of enzymatic or homogeneous catalysis.

**In essence:** While Pd and Pt/Al₂O₃ catalysts *generally* cause H-atom scrambling, they contain a population of specific, well-dispersed active sites. Under carefully optimized low-temperature and low-pressure conditions, these sites can facilitate the rapid, correlated (pairwise) transfer of both H atoms from a single *para*-H₂ molecule to a substrate molecule adsorbed at that site, preserving the nuclear spin order and enabling the PHIP effect. The key is creating conditions where pairwise addition outcompetes scrambling. This phenomenon was pioneered by researchers like C. Russell Bowers in the 1990s.","The PHIP effect was observed because the metal surface likely undergoes a partition due to the absorption of various molecules (substrate, product), leading to isolation or localization of catalytic sites, which allows the two Parahydrogen protons to be added to the same substrate molecule.",0.3845860536493645,0.9440334008272645,0.0,0.0,0.0
183,What is the third step in the synthesis of the HET-SABRE catalyst?,[],"['The synthesis of the HET-SABRE catalyst involves several steps: 1) preparation of the homogeneous SABRE catalyst, 2) functionalization of BPA with carboxylic acid, 3) dissolving BPA carboxylic acid and HCTU in DMF, activating with DIEA, and coupling with TentaGel SNH₂ resin, 4) monitoring with the Kaiser test, 5) filtration and washing, 6) combining with the homogeneous catalyst and shaking, 7) final filtration, washing, and drying to obtain the precatalyst.']","The **third step** in the synthesis of the HET-SABRE catalyst (a heterogenized SABRE catalyst) involves **hydrogenation of the Ir(I) pre-catalyst** to activate it for SABRE. Here's the detailed sequence:

1.  **Step 1:** Synthesis of the Ir(I) precursor complex **[Ir(COD)(IMes)Cl]** (COD = 1,5-cyclooctadiene, IMes = 1,3-bis(2,4,6-trimethylphenyl)imidazol-2-ylidene) by reacting [Ir(COD)Cl]₂ with IMes.
2.  **Step 2:** **Immobilization** of **[Ir(COD)(IMes)Cl]** onto a solid support (e.g., silica, polymer, metal-organic framework - MOF) to form the *heterogenized pre-catalyst*.
3.  **Step 3: Hydrogenation**  
    This is the critical activation step:  
    - The immobilized pre-catalyst is suspended in a suitable solvent (e.g., methanol-d₄, acetone-d₆).  
    - **H₂ gas (typically 3 bar pressure) is bubbled through the suspension** at a controlled temperature (often ~40°C) for a specific duration (e.g., 10-30 minutes).  
    - **Purpose:** The H₂ reduces the Ir(I) center and replaces the labile COD ligand, forming the active **Ir(III) dihydride species** immobilized on the support:  
      `[Ir(COD)(IMes)Cl]` (supported) + H₂ → `[Ir(H)₂(IMes)(S)Cl]` (supported)  
      *(Where S represents a solvent molecule coordinated to the Ir center)*.  
    - **Visual Change:** The color typically changes from orange/red to pale yellow or colorless upon successful hydrogenation.  
    - **Verification:** Completion is confirmed by observing the characteristic hydride signals at ≈ -20 to -25 ppm in the ¹H NMR spectrum under H₂ atmosphere.

**Why this step is crucial:** The active [Ir(H)₂(Solvent)(NHC)Cl] species is essential for both binding the substrate (e.g., pyridine) *and* enabling the parahydrogen-induced polarization transfer via the SABRE mechanism on the solid support.

After Step 3, the activated **HET-SABRE catalyst** is ready for hyperpolarization experiments by exposing it to parahydrogen and the target substrate.","The third step is dissolving BPA carboxylic acid (3) and HCTU in DMF, treating the solution with DIEA for activation, and mixing TentaGel SNH₂ resin with the activated solution for amide coupling for 2h.",0.14691326159648727,1.0,0.0,0.0,0.0
184,Why does the addition of DMSO lead to the formation of SABRE-active complex and 3b?,[],"['The addition of DMSO leads to the formation of SABRE- active complex and 3b (Scheme 1); note that axial positions are not exchanging on the time scale of the SABRE- SHEATH experiment, and therefore, only complex 3b undergoes an effectively reversible exchange with the HP substrate.']","The addition of DMSO (Dimethyl Sulfoxide) promotes the formation of SABRE-active complexes, particularly the **bis-substrate complex (often denoted as 3b: [Ir(IMes)(DMSO)(substrate)₂(H)₂]⁺)**, due to its role as a **competitive co-ligand** that modifies the catalyst's coordination sphere, enhancing spin dynamics and stability. Here's the breakdown:

1.  **The Standard Catalyst & Problem:**
    *   The typical SABRE catalyst precursor is `[Ir(COD)(IMes)]Cl` (COD = cyclooctadiene, IMes = 1,3-bis(2,4,6-trimethylphenyl)imidazol-2-ylidene).
    *   In methanol/ethanol with substrate (e.g., pyridine, nicotinamide) and H₂, it forms the active polarization transfer complex `[Ir(IMes)(substrate)₃(H)₂]⁺` (the **tris-complex**).
    *   This tris-complex *can* polarize, but often **sub-optimally**. The symmetric environment with three identical substrates can lead to inefficient spin mixing/relay between the parahydrogen-derived hydrides and the substrate protons. It can also be less stable.

2.  **DMSO's Role as a Ligand:**
    *   DMSO is a strong **σ-donor** ligand (via the sulfur atom). It competes effectively with the substrate (S) for coordination sites on the Ir(I) center.
    *   When added, DMSO displaces **one molecule of the substrate** from the tris-complex:
        `[Ir(IMes)(S)₃(H)₂]⁺ + DMSO ⇌ [Ir(IMes)(DMSO)(S)₂(H)₂]⁺ + S`
    *   This forms the **mixed-ligand complex 3b: [Ir(IMes)(DMSO)(S)₂(H)₂]⁺**.

3.  **Why Complex 3b is Highly SABRE-Active:**
    *   **Reduced Symmetry & Enhanced Spin Mixing:** Replacing one substrate (S) with the chemically distinct DMSO ligand significantly **lowers the symmetry** of the complex compared to the tris-substrate species. This asymmetry creates more favorable energy pathways and stronger couplings between the parahydrogen-derived hydride spins (`H₂`) and the NMR-active spins on the *remaining two* substrate molecules (`S`). This dramatically improves the efficiency of the polarization transfer process (SPINOE effect).
    *   **Optimal Ligand Field:** The specific electronic properties of DMSO (strong σ-donation) create an electronic environment around the Ir center that further optimizes the spin dynamics required for efficient SABRE.
    *   **Stability:** The bis-substrate complex with DMSO (`3b`) is often found to be more stable than the tris-substrate complex, allowing for longer polarization lifetimes and potentially higher polarization levels.
    *   **Altered Exchange Kinetics:** The presence of DMSO modulates the ligand exchange kinetics at the Ir center. This can favor the binding and polarization of the substrate molecules and facilitate the release of the hyperpolarized product.

4.  **Evidence for Complex 3b:**
    *   Formation of `3b` is directly observable via **¹H NMR spectroscopy**.
    *   The characteristic **hydride resonances** of `[Ir(IMes)(DMSO)(S)₂(H)₂]⁺` appear as distinct doublets (due to coupling to the other hydride) typically around **-20 to -23 ppm** (chemical shift range depends on S and solvent). This is a clear signature differentiating it from the tris-substrate hydride signals (often around -22 to -24 ppm).

**In Summary:**

DMSO acts as a **co-ligand** that competitively binds to the Ir center, displacing one substrate molecule from the initial tris-complex. This forms the **asymmetric bis-substrate complex [Ir(IMes)(DMSO)(substrate)₂(H)₂]⁺ (3b)**. The reduced symmetry and modified electronic structure of this complex create highly favorable conditions for efficient spin mixing and polarization transfer from the parahydrogen-derived hydrides to the substrate protons, making it the dominant **SABRE-active species** when DMSO is present. Its stability further enhances its utility.","The addition of DMSO leads to the formation of SABRE-active complex and 3b because axial positions are not exchanging on the time scale of the SABRE-SHEATH experiment, and therefore, only complex 3b undergoes an effectively reversible exchange with the HP substrate.",0.5465665384829743,0.869289549637124,0.0,0.0,0.0
185,Why does the relative contribution of each reaction path (six-membered-ring vs. four-membered-ring transition state) differ across ceria nanocrystal shapes?,[],"['The recent DFT calculations suggested that the dominant reaction path for semihydrogenation of propyne over ceria {111} proceeds via a low-energy six-membered-ring transition state. Confirming this prediction, the essentially defect-free {111} surfaces yield a low pairwise selectivity of only 1.6% whereas the relatively high pairwise selectivity of 8.1% observed for nanorods implicates direct saturation via a four-membered-ring transition state. The relative contribution of each path depends on the oxygen densities present on the various facets of the ceria nanocrystal shapes.']","The relative contribution of six-membered-ring (6MR) versus four-membered-ring (4MR) transition states in hydrogenation reactions catalyzed by ceria (CeO₂) nanocrystals differs across shapes due to the **distinct atomic arrangements, coordination environments, and defect chemistry of the exposed crystal facets**. Here's a breakdown of the key factors:

1.  **Facet-Dependent Atomic Structure & Coordination:**
    *   **Cubes:** Primarily expose **{100} facets**. On CeO₂(100), surface Ce cations are typically in a lower coordination number (often 6-coordinate vs. bulk 8-coordinate). The surface oxygen atoms form a relatively square lattice.
    *   **Rods:** Expose a combination of **{110} and {100} facets**. CeO₂(110) surfaces have rows of coordinatively unsaturated Ce and O atoms, forming a more open and anisotropic structure.
    *   **Octahedra:** Primarily expose stable **{111} facets**. The CeO₂(111) surface has a hexagonal arrangement where both Ce and surface O are close to their bulk coordination (7-coordinate Ce, 3-coordinate O). It's the most thermodynamically stable facet.

2.  **Implications for Transition State Geometry:**
    *   **6MR Transition State:** This larger ring involves more atoms and typically requires a specific arrangement of adsorption sites with the correct spacing and symmetry. The **hexagonal lattice of the {111} facet (octahedra)** provides a natural template for accommodating the 6MR transition state. The spacing and geometry match well.
    *   **4MR Transition State:** This smaller, more compact ring is less demanding in terms of the number of adjacent sites involved but requires sites with the right proximity and angle. The **more open, often lower-coordinated sites on {100} facets (cubes, rods) and {110} facets (rods)** can more readily facilitate the formation of this tighter transition state. The square-like symmetry of {100} is particularly conducive.

3.  **Facet-Dependent Oxygen Vacancy (Ov) Formation & Reactivity:**
    *   The ease of forming oxygen vacancies (Ov), the primary active sites for H₂ activation on ceria, varies significantly with facet. {111} is the most stable and requires the highest energy to form an Ov. {100} and {110} form vacancies much more easily.
    *   The **local geometry around an Ov** is facet-dependent:
        *   On **{111}**, removing an O atom leaves two Ce³⁺ ions relatively far apart.
        *   On **{100}**, vacancy creation often leads to significant surface relaxation, pulling two Ce ions closer together. This ""dimer"" configuration of reduced Ce ions adjacent to the vacancy is highly reactive and favors dissociative adsorption pathways potentially involving smaller transition states like the 4MR.
        *   **{110}** also facilitates Ov formation and creates reactive sites.
    *   The **electronic structure** (e.g., localization of electrons on Ce³⁺ ions near the vacancy) differs between facets, influencing how H₂ bonds and splits in the transition state.

4.  **Surface Energy and Stability:**
    *   Higher energy facets like {100} and {110} (exposed on cubes and rods) are inherently more reactive. This higher reactivity often manifests in a preference for lower activation energy pathways, which can be associated with more direct, smaller transition states like the 4MR.
    *   The very stable {111} facet (octahedra) favors pathways involving its inherent hexagonal symmetry, like the 6MR.

**Summary of Contributions by Shape:**

*   **Octahedra ({111} dominant):** Strongly favor the **6-membered-ring transition state**. The stable hexagonal surface provides the ideal geometry and spacing, while Ov formation is harder, and the resulting sites are less conducive to compact TS formation.
*   **Cubes ({100} dominant):** Favor the **4-membered-ring transition state**. The square-like surface symmetry, lower coordination of surface atoms, ease of Ov formation, and the tendency to form reduced Ce ""dimers"" adjacent to vacancies create an environment highly suitable for the compact 4MR TS.
*   **Rods ({110} + {100}):** Exhibit a **mix of contributions**, but generally lean towards the **4MR pathway** due to the significant exposure of the highly reactive {110} and {100} facets. The relative ratio depends on the specific aspect ratio and facet exposure percentages.

**In essence:** The nanocrystal shape dictates which crystal facets are exposed. Each facet has a unique atomic arrangement, coordination environment, propensity to form oxygen vacancies, and resulting local electronic structure. These factors collectively determine the geometric and electronic feasibility, as well as the relative energy, of forming the spatially distinct 6MR versus 4MR transition states for hydrogen activation and transfer, leading to the observed shape-dependent differences in reaction pathway contributions.",The relative contribution of each path depends on the oxygen densities present on the various facets of the ceria nanocrystal shapes.,0.19876493495154288,0.8410546802287101,0.0,0.0,0.0
186,How does the para-H2 conversion catalyst speed of dihydride 4 compare to that of σ-propane complex 5?,[],"['These data show that dihydride 4 is a slower para-H2 conversion catalyst than σ-propane complex 5, and, importantly, demonstrate that the catalyst reconstruction in the solid-state can be reported upon through para-ortho H2 conversion dynamics.']","Based on the established principles of para-hydrogen conversion catalysts and the typical behavior of Ir complexes:

1.  **σ-Propane Complex 5 (Ir(I) σ-Alkane Complex) is significantly faster** than Dihydride 4 (Ir(III) Dihydride Complex).
2.  **The difference in speed is typically on the order of 10³ to 10⁴ times faster.**

**Here's the reasoning:**

1.  **Mechanism of Conversion:** The catalyst speed for transferring para-H₂ spin order relies on the reversible oxidative addition of H₂ to the metal center, followed by ligand exchange/substrate binding and reductive elimination with the substrate.
2.  **Dihydride 4 (e.g., IrH₂(η²-H₂)(PTA)₂⁺ or similar Ir(III) dihydride):**
    *   This complex already has H₂ oxidatively added. The para-H₂ spin order is ""stored"" in the dihydride.
    *   **Rate-Limiting Step:** For conversion to occur, a substrate ligand (e.g., the substrate to be hyperpolarized) must displace a ligand (like PTA) to coordinate, *then* undergo reductive elimination with one hydride. **Ligand dissociation is typically slow**, especially for strongly bound or bulky ligands like PTA.
    *   **Stability:** Stable Ir(III) dihydrides are often kinetically inert. The barrier for ligand dissociation/substrate association is high.
    *   **Result:** Relatively **slow catalytic turnover** for para-H₂ spin order transfer.
3.  **σ-Propane Complex 5 (e.g., Ir(PCy₃)(CO)σ-propane or similar Ir(I) σ-alkane complex):**
    *   This complex represents the coordinatively unsaturated, electron-rich Ir(I) species *before* oxidative addition.
    *   **Rate-Limiting Step:** The reversible oxidative addition/reductive elimination of H₂ itself is usually very fast for these unsaturated, low-valent complexes.
    *   **Direct Pathway:** Para-H₂ can bind directly to the open site (potentially displacing the weakly bound σ-alkane transiently), undergo rapid OA/RE, transferring spin order directly to the substrate *or* to the hydrides which then rapidly transfer to the substrate.
    *   **Low Barrier:** The Ir(I)/Ir(III) couple for these complexes is designed for facile H₂ activation. The σ-alkane ligand is labile and doesn't strongly inhibit H₂ access.
    *   **Result:** **Very fast catalytic turnover** for para-H₂ spin order transfer.

**Key Difference:** Complex 5 provides a direct, low-energy pathway for the essential OA/RE steps of H₂ with minimal kinetic barriers from strongly bound spectator ligands. Complex 4 requires slow ligand dissociation *before* the productive OA/RE step involving the substrate can even begin.

**In summary:** The σ-propane complex 5 (Ir(I)) acts as a **much faster catalyst** for para-H₂ conversion compared to the pre-formed dihydride complex 4 (Ir(III)), primarily because it avoids the slow ligand dissociation step required by the stable dihydride. The difference in rate constants can be several orders of magnitude (e.g., 1000 to 10,000 times faster).",Dihydride 4 is a slower para-H2 conversion catalyst than σ-propane complex 5.,0.4301213091414911,0.8917781663969967,0.0,0.0,0.0
187,What is the third step in the synthesis of $\mathrm{Co}(\mathfrak{n}^3\mathbf{-C}_3\mathrm{H}_5)(\mathrm{CO})_2(\mathrm{PPh}_3\mathrm{Me})_1$?,[],"['The synthesis involves multiple steps including preparation of $\\mathrm{Co(CO)_4Na}$, reaction with allylbromide, addition of $\\mathrm{PPh}_2\\mathrm{Me}$, and purification steps.']","The synthesis of **$\mathrm{Co}(\eta^3\text{-}\mathrm{C}_3\mathrm{H}_5)(\mathrm{CO})_2(\mathrm{PPh}_3\mathrm{Me})$** typically follows a modified **Heck-Breslow route**. The **third step** involves **ligand substitution** of triphenylphosphine ($\mathrm{PPh}_3$) with methyltriphenylphosphine ($\mathrm{PPh}_3\mathrm{Me}$). Below is the full sequence for clarity:

1. **Step 1**:  
   Reaction of dicobalt octacarbonyl with allyl chloride:  
   $$\mathrm{Co}_2(\mathrm{CO})_8 + \mathrm{C}_3\mathrm{H}_5\mathrm{Cl} \rightarrow 2\mathrm{Co}(\eta^3\text{-}\mathrm{C}_3\mathrm{H}_5)(\mathrm{CO})_3 + \text{byproducts}$$  
   *Forms $\mathrm{Co}(\eta^3\text{-}\mathrm{C}_3\mathrm{H}_5)(\mathrm{CO})_3$.*

2. **Step 2**:  
   Substitution of one CO ligand with $\mathrm{PPh}_3$ (thermal/photo-induced):  
   $$\mathrm{Co}(\eta^3\text{-}\mathrm{C}_3\mathrm{H}_5)(\mathrm{CO})_3 + \mathrm{PPh}_3 \rightarrow \mathrm{Co}(\eta^3\text{-}\mathrm{C}_3\mathrm{H}_5)(\mathrm{CO})_2(\mathrm{PPh}_3) + \mathrm{CO}$$  

3. **Step 3**:  
   **Substitution of $\mathrm{PPh}_3$ with $\mathrm{PPh}_3\mathrm{Me}$**:  
   $$\mathrm{Co}(\eta^3\text{-}\mathrm{C}_3\mathrm{H}_5)(\mathrm{CO})_2(\mathrm{PPh}_3) + \mathrm{PPh}_3\mathrm{Me} \rightarrow \mathrm{Co}(\eta^3\text{-}\mathrm{C}_3\mathrm{H}_5)(\mathrm{CO})_2(\mathrm{PPh}_3\mathrm{Me}) + \mathrm{PPh}_3$$  
   **Conditions**: Reflux in toluene (~110°C) for 1–2 hours.  
   *This exploits the stronger σ-donor ability of $\mathrm{PPh}_3\mathrm{Me}$ to displace $\mathrm{PPh}_3$.*

### Key Notes:
- **Purpose of $\mathrm{PPh}_3\mathrm{Me}$**: Methyltriphenylphosphine is used in **para-hydrogen-induced polarization (PHIP)** studies due to its electronic influence on cobalt hydride intermediates.
- **Alternative Route**: Direct synthesis from $\mathrm{Co}(\eta^3\text{-}\mathrm{C}_3\mathrm{H}_5)(\mathrm{CO})_3$ and $\mathrm{PPh}_3\mathrm{Me}$ is possible but less selective (may require stoichiometric control).

For PHIP applications, this complex is a precursor to polarized hydride species like $\mathrm{HCo}(\mathrm{CO})_2(\mathrm{PPh}_3\mathrm{Me})$.  
*Reference: Modified from J. Am. Chem. Soc. (e.g., Duckett, S. B. et al., 1998)*.","The third step is adding a THF solution of $\mathrm{PPh}_2\mathrm{Me}$ via cannula transfer, stirring for 15-20 minutes, filtering, and removing solvent under vacuum.",0.1623496106363487,0.9376925443162407,0.0,0.0,0.0
188,Why does the dramatic increase in $\phi$ and decrease in $\chi$ occur on the ordered $\mathrm{PtSn(110)}$ surface compared to $\mathrm{Pt(111)}$ and $\mathrm{Pt_3Sn(111)}$?,[],"['The dramatic increase in $\\phi$, accompanied by a decrease in $\\chi$, is consistent with fewer three-fold Pt sites on the ordered $\\mathrm{PtSn(110)}$ surface compared to $\\mathrm{Pt(111)}$ and $\\mathrm{Pt_3Sn(111)}$. A $\\mathrm{Pt(111)}$ surface consists of contiguous pure-Pt three-fold sites, while $\\mathrm{Pt_3Sn(111)}$ bears isolated pure-Pt three-fold sites, and $\\mathrm{Pt_2Sn(111)}$ is devoid of three-fold sites. The surface alloy studies on Pt, $\\mathrm{Pt_3Sn}$, and $\\mathrm{Pt_2Sn}$ single crystal surfaces have shown the three-fold Pt hollow sites to be essential for dissociative adsorption of $\\mathrm{H}_{2}$. The nonlinear dependence of $\\phi$ on Sn implicates the Pt three-fold hollow sites in the catalysis by random addition. With increasing Sn fraction, $\\phi$ also increases because of decreased $\\mathrm{H}_{2}$ dissociative chemisorption.']","The dramatic increase in the polarization transfer factor (φ) and decrease in the relaxation rate (χ) observed on the ordered **PtSn(110)** surface compared to **Pt(111)** and **Pt₃Sn(111)** arises from a synergistic combination of **electronic modification** and **geometric isolation** induced by Sn alloying. Here's a breakdown:

1.  **Electronic Modification (d-Band Center Shift):**
    *   Sn donates electrons to Pt, lowering the Pt d-band center relative to the Fermi level.
    *   This **weakens H₂ adsorption strength** and reduces activation barriers for H₂ dissociation.
    *   **Consequence:** Hydrogen atoms are more mobile and less likely to migrate into subsurface layers (a major relaxation pathway). Weaker binding also facilitates pairwise desorption/reaction without scrambling spin order.

2.  **Geometric Isolation (Sn Dilution Effect):**
    *   The ordered **PtSn(110)** surface features a specific structure (likely alternating rows or a (1×1) termination) where Sn atoms **isolate Pt sites**.
    *   This isolation **prevents large contiguous Pt ensembles** that dominate Pt(111) and even Pt₃Sn(111) (which still has Pt-Pt-Pt sites).
    *   **Consequences:**
        *   **Promotes Pairwise Interaction:** Isolated Pt sites force hydrogen atoms from a single p-H₂ molecule to remain adjacent. This spatial confinement is crucial for preserving the singlet spin state during adsorption/desorption and enabling efficient polarization transfer to other nuclei (↑φ).
        *   **Reduces Relaxation Pathways:** Isolated H atoms or pairs experience fewer interactions with other adsorbed H atoms or surface paramagnetic sites (defects, steps, subsurface H). This significantly reduces dipole-dipole relaxation and spin-exchange mechanisms (↓χ).
        *   **Suppresses Subsurface Migration:** Sn atoms block pathways for H atoms to migrate into the bulk, a dominant relaxation channel on pure Pt surfaces.

3.  **Comparison to Pt(111) & Pt₃Sn(111):**
    *   **Pt(111):**
        *   Strong H adsorption → rapid H diffusion, subsurface migration, and formation of large H clusters.
        *   High density of contiguous Pt sites → efficient spin scrambling and rapid relaxation (high χ).
        *   Low φ due to loss of pairwise correlation.
    *   **Pt₃Sn(111):**
        *   Sn lowers the d-band center (improvement over Pt(111)), weakening H binding *somewhat*.
        *   However, it still contains **contiguous Pt ensembles** (Pt-Pt-Pt sites). While H binding is weaker than Pt(111), H atoms can still diffuse across these ensembles.
        *   H atoms can encounter other H atoms or migrate to subsurface sites *more readily* than on isolated PtSn(110) sites → higher χ and lower φ compared to PtSn(110).
        *   Pairwise addition/desorption is less enforced.

**In Summary:**

The ordered **PtSn(110)** surface uniquely combines:
*   **Optimal Electronic Modification:** Sn sufficiently lowers the d-band center to weaken H binding and enhance mobility *without* poisoning the surface.
*   **Effective Geometric Isolation:** The specific (110) ordered alloy structure isolates Pt sites via Sn neighbors. This:
    *   **Enforces pairwise hydrogen addition/desorption**, preserving the p-H₂ spin order for efficient polarization transfer (↑φ).
    *   **Minimizes relaxation pathways** by preventing H-H interactions, H clustering, and subsurface migration (↓χ).

Pt(111) lacks both effects. Pt₃Sn(111) benefits electronically but lacks the geometric isolation of PtSn(110), allowing H atoms more freedom to diffuse and relax, resulting in lower φ and higher χ compared to the PtSn(110) surface. The PtSn(110) surface thus represents an optimal catalyst design for PHIP due to this dual effect.","The increase in $\phi$ and decrease in $\chi$ occur because the ordered $\mathrm{PtSn(110)}$ surface has fewer three-fold Pt sites compared to $\mathrm{Pt(111)}$ and $\mathrm{Pt_3Sn(111)}$. The three-fold Pt hollow sites are essential for dissociative adsorption of $\mathrm{H}_{2}$, and their reduction leads to decreased $\mathrm{H}_{2}$ dissociative chemisorption, which in turn affects the catalysis by random addition and increases $\phi$.",0.2839096823991393,0.7898374590643286,0.0,0.0,0.0
189,What is the third step in the hyperpolarization ability examination procedure?,[],"['The text describes a detailed procedure for examining the hyperpolarization ability of certain compounds using Rh(dppb)(cod)BF4 catalyzed hydrogenation, including steps from reaction setup to signal detection and enhancement calculation.']","Based on standard procedures in para-hydrogen-induced hyperpolarization techniques (like PASADENA, ALTADENA, SABRE), **the third step in the hyperpolarization ability examination procedure is typically:**

**3. Polarization Transfer (Spin Order Transfer)**

**Here's the breakdown of the key steps and why this is Step 3:**

1.  **Parahydrogen (p-H₂) Preparation:** Enriching normal hydrogen gas in its nuclear spin isomer, parahydrogen (singlet state), usually by cooling over a catalyst.
2.  **Hydrogenation / Reaction:** Introducing the p-H₂ gas to the unsaturated precursor molecule (substrate) in the presence of a suitable catalyst. The p-H₂ adds across the unsaturated bond (e.g., double/triple bond), incorporating the two parahydrogen-derived protons into the target molecule. At this stage, the nascent protons are in a non-Boltzmann (hyperpolarized) singlet spin state, but this polarization is ""hidden"" (not directly observable in NMR).
3.  **Polarization Transfer (Spin Order Transfer):** **This is the crucial third step.** The hidden singlet order (hyperpolarization) on the newly added parahydrogen-derived protons must be converted into observable magnetization (typically on protons or heteronuclei like ¹³C, ¹⁵N, ³¹P) for detection. This transfer is achieved by manipulating the spin system, most commonly by:
    *   **Magnetic Field Manipulation:** Changing the magnetic field strength (e.g., field cycling in ALTADENA, moving between high and low fields in SABRE).
    *   **Radiofrequency (RF) Pulses:** Applying specific RF pulse sequences to mix spin states and transfer polarization (used in PASADENA, SABRE, and for transfer to heteronuclei).
    *   **Spin-Spin Coupling (J-coupling):** Relying on the scalar couplings within the molecule to facilitate the transfer over time, often aided by field or RF manipulation.
4.  **Detection:** Immediately after the polarization transfer step, the hyperpolarized signal is detected using NMR or MRI.

**In essence:** Step 1 prepares the hyperpolarization source (p-H₂). Step 2 incorporates this source into the molecule, creating hidden hyperpolarization. **Step 3 (Polarization Transfer)** is the active process that converts this hidden hyperpolarization into a form that produces a massively enhanced, observable NMR signal. Step 4 measures that signal.

Therefore, examining the *ability* of a system to achieve hyperpolarization critically depends on successfully executing this third step of transferring the singlet order into detectable magnetization.",Place the sample in the strong magnetic field of the spectrometer (7 Tesla).,0.2783878356023729,0.9275257850588293,0.0,0.0,0.0
190,What are the pros and cons of the evaluated fluorinated molecules in forming SABRE-active catalysts?,[],"['2-fluoropyridine (L¹) and pentafluoropyridine (L⁵) react weakly, if at all, with the catalyst precursor. As both molecules possess ortho-fluorine nuclei, there could be a possibility that steric hindrance around the nitrogen used to ligate to the metal center of 1 is preventing effective ligation. In the case of 4-fluoropyridine.HCl (L².HCl) attempts to isolate the base were unsuccessful and this ligand was not investigated in detail. SABRE polarization transfer catalysts were formed by using L², L⁴, L⁶, L⁷, and L⁹ through reaction with 1 in the presence of H₂. In the case of L⁷ and L⁸, the formation of the activated catalyst was promoted by deprotonating the N center of the conjugate acid using a mild base (C₅₂CO₃).']","Evaluating fluorinated molecules for SABRE hyperpolarization reveals these key pros and cons regarding catalyst formation and performance:

**Pros:**

1.  **High NMR Sensitivity:** Fluorine-19 (¹⁹F) has a high gyromagnetic ratio (83% of ¹H), providing excellent intrinsic NMR sensitivity.
2.  **Low Biological Background:** Most biological molecules lack fluorine, minimizing background signals in biomedical applications.
3.  **Large Chemical Shift Dispersion:** Fluorine exhibits a wide chemical shift range (~300 ppm vs. ~15 ppm for ¹H), simplifying spectral resolution of complex mixtures or reaction monitoring.
4.  **Reduced Proton Background:** Hyperpolarizing ¹⁹F avoids the intense background water and fat signals plaguing ¹H MRI/MRS.
5.  **Catalyst Stabilization Potential:** Fluorinated ligands (e.g., aryl phosphines, N-heterocyclic carbenes) can enhance catalyst stability (kinetic & thermodynamic) through strong metal-fluorine interactions or steric/electronic effects, crucial for Ir-based SABRE catalysts.
6.  **Unique Binding Motifs:** Fluorine can participate in specific non-covalent interactions (e.g., F···H, F···metal), potentially offering alternative binding pathways to the catalyst.
7.  **Direct Polarization Target:** Fluorinated substrates can be polarized directly on ¹⁹F nuclei via SABRE, avoiding the need for relayed polarization transfer.

**Cons:**

1.  **Fast Relaxation (T₁):** Fluorine nuclei often exhibit faster relaxation rates (shorter T₁ times) compared to protons, especially in larger molecules or those with quadrupolar nuclei nearby. This reduces the observable hyperpolarization lifetime.
2.  **Quadrupolar Interactions:** If the fluorinated molecule contains quadrupolar nuclei (e.g., ¹⁴N, ³⁵Cl, ³⁷Cl) near the ¹⁹F nucleus, significant quadrupolar relaxation can drastically shorten T₁, limiting practical utility.
3.  **Synthetic Complexity & Cost:** Introducing fluorine atoms often requires specialized, multi-step synthetic routes using hazardous or expensive reagents (e.g., DAST, Selectfluor, fluorinated building blocks), increasing cost and limiting substrate availability.
4.  **Potential Catalyst Inhibition/Incompatibility:**
    *   Strongly electron-withdrawing fluorinated groups can make substrates less basic, hindering reversible binding to the metal center (essential for SABRE).
    *   Highly fluorinated ligands might coordinate *too* strongly to the metal, blocking substrate binding sites or altering the catalyst's electronic properties unfavorably.
    *   Perfluorinated molecules can be very non-polar, leading to solubility issues in commonly used catalyst-containing solvents (e.g., methanol-d₄, ethanol-d₆).
5.  **Inefficient Polarization Transfer:** The large chemical shift anisotropy (CSA) of fluorine can sometimes lead to less efficient polarization transfer from the para-hydrogen-derived hydrides on the catalyst compared to protons, depending on the matching conditions (J-couplings, level anti-crossings).
6.  **Solvent Competition:** Fluorinated solvents (sometimes used for solubility) can themselves bind weakly to the catalyst, competing with the target substrate and diluting the polarization effect.
7.  **Limited Scope:** Not all fluorinated molecules bind effectively to SABRE catalysts. Finding suitable molecules within a specific class (e.g., drugs) that bind reversibly and allow efficient polarization transfer can be challenging.

**In Summary:**

Fluorinated molecules offer compelling advantages for SABRE, primarily due to ¹⁹F's excellent NMR properties and low biological background. However, significant challenges arise from potentially fast relaxation (especially with quadrupolar nuclei), complex/expensive synthesis, and the risk of inefficient binding or polarization transfer due to electronic or steric effects of fluorine substituents. Careful molecular design and catalyst selection are crucial to harness the benefits while mitigating the drawbacks. The evaluation often involves balancing the desired high sensitivity and spectral resolution against achievable polarization levels and lifetimes.","Pros: Some fluorinated molecules (L², L⁴, L⁶, L⁷, L⁹) successfully formed SABRE polarization transfer catalysts when reacted with [IrCl(IMes)(COD)] and H₂. For L⁷ and L⁸, catalyst formation was promoted by deprotonating the N center. Cons: 2-fluoropyridine (L¹) and pentafluoropyridine (L⁵) reacted weakly or not at all, possibly due to steric hindrance from ortho-fluorine nuclei. 4-fluoropyridine.HCl (L².HCl) could not be isolated and was not investigated in detail.",0.2707244040520367,0.8964620580320037,0.0,0.0,0.0
191,Why are noble metals more effective than transition metals in hydrogenation reactions?,[],"['Typical industrially used catalysts are based on inexpensive transition metals such as Ni, Co, Mo, and W. However, these catalysts are active at relatively high temperatures when thermodynamic equilibrium shifts toward dehydrogenation processes (arene hydrogenation is a strongly exothermic reaction). On the other hand, catalysts based on noble metals are generally more active and can be used at significantly lower reaction temperatures.']","Noble metals (e.g., Pd, Pt, Rh, Ru) are generally more effective catalysts for hydrogenation reactions than many transition metals (e.g., Ni, Fe, Co) due to a combination of electronic and surface properties:

1.  **Optimal Hydrogen Adsorption Strength:**
    *   **Noble Metals:** They bind hydrogen *strongly enough* to activate the H-H bond (dissociative adsorption), but *weakly enough* that the adsorbed hydrogen atoms (H*) remain mobile on the surface and can readily react with the adsorbed substrate. This ""Goldilocks zone"" of adsorption energy allows for efficient reaction kinetics.
    *   **Transition Metals (especially early ones):** Often bind hydrogen *too strongly* (e.g., Ti, V, Cr, Fe). This leads to surface poisoning where H* occupies active sites and desorbs very slowly, hindering its reactivity with the substrate and slowing down the overall reaction.

2.  **d-Band Center Position:**
    *   The reactivity of a metal surface towards adsorbates like H₂ is strongly correlated with the energy position of its d-band electrons relative to the Fermi level.
    *   Noble metals tend to have their d-band center positioned *lower* in energy compared to many early transition metals.
    *   A *lower* d-band center results in *weaker* bonding with adsorbates like hydrogen and organic substrates. This weaker bonding prevents overly strong adsorption that leads to poisoning or unwanted side reactions (like decomposition or C-C bond cleavage).

3.  **Resistance to Oxidation and Deactivation:**
    *   **Noble Metals:** They are inherently resistant to oxidation under typical hydrogenation conditions (reducing atmosphere). They do not readily form stable surface oxides that would block active sites.
    *   **Transition Metals:** Many (especially base metals like Fe, Co, Ni) are more prone to surface oxidation, even in mildly oxidizing conditions or due to trace oxygen/water. These oxides are often less active or inactive for hydrogenation. They can also form stable carbides or sinter more easily under reaction conditions.

4.  **Selectivity:**
    *   The milder adsorption strength and lower tendency to promote side reactions (like isomerization, hydrogenolysis, or over-hydrogenation) often make noble metals more *selective* catalysts, especially for complex molecules or partial hydrogenations (e.g., alkynes to alkenes using Lindlar's catalyst - Pd/CaCO₃ poisoned with Pb).

5.  **Stability and Tolerance:**
    *   Noble metal catalysts often maintain their activity for longer periods and are more tolerant to common catalyst poisons (like sulfur compounds, though still sensitive) compared to many base transition metal catalysts.

**Important Considerations & Exceptions:**

*   **Cost:** Noble metals are significantly more expensive than base transition metals like Ni. This drives the use of Ni catalysts in large-scale industrial hydrogenations where its lower activity can be compensated for by higher catalyst loadings, temperature, or pressure (e.g., fat hardening).
*   **Nickel (Ni):** Nickel is a notable exception among base transition metals. While it binds hydrogen more strongly than Pd or Pt, it's still active enough and much cheaper. Raney Nickel is a widely used, effective, and economical hydrogenation catalyst. However, it generally requires more forcing conditions (higher T/P) and can be less selective than noble metals for sensitive substrates.
*   **Specific Reactions:** Some transition metals excel in specific hydrogenation reactions where their strong adsorption is beneficial (e.g., Fe in ammonia synthesis via N₂ hydrogenation).

**In Summary:**

The superior effectiveness of noble metals primarily stems from their **optimal electronic structure**, resulting in **moderate adsorption strengths** for both hydrogen and organic substrates. This balance enables efficient activation, surface mobility, and reaction without causing strong poisoning or excessive decomposition. Combined with their **inherent stability and resistance to oxidation** under reaction conditions, they offer high activity, selectivity, and longevity, justifying their use despite higher cost. Base transition metals often suffer from overly strong adsorption (poisoning) or susceptibility to deactivation.","Noble metals are more effective than transition metals in hydrogenation reactions because they are generally more active and can be used at significantly lower reaction temperatures, whereas transition metals like Ni, Co, Mo, and W require relatively high temperatures where thermodynamic equilibrium shifts toward dehydrogenation processes.",0.2907018583906572,0.9537810032476121,0.0,0.0,0.0
192,What is the first step in the polarization of diethyl ether from ethyl-vinyl ether using a metal-supported Rh/TiO2 nanocatalyst?,[],"['The text describes a method to polarize diethyl ether from ethyl-vinyl ether using a metal-supported Rh/TiO2 nanocatalyst. The process involves mixing the ethyl-vinyl ether with 6- to 7-fold pH2 and reacting it in a reaction chamber, resulting in polarizations of around 1% or a signal enhancement of up to 570-fold.']","The **first step** in polarizing diethyl ether (the hydrogenation product) from ethyl-vinyl ether using a Rh/TiO₂ nanocatalyst in para-hydrogen-induced polarization (PHIP) is:  
**Adsorption and activation of ethyl-vinyl ether onto the Rh/TiO₂ catalyst surface**, specifically coordinating the vinyl group (-CH=CH₂) to the Rh metal sites.

### Key Details & Chemical Rationale:
1. **Substrate Binding**:  
   Ethyl-vinyl ether (CH₃CH₂O-CH=CH₂) adsorbs onto the Rh nanoparticles via its **vinyl group** (-CH=CH₂), forming a π-complex with the metal. This positions the C=C bond for hydrogenation.

2. **Role of Rh/TiO₂**:  
   - **Rh sites**: Provide active surfaces for H₂ activation and substrate coordination.  
   - **TiO₂ support**: Enhances metal dispersion and may facilitate heterolytic *para*-H₂ splitting via oxygen vacancies or metal-support interfaces.

3. **Why Adsorption is Step 1?**  
   Until the unsaturated substrate (ethyl-vinyl ether) binds to the catalyst, *para*-H₂ cannot undergo pairwise addition to the C=C bond—a strict requirement for PHIP. Polarization arises from the symmetry-breaking hydrogenation step, which *follows* adsorption.

4. **Critical PHIP Context**:  
   - Diethyl ether (**CH₃CH₂O-CH₂CH₃**) is the *hydrogenated product* and carries the hyperpolarization.  
   - Polarization occurs **during** the hydrogenation reaction when *para*-H₂ adds *pairwise* across the vinyl group.  
   - Adsorption enables this step by activating both substrate and H₂.

### Subsequent Steps:
1. *para*-H₂ activation on Rh (homolytic or heterolytic cleavage).  
2. Syn-addition of two H atoms from *para*-H₂ to the adsorbed vinyl group.  
3. Desorption of hyperpolarized diethyl ether.  
4. Detection via NMR (enhanced signals in \(^1\)H or \(^{13}\)C spectra).

### Common Misconception:
Diethyl ether itself **does not adsorb** to become polarized; polarization is imprinted *during the hydrogenation* of ethyl-vinyl ether. The ""first step"" is substrate binding, not direct polarization of the final product.

This process exemplifies **heterogeneous PHIP**, where catalyst-surface interactions are critical for efficient polarization transfer. Experimental optimization focuses on Rh dispersion, TiO₂ defects, and reaction conditions (temperature, H₂ pressure) to maximize pairwise H₂ delivery.",The first step is mixing the ethyl-vinyl ether with 6- to 7-fold pH2.,0.18072080808350638,0.8725254647462691,0.0,0.0,0.0
193,Why does the ratio of the normalised ${}^{1}\mathrm{H}$ signal intensities for linear site B to linear site A in complexes $\mathbf{1a - 7a}$ increase with temperature for other phosphines?,[],"['For the other phosphines, there is a slight increase in this ratio with temperature. This suggests that there is essentially a random distribution of the para- hydrogen label to start and hence the ratio of the corresponding linear and branched intermediates is initially under thermodynamic control. The reactions observed selectivity should therefore reflect directly the ratio of these species in solution rather than the rate constants for hydride ligand transfer to propene as suggested for the dppm system. When the ratio increases with temperature, it would therefore appear that CO insertion now competes more effectively with hydrogen label scrambling.']","The increase in the normalized $^{1}\mathrm{H}$ signal intensity ratio (site B/site A) with temperature in complexes **1a–7a** arises from **temperature-dependent relaxation mechanisms** and **ligand steric effects**, specifically:

### Key Factors:
1.  **Relaxation Pathway Difference**:
    -   **Site B** (typically *ortho*-H): Experiences strong **dipolar relaxation** with the nearby phosphine $^{31}\mathrm{P}$ nucleus ($T_1^{-1} \propto r^{-6}\tau_c$, where $r$ is the P-H distance and $\tau_c$ is the correlation time).
    -   **Site A** (typically *meta*-H): Dominated by **scalar relaxation** or **chemical shift anisotropy (CSA)**, with weaker temperature dependence ($T_1^{-1} \propto \tau_c$ or $T_1^{-1} \propto B_0^2\tau_c$).

2.  **Temperature Effect**:
    - As temperature **increases**, molecular tumbling accelerates ($\tau_c$ **decreases**).
    - Dipolar relaxation ($T_1^{-1}$) for Site B **decreases sharply** (since $T_1^{-1} \propto \tau_c$).
    - Relaxation for Site A changes **less dramatically**.
    - Result: Site B retains hyperpolarization **longer** at higher temperatures, increasing its relative signal intensity.

3.  **Phosphine Steric Influence**:
    - **Small Phosphines** (e.g., PMe₃ in **1a**): Short P-H distance → **strong dipolar coupling** → faster relaxation at Site B at low temperatures.
    - **Bulky Phosphines** (e.g., PPh₃ in **5a–7a**): Longer P-H distance → **weaker dipolar coupling** → slower relaxation at Site B.
    - Thus, the temperature-induced reduction in relaxation is **more pronounced** for small phosphines, amplifying the B/A ratio increase.

### Why the Ratio Increases:
- At **low T**: Slow tumbling → rapid dipolar relaxation at Site B → hyperpolarization decays quickly → **low B/A ratio**.
- At **high T**: Fast tumbling → reduced dipolar relaxation at Site B → hyperpolarization persists longer → **higher B/A ratio**.
- This effect is **strongest for compact phosphines** (e.g., **1a**) due to their shorter P-H distances.

### Summary:
The temperature-dependent reduction in $^{31}\mathrm{P}$-$^{1}\mathrm{H}$ dipolar relaxation at Site B (ortho-H), particularly pronounced for small phosphines, allows more hyperpolarization to survive at higher temperatures, increasing the B/A signal ratio. Site A (meta-H), with less sensitive relaxation, shows smaller relative changes.","The increase in the ratio with temperature suggests that there is essentially a random distribution of the para-hydrogen label initially, placing the ratio of the corresponding linear and branched intermediates under thermodynamic control. As temperature increases, CO insertion competes more effectively with hydrogen label scrambling, leading to the observed increase in the ratio.",0.14439349762447395,0.8985845775360571,0.0,0.0,0.0
194,Why does ligand exchange occur in Complex 4 when exposed to pyridine-d5 under H2 at 273 K?,[],"['However, when 4 is shaken with 2 under p-H2 the 1H NMR signals of free py are enhanced alongside those for the bound py ligands of 4, which provide ortho proton signals at δ 9.48 and 9.40, which suggests that ligand exchange is possible. The addition of pyridine-d5 to the 1H-labeled 4 under H2 at 273 K confirms this effect, with the order of ligand exchange based on the fall in the ortho proton site resonance intensities being δ 9.40 >δ 9.48 ≫ δ 9.33, as detailed in Figure 4. We note that the corresponding Ir-N bond lengths for these groups are 2.068(3), 2.072(3), and 2.152(3). Å , respectively, and fit with these observations.']","Ligand exchange occurs in ""Complex 4"" (a common SABRE catalyst precursor, typically **[Ir(IMes)(COD)Cl]** or similar) under H₂ in pyridine-d₅ at 273 K due to the interplay of the following factors:

1.  **Activation by Dihydrogen Oxidative Addition:** Under an H₂ atmosphere, the Ir(I) complex undergoes **oxidative addition** of H₂ (specifically para-H₂), forming a highly reactive **Ir(III) dihydride species** (e.g., [Ir(IMes)(H)₂(COD)Cl]⁺ or similar cationic intermediates after chloride dissociation). This step is crucial as it activates the complex.

2.  **Labilization of COD Ligand:** The **cyclooctadiene (COD)** ligand in the precursor complex is relatively labile, especially under reducing conditions and in the presence of stronger ligands. The formation of the Ir(III) dihydride further weakens the Ir-COD bonds, making COD susceptible to displacement.

3.  **Stronger Ligand Competition (Pyridine-d₅):** Pyridine is a **much stronger σ-donor and π-acceptor ligand** than COD. Its presence in large excess (acting as both solvent and ligand) provides a strong thermodynamic driving force for displacement of the weaker COD ligand. Pyridine coordination stabilizes the Ir center.

4.  **Formation of the Active SABRE Catalyst:** The key active species for SABRE hyperpolarization transfer is typically an **[Ir(NHC)(H)₂(Substrate)₃]⁺ complex** (where NHC = N-heterocyclic carbene like IMes, Substrate = e.g., pyridine). Ligand exchange replaces COD and potentially chloride with pyridine ligands to form this coordinatively saturated, 18-electron complex. This complex allows reversible binding of H₂ and substrate, enabling the polarization transfer mechanism.

5.  **Temperature Control (273 K):** This temperature is chosen specifically to **stabilize the Ir(III) dihydride complex**. At higher temperatures (e.g., room temperature or above), the dihydride can decompose (e.g., via reductive elimination or irreversible ligand scrambling). 273 K is cold enough to slow down decomposition pathways but warm enough to allow the necessary ligand exchange kinetics to form the active species.

**In Summary:** The H₂ atmosphere activates the Ir(I) precursor to form a reactive Ir(III) dihydride. The excess pyridine-d₅ solvent provides strong competing ligands that thermodynamically favor the displacement of the labile COD ligand. The specific temperature (273 K) kinetically traps the desired Ir(III) dihydride-pyridine complex, forming the catalytically active species essential for SABRE hyperpolarization. The ligand exchange is thus a necessary step to generate the complex capable of efficiently transferring polarization from para-H₂ to the target substrate (pyridine itself, in this case).","Ligand exchange occurs because the Ir-N bond lengths (2.068(3), 2.072(3), and 2.152(3) Å) and the fall in ortho proton site resonance intensities (δ 9.40 > δ 9.48 ≫ δ 9.33) indicate that the pyridyl ligands in Complex 4 can be selectively and slowly exchanged with pyridine-d5, as confirmed by NMR observations.",0.28766055770773463,0.9351714659150384,0.0,0.0,0.0
195,Can non-aromatic small molecules exhibit photo-CIDNP enhancement in benchtop NMR spectroscopy?,[],"['Photo-CIDNP research initially focused on aromatic amino acids and their derivatives, but recent work demonstrated observable enhancement for a broader range of small molecules with aromatic features. Screening showed 340 out of 606 small molecules produced a photo-CIDNP response, indicating a larger potential scope than previously thought.']","Yes, **non-aromatic small molecules can exhibit photo-CIDNP enhancement in benchtop NMR spectroscopy**, although the effect is generally less common and often weaker than in aromatic systems. Here's a breakdown of the key points:

1.  **Photo-CIDNP Mechanism is Not Exclusively Aromatic:** The core mechanism relies on the **Radical Pair Mechanism (RPM)**. This occurs when:
    *   A photosensitizer (e.g., flavin, dye) is excited by light.
    *   The excited sensitizer undergoes electron transfer (oxidation/reduction) with a substrate molecule, generating a radical pair (RP).
    *   The RP undergoes spin-selective recombination or escape, leading to non-Boltzmann nuclear spin polarization in the *products* of the reaction (which can be the original substrate or a photoproduct).
    *   This polarization manifests as significant NMR signal enhancement (emission or enhanced absorption).

2.  **Non-Aromatic Substrates Can Participate:**
    *   **Carbonyl Compounds:** Aliphatic ketones and aldehydes are classic examples. They can be reduced by photoexcited flavins (or other reductants) to form ketyl radicals (`R2C-*O-`), which are key participants in the RPM. Nuclei near the radical center (e.g., α-protons) show strong CIDNP effects.
    *   **Amines:** Aliphatic amines can act as electron donors to photoexcited dyes (e.g., xanthone, flavins), generating amine radical cations (`R3N*+`), which also participate effectively in RPM.
    *   **Thiols/Disulfides:** Can undergo electron transfer, generating thiyl radicals (`RS*`), leading to CIDNP.
    *   **Other Systems:** Molecules containing heteroatoms (O, N, S) or unsaturated bonds (alkenes, alkynes) that can form stable radicals upon electron transfer are potential candidates. Even simple alkanes can show effects if they form radicals, though the hyperfine coupling constants (which drive the RPM) are often smaller than in aromatic systems.

3.  **Benchtop NMR Compatibility:**
    *   Photo-CIDNP is ideally suited for benchtop NMR (typically 60-100 MHz for ¹H) because:
        *   The signal enhancement (often factors of 10³ - 10⁵) dramatically overcomes the inherent lower sensitivity of low-field instruments.
        *   The experiment requires simple modifications: a light source (LED or laser) directed into the NMR tube within the magnet bore.
        *   Time-resolved detection (pulsing the light synchronized with the NMR pulse sequence) is straightforward.

4.  **Challenges with Non-Aromatics:**
    *   **Radical Stability:** Non-aromatic radicals (e.g., alkyl radicals) are often less stable than aromatic radicals (e.g., semiquinones), potentially leading to faster decay and less efficient polarization build-up.
    *   **Hyperfine Coupling Constants (HFCCs):** The magnitude of the CIDNP effect depends strongly on the HFCCs between the unpaired electron and the nucleus in the radical. Aromatic systems often have larger, well-defined HFCCs. Aliphatic systems can have smaller or more complex HFCCs, potentially leading to weaker or broader CIDNP signals.
    *   **Reaction Pathways:** The specific electron transfer pathway and the stability of the resulting radical pair influence the efficiency. Not all non-aromatic molecules participate efficiently with common photosensitizers.
    *   **Signal Overlap:** In complex mixtures, CIDNP signals from non-aromatics might overlap more readily with background signals compared to distinct aromatic resonances.

**In Summary:**

While aromatic molecules (especially amino acids like Trp/Tyr/His in proteins or quinones) are the most studied and often show the strongest effects, **photo-CIDNP is fundamentally a property of radical pairs generated by photo-induced electron transfer.** Therefore, **non-aromatic small molecules like ketones, aldehydes, amines, and thiols can absolutely exhibit significant photo-CIDNP enhancement.** This makes the technique highly valuable for studying reaction mechanisms, detecting specific functional groups, and boosting sensitivity for these molecules even on low-field benchtop NMR spectrometers. The key is choosing a suitable photosensitizer and reaction conditions where the molecule forms a radical capable of participating efficiently in the RPM.","Recent research suggests that non-aromatic small molecules may also exhibit photo-CIDNP enhancement, as the scope of active molecules has expanded beyond aromatic amino acids to include a broader range of small molecules with aromatic functionality.",0.264890084370518,1.0000000000000002,0.0,0.0,0.0
196,Why is the Pd1/ND@G catalyst efficient in geometric isomerization of the C=C double bond?,[],"['It is thus reasonable to assume that hydrogenation over Pd clusters/nanoparticles proceeds via syn- addition of p-H2 to the C-C triple bond followed by a complete randomization of positions 2a and 2b via efficient cis- trans rearrangement of the C-C double bond in propene. The relative intensities of the signals 2a and 2b in the spectrum of Figure 3 (red trace) thus should be taken as those corresponding to an approximately equal number of polarized H atoms in positions 2a and 2b, with their unequal intensities brought about by the factors explained above. Indeed, similar patterns were reported in the literature for hydrogenations over Pd- based supported metal catalysts.26,32 It then follows that the behavior of Pd1/ND@G and Pdn/ND@G catalysts is very similar in this respect, i.e., that the Pd1/ND@G catalyst is also rather efficient in geometric isomerization of the C-C double bond.']","The **Pd1/ND@G** catalyst (single-atom Pd on nanodiamond@graphene support) exhibits exceptional efficiency in geometric (*cis-trans*) isomerization of C=C bonds due to a synergistic combination of factors:

1.  **Single-Atom Pd Sites (Pd1):**
    *   **Isolated Active Sites:** Pd atoms are atomically dispersed, preventing Pd-Pd ensembles that typically promote full hydrogenation (saturation) of alkenes.
    *   **High Intrinsic Activity:** Single Pd atoms possess unique electronic properties and high unsaturated coordination, making them highly active for activating reactants like H₂ and the C=C bond.
    *   **Selectivity Control:** The isolated nature forces the reaction pathway towards reversible H-addition/abstraction (required for isomerization) rather than sequential irreversible H-addition (leading to alkane saturation).

2.  **Nanodiamond@Graphene Support (ND@G):**
    *   **Defect-Rich Interface:** The interface between nanodiamond (ND) and graphene (G) is rich in defects, edges, and functional groups (like carboxylates on ND). These defects act as anchoring sites for Pd atoms, preventing aggregation into nanoparticles.
    *   **Electronic Modification:** The interaction between Pd and the carbon support (especially the sp³/sp² hybrid structure at the ND/G interface) modulates the electronic state of the Pd atom. This optimized electronic state enhances the Pd's ability to:
        *   **Heterolytically Cleave H₂:** Pd sites efficiently split H₂ into H⁺ and H⁻ (or Pd-H and a surface hydride). This heterolytic cleavage is crucial for the isomerization mechanism.
        *   **Bind/Allylic Activation:** The Pd sites can effectively bind the alkene and facilitate allylic activation, lowering the barrier for hydrogen addition/abstraction.
    *   **Stability:** The strong covalent anchoring stabilizes the single Pd atoms under reaction conditions.
    *   **Conductivity:** Graphene provides excellent electrical conductivity, facilitating electron transfer during the catalytic cycle.

3.  **Synergistic Mechanism for Efficient Isomerization:**
    The dominant mechanism for metal-catalyzed *cis-trans* isomerization involves a **metal hydride**:
    1.  **H₂ Activation:** The Pd1 site heterolytically cleaves H₂, forming a surface Pd-H species (and a proton on the support).
    2.  **Hydride Addition:** The Pd-H adds across the C=C bond, forming a **half-hydrogenated state** (alkyl radical bound to Pd).
    3.  **Rotational Freedom:** In this half-hydrogenated state, the C-C bond has significant rotational freedom.
    4.  **Hydride Abstraction:** The Pd site abstracts the H atom back, reforming the C=C bond. Crucially, this abstraction can occur *before* the second H atom from H₂ adds, allowing the alkene to re-form in either the *cis* or *trans* configuration.

    **Why Pd1/ND@G excels:**
    *   The isolated Pd1 sites favor the reversible H-addition/abstraction steps (steps 2 & 4) over irreversible second H-addition.
    *   The optimized electronic state (due to ND@G support) makes both H₂ activation (step 1) and the hydride addition/abstraction steps (steps 2 & 4) highly efficient.
    *   The defect-rich support likely provides sites (like oxygen functionalities on ND) that stabilize the proton formed during H₂ cleavage, facilitating the heterolytic process.
    *   The stability ensures the catalyst maintains its high density of active single-atom sites.

**In essence:** The Pd1/ND@G catalyst provides highly active, electronically optimized, and *isolated* Pd sites strongly anchored to a support that facilitates heterolytic H₂ cleavage. This combination enables extremely efficient and selective reversible hydride addition/abstraction, the core steps of geometric isomerization, while minimizing undesired over-hydrogenation. The unique ND@G interface is key to stabilizing the single atoms and modulating their electronic properties for this specific reaction.","The Pd1/ND@G catalyst is efficient in geometric isomerization of the C=C double bond because it behaves similarly to Pdn/ND@G catalysts, which are known to facilitate complete randomization of positions 2a and 2b via efficient cis-trans rearrangement, as supported by literature reports and the relative intensities of signals 2a and 2b in the spectrum.",0.20240308023943765,0.9567418717757795,0.0,0.0,0.0
197,What does the frequency $\omega_{\mathrm{csa}}^{i}(\mathbb{X}) = - \gamma B_{0}\delta_{\mathrm{csa}}^{i}(\mathbb{X})$ in rad $\mathbf{s}^{- 1}$ represent?,[],['The frequency $\\omega_{\\mathrm{csa}}^{i}(\\mathbb{X}) = - \\gamma B_{0}\\delta_{\\mathrm{csa}}^{i}(\\mathbb{X})$ represents the chemical shift anisotropy parameter in rad $\\mathbf{s}^{- 1}$.'],"The frequency $\omega_{\mathrm{csa}}^{i}(\mathbb{X}) = - \gamma B_{0}\delta_{\mathrm{csa}}^{i}(\mathbb{X})$ represents the **Chemical Shift Anisotropy (CSA) frequency contribution** for nucleus $i$ in species $\mathbb{X}$ in an NMR experiment. Here's what each term signifies:

1.  **$\gamma$**: The gyromagnetic ratio of the observed nucleus $i$ (rad·T⁻¹·s⁻¹). This is a fundamental property of the nucleus.
2.  **$B_0$**: The strength of the static external magnetic field (Tesla, T).
3.  **$\delta_{\mathrm{csa}}^{i}(\mathbb{X})$**: The component of the **CSA tensor** for nucleus $i$ in species $\mathbb{X}$ projected along the direction of $B_0$. It is dimensionless but represents the orientation-dependent part of the chemical shift caused by anisotropy.
4.  **The Negative Sign ($-$)**: Arises from the definition of the shielding tensor $\sigma$. The resonance frequency is proportional to $-\sigma B_0$. Since $\delta_{csa}$ is defined relative to the isotropic shift $\delta_{iso}$, the expression incorporates this sign convention.

**Physical Meaning:**
*   $\omega_{\mathrm{csa}}^{i}(\mathbb{X})$ is the **angular frequency offset** (in rad·s⁻¹) experienced by nucleus $i$ due *specifically* to the anisotropic part of its electronic shielding (the CSA).
*   It represents how much the resonance frequency of nucleus $i$ deviates from its isotropic value ($-\gamma B_0 \delta_{iso}^i$) **solely because of the non-spherical (anisotropic) distribution of electrons around the nucleus and the molecule's orientation relative to $B_0$**.
*   In solution-state NMR under rapid tumbling conditions, $\delta_{\mathrm{csa}}^{i}(\mathbb{X})$ is averaged to zero, and $\omega_{\mathrm{csa}}^{i}$ vanishes. However, the *expression* itself defines the instantaneous or orientation-dependent CSA frequency.

**In the context of PHIP:**
Understanding CSA frequencies is crucial in PHIP (and NMR in general) because:
1.  They contribute to the overall chemical shift observed in spectra.
2.  They play a significant role in relaxation mechanisms ($T_1$, $T_2$), especially at high $B_0$.
3.  They influence the evolution of hyperpolarized spin states during pulse sequences or field cycling experiments common in PHIP.

**Key points about $\delta_{\mathrm{csa}}^{i}(\mathbb{X})$:**
*   It depends on the **orientation** of the molecule relative to $B_0$.
*   For a given orientation, it's calculated as $\delta_{\mathrm{csa}}^{i} = \mathbf{n} \cdot \mathbf{\delta}^{i} \cdot \mathbf{n}$, where $\mathbf{\delta}^{i}$ is the traceless CSA tensor of nucleus $i$ (in the molecular frame) and $\mathbf{n}$ is the unit vector along $B_0$ (in the molecular frame).
*   Its value ranges between $-\frac{2}{3}\Delta\delta^i$ and $+\frac{2}{3}\Delta\delta^i$ (or similar bounds depending on asymmetry), where $\Delta\delta^i$ is the anisotropy parameter of the CSA tensor.

**In summary:** $\omega_{\mathrm{csa}}^{i}(\mathbb{X})$ quantifies the angular frequency shift experienced by nucleus $i$ due to the anisotropic magnetic shielding caused by its surrounding electrons, proportional to its gyromagnetic ratio, the applied magnetic field strength, and the orientation-dependent component of its CSA tensor.",The chemical shift anisotropy parameter.,0.21426140895684753,0.8818165585644028,0.0,0.0,0.0
198,Why is the  $\mathrm{^{15}N}$ signal enhancement of $\sim 2000$-fold detected in the methanol:aqueous buffer solution?,[],"['Figure 2b shows the exchange process of imidazole- $\\mathrm{^{15}N_2}$ and para- $\\mathrm{H}_2$ gas on the activated Ir- IMes hexacoordinate complex of the most potent SABRE hyperpolarization catalyst to date.23 As shown in Figure 2, $\\mathrm{^{15}N}$ signal enhancement $\\epsilon_{15N}$ of $\\sim 2000$-fold is detected on each of the two $\\mathrm{^{15}N}$ sites in a methanol:aqueous $(\\mathrm{pH}\\sim 12)$ buffer $(\\sim 1:1)$ solution of $\\sim 0.1$ M substrate utilizing only $50\\%$ para- $\\mathrm{H}_2$ gas and the hyperpolarization setup described previously.26 Temperature and $B_{\\mathrm{T}}^{48}$ of the SABRE- SHEATH procedure were optimized to achieve the largest enhancements under our conditions.']","The observed **~2000-fold $^{15}$N signal enhancement** in a methanol:aqueous buffer solution using para-hydrogen-induced hyperpolarization (typically via **SABRE: Signal Amplification By Reversible Exchange**) arises from a combination of factors optimized in this solvent system:

1.  **Optimal Catalyst-Substrate Complex Formation:**
    *   Methanol acts as a **co-solvent**, enhancing the solubility of both hydrophobic catalyst precursors (e.g., Ir-IMes) and polar/ionic substrates (e.g., pyridine derivatives with $^{15}$N) in the aqueous buffer.
    *   The **aqueous buffer** component controls pH, which is critical. Many relevant substrates (like pyridines, nicotinamide) contain basic nitrogen sites. The buffer ensures these sites remain **deprotonated**, facilitating strong binding to the metal center of the catalyst (e.g., Ir(III) hydride complex) via the $^{15}$N lone pair. This strong binding is essential for efficient polarization transfer.

2.  **Efficient Polarization Transfer Mechanism:**
    *   In SABRE, polarization transfer from *p*-H₂ to the $^{15}$N nucleus occurs through **scalar (J-) coupling** within a transient iridium complex (e.g., [Ir(H)₂(*p*-H₂)(substrate)₃]⁺).
    *   The solvent mixture supports the formation of the specific **triply substrate-bound complex** (e.g., [Ir(H)₂($^{15}$N-substrate)₃]⁺), identified as highly efficient for transferring spin order from the parahydrogen-derived hydrides to the $^{15}$N nuclei of the bound ligands.
    *   The **proximity and strong J-coupling** between the Ir-hydrides (from *p*-H₂) and the directly bound $^{15}$N atom in this complex enable rapid and efficient polarization transfer via the **SABRE-Relay** mechanism or similar pathways.

3.  **Favorable Relaxation Properties:**
    *   The methanol:buffer mixture provides a viscosity that often balances competing factors:
        *   Fast enough molecular tumbling to minimize **dipolar relaxation** losses of the hyperpolarization on the $^{15}$N nucleus *before* detection.
        *   Slow enough tumbling to allow efficient coherent polarization transfer *during* the complex lifetime.
    *   Aqueous solvents generally offer longer hyperpolarization lifetimes ($T_1$) for $^{15}$N compared to pure organic solvents, although methanol helps tune the viscosity optimally.

4.  **Optimal Parahydrogen Exchange Kinetics:**
    *   The solvent composition influences the kinetics of *p*-H₂ exchange into the complex and substrate binding/release. The methanol:buffer mix often provides kinetics suitable for achieving high levels of polarization build-up on the $^{15}$N sites within the bound substrates before dissociation and detection.

**In summary:** The methanol:aqueous buffer solution provides the ideal environment for forming the crucial iridium tri-substrate complex where the $^{15}$N nucleus is strongly bound and J-coupled to the parahydrogen-derived hydrides. It ensures substrate solubility and correct protonation state (via pH control), facilitates efficient polarization transfer within this complex, and offers relaxation properties conducive to preserving the hyperpolarized $^{15}$N signal long enough for detection, resulting in the dramatic ~2000-fold enhancement. This specific solvent mixture has been empirically optimized in numerous SABRE studies targeting heteronuclei like $^{15}$N.","The enhancement is due to the exchange process of imidazole- $\mathrm{^{15}N_2}$ and para- $\mathrm{H}_2$ gas on the activated Ir-IMes hexacoordinate complex, along with the optimized conditions of the SABRE-SHEATH procedure, including temperature and $B_{\mathrm{T}}^{48}$.",0.2603832145179822,0.8483763991857082,0.0,0.0,0.0
199,How do the ortho 1H NMR signal enhancements of substrates A and D compare in the SABRE experiment?,[],"['The four substrates A-D were examined in this way and exhibited 1H SABRE signal enhancements for all their proton resonances. Substrate C yielded the largest ortho 1H NMR signal enhancement of -767-fold, compared to -340-fold (A), -680-fold (D) and -571-fold (B) (Fig. 2a).']","Based on standard SABRE principles, the **ortho 1H NMR signal enhancement of substrate A is likely significantly higher than that of substrate D.**

Here's why this is the most probable outcome and the key factors involved:

1.  **Binding Affinity & Exchange Kinetics:** SABRE hyperpolarization requires the substrate to reversibly bind to the iridium catalyst complex alongside para-hydrogen (p-H₂).
    *   **Substrate A:** Typically represents a substrate with **strong, favorable binding kinetics** to the standard SABRE catalyst (e.g., pyridine, nicotinamide, isonicotinamide). It binds readily and exchanges rapidly within the active complex.
    *   **Substrate D:** Typically represents a substrate with **weaker binding affinity and/or slower exchange kinetics** (e.g., sterically hindered pyridine derivatives, other heterocycles with poor donor atoms, or aliphatic substrates). Its interaction with the catalyst is less efficient.
    *   **Consequence:** Substrate A spends a larger fraction of time bound to the catalyst in the presence of p-H₂ compared to Substrate D. This directly increases its access to the hyperpolarization process.

2.  **Spin Transfer Efficiency:** Efficient transfer of polarization from the nascent p-H₂-derived hydrides to the substrate protons relies on favorable scalar (J) coupling within the transient complex.
    *   **Ortho Protons:** Ortho protons are generally closest to the metal center when the substrate is bound. This proximity often leads to **stronger J-coupling** between the ortho protons and the iridium hydrides compared to meta or para protons.
    *   **Substrate A Effect:** The efficient binding kinetics of Substrate A ensure that the ortho protons are well-positioned and experience sufficient J-coupling for effective polarization transfer during the lifetime of the complex.
    *   **Substrate D Effect:** Due to weaker binding/slower exchange, Substrate D spends less time in the active complex. Furthermore, its binding geometry might be less optimal (e.g., steric hindrance moving ortho protons farther away), leading to **reduced J-coupling efficiency** for the ortho protons compared to Substrate A. Less bound time also means fewer opportunities for polarization transfer.

3.  **Resulting Enhancement:** The combination of **stronger binding affinity/faster exchange kinetics** and **potentially more favorable J-coupling geometry** for Substrate A leads to a much higher degree of hyperpolarization being generated and transferred to its ortho protons compared to Substrate D.

**In summary:** While the exact enhancement factors depend on specific catalyst conditions (field, temperature, concentration, ligand), pH₂ pressure, and substrate structure, the designation of A vs. D strongly suggests that **Substrate A exhibits superior ortho 1H NMR signal enhancement in SABRE due to its more efficient interaction with the catalyst complex, leading to better access to and transfer of para-hydrogen-derived hyperpolarization.** Substrate D's weaker binding/slower exchange inherently limits its enhancement potential.

**To give a definitive numerical comparison, specific experimental data for substrates A and D under identical conditions would be required.** However, based on the typical meaning of these labels in SABRE literature, A >> D for ortho enhancement is the expected result.",Substrate D had a larger ortho 1H NMR signal enhancement (-680-fold) than substrate A (-340-fold).,0.23544953492661613,0.8986558689703735,0.0,0.0,0.0
