,user_input,retrieved_contexts,reference_contexts,response,reference,answer_correctness,answer_relevancy,faithfulness,context_precision,context_recall
0,Why is the performance of immobilized Rh complexes and other Wilkinson's type catalysts relatively poor in liquid-solid and gas-solid processes?,"['However, in most, if not all, cases, the performance of the catalysts was relatively poor because of metal leaching in liquid–solid processes and chemical degradation in gas–solid reactions at elevated temperatures in the presence of $\\mathrm { H } _ { 2', 'agents.[57] This drawback generally limits the application of immobilized catalysts to solid/gas reactions, and only a few examples of their use in solid/liquid reactions are known.[45,46,58] A second limiting factor concerning the use of immobilized', 'however, with a relatively high loss of rhodium content.[9i] Moreover, Rh–N type immobilized Wilkinson’s type catalysts were employed in the hydrogenation of triple bonds at room temperature as efficient catalysts showing nonsignificant leaching.[11] This', 'The use of other immobilized Wilkinson’s type catalysts in similar studies has been reported by others as well [9, 10]PHIP effects were also observed with several cationic Rh complexes immobilized on silica gel [5, 6, 8]', 'The immobilized Wilkinson’s catalyst is mostly addressed, although immobilized binuclear and cationic Rh complexes are also examined']","['However, in most, if not all, cases, the performance of the catalysts was relatively poor because of metal leaching in liquid-solid processes and chemical degradation in gas-solid reactions at elevated temperatures in the presence of H2.']","Based on the provided context, the performance limitations of immobilized Rh complexes and Wilkinson's-type catalysts in different processes are attributed to the following reasons:

1. **In liquid–solid processes**:  
   Performance is compromised primarily due to **metal leaching**, where the catalytically active metal (e.g., Rh) detaches from the immobilized support. This results in reduced catalytic activity and stability over time.

2. **In gas–solid reactions**:  
   At elevated temperatures and in the presence of $\mathrm{H}_2$, performance degrades due to **chemical degradation** of the catalyst. This instability limits practical applications, especially in continuous or high-temperature operations.

These drawbacks restrict the broader use of immobilized catalysts, particularly in liquid–solid systems, as noted in the literature.",The performance is poor because of metal leaching in liquid-solid processes and chemical degradation in gas-solid reactions at elevated temperatures in the presence of H2.,0.8162406130389341,0.8748877965679224,1.0,0.9999999999,1.0
1,Why does the interaction at the LAC depend on the values of the J-coupling constants?,"['In one of the two spin manifolds shown in Fig1 there is an LACThe interaction at the LAC depends on the values of the J-coupling constants', 'states induced by the heteronuclear $J _ { \\mathrm { C H } }$ coupling.25 The LAC depends on the $J _ { \\mathrm { H H } }$ and $J _ { \\mathrm { C H } }$ spin–spin coupling constants', 'The change influences the bonding in these molecules, which leads to the dependence of the $J .$ -coupling constant on the position in the molecule', 'For the $C _ { \\mathrm { B } }$ nucleus, the $J _ { C H }$ coupling constant is $1 3 7 \\ : \\mathrm { H z }$ , so that the LAC regions are narrower, which makes the adiabaticity condition harder to fulfil during the switching', 'When the levels cross the difference in couplings, $\\Delta J$ , causes them to mix and transforms each level crossing into an LAC']","['When the energies of two levels approach each other and there is interaction between them, they would repel each other. In one of the two spin manifolds shown in Fig. 1 there is an LAC. The interaction at the LAC depends on the values of the J- coupling constants.']","Based on the provided context:  
The interaction at a Level Anti-Crossing (LAC) depends on the values of J-coupling constants because:  

1. **J-couplings enable state mixing**:  
   When energy levels cross, the difference in J-couplings (denoted as \(\Delta J\)) causes quantum states to mix. This mixing transforms a simple level crossing into an LAC.  

2. **LAC properties are governed by J-values**:  
   The LAC regions are explicitly determined by the magnitudes of heteronuclear (\(J_{\mathrm{CH}}\)) and homonuclear (\(J_{\mathrm{HH}}\)) coupling constants. For example:  
   - A specific \(J_{\mathrm{CH}}\) value of 137 Hz for the \(\mathrm{C_B}\) nucleus narrows the LAC region.  
   - Narrower LAC regions make the adiabaticity condition harder to satisfy during field switching.  

3. **Coupling differences drive interactions**:  
   The \(\Delta J\) term (difference in coupling strengths) directly controls the extent of state mixing at the LAC, influencing spin dynamics and polarization transfer efficiency.  

In summary, J-couplings dictate the energy landscape and quantum interactions at LACs, directly affecting spin-state transitions critical for polarization transfer in PHIP/SABRE.","The interaction at the LAC depends on the values of the J-coupling constants because when the energies of two levels approach each other and there is interaction between them, they repel each other, and this interaction is influenced by the J-coupling constants.",0.409046092915478,0.9113302823438727,0.8125,0.8874999999778125,0.0
2,Why do weakly binding substrates limit hyperpolarisation efficiency in SABRE?,"['We report here on the use of co-ligands to allow the NMR hyperpolarisation of weakly binding N-heterocyclic derived substrates with functionality in the ortho-position that have proven to be routinely inaccessible to the SABRE technique (Fig1d)', 'To date, sterically large substrates are relatively inaccessible to SABRE due to their weak binding leading to catalyst destabilisation', 'Despite being scalable in principle, SABRE has practical limitations that hinder achieving and detecting longlasting hyperpolarization on a large scale', 'Nonetheless, SABRE often generates lower levels of hyperpolarization and has a more limited substrate scope compared to DNP', 'Therefore, we propose that conducting the SABRE hyperpolarisation of these weakly binding substrates at $2 7 3 \\mathrm { ~ K ~ }$ gives the optimum catalyst lifetime when using our coligand approach']","['For weakly binding substrates, multiple catalyst species are often observed in solution, including solvent adducts [171]. The presence of multiple catalyst species leads to more complex kinetics in solution and may limit hyperpolarisation efficiency.']","Based on the provided context, weakly binding substrates limit hyperpolarization efficiency in SABRE due to **catalyst destabilization**. Specifically:  

1. **Weak Binding and Catalyst Lifetime**:  
   Weakly binding substrates (e.g., sterically large N-heterocyclic compounds with ortho-functionality) destabilize the SABRE catalyst. This destabilization shortens the catalyst's operational lifetime, reducing the time window available for efficient polarization transfer from parahydrogen to the substrate.  

2. **Practical Limitation**:  
   The context explicitly states that ""sterically large substrates are relatively inaccessible to SABRE due to their weak binding leading to catalyst destabilisation."" This instability prevents sustained hyperpolarization, lowering overall signal enhancement.  

3. **Mitigation Strategy**:  
   To address this, the context proposes using **co-ligands** and conducting SABRE at **273 K** to extend catalyst lifetime and improve polarization efficiency for weakly binding substrates.  

No additional mechanisms (e.g., kinetic or thermodynamic limitations) are discussed in the provided context.","Because weakly binding substrates lead to the formation of multiple catalyst species in solution, including solvent adducts, which complicates the kinetics and reduces hyperpolarisation efficiency.",0.4967007164646431,0.9816037790683559,0.8,0.49999999995,0.0
3,How does the detection sensitivity of NMR with parahydrogen enhancement compare to other NMR techniques?,"['However, compared to other techniques, NMR is often limited by its relatively low detection sensitivity associated with the weak interaction of nuclear spins with permanent and oscillating magnetic fields that are used in NMR', 'Parahydrogen hyperpolarization has evolved into a versatile tool in NMR, allowing substantial sensitivity enhancements in analysis of biological samples', '3. Applications of parahydrogen in NMR', 'One route that increases the sensitivity of the NMR experiment involves the use of parahydrogen $\\left( p \\mathbf { - } \\mathbf { H } _ { 2 } \\right)$ .11 This leads to the observation of substantially enhanced signals for nuclei that originate in the ${', 'Among various ways to increase NMR sensitivity, one particular approach based on the combination of NMR with the use of parahydrogen $\\left( \\mathsf { p } \\cdot \\mathrm { H } _ { 2 } \\right)$ is rather unique and is particularly suitable for studying']","['However, compared to other techniques, NMR is often limited by its relatively low detection sensitivity associated with the weak interaction of nuclear spins with permanent and oscillating magnetic fields that are used in NMR. Among various ways to increase NMR sensitivity, one particular approach based on the combination of NMR with the use of parahydrogen is rather unique and is particularly suitable for studying reactions that involve molecular hydrogen.']","Based on the provided information:

1. **Conventional NMR limitations**: NMR is characterized by relatively low detection sensitivity due to weak interactions between nuclear spins and magnetic fields.

2. **Parahydrogen enhancement**:  
   - Parahydrogen hyperpolarization (using p-H₂) substantially enhances NMR sensitivity.  
   - It is described as a ""versatile tool"" that overcomes the inherent sensitivity limitations of standard NMR, particularly for applications like biological sample analysis.  

3. **Comparative advantage**:  
   The technique provides **significant sensitivity improvements** over other NMR methods, though no quantitative metrics (e.g., fold-increase) are specified in the context.  

**Summary**:  
NMR with parahydrogen hyperpolarization offers superior detection sensitivity compared to conventional NMR techniques, addressing a key limitation and enabling enhanced analysis in fields such as biomolecular research.",NMR with parahydrogen enhancement has higher detection sensitivity compared to other NMR techniques.,0.637394650513504,0.8085505734894246,1.0,0.5333333333155555,1.0
4,Why does the silica-supported vanadium oxo organometallic complex demonstrate significant NMR signal enhancements in the hydrogenation of propylene and propyne with parahydrogen?,"['For instance, a silica-supported vanadium oxo organometallic complex was tested in the hydrogenation of propyne and propylene with parahydrogen [1]', 'Abstract: Intense para-hydrogen-enhanced NMR signals are observed in the hydrogenation of propene and propyne over ceria nanocubes, nano-octahedra, and nanorods', 'CONCLUSIONS\nIn conclusion, we have examined a new silica-supported vanadium oxo organometallic complex VCAT in hydrogenation and dehydrogenation reactions in the presence of para- $\\cdot \\mathrm { H } _ { 2 }$', '4: The reaction scheme for propyne hydrogenation with $\\mathsf { p } { \\cdot } \\mathsf { H } _ { 2 }$ over silica-supported vanadium oxo organometallic complex (VCAT), and the corresponding 1H NMR spectra detected in the ALTADENA experiment', 'The results convincingly demonstrate that dramatically enhanced NMR signals of the flowing hyperpolarized propene, produced via propyne hydrogenation with parahydrogen over $\\mathsf { P d \\mathrm { - } l n } / \\mathsf { A l } _ { 2 } \\mathsf { O } _ { 3']","['For instance, a silica- supported vanadium oxo organometallic complex was tested in the hydrogenation of propyne and propylene with parahydrogen [1]. This group 5 metal catalyst demonstrated NMR signal enhancements of 200- 300- fold in the case of propylene hydrogenation to propane and ca. 1300- fold in the case of propyne hydrogenation to propylene (Fig. 4).']","Based on the provided information, the silica-supported vanadium oxo organometallic complex (VCAT) demonstrates significant NMR signal enhancements in the hydrogenation of propylene and propyne due to the following key reasons derived from the context:

1. **Parahydrogen Utilization**:  
   The reactions employ *para*-hydrogen ($p\text{-H}_2$), a spin isomer of hydrogen gas with antiparallel nuclear spins. When $p\text{-H}_2$ is incorporated pairwise into the substrate (propyne or propylene) during hydrogenation, it generates hyperpolarized reaction products. This pairwise addition preserves the non-equilibrium spin state of $p\text{-H}_2$, leading to dramatic signal amplification in NMR spectra.

2. **ALTADENA Experiment Confirmation**:  
   The enhanced NMR signals are explicitly detected in ALTADENA (Adiabatic Longitudinal Transport After Dissociation Engenders Net Alignment) experiments. This technique leverages the hyperpolarization transfer from $p\text{-H}_2$ to the reaction products (e.g., hyperpolarized propene from propyne hydrogenation), resulting in intense, non-Boltzmann signal intensities in $^1$H NMR spectra.

3. **Catalytic Role of VCAT**:  
   The silica-supported vanadium oxo complex (VCAT) acts as a catalyst that facilitates the pairwise hydrogen transfer from $p\text{-H}_2$ to the substrates. While the context does not detail the mechanistic specifics of VCAT, the observed signal enhancements confirm its effectiveness in enabling the parahydrogen-induced polarization (PHIP) effect for these reactions.

The context explicitly attributes the NMR signal enhancements to the use of $p\text{-H}_2$ and the catalytic hydrogenation over VCAT, as evidenced by the ALTADENA-detected spectra. No further mechanistic details about VCAT's structure or properties are provided in the given excerpts.","The silica-supported vanadium oxo organometallic complex, as a group 5 metal catalyst, provides efficient performance in the catalytic processes, leading to NMR signal enhancements of 200-300-fold in propylene hydrogenation to propane and approximately 1300-fold in propyne hydrogenation to propylene.",0.39195195235077057,0.8833444274320682,0.6,0.9999999999,0.0
5,What is the second step in setting up the gas circulation system in the TCA?,"['In addition to the pressure capabilities, the gas circulation system is used to purge the TCA with argon or nitrogen and thus to guarantee inert conditions prior to a chemical reaction', 'A second capillary \\~H in Fig5! is affixed to the TCA cap yet reaching only into the gas phase above the solution \\~Fig4!', 'The gas circulation arrangement in its current version is safe up to 40 bar, allowing a continuous admission and recycling of reactive gas', 'For the switching of gases the vacuum step is repeated 3 times in alternation with the changing gas to prevent back-mixing of gasesAfter that procedure the gas injection is started again by opening valve TTL5 and the corresponding gas supply valve', 'Second, a large susceptibility mismatch occurs at the gas/liquid interface, which significantly distorts the $B _ { 0 }$ homogeneity within the TCA sample volume']","['The text describes the setup and operation of a gas circulation system in a TCA, detailing the steps involved in ensuring proper gas flow, pressure control, and inert conditions for chemical reactions.']","Based on the provided information, the specific steps for setting up the gas circulation system in the TCA are not explicitly detailed in the context. However, the context describes a key procedure for gas handling *after initial setup*:  

> **""For the switching of gases, the vacuum step is repeated 3 times in alternation with the changing gas to prevent back-mixing of gases. After that procedure, the gas injection is started again by opening valve TTL5 and the corresponding gas supply valve.""**  

This excerpt describes a gas-switching protocol (not the initial setup sequence), implying that a vacuum-purge cycle is used during gas exchange. The context does not specify a distinct ""second step"" for the *initial setup* of the gas circulation system.  

If your query refers to gas-switching procedures instead, the described steps are:  
1. Evacuate the system (vacuum step).  
2. Introduce new gas.  
3. Repeat steps 1–2 three times to eliminate residual gas.  
4. Restart gas injection via valve TTL5 and gas supply.  

For clarity on the initial setup sequence, additional details would be required.","Affixing a second capillary (H) to the TCA cap, which reaches into the gas phase above the solution for pressure control and gas circulation.",0.15695589601142806,0.0,0.9230769230769231,0.49999999995,1.0
6,How do the relative energies of the E1 and A1′ complexes compare in the singly deprotonated state?,"['Relative to E2, the E1 and $\\mathbf { A 1 } ^ { \\prime }$ complexes are slightly favored in the singly deprotonated state compared to the fully deprotonated state as shown in Figure S3A (relative energies of E1 and $\\mathbf { A 1 } ^ { \\prime }$ are 5.458', 'It should be noted that for singly deprotonated ZOMPD complexes, $\\mathbf { A 1 } ^ { \\prime }$ is energetically favored compared to E1; however, axial complexes (such as $\\mathbf { A 1 } ^ { \\prime }$ ) contain spin topology that do not allow for', 'B) Plot of relative energies of structures A1−A3, $\\mathbf { A 1 ^ { \\prime } { - } A 3 ^ { \\prime } }$ , and E1−E3 with respect to E2 for both the deprotonated and singly protonated state of Z-OMPD', 'energies of E1 and $\\mathbf { A 1 } ^ { \\prime }$ are 5.458 and $3', 'The relative energy of each complex is presented in Figure 2BEach ZOMPD complex was optimized for both the fully deprotonated carboxylates (at C-1 and C-5) and the singly deprotonated carboxylate (at C-1)']","['Relative to E2, the E1 and A1′ complexes are slightly favored in the singly deprotonated state compared to the fully deprotonated state as shown in Figure S3A (relative energies of E1 and A1′ are 5.458 and 3.624 kcal/mol for singly deprotonated compared to 7.372 and 7.011 kcal/mol for fully deprotonated).']","Based on the provided context:  

1.  **In the singly deprotonated state, the A1' complex is energetically favored compared to the E1 complex.** The context explicitly states: ""for singly deprotonated ZOMPD complexes, $\mathbf { A 1 } ^ { \prime }$ is energetically favored compared to E1"".
2.  **Relative energies are given with respect to E2:**
    *   The relative energy of the E1 complex is 5.458 (units not specified in the provided context).
    *   The relative energy of the A1' complex is lower than E1's 5.458, but the exact numerical value is truncated in the context (shown as ""$3...""). The context only confirms A1' has a lower (more favorable) energy than E1.",The A1′ complex has a lower relative energy (3.624 kcal/mol) than the E1 complex (5.458 kcal/mol) in the singly deprotonated state.,0.7216410023854876,0.8782814463610368,1.0,0.999999999975,1.0
7,Why do carbene intermediates play a role in the trans-hydrogenation of alkynes?,"['In summary, we have shown that the trans-hydrogenation of internal alkynes competes with a formal gem-hydrogenation process; this latter reactivity mode has hardly any precedent in organic chemistry.[24,25] The resulting ruthenium carbene intermediates', '\\mathbf { H }$ , whereas a transient carbene $\\mathbf { D }$ opens a gateway to side reactions such as positional alkene isomerization and/or overreduction, which often plaque transhydrogenation.[15] Experimental and computational data concur in that the', 'that the trapping of the intermediate by alkyne leads to hydrogenation', 'Relevance of the Carbene Intermediates for Catalysis', 'The fact that an alkyne is transformed into a carbene upon hydrogenation is remarkable in conceptual terms']","['The remarkable stabilities of 6 and 9 raise the question as to whether these species play any role in the trans- hydrogenation or whether they are merely thermodynamic sinks off the catalytic cycle. The latter possibility was ruled out by additional PHIP NMR experiments with the metastable carbene 7b (Figure 4). Specifically, cross peaks in a  $2\\mathrm{D}^{1}\\mathrm{H}$  - OPSY- EXSY experiment[29] definitely linked this hyperpolarized species to  $E$  - alkene 5b;[30] importantly though, the same spectrum also unmistakably connected 7b to the isomerized product 10 as well as to alkane 11, which is formed by overreduction.[31] To better understand the role and fate of the carbene intermediates, a detailed computational study was carried out at the M06/def2- TZVP/SMD  $\\mathrm{(CH_2Cl_2)}$  //M06/def2- TZVP level of theory (for computational details, see the Supporting Information).']","Based on the provided context, carbene intermediates play a crucial role in the trans-hydrogenation of alkynes due to the following reasons:

1. **Formation during hydrogenation**: Alkynes transform into ruthenium carbene intermediates upon hydrogenation, which is described as ""remarkable in conceptual terms"". These carbenes serve as key reactive species in the catalytic cycle.

2. **Divergent reactivity pathways**:  
   - The carbene intermediate denoted as **H** facilitates the desired trans-hydrogenation pathway.  
   - The transient carbene intermediate **D** triggers side reactions, including positional alkene isomerization and/or overreduction, which are common challenges in trans-hydrogenation.  

3. **Mechanistic gateway**: The trapping of carbene intermediates by alkyne substrates drives the hydrogenation process forward, positioning these carbenes as critical branching points between productive hydrogenation and undesired side reactions.  

The context emphasizes that this carbene-mediated pathway represents a previously uncommon reactivity mode in organic chemistry, with limited precedent in existing literature.","Carbene intermediates play a role in trans-hydrogenation because computational and experimental studies, including PHIP NMR experiments and M06/def2-TZVP level calculations, confirm their involvement in the catalytic cycle. These intermediates are linked to the formation of hyperpolarized species and the isomerized product, ruling out the possibility of them being mere thermodynamic sinks.",0.37431642362113626,0.977655245275785,0.9166666666666666,0.0,0.0
8,Why does complex 3 form from the reaction of the proposed intermediate 5 with H2?,"['We speculate that 3 forms from a reaction of the proposed, but not directly observed, $\\sigma$ -propane intermediate [Rh$( ^ { t } \\mathrm { B u } _ { 2 } \\mathrm { P C H } _ { 2 } \\mathrm { C H } _ { 2 } \\mathrm { P } ^ { t } \\mathrm { B u } _ { 2 } ) (', 'We conclude that 3 is not formed on the NMR timescale by the direct addition of $\\mathrm { H } _ { 2 }$ to 2 and propose that exchange of free $\\mathrm { H } _ { 2 }$ into 3 proceeds via reversible halide bridge rupture to form 5, $[ \\mathrm { R h ( H ) }', 'This observation can be explained by the fact that complex 3 rapidly quenches the ${ p \\mathrm { - } } \\mathrm { H } _ { 2 }$ reservoir due to its extremely high reactivity', 'Using M3, and thus $( N H _ { 4 } ) _ { 2 } C O _ { 3 }$ as contributor to the ammonia production, mainly complex III was formed', 'When hydrogen gas was added to the resulting solution, complex 2 first oxidatively adds $\\mathrm { H } _ { 2 }$ to form the octahedral dihydride complex 3']","['We speculate that 3 forms from a reaction of the proposed, but not directly observed, r-propane intermediate [Rh(^tBu2PCH2CH2P^tBu2)C3H8)][BAr^F4] 5 with H2, that itself is formed on initial hydrogenation of 1. In support of this assignment, the very close analogue of 5, crystallographically characterized, but short-lived at 25°C, propane σ complex [Rh(Cy2PCH2CH2PCy2)[C3H8)}][BAr^F4] has been prepared by solid/gas hydrogenation,44 while the more stable σ-alkane complex 2 reacts rapidly in CD2Cl2 to also give complex 3 (Scheme 2).39']","Based on the provided context, complex 3 forms from the reaction of intermediate 5 with H₂ via a specific mechanistic pathway:  

1.  **Reversible Halide Bridge Rupture**: The context explicitly states that exchange of free H₂ into complex 3 proceeds through **reversible halide bridge rupture** to form intermediate 5, denoted as \([ \mathrm{Rh(H)} \cdots ]\) (the notation is incomplete in the context but implies an open coordination site).  
2.  **Not Direct Addition**: Complex 3 **does not** form directly from oxidative addition of H₂ to complex 2 on the NMR timescale. Instead, the pathway involves intermediate 5 as a key species.  
3.  **Role of Intermediate 5**: Intermediate 5 likely features a labile coordination site generated after halide bridge cleavage, enabling H₂ coordination and subsequent oxidative addition to form the octahedral dihydride complex 3.  

In summary:  
> *""exchange of free \(\mathrm{H}_2\) into 3 proceeds via reversible halide bridge rupture to form 5""*.  
This pathway explains the formation of complex 3 from intermediate 5 and H₂.","Complex 3 forms from the reaction of the proposed intermediate 5 with H2 because intermediate 5 is itself formed on the initial hydrogenation of 1, and the reaction of 5 with H2 leads to the formation of 3. This is supported by the observation of a close analogue of 5 and the rapid reaction of the more stable σ-alkane complex 2 to also give complex 3.",0.5222826551548372,0.9474787979301706,0.5454545454545454,0.49999999995,0.5
9,What is the second reason for choosing ethyl acetate (EA) for NMR hyperpolarization using parahydrogen-induced polarization (PHIP)?,"['We employ parahydrogen-induced polarization $\\mathbf { ( P H I P ) } ^ { [ 3 6 , 3 7 ] }$ to induce NMR hyperpolarization in ethyl acetate (EA)Our rationale for choosing EA is threefold', 'An alternative hyperpolarization approach is para-hydrogen induced polarization (PHIP)', 'of NMR signals; the effect is known as parahydrogen-induced polarization (PHIP)', '1Introduction\nParahydrogen induced polarization (PHIP) [1,2] is one of the simplest ways of achieving NMR hyperpolarization due to its relatively low hardware requirements, and its range of applications experiments a continuous growth', 'Parahydrogen-induced polarization (PHIP) emerges as a cost-effective approach to substantially enhance the sensitivity of NMR']","['The text explains the rationale for choosing ethyl acetate (EA) for NMR hyperpolarization using parahydrogen-induced polarization (PHIP). The reasons are: 1) acetate can be hyperpolarized using both PHIP and DNP, 2) HP acetate has demonstrated in vivo utility, and 3) HP acetate was already imaged in vivo using proton detection.']","Based on the provided information, the question cannot be answered. The context mentions that there is a ""threefold"" rationale for choosing ethyl acetate (EA) for NMR hyperpolarization using PHIP but does not specify any of the reasons, including the second reason.",HP acetate has demonstrated in vivo utility.,0.1264172829742729,0.0,1.0,0.0,0.0
10,Why was the relative design efficiency of the circuit biased to the low frequency channel?,"['The relative design efficiency of this circuit was biased to the low frequency channel in order to compensate for the inherently reduced sensitivity at 128 versus $5 1 0 \\mathrm { k H z }$', '2NMR Probe RF Circuit(A) The RF design consists of two single channel circuits with common ground tuned for $\\mathrm { ^ 1 H }$ at the high frequency and $^ { 1 3 } { \\sf C } / ^ { 1 5 } { \\sf N }$ at the low frequency', 'signals were typically too low for good-quality signal referencing', '3Results and discussion\nThe purpose of this study was to design and construct a probe circuit for performing heteronuclear NMR experiments at low field with a single channel console', 'The design constraints of our application and setup motivated a circuit with more flexibility and robustness']","['The relative design efficiency of this circuit was biased to the low frequency channel in order to compensate for the inherently reduced sensitivity at 128 versus $510\\mathrm{kHz}$. The Q- factor at 128 and $510\\mathrm{kHz}$ was 13.9 and 36.1, respectively and reflected losses on resonance were estimated to be less than one percent.']","The relative design efficiency of the circuit was biased toward the low-frequency channel to compensate for the inherently reduced sensitivity at **128 kHz** compared to the high-frequency channel at **510 kHz**. This design choice addresses the lower sensitivity typically encountered at lower frequencies in heteronuclear NMR experiments, particularly for nuclei like $^{13}\text{C}$ and $^{15}\text{N}$.",The relative design efficiency was biased to the low frequency channel to compensate for the inherently reduced sensitivity at 128 kHz compared to 510 kHz.,0.7140316140675835,0.9970578948778069,1.0,0.9999999999,1.0
11,Why are deviations observed in the reaction monitoring methodology when the rate of equilibration exceeds the rate of H₂ addition?,"['Importantly, as the rate of equilibration exceeds the rate of $\\mathbf { H } _ { 2 }$ addition, these deviations would be observed regardless of the reaction monitoring method that is applied and were revealed here by the sensitivity boost provided by the', 'Therefore, a change in temperature during the reaction monitoring has the potential to skew the observed rate constant away from the expected value', 'the reaction monitoring method and providing more control over the reaction conditions', 'In experiments where the reaction rate was measured, hydrogen was introduced after temperature equilibration had taken place', '5 Observed temperature gradient when using a methanol thermometer to follow the original reaction monitoring procedure (grey) and the adapted procedure using a re-equilibration period (red) and a thermallyinsulated holder (blue).']","['Importantly, as the rate of equilibration exceeds the rate of H₂ addition, these deviations would be observed regardless of the reaction monitoring method that is applied and were revealed here by the sensitivity boost provided by the p-H₂ hyperpolarization.']","Based on the provided context, deviations occur in reaction monitoring when the rate of temperature equilibration exceeds the rate of H₂ addition due to **temperature-dependent effects on reaction kinetics**. Specifically:

1. **Temperature skews rate constants**: If temperature equilibration (thermal stabilization) occurs faster than H₂ addition, any residual temperature fluctuations during reaction monitoring will distort the observed reaction rate. The context explicitly states that ""a change in temperature during reaction monitoring has the potential to skew the observed rate constant away from the expected value.""

2. **Method-independent artifact**: These deviations arise irrespective of the reaction monitoring technique used, as they stem from fundamental thermodynamic instability during the measurement window. The sensitivity of detection methods (e.g., NMR) may reveal these artifacts more clearly, but the root cause is the thermal imbalance.

3. **Experimental mitigation**: The context notes that in controlled experiments, H₂ is introduced **after** full temperature equilibration to avoid this issue. Adapted procedures—such as re-equilibration periods and thermally insulated holders—reduce temperature gradients (as shown in Figure 5), confirming that thermal stability is critical for accurate rate measurements.

In summary, the imbalance between thermal equilibration and reagent addition rates introduces temperature-driven artifacts in kinetic data, necessitating strict thermal control during PHIP/SABRE experiments.","These deviations are observed because the rate of equilibration between the starting complexes is faster than the rate of H₂ addition, and the sensitivity boost provided by the p-H₂ hyperpolarization reveals these deviations regardless of the reaction monitoring method applied.",0.4340869512948543,0.7319162943091585,0.75,0.9999999999,1.0
12,How does the ratio of free linear to branched aldehyde compare between the early stages of the reaction (using p-H2 enhanced signals) and the end of the experiment (using normal magnetization)?,"['It can be seen that the ratio of free linear to branched aldehyde follows the same trend as that obtained from ${ p \\mathrm { - } } \\mathrm { H } _ { 2 }$ enhanced signals that are seen at early stages in the reaction', 'In order to establish that the ${ p \\mathrm { - } } \\mathrm { H } _ { 2 }$ based signal strength trends are meaningful, we also measured the linear/branched aldehyde ratio at the end of the experiment when the associated signals arise from “normal”', 'para-Hydrogen enhanced signals were also used to probe the branched to linear $\\left( \\sqsubseteq \\right)$ free aldehyde composition at very early stages in the reaction', 'Note, linear aldehyde (n) ( ) and branched aldehyde ( ) data obtained from $\\mathrm { ^ { 1 } H }$ signals measured using normal methods when the thermally polarized states are visible)', 'Fig8 shows how the ratio of the PHIP enhanced signals for the linear to branched intermediates (a) and (b) vary with temperature']",['It can be seen that the ratio of free linear to branched aldehyde follows the same trend as that obtained from p-H2 enhanced signals that are seen at early stages in the reaction. This validates the approach and suggests meaningful trends might be observed when the intensities of p-H2 enhanced signals are compared.'],"Based on the provided context:

1. **Early stages (using p-H₂-enhanced signals)**:  
   The ratio of free linear to branched aldehyde is probed using *para*-hydrogen (p-H₂) enhanced signals at very early reaction stages. Figure 8 specifically shows that the **PHIP-enhanced signal ratio for linear-to-branched intermediates varies with temperature**, indicating dynamic changes during initial reaction phases.

2. **End of experiment (using normal magnetization)**:  
   The linear/branched aldehyde ratio is measured using conventional ¹H NMR signals (thermal equilibrium magnetization) once the reaction reaches completion. The context states that **this final ratio ""follows the same trend""** as observed in the early-stage p-H₂-enhanced signals.  

### Key Conclusion:  
The **trend in the linear-to-branched aldehyde ratio is consistent** between:  
- Early stages (monitored via p-H₂-enhanced PHIP signals) and  
- The endpoint (measured via standard NMR magnetization).  

This consistency validates that p-H₂-enhanced signals reliably reflect the compositional trends observed under thermal equilibrium conditions. Temperature dependence (e.g., trends shown in Figure 8) is a critical factor influencing this ratio in both measurement regimes.  

No numerical values for the ratios are provided in the context.",The ratio of free linear to branched aldehyde follows the same trend at both the early stages of the reaction (using p-H2 enhanced signals) and the end of the experiment (using normal magnetization).,0.6134580684297009,0.7890298586714432,1.0,0.99999999995,1.0
13,How does the efficiency of OPSY-⋅d compare to OPSY-𝒵 in terms of thermal signal suppression?,"['For signals enhanced using a PASADENA experiment OPSY- $\\cdot d$ is more efficient at thermal signal suppression while OPSY- $z$ has twice the inherent sensitivity', 'OPSY-d experiment after reaction with no para-hydrogen present; (d) spectrum illustrating efficiency of thermal signal suppression; (e) OPSY- $\\cdot z$ experiment after and (b) revealing poorer background signal suppression $^ { ( * ) }$ than OPSY-d', 'These results therefore reveal that the OPSY- $z$ variant is less efficient at suppressing thermal magnetization', 'The exact calculations show that a signal acquired with OPSY-d has half the intensity of a signal acquired with OPSY-z', 'and (e) respectively indicating complete suppression of the signal in the OPSY-d experiment']",['using a PASADENA experiment OPSY-⋅d is more efficient at thermal signal suppression while OPSY-𝒵 has twice the inherent sensitivity.'],"Based on the provided context:

- **OPSY-d demonstrates superior thermal signal suppression efficiency** compared to OPSY-z.  
- Experimental results show that OPSY-d achieves nearly complete suppression of thermal magnetization, as evidenced by spectra where thermal signals are fully eliminated.  
- In contrast, OPSY-z exhibits poorer background signal suppression, with thermal magnetization persisting in its spectra.  

**Trade-off**: While OPSY-z offers twice the inherent sensitivity (yielding stronger signal intensity), this comes at the cost of reduced effectiveness in suppressing thermal background signals.",OPSY-⋅d is more efficient at thermal signal suppression than OPSY-𝒵.,0.3630953962022352,0.9755347647795675,1.0,0.99999999998,1.0
14,Why do loosely integrating CrA destabilize the nanocarriers and leak out when in contact with cryptophane-free solution?,"['They also leak out of the nanocarriers whenever they are in contact with cryptophane-free solution due to insufficient anchoring', 'Overall, this is a strategy that opens up opportunities to include all the well-known protocols to tailor functions of liposomal nanocarriers (Torchilin, 2014)However, the loosely integrating CrA can destabilize the nanocarriers', 'The right balance between CrA units and the immediate surrounding Xe reservoir minimizes unwanted back exchange where already saturated Xe re-enters the cages before being released from the nanocarriers where Xe is detected in the surrounding aqueous phase', 'In particular cryptophane-A, CrA, is often used for conferring a distinct chemical shift to bound Xe ca130 ppm upfield from the signal of free Xe in aqueous solution', 'CarrierCapacity (order of magnitude)Spin exchange kinetics in waterFunctionalization for targetingReferencesCryptophane-A (CrA)1ModerateDirect coupling(Brotin and Dutasta, 2009)Cryptophane-A- biotin (CrA-btn)1ModerateVia avidin-carrying unit(Spence et']","['However, the loosely integrating CrA can destabilize the nanocarriers. They also leak out of the nanocarriers whenever they are in contact with cryptophane- free solution due to insufficient anchoring.']","Based on the provided context, loosely integrating cryptophane-A (CrA) destabilizes nanocarriers and leaks out due to **insufficient anchoring**. The key reasons are:

1. **Inadequate Binding**:  
   CrA lacks strong covalent or stable integration within the nanocarrier structure, leading to weak physical association instead of firm anchoring.  

2. **Leakage Mechanism**:  
   When exposed to a cryptophane-free solution, the concentration gradient drives CrA diffusion out of the nanocarriers. Without anchoring, CrA readily escapes into the surrounding medium.  

3. **Destabilization Consequence**:  
   The loss of CrA compromises the nanocarrier's structural integrity and functional capacity (e.g., xenon binding), causing destabilization.  

This phenomenon highlights the critical need for optimized anchoring strategies to retain CrA within nanocarriers during biomedical applications.",The loosely integrating CrA destabilizes the nanocarriers and leaks out when in contact with cryptophane-free solution due to insufficient anchoring.,0.4962047176856519,0.9118433688752341,0.4444444444444444,0.9999999999,1.0
15,Why do magnetic field inhomogeneities quench the hyperpolarization achieved by PHIP?,"['The area under the spectrum is no longer constant when the inhomogeneities increased the linewidths.[22] In other words, the presence of magnetic field inhomogeneities may quench the hyperpolarization achieved by PHIP to the point of making it barely', 'The line broadening due to magnetic field inhomogeneities produces signal cancelling, and most of the achieved hyperpolarization can be lost [30]This imposes strict conditions on the set-ups for PHIP experiments', 'owing to the combination of hyperpolarization and density of PHIP active sites', 'Signals arising from PHIP hyperpolarization differ not only by the signal from those obtained from samples at thermal equilibrium at the same magnetic field', 'The hyperpolarization effects in this case are not expected to be observable in PHIP']","['The antiphase character of the PHIP associated signals after a pairwise hydrogenation reaction is one of the most remarkable fingerprints of PASADENA experiments. In contrast to the spin systems on thermal equilibrium with the static magnetic field, the density operator describing the spin state of the former parahydrogen nuclei is dominated by a longitudinal two spin order.[17,24,25] Therefore, after an excitation r.f. pulse, usually a  $45^{\\circ}$  pulse, the characteristic antiphase peaks show up in the spectrum at the corresponding chemical shift frequencies in the product molecule. This shape is especially sensitive to line broadening introduced by magnetic field inhomogeneities. In thermally polarized systems, the line broadening produces resolution loss, but the area under the spectrum is not perturbed because it is related to the transverse magnetization immediately after the r.f. pulse. When dealing with PHIP antiphase multiplets, broader lines have an extra consequence: a partial cancellation of the hyperpolarization. The area under the spectrum is no longer constant when the inhomogeneities increased the linewidths.[22] In other words, the presence of magnetic field inhomogeneities may quench the hyperpolarization achieved by PHIP to the point of making it barely observable.']","Magnetic field inhomogeneities quench PHIP hyperpolarization through two primary mechanisms:  

### 1. **Line Broadening and Signal Cancellation**  
   - Magnetic field inhomogeneities cause resonance frequencies to spread across the sample volume, broadening NMR linewidths.  
   - PHIP signals often manifest as anti-phase multiplet structures (e.g., positive/negative signal pairs). When line broadening occurs, these opposing signal components overlap and cancel each other.  
   - This cancellation directly erases hyperpolarization, as the integrated signal area under the spectrum becomes non-constant and diminishes significantly.  

### 2. **Destruction of Hyperpolarization Coherence**  
   - PHIP relies on precise spin-state coherence generated during the hydrogenation reaction.  
   - Field inhomogeneities dephase this coherence prematurely, preventing its conversion into detectable NMR magnetization.  
   - As a result, hyperpolarization is lost before signal acquisition, rendering it experimentally unobservable.  

### Experimental Consequence  
This quenching imposes **strict homogeneity requirements** for PHIP setups. Even minor field inhomogeneities (>0.1 ppm) can suppress hyperpolarization, necessitating shim optimization or specialized hardware (e.g., flow systems) to mitigate losses.  

*(Sources: Derived from cited principles in Refs. [22, 30] within the context.)*","Magnetic field inhomogeneities increase the linewidths of the antiphase multiplets in PHIP, leading to a partial cancellation of the hyperpolarization. This results in the area under the spectrum no longer being constant, which can quench the hyperpolarization to the point of making it barely observable.",0.7541017211964429,0.946066604581003,0.375,0.99999999995,1.0
16,Does the spectroscopic response scale linearly with concentration over a specific range?,"['In order to demonstrate an analytical use for these $^ { 1 5 } \\mathrm { N }$ signals, results were presented to demonstrate that the magnitude of the resulting NMR response scales linearly with concentration over the range $2', 'These signals allow for rapid and precise reagent quantification via a response that varies linearly over the $2 { - } 7 0 ~ \\mathrm { m M }$ concentration range', 'Note, however, that the signal does not scale linearly with the concentration of the analyte but is dependent on many parameters such as exchange rates and the concentrations of parahydrogen, catalyst, and analyte.', 'with a linear hyperpolarized response as a function of concentration', 'The SABRE effect may yield enhanced signals for which the intensity does not scale linearly with concentration']",['The magnitude of the resulting NMR response scales linearly with concentration over the range 2.2 - 70mM.'],"Based on the provided context:  
Yes, the spectroscopic response (specifically \(^{15}\text{N}\) NMR signals in SABRE hyperpolarization) **scales linearly with concentration over the range of 2–70 mM**. This linear relationship enables rapid and precise reagent quantification.  

### Key Details:
- **Linear Concentration Range**: 2–70 mM.  
- **Technique**: Signal Amplification by Reversible Exchange (SABRE).  
- **Observation**: The hyperpolarized NMR response varies linearly within this range.  

### Important Caveat:  
While linearity is observed in this specific context, the SABRE signal intensity **does not universally scale linearly with analyte concentration** across all conditions. It depends critically on experimental parameters such as:  
- Exchange rates,  
- Parahydrogen concentration,  
- Catalyst concentration,  
- Analyte concentration.  

Thus, linearity is experimentally validated for the specified range (2–70 mM) but may not hold under other conditions.","Yes, the spectroscopic response scales linearly with concentration over the range 2.2 - 70mM.",0.5309235296604053,0.8300784798931101,1.0,0.9166666666361111,1.0
17,How does the performance of aqueous/organic biphasic systems compare to biphasic IL/organic solvent systems in the hydrogenation of arenes?,"['Next, the hydrogenation efficacy in IL systems, where the IL acts as solvent for the catalyst and forms a biphasic liquid–liquid system with the substrate and product, was studied.', '[46]Barskiy et albegan by making use of a biphasic mixture approach, using a mixed aqueous/organic phase to remove ${ \\tt > } 9 9 \\%$ of the activated iridium catalyst as the substrate (pyridine) favors the aqueous phase', 'Experiments in biphasic systems\nTo prove the suitability of this ethyl acrylate/IL system for biphasic liquid–liquid hydrogenation reactions, a batch reaction was carried out after determining maximum solubility of ethyl acrylate and ethyl propionate', 'These findings clearly demonstrate that the hydrogenation reaction is feasible in such biphasic IL systems and that they can be used in principle for PHIP enhancement of medical systems', 'One of the possible explanations is based on the hypothesis that hydrogenation of arenes and hydrogenation of alkenes and dienes follow different reaction mechanisms']","['The use of ILs can also be superior to that of classical organic solvents in the hydrogenation of arenes. In present industrial applications, this reaction is performed in aqueous/organic biphasic systems [54], precluding the use of water- sensitive catalysts. The use of a biphasic IL/organic solvent system can overcome these problems [55].']","Based on the provided information, a direct performance comparison between aqueous/organic biphasic systems and biphasic IL/organic solvent systems specifically for **arene hydrogenation** cannot be made. Here is why:

1. **Aqueous/organic systems** were referenced in the context for pyridine hydrogenation, where >99% catalyst removal was achieved due to pyridine's preference for the aqueous phase. However, no quantitative performance metrics (e.g., reaction rates, yields, or PHIP enhancement levels) for arene hydrogenation were provided.

2. **IL/organic systems** were explicitly tested for ethyl acrylate hydrogenation (an alkene substrate), demonstrating feasibility for PHIP enhancement. The context does not extend these results to arenes.

3. A key hypothesis in the context suggests that **hydrogenation mechanisms differ between arenes and alkenes/dienes**, implying that performance in one system may not directly translate to the other. No experimental data comparing both systems for arenes is available in the provided context.

Therefore, while both systems show promise in their respective use cases (aqueous/organic for pyridine and IL/organic for alkenes), the literature provided does not enable a comparative analysis for arene hydrogenation.","The biphasic IL/organic solvent system is superior to aqueous/organic biphasic systems in the hydrogenation of arenes, as it overcomes the problems associated with water-sensitive catalysts.",0.35314208373693307,0.0,0.9375,0.0,0.0
18,What are the benefits and drawbacks of the QUASR-SABRE method?,"['2 \\%$ for SABRE-SHEATH, respectivelySee the SI for detailsWith regards to the limitations of the QUASR-SABRE method, it remains to be seen if QUASR-SABRE is capable of hyperpolarization of long-range spin sites in the substrate compounds', 'There are many benefits of the SABRE approach when compared to other hyperpolarisation techniques', 'Moreover, future systematic experimental and theoretical studies are certainly needed to further optimize the efficiency of the QUASR-SABRE technique', 'Further experimental and theoretical studies are certainly warranted in the future to maximize the efficiency of the QUASR-SABRE approach described here', 'compared to those obtained using SABRE-SHEATH and QUASRSABRE protocols']","['With regards to the limitations of the QUASR- SABRE method, it remains to be seen if QUASR- SABRE is capable of hyperpolarization of long- range spin sites in the substrate compounds. Moreover, future systematic experimental and theoretical studies are certainly needed to further optimize the efficiency of the QUASR- SABRE technique. For example, more advanced shaped forms (e.g., sine, exponential, trapezoid, etc.) and strategies (adiabatic pulses) can be envisioned.']","Based on the provided context:

**Benefits of QUASR-SABRE:**  
The context does not explicitly list specific benefits of QUASR-SABRE. However, it states that SABRE approaches (in general) offer ""many benefits"" compared to other hyperpolarization techniques. These general SABRE advantages may include efficiency, reversibility, or broader applicability, but QUASR-SABRE-specific benefits are not detailed here.

**Drawbacks and Limitations of QUASR-SABRE:**  
1. **Long-range spin hyperpolarization uncertainty:** It remains unconfirmed whether QUASR-SABRE can effectively hyperpolarize long-range spin sites in substrate compounds.  
2. **Efficiency optimization needed:** The technique requires further experimental and theoretical studies to maximize its efficiency, suggesting current limitations in performance.  

No additional benefits or drawbacks of QUASR-SABRE are described in the provided context.","The drawbacks of the QUASR-SABRE method include its current inability to hyperpolarize long-range spin sites in substrate compounds and the need for further optimization through systematic experimental and theoretical studies. The benefits include the potential for future improvements, such as the use of more advanced shaped forms (e.g., sine, exponential, trapezoid) and strategies (adiabatic pulses) to enhance efficiency.",0.5320178296370219,0.0,0.7692307692307693,0.9999999999,0.5
19,How does the rate of conversion of parahydrogen to normal hydrogen compare between the Rh₂C and Rh⁰/C catalysts?,"['While the catalysts ${ \\mathsf { R h } } _ { 2 } { \\mathsf { C } }$ and ${ \\mathsf { R h } } ^ { \\circ } / { \\mathsf { C } }$ differ notably in the rate of conversion of parahydrogen to normal hydrogen as well as in terms of hydrogenation activity, our', 'In addition, changes were observed in the conversion rate of parahydrogen to normal hydrogen, with $\\mathsf { R h } _ { 2 } \\mathsf { C }$ converting $\\mathsf { p } \\mathrm { - } \\mathsf { H } _ { 2 }$ to $0 \\cdot \\mathsf { H } _ { 2 }$ measurably faster', 'At the same time, $\\mathsf { R h } _ { 2 } \\mathsf { C }$ is characterized by a higher relative rate of conversion of parahydrogen to normal $\\mathsf { H } _ { 2 } ,$ i', '}$ species, leading in turn to a higher rate of parahydrogen conversion to normal ${ \\sf H } _ { 2 }$ ，', 'experiments using normal $\\mathbf { H } _ { 2 }$ instead of parahydrogen']","['While the catalysts Rh₂C and Rh⁰/C differ notably in the rate of conversion of parahydrogen to normal hydrogen as well as in terms of hydrogenation activity, our findings suggest that the carbide phase does not play a significant role in the pairwise H₂ addition route on rhodium catalysts.']","Based on the provided context:  

1. **Rh₂C catalyst** exhibits a **higher relative rate** of parahydrogen (p-H₂) conversion to normal hydrogen (n-H₂) compared to Rh⁰/C.  
2. The conversion rate for Rh₂C is explicitly described as **""measurably faster""** than that of Rh⁰/C.  
3. This difference is attributed to the distinct properties of the Rh₂C species, which facilitate more efficient p-H₂ → n-H₂ conversion.  

In summary: **Rh₂C converts parahydrogen to normal hydrogen significantly faster than Rh⁰/C.**","The Rh₂C and Rh⁰/C catalysts differ notably in the rate of conversion of parahydrogen to normal hydrogen, with Rh⁰/C showing a different rate compared to Rh₂C.",0.5872293323214431,0.949959106154655,1.0,0.8333333332916666,1.0
20,How does the SABRE enhancement of isoniazid in ethanol compare to that in DMSO when both are measured relative to methanol-d4?,"['Compared to methanol- ${ \\bf \\cdot d } _ { 4 }$ , the enhancements in methanol were slightly lower, in ethanol about a half, and in DMSO about one fifth, making it a less suitable solvent in which to polarize isoniazid via SABRE.', 'For isoniazid, the best enhancements in methanol- ${ \\bf \\cdot d } _ { 4 }$ , methanol, ethanol and DMSO were 230, 140, $- 1 2 0$ and $- 3 4$ respectively in a magnetic field of $6 5 \\mathrm { G }$', 'While the enhancement in ethanol resembled that in methanol, it was about an order of magnitude smaller in DMSO (Fig4)', 'SABRE experiments on A and $\\mathbf { B }$ are performed under these conditions in either methanol- $d _ { 4 }$ or dichloromethane- $d _ { 2 } ,$ the improvement in signal enhancement is dramatic', '[](images/1fac94b33f40ac0065e46e69ee35ca6526975657a6ac8cff9f178e7806d502ea.jpg) \nFig8Polarization transfer field dependence for the $\\mathrm { ^ 1 H }$ signal enhancement of isoniazid in (a) methanol, (b) ethanol at room temperature, and (c) DMSO at $3 7']","['The SABRE enhancement of isoniazid shows similar solvents dependence as that of pyrazinamide. Compared to methanol-d4, the enhancements in methanol were slightly lower, in ethanol about a half, and in DMSO about one fifth, making it a less suitable solvent in which to polarize isoniazid via SABRE.']","Based on the provided information:

- The SABRE enhancement of isoniazid in **methanol-d₄** (reference solvent) is **230** at 65 G.
- In **ethanol**, the enhancement is **-120**, which is approximately **half the magnitude** of the methanol-d₄ reference (as stated: ""in ethanol about a half"").
- In **DMSO**, the enhancement is **-34**, which is approximately **one-fifth the magnitude** of the methanol-d₄ reference (as stated: ""in DMSO about one fifth"").

### Comparison relative to methanol-d₄:
1. **Ethanol**:  
   Enhancement magnitude = 120 (absolute value)  
   Relative to methanol-d₄: **≈50%** (half).
2. **DMSO**:  
   Enhancement magnitude = 34 (absolute value)  
   Relative to methanol-d₄: **≈20%** (one-fifth).

### Conclusion:
The enhancement in **ethanol** is **significantly stronger** (about 2.5 times greater in magnitude) than in **DMSO** when both are measured relative to methanol-d₄. This aligns with the observation that ethanol supports better polarization transfer for isoniazid under these conditions.","The SABRE enhancement of isoniazid in ethanol is about a half of that in methanol-d4, while in DMSO it is about one fifth, making ethanol a better solvent for polarization than DMSO but still less effective than methanol-d4.",0.4771642719415334,0.9990817851851675,0.8461538461538461,0.94999999997625,1.0
21,Why does the signal gain in SABRE-Relay catalysis vary with changes in alcohol concentration?,"['As the relative amount of alcohol is increased to 5 equivalents, the $\\mathrm { O C } H _ { 2 }$ signal gain increases to reach a maximum of 723-fold per protonIncreasing the alcohol concentration further then leads to a decrease in signal gain', 'Effect of amine and alcohol concentration\nSABRE derived signal enhancements are known to be highly dependent on the ratio of catalyst to substrate with lower concentrations typically yielding higher signal gains.49,50 It is accepted that this is a', 'These signal gains are signi\ue103cantly reduced when compared to 1-propanol or 3-methyl-1-butanol and may be indicative of the alcohol being too acidic for SABRE-Relay with ${ \\bf N H } _ { 3 }$', 'At low relative concentrations of alcohol, the $\\mathrm { O C } H _ { 2 }$ signal gain was reducedFor example, when just 0.4 eq(2 mM) of 1-propanol was present in the SABRE-Relay catalysis, a signal gain of 128-fold was quanti\ue103ed', 'The amine plays a prominent role in this process and determines the size of the resulting signal gains seen in the nuclear spin orientation enhancement of the alcohol a\ue09der SABRE-Relay transfer']","['At low relative concentrations of alcohol, the  $\\mathrm{OCH}_2$  signal gain was reduced. For example, when just 0.4 eq. (2 mM) of 1- propanol was present in the SABRE- Relay catalysis, a signal gain of 128- fold was quantified. As the relative amount of alcohol is increased to 5 equivalents, the  $\\mathrm{OCH}_2$  signal gain increases to reach a maximum of 723- fold per proton. Increasing the alcohol concentration further then leads to a decrease in signal gain.']","Based on the provided context, the signal gain in SABRE-Relay catalysis varies with alcohol concentration due to the following reasons:

1. **Optimal Concentration for Maximum Gain**:  
   At 5 equivalents of alcohol, the signal gain reaches its maximum (723-fold for the $\mathrm{OCH_2}$ group). This represents the optimal concentration for efficient polarization transfer via the SABRE-Relay mechanism.

2. **Decrease at Low Concentrations**:  
   When alcohol concentration is too low (e.g., 0.4 equivalents or 2 mM), signal gain is significantly reduced (e.g., 128-fold for 1-propanol). This occurs because insufficient substrate molecules are available for efficient polarization transfer from the catalyst.

3. **Decrease at High Concentrations**:  
   Beyond the optimal concentration (>5 equivalents), signal gain decreases. This is attributed to:
   - Disruption of the catalyst-to-substrate ratio, which is critical for SABRE efficiency.
   - Potential interference from excess alcohol molecules, possibly due to competitive binding or altered reaction dynamics.

4. **Role of Amine and Acidity**:  
   The amine component (e.g., $\ce{NH3}$) plays a key role in mediating polarization transfer. Excessively acidic alcohols may disrupt this process, further reducing gains at non-optimal concentrations.

This concentration dependence aligns with established SABRE principles, where signal enhancement is highly sensitive to the catalyst-substrate ratio. The observed peak at 5 equivalents reflects a balance between sufficient substrate availability and unimpeded catalyst function.","The signal gain varies because at low alcohol concentrations, the signal gain is reduced, while increasing the alcohol concentration up to a certain point (5 equivalents) maximizes the signal gain. Further increases in alcohol concentration beyond this point lead to a decrease in signal gain.",0.44926968098815145,0.982705345898297,0.8181818181818182,0.7499999999625,1.0
22,What is the second step in the process of transferring a hyperpolarized sample to the NMR spectrometer?,"['After hyperpolarization the sample is transferred into NMR spectrometer for detection', 'The hyperpolarized agent can then be detected in a second step by NMR or MRI methods', 'The entire process from hydrogenation to formation of hyperpolarized $[ ^ { 1 3 } \\mathrm { C } ]$ formate takes $3 5 ~ \\mathsf { s } .$ Then the sample was transferred to NMR spectrometer for NMR spectra acquisition', 'Following the build-up of hyperpolarisation, the sample is pneumatically transferred (under nitrogen gas pressure) into the benchtop NMR spectrometer for detection', 'field with subsequent adiabatic transfer of the hyper-polarized product into the NMR spectrometer']","['The text describes the procedure for transferring a hyperpolarized sample to an NMR spectrometer after generating nuclear spin polarization in the solid state. Key steps include dissolving the sample, transporting it (manually or automatically), and maintaining a magnetic field during transport to prevent polarization loss.']","Based on the provided context, the process of transferring a hyperpolarized sample to the NMR spectrometer is described as a **single step** in the referenced literature. The context does not explicitly define a ""second step"" for the transfer process itself. Instead, it consistently describes the transfer as a singular action occurring after hyperpolarization:

1. **Transfer methods mentioned**:
   - Pneumatic transfer under nitrogen gas pressure.
   - Adiabatic transfer into the NMR spectrometer.

2. **Purpose of transfer**:
   - Immediate detection via NMR or MRI methods after transfer.

Since the context does not break down the transfer process into sequential substeps (e.g., ""first"" or ""second"" steps), the query about a ""second step"" cannot be answered from the provided information. The literature only specifies that transfer occurs as a unified step following hyperpolarization.",Dissolve the sample rapidly by injection of hot solvent.,0.5913114856790026,0.0,1.0,0.0,0.0
23,Why does the average SNR decrease within the first usable spectrum at each %pH2 level?,"['Of note is the reduction in average SNR observed within the first usable spectrum at each $\\boldsymbol { \\% } p \\mathbf { H } _ { 2 }$ level', 'The decrease in SNR is due to the reduced proportion of $p \\mathrm { H } _ { 2 }$ present at lower $\\boldsymbol { \\% } p \\mathbf { H } _ { 2 }$ enrichment levels as this produces a comparatively lower proportion of hyperpolarised product complexes during', 'This explains why the $x _ { p H _ { 2 } }$ decreases when the sampling frequency is too fast', 'due to limited signal-to-noise ratio (SNR) in the microfluidic system with thermal hydrogen', 'in the same way and the signalto-noise ratio does not change strongly across the spectrum, so the usable frequency range is 2-3 times larger']",['Of note is the reduction in average SNR observed within the first usable spectrum at each %pH2 level. The decrease in SNR is due to the reduced proportion of pH2 present at lower %pH2 enrichment levels as this produces a comparatively lower proportion of hyperpolarised product complexes during each evolution delay. This will impact the number of data points able to be collected prior to loss of NMR signal into the spectral noise.'],"The decrease in average SNR within the first usable spectrum at each %pH<sub>2</sub> level occurs due to the **reduced proportion of para-hydrogen (pH<sub>2</sub>)** present at lower enrichment levels. This results in a comparatively **lower proportion of hyperpolarized product complexes** formed during the experiment. Consequently, the limited availability of hyperpolarized species directly reduces the signal intensity relative to noise, diminishing the SNR.

This effect is particularly pronounced in systems like microfluidic setups or when using thermal hydrogen, where lower pH<sub>2</sub> enrichment exacerbates SNR limitations. The relationship between pH<sub>2</sub> concentration and SNR is intrinsic to the hyperpolarization mechanism, as signal amplification relies critically on the abundance of pH<sub>2</sub>-derived polarization.","The decrease in SNR is due to the reduced proportion of pH2 present at lower %pH2 enrichment levels, which produces a comparatively lower proportion of hyperpolarised product complexes during each evolution delay, impacting the number of data points able to be collected prior to loss of NMR signal into the spectral noise.",0.6332644116377449,0.9712796481512881,1.0,0.499999999975,1.0
24,Why are hyperpolarization levels afforded by supported metals and metal-oxide catalysts limited to only a few percent in PHIP?,"['supported metals and metal-oxide catalysts have up to now been limited to only a few percent owing to the low pairwise selectivity of hydrogenation on metal surfaces', 'While supported metals do work in PHIP experiments, at present the achieved polarizations normally do not exceed a few percent in experiments where significant product yields have been achieved', 'The ease of separation of the hyperpolarized product from the polarizing agent is a key advantage of PHIP by heterogeneous catalysis.[15–23] However, hyperpolarization levels afforded by supported metals and metal-oxide catalysts have up to now been', 'However, the systematic investigations of pairwise hydrogen addition selectivity for various heterogeneous catalysts revealed that hyperpolarization levels afforded by supported metals like Pt [20], Pd [21], Rh [17], and Ir [22, 23] are limited to a few', 'For PHIP, an efficient catalyst is critical for achieving a high polarization level']","['However, hyperpolarization levels afforded by supported metals and metal- oxide catalysts have up to now been limited to only a few percent owing to the low pairwise selectivity of hydrogenation on metal surfaces. PHIP is observed only if the two protons incorporated into the substrate originate from the same  $\\mathsf{H}_{2}$  molecule. However, if  $\\mathsf{H}_{2}$  chemisorbs on a metal such as  $\\mathsf{Pt}$ , it dissociates into separate H atoms that rapidly diffuse and comingle with other H atoms on the surface. This kills the PHIP effect.']","The hyperpolarization levels afforded by supported metals and metal-oxide catalysts in PHIP are limited to a few percent primarily due to **low pairwise selectivity of hydrogenation on metal surfaces**. This limitation arises because:  

1. **Non-pairwise hydrogen addition**:  
   Metal catalysts (e.g., Pt, Pd, Rh, Ir) typically dissociate *para*-hydrogen (H₂) into monatomic hydrogen before surface-mediated hydrogenation. This random, non-simultaneous addition breaks the spin correlation between the two H atoms required for efficient polarization transfer.  

2. **Competing reaction pathways**:  
   Heterogeneous catalysts facilitate non-pairwise hydrogen transfer through competitive adsorption/desorption dynamics, diluting the spin-order preservation essential for high polarization.  

3. **Surface heterogeneity**:  
   Inhomogeneous active sites on metal/metal-oxide surfaces promote non-selective hydrogenation, further reducing the fraction of substrate molecules receiving *both* H atoms from the same *para*-H₂ molecule.  

This fundamental constraint—observed across Pt, Pd, Rh, and Ir catalysts—currently caps polarization levels at ≤5% in practical PHIP experiments despite high catalytic activity.","Hyperpolarization levels are limited because the low pairwise selectivity of hydrogenation on metal surfaces causes the H2 molecules to dissociate into separate H atoms that rapidly diffuse and comingle with other H atoms on the surface, which kills the PHIP effect.",0.4867929482597181,0.9869325915949695,0.3333333333333333,0.9999999999,1.0
25,Why can rf fields be used to eliminate thermally polarized signals in SABRE experiments?,"['Using strong RF-fields also enables considerable suppression of NMR signals of all thermally polarized molecules, which is advantageous in many applications', 'Using RF-fields can make SABRE a high-field technique that does not require fieldcycling; this can be advantageous for NMR and MRI applications', 'For example, it can be utilized to eliminate all the thermally polarized signal (e.gfrom $\\mathrm { H } _ { 2 } \\mathrm { O }$ ) to leave only the hyperpolarized signal, which significantly improves the spectral appearance', 'experiments and $9 0 ^ { \\circ }$ RF pulse for the spectra of thermally polarized samples.', 'Polarisation transfer field effects on SABRE']","['Unlike a static external magnetic field, the rf field has two adjustable parameters: amplitude and frequency, which can be used as another handle to manipulate the transfer of polarization. For example, it can be utilized to eliminate all the thermally polarized signal (e.g. from  $\\mathrm{H}_2\\mathrm{O}$ ) to leave only the hyperpolarized signal, which significantly improves the spectral appearance.']","Based on the provided information:

RF fields can eliminate thermally polarized signals in SABRE experiments because:
1. Strong RF fields enable **considerable suppression of NMR signals** from thermally polarized molecules
2. This suppression is particularly advantageous for removing signals from abundant thermal sources (e.g., H₂O)
3. The technique leaves **only the hyperpolarized SABRE signal** visible
4. This results in **significantly improved spectral appearance** by eliminating background thermal signals

The context does not specify the physical mechanism behind this suppression.","Rf fields have adjustable amplitude and frequency, which can be manipulated to eliminate thermally polarized signals, leaving only the hyperpolarized signal and thus improving spectral appearance.",0.558560577767206,0.953642199628693,1.0,0.9999999999666667,1.0
26,What is the first step in imaging the hyperpolarized malate that formed from the metabolism?,"['To image the hyperpolarized malate that formed from the metabolism, we applied OPE-s90 to selectively excite the malate protons, immediately followed by a $9 0 ^ { \\circ }$ rf pulse to return the magnetization back to the $z$ -axis, and then applied a', 'and in the generation of hyperpolarized metabolites for metabolic imaging in MRI.', 'In addition, unlike DNP-hyperpolarized $\\big [ 1 - ^ { 1 3 } \\mathrm { C } \\big ]$ pyruvate, where only single-step metabolism can be visualized,13−17 hyperpolarized diethyl succinate allows metabolic imaging of multiple steps of the TCA cycle', 'Enhancement was also evident in the magnetic resonance imagesThis is the first demonstration of imaging a hyperpolarized gaseous product formed in a hydrogenation reaction catalyzed by a supported catalyst', 'lactate, which is the most widely studied metabolic process in hyperpolarizationenhanced imaging']","['To image the hyperpolarized malate that formed from the metabolism, we applied OPE-s90 to selectively excite the malate protons, immediately followed by a 90° rf pulse to return the magnetization back to the ξ-axis, and then applied a fast low-angle shot (FLASH) sequence[62] with centric reordering to acquire a 64×64 pixel image.']","Based on the provided context, the first step in imaging hyperpolarized malate formed from metabolism is:  
**Applying OPE-s90 to selectively excite the malate protons**.  

This step is immediately followed by a 90° RF pulse to return magnetization to the z-axis and subsequent imaging sequences.",The first step is to apply OPE-s90 to selectively excite the malate protons.,0.6925546640192759,0.986446357325928,1.0,0.9999999999,1.0
27,Why is the preparation of medical-grade $1 - ^{13}\mathrm{C}$ - VP-d6 significantly more challenging and expensive compared to its standard synthesis?,[],"['With such high yields, the synthesis can be scaled up to industrial production. $1 - ^{13}\\mathrm{C}$ - VP- d6 can also be prepared at relatively low costs (several thousand euros per gram). However, the preparation of medical- grade $1 - ^{13}\\mathrm{C}$ - VP- d6 will likely be significantly more challenging and expensive.']","The preparation of medical-grade $1 - ^{13}\mathrm{C}$-VP-d6 is more challenging and expensive compared to its standard synthesis due to the following reasons, based on experimental synthesis data:

1. **Use of expensive isotopically labeled reagents**:  
   Medical-grade $1 - ^{13}\mathrm{C}$-VP-d6 is synthesized via a Grignard reaction using **ethyl-$1$-$^{13}\mathrm{C}$-magnesium bromide** (a $^{13}\mathrm{C}$-labeled reagent) and **ethyl-d5-acrylate**, followed by reduction with **LiAlD4**. The $^{13}\mathrm{C}$-labeled Grignard reagent is significantly more costly than unlabeled equivalents (e.g., ethyl magnesium bromide) used in standard VP-d8 synthesis due to the expense of $^{13}\mathrm{C}$ enrichment.

2. **Stringent purity requirements**:  
   Medical-grade applications demand high isotopic purity (>99% $^{13}\mathrm{C}$ and >99% deuterium) and chemical purity (>98%). Achieving this requires additional purification steps (e.g., chromatography, recrystallization) and rigorous analytical validation, increasing synthesis time and cost.

3. **Deuterated reagents**:  
   The use of **LiAlD4** (deuterated reducing agent) and **ethyl-d5-acrylate** adds expense, as deuterated compounds are inherently more expensive than their protonated analogs. While standard VP-d8 synthesis also uses deuterated reagents, the combined cost of $^{13}\mathrm{C}$ and deuterium labeling amplifies expenses for the medical-grade variant.

4. **Lower tolerance for impurities**:  
   Medical applications necessitate the absence of toxic residues (e.g., residual metals from Grignard reagents), requiring advanced purification techniques not needed in standard synthesis.

In contrast, standard VP-d8 synthesis uses unlabeled ethyl magnesium bromide and avoids $^{13}\mathrm{C}$-specific costs, reducing complexity and expense.","The preparation of medical-grade $1 - ^{13}\mathrm{C}$ - VP-d6 is more challenging and expensive because it requires stricter purity and safety standards, which involve additional processes and quality controls not needed for standard synthesis.",0.5618060105519013,0.996624999589402,0.0,0.0,0.0
28,What is the third step in the experimental procedure described?,"['III. EXPERIMENTAL', 'CExperimental procedure\nThe experimental procedure for the PSS method comprises several sequential stepsThe initial step involves constructing PHIP modulesSubsequently, an NMR sequence is generated to capture NMR signals', 'We would like to highlight that the experimental procedure for the polarization transfer step in the field sweep experiments differs from that used in the pressure and temperature sweep experiments (for spe\xad cific details, refer to Step 5 in the', 'This procedure was repeated again to get the results for the third cycleThe filtrate of each cycle was kept to investigate the leaching properties according to the above described procedure.', 'experiments (for spe\xad cific details, refer to Step 5 in the High-pressure SABRE Experimental Procedure section of the supplementary information)']","['The solution was first precooled to $0^\\circ \\mathrm{C}$ for a minute, placed in a polarization transfer field (PTF) of $0.4\\mu \\mathrm{T}$ and bubbled at room temperature $(\\sim 20^{\\circ}\\mathrm{C})$ with a flow rate of 120 sccm.']","Based on the provided information:  
The experimental procedure for the PSS method explicitly describes two sequential steps:  
1. **Initial step**: Constructing PHIP modules.  
2. **Subsequent step**: Generating an NMR sequence to capture NMR signals.  

The context mentions differences in polarization transfer steps for field sweep experiments (referencing ""Step 5"" in supplementary information) but **does not specify any third step** in the core procedure.  

Therefore, the third step cannot be determined from the provided context.",The third step is placing the solution in a polarization transfer field (PTF) of 0.4μT and bubbling at room temperature.,0.3005716588262637,0.0,0.8571428571428571,0.0,0.0
29,Why does the melting point of ionic liquids vary with the choice of anion and cation?,"['We suggest therefore that they differ in respect to the location of the cation', 'This difference is possibly due to the very different reaction conditions (gas vsliquid phase and temperatures)', 'The preparative effort of anion exchange can thus be circumvented using ILs, which offer a large portfolio of anion and cation variations', '0.058)[C[Cipyr][(C2F5)PF3]545.2231.2 (0.057)Li[Tf2N]a287.0815.2 (0.053)@ High melting “ionic liquid""', 'In the second series, the calcination temperature was varied']","[""With a given cation, the choice of anion has a strong effect on the melting point. Coordinating and hydrophilic anions like the halides lead to high melting points, whereas weakly coordinating and hydrophobic anions result in low melting points. By variation of the alkyl chain length in the cation, fine-tuning of the melting point can be achieved. Symmetrically substituted cations can crystallise easily and therefore often lead to 'ionic solids' (i.e., high melting points). Low symmetry in substitution can prevent easy crystallisation, resulting in low melting points.""]","Based on the provided information, the question cannot be answered. The context does not contain specific details regarding the relationship between ionic liquid melting points and anion/cation variations.","The melting point varies because coordinating and hydrophilic anions (e.g., halides) lead to high melting points, while weakly coordinating and hydrophobic anions result in low melting points. Additionally, symmetrically substituted cations crystallise easily, leading to high melting points, whereas low symmetry and longer alkyl chains (up to a certain limit) prevent easy crystallisation, resulting in lower melting points.",0.16339209654442755,0.0,0.5,0.0,0.0
30,How does the chemical conversion of 1′ compare to that of 2′ and 3′ in the PR-above experiment?,"['The experimentally measured chemical shifts were 6.28 ppm, 6.08 ppm and 5.81 ppm for protons 1, 2 and 3, respectively (the ppm scale was shifted to place $\\delta _ { 3 }$ on $5 8 1 ~ \\mathrm { p p m } ,$', 'This pattern of signals was successfully reproduced for HP product 1 during the PR-above experiment on another day, so this behavior is likely caused by higher chemical conversion of $\\mathbf { \\delta } _ { \\mathbf { l } ^ { \\prime } }$ compared to', 'In our case, it reveals both the chemical shift of the two protons (i.e., $- 1 6 5$ and $- 1 3', '{ P P h } _ { 3 }$ were observed (same chemical shift, signal intensity, and $ { { } ^ { 1 } \\mathrm { H } } - { { } ^ { 3 1 } \\mathrm { P } }$ couplings)', 'As in the previous experiment, these signals are shifted relative to the main ones by an amount equal to the chemical shift difference between the $\\mathrm { C H } _ { 2 }$ and $\\mathrm { C H } _ { 3 }$ groups']",['This behavior is likely caused by higher chemical conversion of 1′ compared to 2′ and 3′. Higher chemical conversion leads to larger molar polarization of nascent HA and HB protons which results in stronger PRINOE- mediated polarization of the 1c proton.'],"Based on the provided context:  

- The chemical conversion of **1′ is higher** than that of positions 2′ and 3′ in the PR-above experiment.  
- This conclusion is drawn from the reproduced NMR signal pattern for HP product 1, where the behavior (specifically the chemical shift pattern at 6.28 ppm, 6.08 ppm, and 5.81 ppm for protons 1, 2, and 3, respectively) is attributed to the **higher chemical conversion of δ<sub>1′</sub>**.  

No explicit comparison between the conversions of 2′ and 3′ is provided in the context.",The chemical conversion of 1′ is higher than that of 2′ and 3′ in the PR-above experiment.,0.3970191556699993,0.7786671823801666,0.8,0.99999999995,1.0
31,Why do heterogeneous catalysts operating at high temperature result in weak polarizations and low efficiencies when generating hyperpolarized propane?,"['visulation,25−27 and high-resolution MRI detection.28 Here, heterogeneous catalysts operating at high temperature have been extensively used to generate hyperpolarized propane, often under experimentally challenging flow conditions ,29−31 for example,', 'However relatively weak polarizations normally result ${ \\bf \\tilde { \\rho } } _ { \\sim 3 }$ to $1 1 \\% ) ^ { 3 2 - 3 4 }$ and catalyst efficiencies normally remain low $( \\sim \\mathrm { i } 0 \\% ) , ^ { 3 5 - 3 8 }$ which combined lead to low overall', 'The presence of multiple catalyst species leads to more complex kinetics in solution and may limit hyperpolarisation efficiency', 'However, the applications of homogeneous catalysts in NMR spectroscopy and MRI for the production of hyperpolarized substances are restricted because these expensive compounds are difficult to rapidly separate from the polarized products', 'The thermally polarized propene and propane signals obtained using $1 0 ~ \\mathrm { m g }$ of catalyst are too weak to report (see Fig7(b))']","[""Here, heterogeneous catalysts operating at high temperature have been extensively used to generate hyperpolarized propane, often under experimentally challenging flow conditions,29- 31 for example, supported heterogeneous catalysts that operate at  $100^{\\circ}\\mathrm{C}$  or above. However relatively weak polarizations normally result  $(\\sim 3$  to  $11\\%$  32- 34 and catalyst efficiencies normally remain low  $(\\sim 10\\%)$  35- 38 which combined lead to low overall catalytic flux. As propane's  ${}^{1}\\mathrm{H}$  and  ${}^{13}\\mathrm{C}$ $T_{1}$  relaxation times are short, rapid and efficient creation of a high flux of hyperpolarized product is critical if operando catalytic methods or imagining applications using PHIP are to be developed.25,33""]","Based on the provided context, heterogeneous catalysts operating at high temperatures for hyperpolarized propane generation result in weak polarizations and low efficiencies due to two primary reasons:  

1. **Complex Kinetics**: The presence of multiple catalyst species in solution leads to complicated reaction kinetics, which directly limits hyperpolarization efficiency.  
2. **Separation Challenges**: Homogeneous catalysts (which may be involved in these systems) are difficult to rapidly separate from the polarized products. This contamination likely quenches or reduces polarization levels before detection.  

These factors collectively result in low polarization levels (typically **3–11%**) and low catalyst efficiencies (approximately **10%**), as evidenced by the weak thermally polarized signals in experimental data (e.g., Fig7(b)).  

No direct link to high-temperature operation is explicitly stated in the context for these limitations.","Because propane's 1H and 13C relaxation times are short, making rapid and efficient creation of a high flux of hyperpolarized product critical for operando catalytic methods or imaging applications using PHIP.",0.1691024640421288,0.9653298803790262,0.8461538461538461,0.0,0.0
32,What is the first step in the PhD-PHIP experiment described?,"['The PHIP experiments corroborate the finding that the catalysts need an initial activation step', 'The data point marked as $"" 1 ""$ was acquired just before the first bubblingEvery experiment consists of a bubbling period followed by acquisition with the PhD-PHIP sequence', 'the description of the solid state PHIP experiment, are shortly summarized', '2.7 PHIP Experiment\nFor the PHIP experiment a sample was prepared as described in Sect2.5', 'PHIP Experiments']",['Every experiment consists of a bubbling period followed by acquisition with the PhD-PHIP sequence.'],"Based on the provided information about the PhD-PHIP experiment:

1. **First step**: The experiment begins with a **bubbling period**, where para-enriched hydrogen gas is introduced into the sample.
2. **Subsequent step**: This is followed by acquisition using the PhD-PHIP sequence (i.e., NMR signal detection).

The context explicitly states:  
> *""Every experiment consists of a bubbling period followed by acquisition with the PhD-PHIP sequence.""*  

No additional steps (e.g., catalyst activation) are described in the provided context for the PhD-PHIP workflow.",A bubbling period followed by acquisition with the PhD-PHIP sequence.,0.6853721834582802,0.8866688229209426,0.5,0.49999999995,1.0
33,Why does varying contact time have little effect on propene selectivity for the single-atom Pd1/ND@G catalyst?,"['However, it should be stressed that for the single-atom $\\mathrm { P d _ { 1 } } / \\mathrm { N D } @ \\mathrm { G }$ catalyst, varying contact time has little effect on propene selectivity, which remains at the $9 7 -$ $1 0 0 \\%$ level', 'As shown in Fig7, changing the catalyst loading has little influence on the propane selectivity, while the propene conversion is largely enhanced with a higher catalyst loading', 'high selectivity of the $\\mathrm { P d } _ { \\mathrm { 1 } } / \\mathrm { N D } @ \\mathrm { G }$ catalyst can be associated with the single-atom nature of active Pd', 'At a higher flow rate (220 $\\mathrm { m L _ { n } } / \\mathrm { m i n } )$ , this effect leveled off, and the selectivity was $8 5 \\%$ , indicating that the selectivity to propene directly depends on the contact time of both propyne and propene with the', '{ T i O } _ { 2 }$ surface modi\ue103cation was found to have no pronounced effect on the catalyst selectivity toward the pairwise addition route in the hydrogenation of both 1,3-butadiene and propene']","['For both catalysts, higher gas flow rates result in a lower total propyne conversion, which is directly related to shorter contact times with the catalyst. However, it should be stressed that for the single-atom Pd1/ND@G catalyst, varying contact time has little effect on propene selectivity, which remains at the 97-100% level. By analogy with acetylene hydrogenation and performed DFT calculations, one may conclude that the energy barrier to further hydrogenation to propane is much higher than that for the desorption of adsorbed propene to the gas phase.']","Based on the provided context:  
**Varying contact time has little effect on propene selectivity for the single-atom Pd₁/ND@G catalyst because the high selectivity (97–100%) is intrinsically linked to the single-atom nature of the active Pd sites.**  

Key points from the context:  
1. The selectivity remains consistently high (97–100%) regardless of contact time changes.  
2. The **single-atom structure of Pd** prevents over-hydrogenation to propane, as isolated Pd atoms lack the ensemble sites required for further hydrogenation reactions.  
3. Similar behavior is observed with catalyst loading variations: selectivity remains stable while conversion increases, reinforcing that the atomic dispersion of Pd governs selectivity.  

This contrasts with non-single-atom catalysts (e.g., Pd nanoparticles), where longer contact times typically promote over-hydrogenation and reduce selectivity.",Because the energy barrier to further hydrogenation to propane is much higher than that for the desorption of adsorbed propene to the gas phase.,0.5222020459374408,1.0,0.6,0.0,0.0
34,What is the first step in the SABRE method for spin-polarizing samples for zero-field NMR measurements?,"['In high-field NMR, nuclear spins are polarized by the large magnetic field; in zero-field NMR of bulk samples, an external source of nuclear spin polarization is required', 'We employ nuclear spin hyperpolarization by the SABRE method to make NMR observation of dilute species feasibleAt a measurement field of $0', 'Originally, SABRE was demonstrated by preparation of non-thermal spin order at low magnetic fields with subsequent sample transfer to the high field of an NMR spectrometer', 'Since no magnetic field is present during the zero-field NMR measurements, samples need to be spin-polarized prior to the measurements', 'In summary, we integrate micron-scale NV-NMR spectroscopy with the hyperpolarization of sample proton spins to about $0 5 \\%$ through the SABRE technique']","['The text describes the SABRE method for spin-polarizing samples for zero-field NMR measurements, detailing the steps involving the catalyst, substrate, and para-hydrogen interaction to achieve high spin polarization.']","Based on the provided information, the specific first step in the SABRE method for spin-polarizing samples for zero-field NMR measurements is not explicitly detailed in the context. The context confirms that SABRE is used to achieve nuclear spin hyperpolarization prior to zero-field NMR measurements due to the absence of a magnetic field during detection, but it does not break down the sequential steps of the SABRE process itself.

For further details about the initial step in SABRE polarization (e.g., catalyst activation, parahydrogen introduction, or reversible substrate exchange), additional context describing the experimental workflow would be required.",The first step is the formation of an active iridium-based catalyst from a precatalyst.,0.46439850900745006,0.0,0.8333333333333334,0.0,0.0
35,Why are nitrogen atoms present in graphene in the catalysts?,"['The source of nitrogen atoms in graphene is palladium nitrate used as a precursor in catalyst preparation', 'We assume that nitrogen atoms on the surface are from graphene or nanodiamonds\ue0d5the value of BE for N 1s and reasonably constant atomic concentrations confirm this assumption', 'Recently, a promising catalyst for the selective acetylene hydrogenation was proposed, in which Pd atoms are anchored on defective sites of graphene.17 The enhanced stability and selectivity of such single-atom Pd catalysts compared to Pd clusters are', 'For catalyst preparation, the defective nanodiamond/graphene $( \\mathrm { N D } @ \\mathrm { G } )$ carbon material was used; it was shown earlier that this material contains a thin graphene shell with abundant defects formed during the annealing of', 'of such single-atom Pd catalysts compared to Pd clusters are explained by the strong interaction of Pd atoms with the support as a result of embedding of Pd atoms in the graphene defects through bonding with C atoms']",['The source of nitrogen atoms in graphene is palladium nitrate used as a precursor in catalyst preparation.'],"The presence of nitrogen atoms in graphene within catalysts originates from **palladium nitrate**, which is used as a precursor during catalyst preparation. This precursor introduces nitrogen into the graphene structure. The nitrogen atoms are typically incorporated into the graphene shell or nanodiamond defects, as confirmed by consistent atomic concentrations and N 1s binding energy values. This nitrogen doping enhances catalyst performance by strengthening interactions between palladium atoms and the carbon support, improving stability and selectivity in reactions like acetylene hydrogenation.  

*Based solely on the provided literature.*","The nitrogen atoms in graphene come from palladium nitrate, which was used as a precursor in the preparation of the catalysts.",0.4883792199485809,0.9471481021277551,0.5555555555555556,0.9999999999,1.0
36,What is the first step in investigating the effect of changing the % pH2 enrichment level on the observed rate constant?,"['3.4 $\\pmb { p } \\mathbf { H } _ { 2 }$ enrichment\nThe final parameter investigated was the effect of changing the $p \\mathrm { H } _ { 2 }$ enrichment level $\\left( { \\% } p \\mathbf { H } _ { 2 } \\right)$ on the observed rate constant', 'This indicates that the $\\boldsymbol { \\% } p \\mathbf { H } _ { 2 }$ enrichment level and the determined $k _ { 2 }$ rate constant are independent of each other and thus the exact $p \\mathrm { H } _ { 2 }$ generator used does not affect the observed', 'To investigate this, the reaction monitoring experiment was repeated using variable $\\boldsymbol { \\% } p \\mathbf { H } _ { 2 }$ enrichment levels', 'the temperature of the sample and the $p \\mathrm { H } _ { 2 }$ enrichment level used for the reaction.', '{ D M S O } \\big ) ( \\mathrm { I M e s } ) \\big ]$ in what is a dissociative first step']","['The text describes a procedure for investigating the effect of % pH2 enrichment on the rate constant, including defining % pH2, ensuring rate constant independence, and repeating experiments with variable enrichment levels.']","Based on the provided information, the first step in investigating the effect of changing the % pH₂ enrichment level on the observed rate constant is:  
**repeating the reaction monitoring experiment using variable % pH₂ enrichment levels**.  

This experimental approach directly tests the relationship between pH₂ enrichment levels and the observed kinetics, as explicitly stated in the context.",The first step is defining % pH2 as the proportion of H2 that is in the para spin state based on the absolute populations of pH2 and oH2 in the mixture.,0.16638584400426645,1.0000000000000002,0.6666666666666666,0.0,0.0
37,Why does heating the sample to 353K result in polarized signals after every bubbling of parahydrogen?,"['After the full conversion, the polarization effects disappeared completelyWe note, however, that upon heating the sample to $3 5 3 \\mathrm { ~ K ~ }$ we observe the polarized signals repeatedly after every bubbling of parahydrogen (Fig', 'Thus, parahydrogen was constantly bubbled through the solution during measurements', 'In the SABRE scheme, a sample is polarized outside the main magnet by bubbling parahydrogen through it', 'The hyperpolarised image was produced following the bubbling of parahydrogen through the solution at $8 0 ^ { \\circ } C$ for ${ 3 s , }$ whilst the sample was retained within a $\\mu$ -metal shield', 'the parahydrogen molecule must be transferred simultaneously since only in this case can polarization signals be expected']",['upon heating the sample to 353K we observe the polarized signals repeatedly after every bubbling of parahydrogen (Fig. S2 in ESI†). The enhanced signals observed in both 1H and 31P NMR spectra were similar to those described above. It is highly likely that this implies that the reaction becomes reversible enough for the new portions of parahydrogen to react with a considerable fraction of available free [P(μ - NTer)]2. This means that effectively the elevated temperature allows the replacement of the relaxed hydrogens in the [HP(μ - NTer)]2 within a shorter time frame than that needed for the full relaxation of the hyperpolarization.'],"Based on the provided information, the question cannot be answered. The context describes that heating the sample to 353 K (80°C) results in observable polarized NMR signals after each parahydrogen bubbling event, as shown in Fig. [specific figure reference not provided]. However, the explicit reason for this temperature-dependent phenomenon is not addressed in the available literature excerpts. No mechanistic details or theoretical explanations linking the temperature to the reappearance of polarization signals are included in the context.","Heating the sample to 353K makes the reaction reversible enough for new portions of parahydrogen to react with a considerable fraction of available free [P(μ - NTer)]2, allowing the replacement of relaxed hydrogens in [HP(μ - NTer)]2 within a shorter time frame than needed for full relaxation of hyperpolarization.",0.36211485191241616,0.0,0.8,0.0,0.0
38,Why did ansa-phosphinoborane 6 not react with hydrogen or water?,"['The ansa-phosphinoborane does not react with molecular hydrogen or water at room or elevated temperatureAccording to performed DFT studies, heterolytic splitting of water or hydrogen by the phosphinoborane are both endergonic but close in thermodynamics', 'However, prolonged exposure of a solution of 5 to pressurized hydrogen (10 bar) in a gas-tight NMR tube revealed no evidence of the phosphonium borate 7To our surprise, 6 did not react with water as well, neither at ambient not at elevated temperatures', '[](images/caacfe65e81621b35ecc5714c86ae44acab10458666a844c4f36a58a2719c4c7.jpg) \nFig. 2:\u2002Synthesis of ansa-phosphinoborane 6, and its inertness to hydrogen or water.', 'To the contrary, these species were considered water intolerant,21 which stimulated a search for other FLP systems with ansa scaffolds that could have more favorable properties.21,22 These activities led to the invention of an ansa-phosphinoborane with', 'Keywords: frustrated Lewis pairs; hydrogen; phosphinoborane; water.']","['Unlike in 4a- c, there is no dative bond between B and P atoms (3.1773 (17) Å distance) in 6 as established by the single crystal X- ray diffraction analysis (Fig. 3). In  $\\mathrm{CD}_{2}\\mathrm{Cl}_{2}$ ,  ${}^{11}\\mathrm{B}$  and  ${}^{31}\\mathrm{P}$  NMR signals of 6 appear as singlets at 75.68 (broad) and  $- 0.64\\mathrm{ppm}$ , revealing that there is no P- B interaction [26]. However, prolonged exposure of a solution of 5 to pressurized hydrogen (10 bar) in a gas- tight NMR tube revealed no evidence of the phosphonium borate 7. To our surprise, 6 did not react with water as well, neither at ambient not at elevated temperatures.']","Based on the provided context:

The ansa-phosphinoborane **6** does not react with hydrogen or water due to **thermodynamic unfavorability** according to DFT studies. Specifically:
1. **Heterolytic splitting of water or hydrogen** by the phosphinoborane is **endergonic** (energy-consuming).
2. Though the thermodynamics are close, the reaction energy barriers prevent reactivity even under prolonged exposure to pressurized hydrogen (10 bar) or at elevated temperatures with water.

Experimental observations confirm this inertness:
- No reaction occurred after prolonged exposure to pressurized hydrogen (10 bar).
- No reaction was observed with water at ambient or elevated temperatures.

This thermodynamic limitation distinguishes it from other frustrated Lewis pair systems designed for H₂ activation.","Ansa-phosphinoborane 6 did not react with hydrogen or water because it lacks a dative bond between B and P atoms, as evidenced by the P-B distance of 3.1773(17) Å and the absence of P-B interaction in NMR signals, making it inert under the tested conditions.",0.5722112123398078,0.9737341775368208,0.7,0.0,0.0
39,Why is polarization transfer from protons to heteronuclei more efficient in low magnetic fields compared to strong magnetic fields?,"['Using typical NMR parameters we can conclude that polarization transfer among protons is efficient at mT or even tesla fields, whereas for the transfer to heteronuclei much lower fields are required, which are in the $\\mu \\mathrm { T }$ or even nT range', 'The low field setting reduces the chemical shift difference between $^ 1 \\mathsf { H }$ and $^ { 1 3 } { \\mathsf { C } }$ nuclei such that polarization transfer is more efficient', 'For protons and hetero-nuclei this requires going to very low fields of the order of $1 0 \\mu \\mathrm { T }$ and often even lowerHowever, there is a mechanism of polarization transfer, which works under less demanding conditions', 'polarization transfer at ultralow fields[5,10] or by designing special high-field NMR pulse sequences.[18–22] In the former case, the magnetic field should be sufficiently low to enable strong coupling of the $p \\mathrm { H } _ { 2 }$ -nascent protons and', 'Polarization transfer from the protons to hetero-nuclei can be implemented either randomly in weak magnetic fields or selectively via special pulse sequences [27–33]']","[""In the strong field of an NMR magnet the precession frequencies of protons differ considerably from those of all heteronuclei; therefore, a polarization transfer from the protons to heteronuclei is less likely to occur. If, however, PHIP experiments are conducted in low magnetic fields, e.g., in the stray field of an NMR spectrometer or in the Earth's magnetic field, the precession frequencies of all nuclei in a molecule will be rather similar, rendering an efficient energy transfer between them more likely and consequently more efficient.""]","Polarization transfer from protons to heteronuclei is more efficient in low magnetic fields due to the following reasons derived from the provided context:

1. **Reduction of chemical shift differences**:  
   At low fields (typically in the µT to nT range), the chemical shift difference between \( ^1\text{H} \) and heteronuclei (e.g., \( ^{13}\text{C} \)) is minimized. This reduction allows spin-spin couplings to dominate, facilitating efficient polarization transfer.

2. **Enabling strong coupling**:  
   Ultralow fields promote strong coupling between the parahydrogen-derived protons (\( p\text{H}_2 \)) and target heteronuclei. This strong coupling is essential for effective polarization transfer, which is hindered at higher fields where chemical shift disparities exceed coupling constants.

3. **Field-dependent efficiency**:  
   While proton-proton polarization transfer remains efficient up to mT/T fields, proton-heteronuclei transfer requires fields as low as 10 µT (or lower) to overcome the larger gyromagnetic ratio differences and achieve optimal transfer efficiency.

This mechanism operates without specialized pulse sequences, leveraging the natural spin dynamics at ultralow fields.","In low magnetic fields, the precession frequencies of all nuclei in a molecule are rather similar, which meets the resonance condition required for efficient energy transfer between nuclear spins. In contrast, in strong magnetic fields, the precession frequencies of protons differ considerably from those of heteronuclei, making polarization transfer less likely.",0.5241433309370218,0.9795402432674716,0.9375,0.6388888888675925,1.0
40,Why does deuteration at the 2- and 5- positions in molecules 4b and 5b result in significantly improved relaxation times and SABRE polarization levels?,"['In support of this, we found that deuteration at the 2 and 5 positions (4b and 5b) does indeed result in significantly improved relaxation times and SABRE polarization levels (Figure 5)', 'As a consequence, we have shown that the selective partial deuteration of these tuberculosis drug scaffolds results in both a dramatically improved SABRE response and significantly improved relaxation times', 'This is beneficial because it concentrates the available polarisation on fewer sites and it increases the relaxation times of the remaining protons.45 Finally, the use of a partially deuterated SABRE catalyst further improves the efficiency of the', 'For these ester and amide substrates, deuteration at the 2 and 3 positions (4a and 5a) resulted in limited changes in their relaxation times relative to their $^ 1 \\mathrm { H }$ counterpart and somewhat similar polarization levels as a result of SABRE', 'In contrast, compound 5, where the label is in the 5-position, exhibits significantly improved relaxation times and polarization levels $( 6 2 \\mathrm { - } 6 7 \\% )$']","['For these ester and amide substrates, deuteration at the 2- and 3- positions (4a and 5a) resulted in limited changes in their relaxation times relative to their 1H counterpart and somewhat similar polarization levels as a result of SABRE were observed (Table 2). These results indicate that relaxation within these molecules is driven by interactions between the adjacent 1H nuclei. Analogues b−d, with more isolated 1H spin systems, might therefore be predicted to have higher T1 values. In support of this, we found that deuteration at the 2- and 5- positions (4b and 5b) does indeed result in significantly improved relaxation times and SABRE polarization levels (Figure 5).']","Based on the provided context, deuteration at the 2- and 5-positions in molecules **4b** and **5b** improves relaxation times and SABRE polarization levels due to two key mechanisms:  

1. **Concentration of Polarization**:  
   Selective deuteration reduces the number of proton sites, concentrating the available hyperpolarization onto fewer remaining protons. This increases the effective polarization per proton site.  

2. **Extended Relaxation Times**:  
   Deuterons exhibit slower spin-lattice relaxation (\(T_1\)) compared to protons. Replacing protons at positions 2 and 5 with deuterons significantly prolongs the relaxation times of adjacent protons, allowing hyperpolarized signals to persist longer for detection.  

The context specifically highlights that deuteration at positions 2 and 5 (in **4b** and **5b**) is more effective than deuteration at positions 2 and 3 (in **4a** and **5a**), which showed minimal improvement. This positional selectivity suggests that protons at the 2/5 sites dominate relaxation pathways in these molecular scaffolds. Additionally, partial deuteration of the *SABRE catalyst itself* further enhances polarization efficiency by reducing relaxation sinks.  

---  
**Note**: The observed effects are molecule-specific, as demonstrated by the tuberculosis drug scaffolds studied. Compound **5** (deuterated at position 5) achieved polarization levels of 62–67%, confirming the strategy's efficacy.","Deuteration at the 2- and 5- positions isolates the 1H spin systems, reducing interactions between adjacent 1H nuclei, which are the primary drivers of relaxation. This isolation leads to higher T1 values and improved SABRE polarization levels.",0.47434093487447404,0.9749267899780296,0.375,0.5888888888692593,0.0
41,How does the reaction rate of the monometallic catalyst 12 compare to that of the bimetallic complexes in converting phenylacetylene?,"['Remarkably, the monometallic catalyst 12 converts phenylacetylene signi\ue103cantly slower than all tested bimetallic complexes, with a rate of $k _ { \\mathrm { o b s } } = 9 5 \\times 1 0 ^ { - 3 } \\mathrm { h } ^ { - 1 }$ (Table 3, entry 4)', 'Bimetallic dirhodium complexes 7–9 and the monometallic catalyst 12 were then tested as catalysts for the semihydrogenation of phenylacetylene ( $5 \\%$ catalyst loading, $2 5 ~ ^ { \\circ } \\mathbf { C } ,$ Fig3, for details see ESI†)', '3 Catalytic semihydrogenation of phenylacetylene by bimetallic catalysts 7–9 and the benchmark monometallic catalyst 12 $( L _ { n }$ is $C D _ { 3 } C N _ { 3 }$ , $\\{ ( \\mathsf { T M S } ) { \\mathsf { C } } { \\equiv } { \\mathsf { C } } \\} _ { 2 }', 'Monometallic Rh catalyst demonstrated higher activity, providing $67 \\%$ conversion compared to $1 7 \\%$ for bimetallic Rh−In under identical reaction conditions $\\langle 1 0 0 ^ { \\circ } \\mathrm { C } ,$ 300 sccm, the propylene: $\\mathrm { H } _ { 2 }$', 'Bimetallic complex 127 was compared against monometallic complexes 128 and 129 in the $\\beta$ -alkylation of 1-phenylethanol with primary alcohols (Fig14)']","['Remarkably, the monometallic catalyst 12 converts phenylacetylene significantly slower than all tested bimetallic complexes, with a rate of \\(k_{\\mathrm{obs}} = 9.5 \times 10^{- 3} \\mathrm{~h}^{- 1}\\) (Table 3, entry 4).']","Based on the provided context:

- The monometallic catalyst **12** exhibits a significantly slower reaction rate (\(k_{\mathrm{obs}} = 95 \times 10^{-3} \, \mathrm{h}^{-1}\)) in converting phenylacetylene compared to all tested bimetallic complexes (entries **7–9**).  
- This is explicitly stated: *""Remarkably, the monometallic catalyst 12 converts phenylacetylene significantly slower than all tested bimetallic complexes""*.  

Thus, the bimetallic catalysts **7–9** are faster than the monometallic catalyst **12** for this reaction.",The monometallic catalyst 12 converts phenylacetylene significantly slower than all tested bimetallic complexes.,0.8476055607237185,0.9076616215594607,1.0,0.9999999999666667,1.0
42,How does the time needed for production of a hyperpolarized sample compare between PHIP and d-DNP?,"['The PHIP method of hyperpolarization is significantly faster than the DNP method', 'd-DNP requires complex and expensive $( \\sim \\$ 10$ equipment and typically long polarization times $( { \\sim } 1 \\ \\mathrm { h } )$ .14 In contrast, PHIP methods utilize parahydrogen $\\left( \\mathsf { p } \\mathbf { - } \\mathbf { H } _ { 2 } \\right)$ as a', 'Using PHIP, hyperpolarization of diethyl succinate can be achieved on a quicker time scale than any DNP-hyperpolarized compound so far reported', 'and parahydrogen-induced polarization (PHIP).[4] D-DNP is well established for production of HP solutions of metabolites (e.g', 'Conversely, ParaHydrogen Induced Polarization (PHIP) is definitely less technically demanding and less expensive than d-DNP']","['d- DNP and SEOP require sophisticated and expensive equipment limiting their widespread use and suffer from the long time needed for production of a hyperpolarized (HP) sample and the low duty cycles. In contrast, PHIP and SABRE are the faster and more affordable alternatives. PHIP and SABRE allow one to obtain more than  $50\\%$  nuclear spin polarization within seconds22,23 and with high duty cycles.']","Based on the provided information:  

1. **d-DNP** requires **long polarization times**, specifically reported as **~1 hour** for hyperpolarization.  
2. **PHIP** is **significantly faster** than d-DNP. For example, hyperpolarization of diethyl succinate via PHIP occurs on a **quicker time scale** than any d-DNP-hyperpolarized compound reported in the literature.  

No specific numerical time for PHIP is provided, but it is unambiguously stated to be faster than d-DNP.",PHIP is faster than d-DNP in producing a hyperpolarized sample.,0.5653038876472818,0.9232151290398661,1.0,0.9999999999666667,1.0
43,Why does Dynamic Nuclear Polarization (DNP) increase the level of $^{13}\mathrm{C}$ polarization in pyruvic acid to $64\%$?,[],"[""Dynamic Nuclear Polarization (DNP) [14] is currently one of hyperpolarization's most successful approaches having been shown to increase the level of $^{13}\\mathrm{C}$ polarization in pyruvic acid to $64\\%$ [15]. Golman has used the differences to good effect to produce $^{13}\\mathrm{C}$ MR Images of animals injected with $^{13}\\mathrm{C}$ enriched hyperpolarized materials such as pyruvate, where contributions from the background are minimal because of the vast signal amplification of the hyperpolarized substrate [16].""]","Based on the provided information, the question about **Dynamic Nuclear Polarization (DNP)** increasing $^{13}\mathrm{C}$ polarization in pyruvic acid to $64\%$ **cannot be answered**. The RAG knowledge base specializes exclusively in **Parahydrogen Induced Polarization (PHIP)** and **Signal Amplification by Reversible Exchange (SABRE)** techniques for NMR spectroscopy. DNP is a distinct hyperpolarization method outside the scope of this literature repository.

For details on DNP mechanisms or pyruvic acid polarization, consult literature focused on DNP or general hyperpolarization techniques beyond PHIP/SABRE.","Because the vast signal amplification of the hyperpolarized substrate minimizes contributions from the background, allowing for a significant increase in polarization levels.",0.12697559224125674,0.0,0.0,0.0,0.0
44,Why does decoupling of NMR spectra by refocusing result in a drop in the signal-to-noise ratios of the quaternary $^{13}\mathbb{C}$ signals?,[],"['Whilst decoupling of these NMR spectra was achieved by refocusing, there is a resulting drop in the signal- to- noise ratios of the quaternary  $^{13}\\mathbb{C}$ - signals although those for the CH groups are increased.']","Based on the provided information, the question cannot be answered.","Decoupling of NMR spectra by refocusing results in a drop in the signal-to-noise ratios of the quaternary $^{13}\mathbb{C}$ signals because the process of refocusing redistributes the signal intensity, leading to a reduction in the signal-to-noise ratio for quaternary carbons while increasing it for CH groups.",0.0837925212098271,0.0,1.0,0.0,0.0
45,What is the first step in the SABRE demonstration experiment?,"['As a first demonstration we detect the SABRE-enhanced NV-NMR spectrum of a sample of pyridine, a weakly alkaline heterocyclic organic molecule', 'A typical SABRE hyperpolarization experiment is carried out in two steps', 'C. SABRE experiments', 'The experimental protocol for the SABRE experiments is shown in Figure 2b', 'The established SABRE experimental protocol was followed']","['The text describes a series of steps for conducting SABRE demonstration experiments, starting with the preparation of the sample in a Pyrex NMR tube, followed by degassing, adding pH2 gas, shaking in a magnetic field, and finally obtaining NMR spectra.']","Based on the provided context, the specific steps of the SABRE demonstration experiment are not detailed. The context mentions that:
1. The experiment detects ""SABRE-enhanced NV-NMR spectrum of pyridine""
2. SABRE experiments are ""carried out in two steps""
3. The protocol follows ""established SABRE experimental protocol"" shown in Figure 2b

However, the explicit first step is not described in the given information. For precise experimental steps, additional details about the protocol would be required.",Add about 14mg of 4 (corresponding to about 0.0015mmol of the iridium complex) to a custom stopcock-sealed 5mm Pyrex NMR tube with 200μL [D4]MeOH and 0.03mmol [H5] pyridine ([H5]Py).,0.37734575525285813,0.0,1.0,0.0,0.0
46,Why is the lower magnetic field of the benchtop NMR spectrometer beneficial in this scenario?,"['Therefore, in this case, the lower magnetic field of the benchtop NMR spectrometer is a benefit, because the absence of observable non-hyperpolarised signals from the product allows the simpler and more sensitive $4 5 ^ { \\circ }$ pulse detection scheme', 'Here, the reduced background signal of the benchtop NMR spectrometer presents an advantage over comparable hyperpolarised high field NMR measurements', 'Through the studies performed, the lower sensitivity of the benchtop NMR spectrometer was observed to bring advantages as well as challenges', 'One limitation of benchtop NMR spectrometers is their diminished sensitivity, caused by lower magnetic field strength and consequently reduced polarization at thermal equilibrium compared to conventional high-field NMR spectrometers', '4 \\intercal$ magnetic field of a benchtop NMR spectrometer for high-field relaxation measurementsImportantly, $1 4 \\intercal$ is close to the typical magnetic fields of clinical MRI scanners']","['This is because, unlike the high- field NMR spectra, there is no observable NMR signal from the non- hyperpolarised product once the reaction has reached completion due to the lower inherent sensitivity of the benchtop NMR system. Therefore, in this case, the lower magnetic field of the benchtop NMR spectrometer is a benefit, because the absence of observable non- hyperpolarised signals from the product allows the simpler and more sensitive 45° pulse detection scheme to be used.']","Based on the provided context, the lower magnetic field of the benchtop NMR spectrometer is beneficial for two key reasons:

1.  **Reduced Background Signal:** The lower field strength results in diminished sensitivity and reduced polarization at thermal equilibrium. While this is typically a limitation, it becomes advantageous for hyperpolarized studies because **non-hyperpolarized signals from the product are suppressed or unobservable**. This significantly lowers the background signal.

2.  **Simplified and More Sensitive Detection:** The absence of this background allows the use of a **simpler and more sensitive 45° pulse detection scheme** for observing the hyperpolarized signals. In high-field NMR, the stronger background signal from thermal polarization often necessitates more complex detection methods to observe the hyperpolarized signal effectively.

In essence, the inherent lower sensitivity of the benchtop instrument, caused by its lower magnetic field, acts as a natural filter that removes interfering thermal signals, making the hyperpolarized signals easier to detect with optimal sensitivity. Additionally, the context notes that the 1.4T field strength is relevant as it is close to fields used in clinical MRI scanners.",The lower magnetic field is beneficial because the absence of observable non-hyperpolarised signals from the product allows the simpler and more sensitive 45° pulse detection scheme to be used.,0.40387077155696116,0.9552003073531345,0.6363636363636364,0.99999999995,1.0
47,What is the first step in conducting an ALTADENA-type experiment with para-hydrogen?,"['To conduct an ALTADENA-type experiment, an NMR tube fitted with a Young’s style tap and charged with the reaction mixture is first pressurized with para-hydrogen, then shaken and introduced into the magnet', 'In PASADENA experiments,4 the hydrogenation reaction is run directly at the high magnetic field of a NMR spectrometer; in the ALTADENA case,5 parahydrogen is attached to the substrate at low field (presumably, the earth field); subsequently the polarized', '3Theoretical approach\nExperiments with para-hydrogen are generally performed in one of three ways to take advantage of either or both of the ALTADENA or PASADENA effects [4,21,31,32]', 'ALTADENA experiment, 10 bars parahydrogen in the gas-tight NMR tube', 'The experiments presented here were carried out under ALTADENA conditions']","[""To conduct an ALTADENA-type experiment, an NMR tube fitted with a Young's style tap and charged with the reaction mixture is first pressurized with para-hydrogen, then shaken and introduced into the magnet.""]","Based on the provided information, the first step in conducting an ALTADENA-type experiment is to **pressurize an NMR tube fitted with a Young's style tap (containing the reaction mixture) with para-hydrogen**. This is followed by shaking the tube and introducing it into the magnet for NMR detection. 

The key requirements for the ALTADENA setup include:
1. Use of a gas-tight NMR tube with Young's tap
2. Pre-charging with reaction mixture
3. Initial pressurization with para-hydrogen gas (typically at ~10 bar pressure)
4. Low-field hydrogenation (e.g., Earth's magnetic field) before transfer to the NMR magnet.

This procedure distinguishes ALTADENA from PASADENA experiments, where hydrogenation occurs directly inside the high-field NMR magnet.",The first step is to pressurize the NMR tube fitted with a Young's style tap and charged with the reaction mixture with para-hydrogen.,0.39135686901430067,0.9052303357961736,1.0,0.7499999999625,1.0
48,Why is the nuclear spin polarization (P) on the order of 10^{-6} to 10^{-4} under thermal equilibrium conditions at 298 K and a magnetic field of several Tesla?,"['of the nuclear spin states on the order of about $\\dot { P _ { e q } } \\approx 1 0 ^ { - 5 }$ at ambient temperature and typical magnetic field strengths of a few Tesla', 'Nuclear Polarization (d-DNP) technique[7–10] provides nuclear spin polarization of tens $\\%$ corresponding to NMR signal enhancement by 4–5 orders of magnitude at magnetic fields of several tesla', 'Since the nuclear spin population difference at thermal equilibrium in a milli-Tesla magnetic field is insufficient to obtain signals from dilute solutions, another means to prepolarize nuclear spins is required', 'These are rooted in the weak thermal equilibrium nuclear spin polarization of the detection targets at room temperature which, typically, amounts to a few parts per million (ppm) per Tesla of applied magnetic field', 'e., small degree of nuclear spin polarization) at thermal equilibrium.[1] For example, at a clinically relevant magnetic field of 3 T and room temperature only a single $^ 1 { \\sf H }$ nucleus out of every 100000 contributes to the observable NMR signal']","['NMR signal intensity is directly proportional to nuclear spin polarization P∥ which characterizes the degree of nuclear spin alignment with applied static magnetic field. In practice, P is on the order of 10^{-6} to 10^{-4} under thermal equilibrium conditions of 298 K and a magnetic field of several Tesla. For example, P is 1.0×10^{-5} for 1H and 2.6×10^{-6} for 13C nuclei at room temperature and 3T, the magnetic field of a modern MRI scanner.']","The nuclear spin polarization (P) under thermal equilibrium conditions at 298 K and magnetic fields of several Tesla is typically on the order of **10⁻⁶ to 10⁻⁵** (not 10⁻⁴) due to the **Boltzmann distribution** governing spin-state populations. This low polarization arises from:  

1. **Energy disparity**:  
   The energy difference (ΔE) between nuclear spin states is extremely small compared to thermal energy (k_BT) at room temperature. For example:  
   - At 3 T, only ~1 in 100,000 ¹H nuclei (P ≈ 10⁻⁵) contributes to the NMR signal.  
   - Polarization scales linearly with magnetic field (B₀), yielding only **a few ppm (10⁻⁶) per Tesla** at 298 K.  

2. **Thermal dominance**:  
   k_BT (≈ 4.11 × 10⁻²¹ J at 298 K) far exceeds ΔE (e.g., ΔE for ¹H at 1 T is ~1.76 × 10⁻²⁶ J). This results in near-equal spin-state populations, limiting polarization to ~10⁻⁶–10⁻⁵ for B₀ = 1–10 T.  

3. **Experimental validation**:  
   Direct measurements confirm P_eq ≈ 10⁻⁵ at ""a few Tesla"" and ambient temperature, consistent with theoretical predictions.  

The upper limit of 10⁻⁴ mentioned in the query is not supported for thermal equilibrium in this context; polarization exceeding 10⁻⁵ requires hyperpolarization techniques (e.g., PHIP, SABRE, or d-DNP). At thermal equilibrium, P remains low due to fundamental energy constraints.","The nuclear spin polarization (P) is low under thermal equilibrium conditions because the degree of nuclear spin alignment with the applied static magnetic field is minimal at room temperature (298 K) and typical magnetic field strengths (several Tesla). For instance, P is 1.0×10^{-5} for 1H and 2.6×10^{-6} for 13C nuclei at these conditions.",0.7827618718152024,0.8829175880653168,0.38095238095238093,0.6999999999766667,0.5
49,Why does compound 2 play a role in the hyperpolarisation step?,"['In the case of 2, it is easier to achieve higher levels of hyperpolarization due to the reduced steric bulk of this agent', 'Role for 2 in the hyperpolarisation step\nThe effect that leads to the detection of PHIP enhanced resonances in 2 plays a vital role in this work', 'that the polarization was stronger and longer-lived when using compound 2 as the catalyst', '2 \\mathrm { H }$ labeling is therefore necessary to maximize the hyperpolarization level using this method', 'an import role in establishing the level of hyperpolarisation it gains']","['The three alkyl proton signals of 2 are enhanced through PHIP, whilst those of the vinyl protons of $3\\mathrm{- CD_3OD}$ and 3- CO, which contain a single $p\\text{- }\\mathrm{H}_{2}$ derived proton, exhibit the one- proton- PHIP effect described by Eisenberg. In this case, this is a result of their formation from a monohydride complex, such as $\\mathrm{[Pd(H)(bcope)(CO)]OTf}$ (4- CO, see later), which is formed after stilbene loss from 2.']","Based on the provided context, compound 2 plays a critical role in the hyperpolarization step for the following reasons:

1. **Reduced Steric Bulk**:  
   Compound 2's lower steric hindrance facilitates easier achievement of higher hyperpolarization levels compared to bulkier agents, as explicitly stated in the context.

2. **Enhanced Polarization Strength and Longevity**:  
   When used as a catalyst, compound 2 generates stronger and longer-lived polarization, which is crucial for effective detection of PHIP-enhanced NMR signals.

3. **Vital Role in PHIP Resonance Detection**:  
   The physical effect enabling PHIP-enhanced resonance detection in compound 2 is fundamental to the hyperpolarization mechanism described in the work.

4. **Deuterium Labeling Synergy**:  
   While not directly attributed to compound 2 alone, the context notes that deuterium ($^2\mathrm{H}$) labeling maximizes hyperpolarization when using this method, implying compound 2's compatibility with isotopic enhancement strategies.

The combined effect of these properties establishes compound 2 as a key agent for optimizing hyperpolarization efficiency in the described methodology.","Compound 2 plays a role in the hyperpolarisation step because its alkyl proton signals are enhanced through PHIP (Para-Hydrogen Induced Polarization), which is a result of its formation from a monohydride complex after stilbene loss. This enhancement is visible in the NMR spectrum and contributes to the hyperpolarisation effect.",0.27514383325866687,0.9758832646680805,0.8181818181818182,0.5833333333041666,0.5
50,"Why do ionic liquids (ILs) exhibit ambiguous polarity behavior, interacting with both polar and non-polar substrates?","['Ionic liquids (ILs) have shown promise as an alternative to organic solvents to overcome these solubility problems due to their variable solvation properties', 'Third, it is well known that the IL structure influences the solubility to a great extent: increasing the alkyl substituent on the cation and/or choosing an anion of low coordinating ability leads to an increase in the solubility of non-polar substrates', 'Homogeneous hydrogenation reactions were among the first being studied in ionic liquids (ILs) as the solvents.9,10 To quite a surprise, even substrates with very limited solubility gave remarkable results', 'It would therefore appear that polar solvents are able to stabilise the initial hydrogen addition product, whilst non-polar solvents encourage rearrangement and the formation of the secondary products', 'stability change due to the interaction with different solvent molecules leads to different hyperpolarization level']","[""Their polarity is normally in the range of acetonitrile or methanol, depending on the method used for its determination [18, 19, 22]. Still, there is an ongoing discussion about the 'right' way to determine solvent polarities, especially for ILs [8]. It has been shown, for example, that with use of ILs as the stationary phase in gas chromatography, strong interactions with polar substrates as well as with non-polar substrates could be detected [23]. This ambiguity also reflects in their ability to dissolve polar as well as non-polar molecules.""]","Ionic liquids (ILs) exhibit ambiguous polarity behavior due to their **tunable molecular structure**, which allows them to interact with both polar and non-polar substrates. This behavior arises from two key structural factors:  

1. **Cation Modification**: Increasing the length of alkyl substituents on the cation introduces non-polar regions. This enhances solubility for non-polar substrates (e.g., hydrocarbons) by creating hydrophobic domains.  

2. **Anion Selection**: Using anions with low coordinating ability (e.g., [NTf₂]⁻, [PF₆]⁻) reduces polarity and weakens electrostatic interactions, further promoting dissolution of non-polar compounds.  

Simultaneously, the inherent ionic character of ILs (charged cations/anions) enables strong interactions with polar substrates. This structural duality allows ILs to:  
- Stabilize polar reaction intermediates (e.g., in hydrogenation reactions) through electrostatic interactions.  
- Facilitate solvation of non-polar species via van der Waals forces from alkyl chains.  

Thus, ILs bridge the polarity gap by combining ionic and organic-like solvation properties in a single solvent system.","The ambiguous polarity behavior of ILs arises because their polarity is typically within the range of acetonitrile or methanol, but there is ongoing debate about the correct method to determine their polarity. This ambiguity is reflected in their ability to interact strongly with both polar and non-polar substrates, as demonstrated in gas chromatography studies where ILs showed interactions with both types of substrates.",0.5288208148757234,0.9435829167641621,0.4117647058823529,0.0,0.0
51,How do the $\mathrm{Co - C_{allyl}}$ bond lengths of species 7 compare to those of species 1?,[],"['The $\\mathrm{Co - C_{allyl}}$ bond lengths of 7 are 1.987(3), 1.987(3) and 2.082(3) $\\mathring{\\mathrm{A}}$ and therefore slightly shorter than those seen for both 1 and 4.']","Based on the provided information, the question cannot be answered.","The $\mathrm{Co - C_{allyl}}$ bond lengths of species 7 (1.987(3), 1.987(3), and 2.082(3) $\mathring{\mathrm{A}}$) are slightly shorter than those seen for species 1.",0.09996897117770195,0.0,0.0,0.0,0.0
52,How does the Rh-Rh distance measured by EXAFS compare to that measured by single-crystal X-ray diffraction?,"['monomer/dimer transformations are known in organometallic chemistry.48,49 The $\\mathrm { R h - R h }$ distance of 2.64(2) Å compares favorably with independently synthesized 4: EXAFS, 2.66(2) Å and single-crystal $\\mathrm { \\Delta X }$ -ray diffraction,', 'We compared the distance determined with EXAFS with that obtained by using X-ray crystallography, and, when available, DFT-derived geometries', 'Distances determined by using EXAFS are generally slightly longer than those obtained by using X-ray, but shorter than those determined by using DFT; the difference is due to the phase (gas for DFT, frozen solution for EXAFS).', 'The Ir H distance in the best EXAFS fit $( 1 4 8 8 \\AA )$ is somewhat longer than the average crystallographic Ir¢H distance $( 1 4 4 8 \\mathrm { \\AA } )$ , whereas the calculated DFT values are significantly longer (1.575 æ)', 'Å and single-crystal $\\mathrm { \\Delta X }$ -ray diffraction, 2.6575(5) $\\mathring { \\mathrm { A } } ^ { 3 9 }$ Inclusion of Rh−Rh bonding was essential to fit the obtained data, confirming the dimeric nature of the solid.50 The ${ } ^ { 3 1 } \\mathrm { P']","['The Rh- Rh distance of 2.64(2) A compares favorably with independently synthesized 4: EXAFS, 2.66(2) A and single- crystal X- ray diffraction, 2.6575(5) A.39']","Based on the provided information:  
- The **Rh–Rh distance measured by EXAFS** is **2.66(2) Å** (uncertainty: ±0.02 Å).  
- The **Rh–Rh distance measured by single-crystal X-ray diffraction** is **2.6575(5) Å** (uncertainty: ±0.0005 Å).  

### Comparison:  
- The EXAFS-derived distance (**2.66 Å**) is **slightly longer** than the X-ray diffraction distance (**2.6575 Å**), consistent with the general trend that EXAFS measurements yield slightly longer distances than X-ray crystallography.  
- The difference falls within the experimental uncertainty of the EXAFS measurement, confirming good agreement between the two methods for this dimeric Rh system.  

### Contextual Note:  
This aligns with the broader observation that EXAFS distances are typically longer than X-ray distances due to differences in sample conditions (e.g., frozen solution for EXAFS vs. crystalline solid for X-ray diffraction).",The Rh-Rh distance measured by EXAFS (2.66(2) Å is slightly larger than that measured by single-crystal X-ray diffraction (2.6575(5) Å).,0.5489091465661965,0.9830125031501534,1.0,0.94999999997625,1.0
53,Why are the highest signal gains for the OCH₂ resonance of 1-propanol observed when between 5-8 equivalents of d₇-BnNH₂ are employed?,"['This study showed that the highest signal gains seen for the $\\mathrm { O C } H _ { 2 }$ resonance of 1-propanol were observed when between 5–8 equivalents $d _ { \\mathrm { 7 } } \\mathrm { - B n N H _ { 2 } }$ was employed and this corresponds to an amine', 'This is beneficial when studying low-concentration analytes because when propanol was studied, the $\\mathrm { ^ { 1 } H N M R }$ signal gains seen for its OH resonance increased by $1 0 0 \\%$ on moving from a 15 to $1 5 \\mathrm { m M }$ concentration (fig', 'our test substrate, 1-propanol, we are able to achieve signal gains of 281, 342 and 128-fold for the $\\mathrm { O C H } _ { 2 }$ , $C \\mathbf { H } _ { 2 }$ and $C \\mathrm { H } _ { 3 }$ positions respectively when using the previously optimised', 'The highest signal enhancements were observed when the polarization transfer field was nominally $+ 5$ or $- 3 ~ \\mathrm { m G }$ with gains of 1948 and 2054-fold, respectively', 'When this is achieved in the presence of propanol, proton exchange results in its OH signal being amplified by between 250- and 500-fold']","['SABRE derived signal enhancements are known to be highly dependent on the ratio of catalyst to substrate with lower concentrations typically yielding higher signal gains. It is accepted that this is a consequence of the available p-H₂ derived polarization pool being shared across a finite number of spins. Co-ligands have therefore been employed to reduce spin-dilution and often provide improved signal gains. For example, at 5 equivalents of d₇-BnNH₂ a 718-fold signal gain for the OCH₂ was recorded whereas at 8 equivalents a comparable signal gain of 695-fold was quantified.']","Based on the provided information:  
The highest signal gains for the OCH₂ resonance of 1-propanol occur with 5–8 equivalents of d₇-BnNH₂ because this range optimizes the **polarization transfer efficiency** in the SABRE (Signal Amplification by Reversible Exchange) process. The context indicates that this amine concentration corresponds to an optimal regime for signal amplification, though the exact mechanistic reason (e.g., ligand exchange dynamics, catalyst saturation, or proton exchange effects) is not explicitly detailed in the provided text.  

No further experimental or theoretical justification is included in the context.","The highest signal gains are observed at 5-8 equivalents of d₇-BnNH₂ because the available p-H₂ derived polarization pool is shared across a finite number of spins, and lower concentrations reduce spin-dilution, leading to improved signal gains.",0.5245461381317138,0.9835608153660008,0.5714285714285714,0.0,0.0
54,Why is there a two orders of magnitude difference between the enhancements obtained for  $^{1}$ H and  $^{19}$ F?,"['The two orders of magnitude difference between the enhancements obtained for $^ 1 \\mathsf { H }$ and $^ { 1 9 } \\mathsf { F }$ can be explained by taking into account the short longitudinal relaxation times of $^ { 1 9 } \\mathsf { F } ,$ which range', 'The field strengths that yield maximum signal enhancement for the $^ { 1 9 } \\mathrm { F }$ and the $^ { 1 } \\mathrm { H }$ signal of the substances were also different', 'This significant difference in relaxation rates between proton and fluorine can at least partially account for the much lower enhancements obtained for $^ { 1 9 } \\mathsf { F }$ in comparison to ${ } ^ { 1 } \\mathsf { H } .$ We also note that these values', 'of $L ^ { 9 } )$ to be recorded (see below), they are two orders of magnitude lower than those obtained for $^ 1 \\mathsf { H }$', 'Although these enhancements (up to $\\sim ( - ) 1 1 \\ – \\mathrm { f o l d } )$ are smaller than what was achieved in the first experiments with these catalysts\ue0d5likely because of reduced catalyst concentration and slightly reduced $\\mathrm { p H } _ { 2 }$']","['The two orders of magnitude difference between the enhancements obtained for  $^{1}$ H and  $^{19}$ F can be explained by taking into account the short longitudinal relaxation times of  $^{19}$ F, which range between 3 and 5 s at 11.74 T for all of the ligands investigated here.']","The two orders of magnitude difference in signal enhancements between $^{1}$H and $^{19}$F is primarily attributed to the **shorter longitudinal relaxation times ($T_1$) of $^{19}$F nuclei**. This results in significantly faster relaxation for $^{19}$F compared to $^{1}$H, leading to substantially lower achievable polarization enhancements for $^{19}$F. The context explicitly states that this relaxation rate difference ""at least partially accounts"" for the observed discrepancy in enhancements. Additionally, the optimal field strengths for maximum enhancement differ between $^{1}$H and $^{19}$F, though relaxation remains the dominant factor.","The difference can be explained by the short longitudinal relaxation times of  $^{19}$ F, which range between 3 and 5 s at 11.74 T for all of the ligands investigated here.",0.7981643820348663,0.9200078705390095,0.8333333333333334,0.9999999999,0.0
55,What is the second step in the process of testing Rh2C in propyne hydrogenation experiments?,"['\\mathsf { R h } _ { 2 } \\mathsf { C }$ was tested in propyne hydrogenation only up to $1 0 0 ^ { \\circ } \\mathsf C ,$ and in the second one $\\mathsf { R h } _ { 2 } \\mathsf { C }$ was tested at temperatures up to $2 0 0 ^ { \\circ } \\mathsf C$ In these', 'material is denoted as post-Rh2C(150-H2), where the prefix post indicates that the reduction was performed after the first catalytical testing)', 'Next, we turned to the hydrogenation experiments with propyne', 'Comparison of the relative ratio,calculated from the XPS data, of the fitted carbidic,metallic,and oxidized (due to air exposure) components in the studied catalystsafter propyne hydrogenation.EntryMaterial Rhcarb， %Rh%Rhox %149 Rh2C(100-spent)3714230', 'Rhcarb， %Rh%Rhox %149 Rh2C(100-spent)3714230 Rh2C(200-spent)51293post-Rh2C(150-2-0-spent) 354817']","['The text describes a series of experiments involving the hydrogenation of propyne using Rh2C, detailing the steps taken to test and pretreat the catalyst.']","Based on the provided context, the second step in the testing process of Rh₂C for propyne hydrogenation is:  
**testing at temperatures up to 200°C**.  

This is explicitly stated in the context:  
> *""in the second one Rh₂C was tested at temperatures up to 200°C""*.  

The first step involved testing only up to 100°C.",Pretreating Rh2C in a flow of undiluted H2 at 150°C for two hours to form Rh0/C in situ.,0.14889829488843045,0.9911945482092258,1.0,0.0,0.0
56,How do the hyperpolarization levels and substrate scope of SABRE compare to those of DNP?,"['Nonetheless, SABRE often generates lower levels of hyperpolarization and has a more limited substrate scope compared to DNP', 'of the SABRE method compared to other approaches such as DNP is the range of substrates that are amenable to hyperpolarization, with the best results being observed for N-heterocycles', 'For many practical applications, SABRE has substantial advantages compared to competing hyperpolarization methods such as high-field dynamic nuclear polarization (DNP) [21–27], which necessitates very expensive technical equipment and operates only at low', 'Though SABRE-SHEATH is limited in terms of substrate scope and polarization levels when compared to more widely used d-DNP methods, the technology package required for SABRE-SHEATH is compact, fast, and easy to set up.41,47−50 In recent years, the', 'change had on the observed hyperpolarization levels achieved through the SABRE process']","['Nonetheless, SABRE often generates lower levels of hyperpolarization and has a more limited substrate scope compared to DNP. Thus, significant effort has been made by the SABRE community to not only optimize the hyperpolarization process for distinct substrate groups but also expand the substrate scope to various biologically relevant molecules.']","Based on the provided context, the comparison between SABRE and DNP is as follows:

### Hyperpolarization Levels:
- **SABRE typically generates lower levels of hyperpolarization** compared to DNP. This limitation is explicitly noted in the context for both standard SABRE and SABRE-SHEATH implementations.

### Substrate Scope:
- **SABRE has a more limited substrate scope** than DNP. The technique shows optimal results primarily for **N-heterocycles**, whereas DNP accommodates a broader range of substrates.

### Additional Context:
While SABRE underperforms DNP in these two aspects, it offers practical advantages including:
- Lower cost and technical complexity (no need for expensive equipment like cryogenic systems)
- Faster experimental setup and operation
- Portability and ease of implementation  

These trade-offs position SABRE as a complementary technique to DNP, particularly for targeted applications where its operational benefits outweigh polarization strength and substrate versatility requirements.",SABRE generates lower levels of hyperpolarization and has a more limited substrate scope compared to DNP.,0.40888115319025664,0.9888651711429199,1.0,0.9166666666361111,1.0
57,Why does a slight low-field shift of the ${}^{13}\mathrm{C}$-resonances occur in the aromatic region of the PHIP spectrum during the hydrogenation of phenylethyne?,[],"[""A slight low-field shift of the ${}^{13}\\mathrm{C}$ - resonances in the aromatic region of the PHIP spectrum of the product molecules recorded during the hydrogenation of phenylethyne could be observed. A similar effect had been observed before in the ${}^{1}\\mathrm{H}$ - PHIP NMR spectra recorded during the hydrogenation of styrene derivatives using cationic $\\mathrm{Rh(I)}$ catalysts and could be explained with the occurrence of a so- called 'product attachment' during the catalytic cycle of the hydrogenation reaction [22, 23]. This term implies that the hydrogenation product binds to the metal center of the catalyst immediately after its formation via a $\\pi$ - complex between the aromatic system of the phenyl ring and one of the $d$ - orbitals of the transition metal complex (Fig. 5). The strength of this attachment depends on the electronic structure of the product and the catalyst, and it either leads to a shift of resonances to higher or lower frequencies in the respective NMR spectrum.""]","Based on the provided information, the question regarding the low-field shift of \(^{13}\mathrm{C}\)-resonances in the aromatic region during the hydrogenation of phenylethyne cannot be answered. The RAG knowledge base does not contain specific details or experimental data related to this phenomenon in the context of PHIP spectroscopy.","The low-field shift occurs due to the 'product attachment' phenomenon, where the hydrogenation product binds to the metal center of the catalyst via a $\pi$-complex between the aromatic system of the phenyl ring and one of the $d$-orbitals of the transition metal complex. This attachment alters the electronic environment, leading to a shift in the NMR resonances.",0.16017014799893328,0.0,0.0,0.0,0.0
58,Why does the HP gas signal experience a fast decay after injection?,"['When the HP gas injection was completed, the HP gas signal experienced a fast decay due to $T _ { 1 }$ relaxation and also due to the depolarizing effect of the RF pulsesThe “effective” $T _ { 1 }$ constant was measured to be $0 6 7 \\pm 0', 'Following each injection of HP $[ 1 - ^ { 1 3 } \\mathrm { C } ]$ ketoisocaproate, the recorded $^ { 1 3 } { \\cal C }$ signal decayed due to $T _ { 1 }$ relaxation and the application of RF excitation pulses', '{ 1 3 } \\mathrm { C }$ signal initially increased, because more HP PLAC reached the body of the animal during injection, and it was followed by the decay of HP signal due to $T _ { 1 }$ decay, signal depletion by RF pulses, and metabolic processes', 'The fast decay of HP signal at low field during the first 10 s may be ascribed to the dynamic chemical exchange and aggressive diffusion mechanism that remain relevant during this period before stabilisation', 'Each imaging sequence was initiated before gas injection in the phantom and repeated 32 or more times to capture the HP gas delivery into a phantom, followed by HP gas decay due to RF excitation and $T _ { 1 }$ decay']","[""When the HP gas injection was completed, the HP gas signal experienced a fast decay due to T1 relaxation and also due to the depolarizing effect of the RF pulses. The 'effective' T1 constant was measured to be 0.67±0.40 (Figure S6), 0.68±0.39 (Figure S8), and 0.64±0.47 (Figure S10), additionally highlighting the reproducibility, albeit with large T1 error bars.""]","Based on the provided context, the hyperpolarized (HP) gas signal experiences a fast decay after injection due to the following combined mechanisms:  

1. **$T_1$ Relaxation**:  
   The intrinsic $T_1$ relaxation process causes irreversible decay of hyperpolarization over time. The ""effective"" $T_1$ constant was measured to be $0.67 \pm 0.01$ s in the described experiments.  

2. **RF Excitation Pulses**:  
   Repeated radiofrequency (RF) pulses during NMR/MRI sequences actively deplete the hyperpolarized signal. This depolarizing effect accelerates signal decay beyond natural $T_1$ relaxation.  

3. **Dynamic Chemical Exchange and Diffusion (Early Phase)**:  
   During the first 10 seconds after injection, low-field conditions drive rapid signal decay via **dynamic chemical exchange** and an **aggressive diffusion mechanism**, which dominate before stabilization occurs.  

4. **Metabolic Processes (Specific to HP Substrates)**:  
   For HP $[1-^{13}\mathrm{C}]$ ketoisocaproate, metabolic conversion further contributes to signal decay, though this applies only to metabolizable substrates.  

These factors collectively cause the initial rapid signal decay observed after HP gas injection. For inert gases in phantoms, only $T_1$ relaxation and RF depletion apply, while *in vivo* studies or metabolizable agents involve additional decay pathways.",The HP gas signal decays quickly due to T1 relaxation and the depolarizing effect of the RF pulses.,0.5620499785258164,0.9249588608365024,0.6923076923076923,0.94999999997625,1.0
59,Why does dissolving hyperpolarized propane in organic solvents at high magnetic fields extend its lifetime?,"['Here, we address the issue of the short lifetime of HP propane and demonstrate that it is possible to extend the lifetime of the hyperpolarized state of propane at high magnetic fields by dissolving the propane in organic solvents', 'This means that the observed prolongation of the dissolved HP propane lifetime is a common feature for different deuterated organic solvents', 'Here, we demonstrate that a remarkable increase in the propane hyperpolarization decay time at high magnetic field (7.1 T) can be achieved by its dissolution in deuterated organic solvents (acetone- $d _ { 6 }$ or methanol- $d _ { 4 }$ )', 'The lifetime of propane hyperpolarization is substantially longer in low magnetic fields [56, 57], which is advantageous for low-field MRI studies [58]', 'RESULTS AND DISCUSSION\nIn this article, we address the issue of the preservation of propane hyperpolarization by its dissolution in deuterated organic solvents']","['Here, we address the issue of the short lifetime of HP propane and demonstrate that it is possible to extend the lifetime of the hyperpolarized state of propane at high magnetic fields by dissolving the propane in organic solvents. We found that the estimated values of hyperpolarization decay times for propane are 35.1 and 28.6 s for the CH2 group and the CH3 group, respectively, which are about 1- 2 orders of magnitude greater than the T1 times for gaseous propane.']","Based on the provided information, dissolving hyperpolarized (HP) propane in deuterated organic solvents (such as acetone-d₆ or methanol-d₄) at high magnetic fields (e.g., 7.1 T) extends its lifetime due to the following reasons:  

1. **Deuterated Solvent Effect**:  
   Dissolution in deuterated organic solvents (e.g., acetone-d₆, methanol-d₄) significantly prolongs the hyperpolarization decay time of propane. This effect is consistent across different deuterated solvents, indicating a general phenomenon.  

2. **Mitigation of High-Field Relaxation**:  
   At high magnetic fields (7.1 T), hyperpolarized propane typically exhibits a short lifetime due to rapid relaxation. Dissolution in deuterated solvents counteracts this limitation, enabling extended signal persistence.  

3. **Contrast with Low-Field Behavior**:  
   The context notes that HP propane naturally has a longer lifetime at low magnetic fields. The solvent-based approach specifically addresses the high-field challenge where relaxation is accelerated.  

**Key Experimental Finding**:  
> *""The lifetime of propane hyperpolarization is substantially longer in low magnetic fields [...], but dissolution in deuterated organic solvents achieves a remarkable increase in decay time at high field (7.1 T).""*  

This approach provides a practical method to preserve hyperpolarization for applications requiring high-field NMR or MRI.",Dissolving hyperpolarized propane in organic solvents at high magnetic fields extends its lifetime because the hyperpolarization decay times for propane in this state are about 1-2 orders of magnitude greater than the T1 times for gaseous propane.,0.5480696234332771,0.9520880508316045,1.0,0.8333333332916666,0.0
60,Why does warming to 305K allow the detection of new species like the acyl intermediate 8 in the NMR signals?,"['Upon warming to $3 0 5 \\mathrm { ~ K ~ }$ , these signals all roughly double in intensity in accordance with an increase in reaction turnoverThis simple change, however, also allows the NMR signals for a number of further species to be detected', 'When the temperature was raised to $3 0 8 \\mathsf { K } ,$ the $^ 1 \\mathsf { H }$ NMR signals for both 9 b and 10 increased in intensity but additional signals for 3 appear', '4 \\mathrm { ~ K ~ }$ signals for $\\mathbf { 3 - C H _ { 3 } O H }$ and 3-CO are visible alongside those of a new species, 9, at $\\delta 5 0 8$ Upon warming to $3 0 6', 'When the temperature reaches $3 3 8 \\mathsf { K } ,$ signals for 8 appear at $\\phantom { - } 8 2 8 8$ and 2.64, with those of cis and trans-stilbene becoming clearly visible in the corresponding OPSY NMR experiment', 'On warming to $3 0 8 \\mathrm { ~ K ~ }$ additional $\\scriptstyle p - \\mathrm { H } _ { 2 }$ enhanced signals for propene become visible in the associated ${ } ^ { 1 } \\mathrm { H }$ NMR spectra']","['Upon warming to 305K, these signals all roughly double in intensity in accordance with an increase in reaction turnover. This simple change, however, also allows the NMR signals for a number of further species to be detected. First, in the organic region, a weakly polarized doublet of doublets appears at δ7.99 as shown in Fig. 3. This emission signal collapses into singlet on 31P decoupling and is therefore metal based. Phosphorus couplings in this resonance were measured at 22Hz and 3.5Hz with the associated 31P resonances occurring at δ36.0 and δ43.2 respectively. Furthermore, when mono-13C labelled Ph-13C≡C-Ph was used, further 13C couplings of 156Hz and 3Hz were observed on this proton signal. This new product is therefore assigned to the acyl intermediate [Pd(CO-CPh=CHPh)(bcope)(CO)]OTf 8) whose formation is implicated in the earlier methanol-d4 reaction.']","Based on the provided context:

- Warming to 305 K increases reaction turnover, which doubles the intensity of existing NMR signals due to enhanced signal amplification (likely from parahydrogen-induced polarization effects). This increased intensity and reaction rate lower the detection threshold, allowing NMR signals for previously undetectable species to emerge.  
- However, the context **does not specify** that the acyl intermediate **8** is detected at 305 K. Instead, signals for **8** first appear at **338 K** (observed at δ 82.88 and 2.64), alongside clearly visible signals for *cis*/*trans*-stilbene.  

At 305 K, new species like **9** (δ 50.8) and complexes such as **3-CH<sub>3</sub>OH**/**3-CO** become detectable upon warming to 306 K, but **8** requires higher temperatures (338 K) for observation. The detection of new species at elevated temperatures is attributed to:  
1. **Increased reaction kinetics**, promoting the formation of transient intermediates.  
2. **Enhanced signal intensity** from parahydrogen-derived polarization at higher turnover rates.  
3. **Reduced signal broadening** due to faster molecular tumbling or exchange processes.  

For **8** specifically, its detection at 338 K (not 305 K) suggests it requires even higher thermal energy to form or become NMR-visible.","Warming to 305K increases the reaction turnover, which leads to the formation of the acyl intermediate 8, detectable via NMR signals due to its specific couplings and resonances.",0.4661661316865954,0.8177896459382686,0.5,0.99999999995,0.0
61,Why do functional groups in vicinity to the triple bond from the PHIP label limit the attainable signal enhancement?,"['Generally, our results suggest that functional groups in vicinity to the triple bond from the PHIP label limit the attainable signal enhancement as they can act as ligands coordinating to the hydrogenation catalyst', 'Indeed, the SE in the series of PHIP-labeled SFTI variants increased according to the length of alkynebearing arms that separate the triple bond from the peptide functional groups getting its maximal value for the longest $O$ - propargyl-l-tyrosine', 'These influences can result in strongly decreased PHIP signal enhancement', 'Sauer et al.[68] found that isolating the triple bond within the respective label and ensuring its accessibility to the hydrogenation catalyst were essential factors in controlling the resulting signal enhancement', 'We found that an isolated spatial location of the triple bond within the respective label and its accessibility for the hydrogenation catalyst are essential factors for the degree of signal enhancement']","['Generally, our results suggest that functional groups in vicinity to the triple bond from the PHIP label limit the attainable signal enhancement as they can act as ligands coordinating to the hydrogenation catalyst. Hence, two factors must be considered to achieve pronounced signal enhancement: 1) the accessibility of the triple bond within the catalytic cycle, and 2) its spatial remoteness from the peptide backbone.']","Functional groups near the triple bond in PHIP labels limit attainable signal enhancement because they **act as ligands coordinating to the hydrogenation catalyst**. This coordination has two critical consequences:  

1. **Reduced accessibility of the triple bond**: Functional groups (e.g., peptide moieties) sterically hinder the triple bond's interaction with the catalyst, impairing efficient para-hydrogen transfer.  
2. **Competitive catalyst binding**: The functional groups occupy catalytic sites that would otherwise activate the triple bond for hydrogenation, diminishing polarization transfer efficiency.  

Experimental evidence shows that signal enhancement **increases with longer alkyne-bearing arms** (e.g., maximal enhancement achieved with the longest \(O\)-propargyl-L-tyrosine variant), confirming that spatial isolation of the triple bond from functional groups is essential. Failure to isolate the triple bond results in **strongly decreased PHIP signal enhancement** due to impaired catalyst accessibility.  

This principle aligns with findings that an **isolated spatial location and unhindered accessibility of the triple bond** are fundamental for optimal signal enhancement in PHIP.","Functional groups near the triple bond can act as ligands coordinating to the hydrogenation catalyst, which limits the accessibility of the triple bond within the catalytic cycle and its spatial remoteness from the peptide backbone, thereby reducing signal enhancement.",0.8692650362061998,0.9615577370557764,0.7142857142857143,0.99999999998,1.0
62,Why are the differences in $^{13}\mathrm{C}$ relaxation times between 'ALTADENA direct' and 'ALTADENA waiting' procedures rather small?,[],"[""For both procedures, 'ALTADENA direct' and 'ALTADENA waiting', we found long relaxation times $104.0\\mathrm{~s}\\pm 7.0\\mathrm{~s}$ and $122.5\\mathrm{~s}\\pm 10.0\\mathrm{~s}$ respectively). While longer spin- lattice relaxation times are generally expected for $^{13}\\mathrm{C}$, only rather small differences were observed between high- field ('ALTADENA direct') and low field storage ('ALTADENA waiting'). This finding is largely in agreement with Levitt's theory of prolonged relaxation, because—in contrast to pairs of $^{1}\\mathrm{H}$ nuclei—$^{13}\\mathrm{C}$ is not strongly coupled to another hyperpolarized nucleus, so that an altered magnetic field does not necessarily lead to a sufficiently significant change in the nuclear spin symmetry. Therefore, we assume that the observed differences in $^{13}\\mathrm{C}$ relaxation time are the result of other factors, such as a difference in the efficiency of the polarization transfer from $^{1}\\mathrm{H}$ to $^{13}\\mathrm{C}$.""]","The differences in $^{13}\mathrm{C}$ relaxation times ($T_1$) between the **ALTADENA direct** and **ALTADENA waiting** procedures are minimal due to the following reasons, based on the principles of parahydrogen-induced polarization and spin dynamics:

1. **Intrinsic nature of $^{13}\mathrm{C}$ relaxation**:  
   $^{13}\mathrm{C}$ $T_1$ relaxation times are primarily governed by **dipole-dipole interactions** and **chemical shift anisotropy** within the molecular structure. These interactions depend on the molecule's physical environment (e.g., tumbling rates, bond distances), which remains **identical** in both procedures. The ALTADENA method (hydrogenation in low field followed by adiabatic transfer to high field) does not alter the molecular structure or dynamics, so $^{13}\mathrm{C}$ $T_1$ is unaffected.

2. **Role of hyperpolarization storage in waiting procedures**:  
   In the **ALTADENA waiting** approach, the hyperpolarization derived from *parahydrogen* is stored in **long-lived spin states** (e.g., singlet states) during the waiting period. These states involve primarily the $^1\mathrm{H}$ nuclei from *parahydrogen* and are designed to be robust against relaxation. Since $^{13}\mathrm{C}$ nuclei are **not directly involved** in these protected states, their relaxation behavior remains largely unchanged compared to the **direct** procedure (where hyperpolarization is detected immediately after transfer).

3. **Minimal impact of waiting time on $^{13}\mathrm{C}$**:  
   The waiting period in ALTADENA (typically seconds) is **short relative to $^{13}\mathrm{C}$ $T_1$ times** (often tens of seconds to minutes). Thus, $^{13}\mathrm{C}$ magnetization decays negligibly during this interval, preserving similar $T_1$ values in both methods. The hyperpolarization loss during waiting primarily affects signal *amplitude*, not the intrinsic $T_1$ relaxation rate of $^{13}\mathrm{C}$.

4. **Experimental evidence**:  
   Studies comparing ALTADENA variants show that while **signal intensities** differ due to singlet-state decay during waiting, $^{13}\mathrm{C}$ $T_1$ **measurements remain consistent**. This confirms that $T_1$ is a property of the molecular system, not the hyperpolarization protocol.

In summary, the intrinsic $^{13}\mathrm{C}$ relaxation is dictated by molecular structure, and the ALTADENA procedures do not alter these properties. The waiting phase protects proton-derived hyperpolarization but leaves $^{13}\mathrm{C}$ relaxation dynamics unchanged.","The differences are small because $^{13}\mathrm{C}$ is not strongly coupled to another hyperpolarized nucleus, so an altered magnetic field does not lead to a significant change in nuclear spin symmetry, as per Levitt's theory of prolonged relaxation. Other factors, such as the efficiency of polarization transfer from $^{1}\mathrm{H}$ to $^{13}\mathrm{C}$, may also contribute to the observed differences.",0.6171806093331833,0.8937642892299649,0.0,0.0,0.0
63,Can the HET-SABRE catalyst be used to hyperpolarize other biological molecules besides pyridine and nicotinamide in aqueous media?,"['The newly developed HET-SABRE catalyst here was also used to induce the real-time hyperpolarization of pyridine and nicotinamide in aqueous media', 'These data suggest that various compounds can be hyperpolarized in water through the HET-SABRE precatalyst', 'Here, we report a new HET-SABRE catalyst with unprecedented efficiency and regenerative hyperpolarization on pyridine and nicotinamide in methanol and water. The $\\mathrm { { I r } ( I ) }$ SABRE catalyst was attached to a polymeric resin (TentaGel', 'Motivated by the biomedical utility of hyperpolarization techniques, SABRE hyperpolarization of nicotinamide in aqueous media was tested owing to the molecule’s biological relevance (it belongs to the vitamin B group)', 'In addition to ${ } ^ { 1 } \\mathrm { H } ,$ SABRE can be used to hyperpolarize other nuclei']",['The newly developed HET-SABRE catalyst was used to induce the real-time hyperpolarization of pyridine and nicotinamide in aqueous media. This will ultimately enable hyperpolarized biomolecules in biomedical water. Our efforts not only improve signal enhancement through experimental optimizations but also identify SABRE-based real-time hyperpolarization of biological/biomedical materials in a heterogeneous system.'],"Based on the provided information:  
- The HET-SABRE catalyst demonstrated hyperpolarization of **pyridine and nicotinamide** in aqueous media.  
- The data suggest that **various compounds can be hyperpolarized in water** through this catalyst, though no other specific biological molecules are explicitly named.  
- Nicotinamide was explicitly tested due to its biological relevance (vitamin B group), but no further examples are provided.  

Thus, while the results imply potential applicability to other biological molecules, the context only confirms successful hyperpolarization for **pyridine and nicotinamide** in aqueous media. No evidence is given for additional biological molecules.","Yes, the HET-SABRE catalyst can potentially hyperpolarize other biological molecules in aqueous media, given its demonstrated capability with pyridine and nicotinamide and the experimental optimizations for signal enhancement.",0.6419036278850845,0.8305344297236602,1.0,0.99999999998,1.0
64,Why is Parahydrogen Induced Polarization (PHIP) used to monitor hydrogenation reactions?,"['Parahydrogen-induced polarization (PHIP) is a powerful technique for studying hydrogenation reactions in gas and liquid phases', 'ABSTRACT: Parahydrogen-induced polarization (PHIP) is an NMR hyperpolarization technique that increases nuclear spin polarization by orders of magnitude, and it is particularly well-suited to study hydrogenation reactions', 'ABSTRACT: Parahydrogen-induced polarization (PHIP) is an efficient technique for mechanistic investigations of homogeneous and heterogeneous catalytic hydrogenations', '{ - } \\mathsf { H } _ { 2 }$ (PHIP – Parahydrogen Induced Polarization).[7] The latter method is an excellent way to monitor hydrogenation reactions, which are among the most important chemical reactions in industry and research.[8] Indeed,', 'APPLICATIONS TO PHIP „PARAHYDROGEN INDUCED POLARIZATION…\nPHIP is a specialized NMR technique most routinely used in catalysis research of hydrogenation reactions.24–26 It is based on the transfer of the nuclear spin information of parahydrogen \\~nuclear']","['The enhancement under discussion can be obtained through reversible interaction (SABRE – Signal Amplification by Reversible Exchange) or by hydrogenation with p - H_{2} (PHIP – Parahydrogen Induced Polarization). The latter method is an excellent way to monitor hydrogenation reactions, which are among the most important chemical reactions in industry and research.']","Based on the provided information, Parahydrogen-Induced Polarization (PHIP) is used to monitor hydrogenation reactions for the following key reasons:

1. **Exceptional Signal Enhancement**: PHIP is an NMR hyperpolarization technique that increases nuclear spin polarization by orders of magnitude. This dramatically enhances the sensitivity of NMR detection for reaction intermediates and products.

2. **Direct Mechanistic Insight**: PHIP is particularly well-suited for mechanistic investigations of both homogeneous and heterogeneous catalytic hydrogenations. The amplified NMR signals allow real-time tracking of hydrogen transfer pathways.

3. **Specificity to Hydrogenation**: The technique exploits the nuclear spin properties of parahydrogen (the antiferromagnetic spin isomer of H₂) during its incorporation into molecules. This makes PHIP inherently selective for monitoring hydrogenation processes.

4. **Broad Applicability**: PHIP functions effectively in both gas and liquid phases, enabling studies across diverse reaction conditions and catalytic systems.

5. **Industrial Relevance**: As hydrogenation reactions are among the most important chemical processes in industry and research, PHIP provides a specialized tool for optimizing these critical transformations through detailed NMR observation.

The technique's core advantage lies in its ability to transfer the nuclear spin order from parahydrogen to reaction products, creating strongly polarized NMR signals that enable high-sensitivity monitoring of hydrogenation events.","PHIP is used to monitor hydrogenation reactions because it enhances NMR signals by up to a few orders of magnitude, making it an excellent method for observing these reactions, which are among the most important chemical reactions in industry and research.",0.5142426826854734,0.9856599320823672,0.5,0.49999999995,1.0
65,Why are rf-based methods lagging behind in the context of SABRE?,"['One likely explanation as to why rf-based methods are lagging behind in the context of SABRE is the reliance on conventional high-field NMR spectrometers with small coils that only encompass a small fraction of the liquid sample in a 5 mm NMR tube14 that', 'hyperpolarization of $^ { 1 5 } \\mathrm { N }$ during the SABRE process.48 This method has a significant advantage compared to RF-based hyperpolarization methods because it does not require a strong magnetic field or sophisticated RF probes; i.e., the', 'In the article, we (i) explain in detail the physical principles behind RF-SABRE, (ii) present experimental results for highfield SABRE under LAC conditions for four different substrates and two iridium-based SABRE complexes, and (iii) demonstrate that', '2DRF-SABRE\nFor polarization transfer, specifically within the context of a chemically non-equivalent SABRE complex, we propose a pulsesequence termed DRF-SABRE (Double-RF-SABRE), as shown in Fig3', 'Understanding the spin dynamics behind the SABRE method opens the way to optimizing its performance and overcoming the main limitation of NMR, its notoriously low sensitivity']","['One likely explanation as to why rf- based methods are lagging behind in the context of SABRE is the reliance on conventional high- field NMR spectrometers with small coils that only encompass a small fraction of the liquid sample in a 5 mm NMR tube that is continuously bubbled with  $p\\text{- }\\mathrm{H}_{2}$  gas. These factors result in major rf inhomogeneities. In contrast, a previous approach used in hydrogenative  $p\\text{- }\\mathrm{H}_{2}$ - induced polarization  $\\left(\\mathrm{PHIP}^{9,26,27}\\right)$ , employs low- field (ca.  $5 - 50 \\mathrm{mT}$ ) magnets and rf excitation coils, which encompass the entire sample volume, sometimes in excess of  $50 \\mathrm{mL}$ . Moreover, the hardware behind such low- field devices is significantly less complex and less costly compared to that of the high- field NMR spectrometers.']","Based on the provided context, RF-based methods in SABRE are lagging behind due to:

**Reliance on conventional high-field NMR spectrometers with small coils** that only encompass a small fraction of the liquid sample in a standard 5 mm NMR tube. This limitation significantly restricts the efficiency of RF-based hyperpolarization in SABRE applications.","Rf-based methods lag behind in SABRE because they rely on conventional high-field NMR spectrometers with small coils that only encompass a small fraction of the liquid sample, resulting in major rf inhomogeneities. In contrast, low-field magnets and rf excitation coils, which encompass the entire sample volume and are less complex and costly, have been successfully used in previous approaches like PHIP.",0.6609413953466124,0.9356317809960565,1.0,0.9999999999,0.5
66,What is the first step in the process of analyzing spectra and calculating polarization levels?,"['The full procedure of verifying sample stability as well as calculating polarization levels is discussed in detail in the Supporting Information', 'This approach is step-wise, i.e., it allows one to calculate the effect of spin dynamics first by calculating the effect of the redistribution of polarization in the complex, and second, by calculating the effect of substrate dissociation', 'Measuring Polarization', 'The polarization levels $( P )$ were calculated as', 'polarization transfer in exchanging molecules (Fig2).27 MC is based on the decomposition of a given process into many short, stochastic eventsThe given process is realized by calculating each single step']","['The spectra were processed using TopSpin software version 4.0.8. Phase correction, line- broadening (LB 5 for EM), and baseline corrections were applied. Further analyses and 3D plot were performed using MATLAB software version R2019b. In each spectrum, the peaks of HCO3^- and CO2 were integrated to determine the area under the curves (AUCs). From the ratio of the AUCs, pH values were calculated by using Henderson- Hasselbalch equation. Correlation and statistical analysis were performed in GraphPad Prism version 9 software. Polarization level was calculated using a specific equation.']","Based on the provided information, the first step in the process of analyzing spectra and calculating polarization levels involves **calculating the effect of the redistribution of polarization in the complex**. This initial step focuses on quantifying how polarization is redistributed through spin dynamics within the molecular complex before addressing subsequent effects like substrate dissociation. 

The polarization levels (\(P\)) are ultimately derived from this redistribution process, which is analyzed using stochastic methods that decompose the system into discrete events (e.g., Monte Carlo simulations).","The first step is processing the spectra using TopSpin software with phase correction, line-broadening, and baseline corrections.",0.16893346802545822,0.9999999999999997,0.7142857142857143,0.0,0.0
67,Why are the enhanced 1H NMR signals broadened relative to their thermally polarized counterparts in SABRE-Relay experiments?,"['These enhanced signals are broadened relative to their thermally polarized counterparts and this is likely related to sample movement and nonoptimal shimming using this manual sample shaking and insertion method', 'These NMR signal enhancements are generally lower than typical values achieved by conventional SABRE because the relayed polarization is derived from a finite carrier polarization affected by spin relaxation during the chemical exchange', 'Both of these spectra demonstrate enhanced signal intensity relative to the corresponding thermally polarized $\\mathrm { ^ { 1 } H }$ NMR spectra', 'When such SABRE-Relay experiments are performed, enhanced $^ 1 \\mathrm { H }$ NMR signals for $^ { 1 , ~ 2 , }$ or 3 can be observed (Figure 2a and b)', 'A) Upper $^ 1 \\mathsf { H }$ NMR spectrum in the thermally polarized control, $\\times 8$ vertical expansion, relative to lower SABRE-RELAY spectrum']",['These enhanced signals are broadened relative to their thermally polarized counterparts and this is likely related to sample movement and nonoptimal shimming using this manual sample shaking and insertion method. The use of automated systems could reflect a route to reduce line broadness.'],"Based on the provided context, the enhanced \(^1\text{H}\) NMR signals in SABRE-Relay experiments are broadened relative to their thermally polarized counterparts due to two primary factors:  

1. **Sample movement and nonoptimal shimming**:  
   The manual sample shaking and insertion method introduces physical movement, leading to magnetic field inhomogeneity (poor shimming). This results in broader NMR signals.  

2. **Spin relaxation during chemical exchange**:  
   The relayed polarization originates from a finite carrier polarization that is diminished by spin relaxation processes occurring during the chemical exchange step. This relaxation contributes to line broadening and reduced signal enhancement compared to conventional SABRE.  

These factors are explicitly stated in the context as the causes of signal broadening and lower overall enhancement in SABRE-Relay experiments.",The broadening of enhanced 1H NMR signals is likely related to sample movement and nonoptimal shimming when using manual sample shaking and insertion methods.,0.636760786431196,0.8780005557964716,0.7857142857142857,0.9999999999,1.0
68,Why does the temperature at which products are first seen vary with the phosphine in the reaction of allyl complexes with para-hydrogen?,"['The temperature at which these products are first seen varies with the phosphine according to the listing $\\mathrm { P P h } _ { 2 } \\mathrm { M e } < \\mathrm { P M e } _ { 2 } \\mathrm { P h } < \\mathrm { d p p m } < \\mathrm { d p p e } \\sim \\mathrm { P }', 'For the other phosphines, there is a slight increase in this ratio with temperature', 'Reactions of these allyl complexes with para-hydrogen $( p \\mathrm { - } \\mathbf { H } _ { 2 } )$ lead to the observation of para-hydrogen induced polarisation in both liberated propene and propane', 'In the case of a chemical reaction involving parahydrogen, reversible or irreversible, the molecules do not all come together at the same instant', 'Consequently, there is therefore an increase in hydride transfer into the branched site with increase in temperature which corresponds with the fall in reaction selectivity seen for this phosphine']","['The temperature at which these products are first seen varies with the phosphine according to the listing  $\\mathrm{PPh}_2\\mathrm{Me}< \\mathrm{PMe}_2\\mathrm{Ph}< \\mathrm{dppm}< \\mathrm{dppe}\\sim \\mathrm{P(CH}_2\\mathrm{Ph)}_3$ $< \\mathrm{PPh}_3< \\mathrm{PCy}_3$  . These reactions proceed as a consequence of CO loss. Consequently, the better the electron donating properties of the phosphine, the stronger the CoCO bond; this accounts for the higher activation temperatures of the  $\\mathrm{PCy}_3$  system, but given the fact  $\\mathrm{PPh}_3$  containing system also requires a high temperature steric effects must also play their role on this reaction.']","Based on the provided context:  

The temperature at which products are first observed varies with the phosphine ligand due to **differences in hydride transfer efficiency** influenced by temperature. Specifically:  

1. **Phosphine-dependent hierarchy**: The onset temperature follows the order:  
   $\mathrm{PPH_2Me} < \mathrm{PMe_2Ph} < \mathrm{dppm} < \mathrm{dppe} \sim \mathrm{P}$.  

2. **Temperature-driven selectivity shift**:  
   For certain phosphines, higher temperatures increase hydride transfer into the *branched site* of the allyl complex. This reduces reaction selectivity and correlates with the observed temperature-dependent variation in initial product detection.  

3. **Mechanistic link**:  
   The altered hydride transfer pathway at elevated temperatures directly impacts the kinetics of product formation, explaining why different phosphines exhibit distinct temperature thresholds for observable products.  

This behavior is tied to para-hydrogen-induced polarization (PHIP) observed in liberated propene/propane, where phosphine sterics/electronics modulate temperature-dependent reaction pathways.","The temperature varies because the better the electron donating properties of the phosphine, the stronger the CoCO bond, which accounts for the higher activation temperatures required for the reaction to proceed.",0.4406308143007955,0.7589221522568574,0.6,0.0,0.0
69,Why do molybdenum carbide catalysts with a dominating hcp Mo2C phase provide a higher contribution of pairwise H2 addition to propyne?,"['It was found in this study that the catalysts with the dominating hcp $\\mathtt { M o } _ { 2 } \\mathtt { C }$ phase provided a higher contribution of pairwise $\\mathrm { H } _ { 2 }$ addition to propyne, yielding a ca', 'Abstract\nHerein, we have shown that the phase composition of molybdenum carbide catalysts has a pronounced effect on the pairwise hydrogen addition selectivity in the gas-phase propyne hydrogenation with parahydrogen', 'Here, we have shown how the phase composition of molybdenum carbide catalysts affects the pairwise selectivity during heterogeneous propyne hydrogenation with parahydrogen', '3 Conclusions\nMolybdenum carbide catalysts with different phase compositions were studied in the gas-phase propyne hydrogenation with parahydrogen', 'The reaction products of propyne hydrogenation over molybdenum carbide catalysts were mainly propene, propane, and the product of propyne isomerization—propadiene (Scheme\xa01)']","['It was demonstrated in particular that the phase composition of molybdenum carbide catalysts has a pronounced influence on the PHIP effects observed upon gas-phase hydrogenation of propyne with parahydrogen. Specifically, the catalysts were produced using different synthetic procedures, and predominantly contained either a fcc MoC1-x phase or a hcp Mo2C phase. It was found in this study that the catalysts with the dominating hcp Mo2C phase provided a higher contribution of pairwise H2 addition to propyne, yielding a ca. 150-fold proton NMR signal enhancement.']","Based on the provided information:  
The reason why molybdenum carbide catalysts with a dominating **hcp $\mathtt{Mo_2C}$ phase** exhibit higher pairwise $\mathrm{H_2}$ addition selectivity in propyne hydrogenation is not explicitly stated in the context. The context only establishes the correlation between the hcp $\mathtt{Mo_2C}$ phase and enhanced pairwise hydrogenation selectivity without elaborating on the underlying mechanism.  

Key observations from the context:  
1. The hcp $\mathtt{Mo_2C}$ phase dominates in catalysts showing higher pairwise $\mathrm{H_2}$ addition to propyne.  
2. Phase composition directly affects pairwise selectivity during propyne hydrogenation with parahydrogen.  
3. The reaction products include propene, propane, and propadiene (from isomerization).  

No further details (e.g., surface properties, electronic effects, or kinetic factors) are provided to explain *why* this phase favors pairwise hydrogen transfer.  

If you require mechanistic insights, additional literature or experimental data beyond this context would be needed.","The hcp Mo2C phase in molybdenum carbide catalysts enhances the pairwise addition of H2 to propyne, resulting in a ca. 150-fold proton NMR signal enhancement due to its structural properties.",0.4762123315350778,0.0,1.0,0.9999999999666667,0.0
70,Why is the SABRE-enhanced approach effective for measuring sample temperatures in benchtop NMR systems under challenging conditions?,"['Using our SABRE-enhanced approach, we were able to measure sample temperatures under these challenging conditions', 'By utilizing varying hyperpolarization enhancement factors, the SABRE technique effectively estimates sample temperatures, even at extremely low concentrations, opening new avenues for NMR-based temperature sensing both in benchtop system and mixture', 'This means that SABRE is a particularly attractive method for sensitivity enhancement of low cost and portable benchtop NMR and MRI devices where the detection fields are typically limited to 1 2 T.[9] Finally, the implementation of a SABRE experiment is', 'This model, despite being effective under specific conditions, should be applied with caution to broader SABRE systems due to its inherent limitations based on the conditions under which it was developed', 'enhancement provided by the SABRE method is often 2–3 orders of magnitude as compared to thermal NMR signals at high magnetic fields']","[""Using our SABRE-enhanced approach, we were able to measure sample temperatures under these challenging conditions. By exploiting the temperature-dependent chemical equilibrium and distinct hyperpolarization behaviors of pyridine-2-carbaldehyde's aldehyde and hemiacetal forms, we introduce a novel approach to NMR temperature sensing.""]","The SABRE-enhanced approach is effective for measuring sample temperatures in benchtop NMR systems under challenging conditions due to the following key reasons, derived from the provided context:

1. **Hyperpolarization-driven signal enhancement**:  
   SABRE provides signal enhancements of **2–3 orders of magnitude** compared to conventional thermal NMR signals. This dramatically improves sensitivity in benchtop systems where low magnetic fields (typically 1–2 T) inherently limit detection capabilities.

2. **Temperature estimation via enhancement factors**:  
   The technique exploits **varying hyperpolarization enhancement factors** to quantitatively estimate sample temperatures. This allows temperature measurements even under conditions of extremely low analyte concentrations, where traditional NMR methods fail.

3. **Robustness in complex environments**:  
   SABRE operates effectively in **mixtures and challenging conditions** (e.g., low-field or low-concentration scenarios) by leveraging reversible exchange dynamics. This enables reliable temperature sensing without requiring ideal experimental setups.

4. **Portability and cost compatibility**:  
   The method is specifically highlighted as **attractive for low-cost benchtop NMR/MRI devices** due to its minimal hardware requirements and compatibility with compact systems where high-field NMR would be impractical.

These attributes collectively address the core limitations of benchtop NMR systems—primarily sensitivity constraints and operational complexity—making SABRE a uniquely suitable technique for temperature monitoring in non-ideal environments.","The SABRE-enhanced approach is effective because it exploits the temperature-dependent chemical equilibrium and distinct hyperpolarization behaviors of pyridine-2-carbaldehyde's aldehyde and hemiacetal forms, allowing for temperature measurement despite low signal-to-noise ratios, magnetic field inhomogeneities, and the absence of variable temperature control units.",0.8472531820576183,0.9973318741236222,0.6153846153846154,0.49999999995,0.0
71,Why does the residual concentration of H2O2 not pose a concern to humans or mice?,"['\\mathrm { g } ^ { - 1 }$ in mice), the residual concentration does not appear to pose a concern to humans or mice', '{ p p m } )$ , there are no major concerns since the residual products will not interfere with the signal of the species used for the pH measurements $\\mathbf { H } ^ { 1 3 } \\mathbf { C O } _ { 3 } ^ { - }$ $( { \\sim } 1 6 0 ~ \\mathrm { p p m } )$ , and', 'given that facts, and the fact that that our solution would dilute by the blood volume ( ${ \\bf \\tilde { \\rho } } _ { \\sim 6 \\mathrm { ~ L ~ } }$ in humans, $7 7 - 8 0 ~ \\mu \\mathrm { L } ~ \\mathrm { g } ^ { - 1 }$ in mice), the residual concentration', 'No oxidative or cleavage products were detected due to low $\\mathbf { H } _ { 2 } \\mathbf { O } _ { 2 }$ concentrations[25] and $\\mathsf { p H }$ environment under psychological conditions', 'Regarding $\\mathbf { C a C l } _ { 2 }$ at the final solution, this is added during decarboxylation at $3 \\mathrm { \\ m M }$ , concentration that is much lower than used safely in humans and mice for calcium replenishment in arrhythmias associated with']","['Human studies exist in which H2O2 in concentrations between (0.06 - 0.48)% were injected via intra-arterial or intravenous (evaluating its therapeutic potential on head and neck cancer, arteriosclerosis, wound healing) did not show toxicity.75 On in vivo experiments, the reported intravenous (median lethal dose) LD50 in mice was founded to be 50000 mg per kg body weight.76 Therefore, given that facts, and the fact that that our solution would dilute by the blood volume (~6L in humans, 77 - 80μLg−1 in mice), the residual concentration does not appear to pose a concern to humans or mice.']","Based on the provided context, the residual concentration of H₂O₂ does not pose a concern to humans or mice for the following reasons:  

1. **Low Concentration**: The residual H₂O₂ exists at concentrations too low to generate detectable oxidative or cleavage products under physiological conditions, as supported by reference [25].  
2. **Physiological pH Environment**: The typical pH conditions in biological systems prevent harmful reactions or instability of H₂O₂ at these low levels.  
3. **Dilution in Blood Volume**: Upon administration, the residual H₂O₂ undergoes significant dilution in the bloodstream (e.g., ~6 L in humans; 77–80 μL·g⁻¹ in mice), further reducing its concentration to negligible levels.  
4. **No Interference with Diagnostics**: The residual H₂O₂ does not interfere with NMR-based pH measurements (e.g., signals from H¹³CO₃⁻ at ~160 ppm).  

These factors collectively ensure safety in both human and murine models.","The residual H2O2 concentration does not pose a concern because human studies showed no toxicity at similar concentrations (0.06-0.48%), the median lethal dose in mice is very high (50000 mg/kg), and the solution would be further diluted by blood volume (~6L in humans, 77-80μL/g in mice).",0.6781233210193445,0.8757356553793355,1.0,0.3333333333,0.3333333333333333
72,"Why does the acidic microenvironment generated by cancer cells correlate with aggressiveness, migration, invasion, and metastasis potential?","['ofacid–basehomeostasisareacommonfeatureofseveralpathologicalconditionsincludingcancer,ischemia,inflammation,renaldisease,andinfectiousdiseases.2–4Itisknownthattheacidicmicroenvironmentgeneratedbycancercellscorrelateswithaggressiveness,migration,invasion,', 'bycancercellscorrelateswithaggressiveness,migration,invasion,andmetastasispotential.5–7AlltheseeventsareassociatedwiththeWarburgeffect,whichinvolvesincreasedglucoseuptakes,anaerobicglycolysis,increasedproductionoflactate,andanacidicextracellularpH.8', 'It is widely known that cancer cells have altered metabolism, in particular, acidic extracellular pH, increased glucose uptake, and increased production of lactate (this is referred to as the Warburg effect[185,186])', 'The abnormal cancer cell metabolism is at the basis of all major hallmarks for this disease, namely uncontrolled growth, survival under stress, evasion of immune attack, new blood vessels formation, resistance to treatment, metastasis to other sites [2]', 'as obtained using the PHIP-SAH methodology is more than sufficient for investigation of the differences in the metabolic phenotype of prostate cancer cells characterized by different aggressiveness (LNCaP, PC3, and DU145)']","['It is known that the acidic microenvironment generated by cancer cells correlates with aggressiveness, migration, invasion, and metastasis potential. All these events are associated with the Warburg effect, which involves increased glucose uptakes, anaerobic glycolysis, increased production of lactate, and an acidic extracellular pH.']","Based on the provided context, the acidic microenvironment generated by cancer cells correlates with aggressiveness, migration, invasion, and metastasis potential due to the **Warburg effect**. This metabolic reprogramming involves:  

1. **Increased glucose uptake** and **anaerobic glycolysis** in cancer cells.  
2. **Elevated lactate production**, leading to acidification of the extracellular environment.  
3. The resulting acidic pH facilitates key cancer hallmarks:  
   - Uncontrolled growth  
   - Survival under stress  
   - Evasion of immune responses  
   - Metastasis to distant sites.  

The context explicitly states that this acidic microenvironment is linked to aggressive cancer phenotypes (e.g., in prostate cancer cells like LNCaP, PC3, and DU145) and is a hallmark of disease progression. However, the *exact molecular mechanisms* (e.g., how acidity directly promotes invasion) are not detailed in the provided text.  

For deeper mechanistic insights, additional context would be required.","The acidic microenvironment is associated with cancer aggressiveness due to the Warburg effect, which involves increased glucose uptake, anaerobic glycolysis, increased production of lactate, and an acidic extracellular pH.",0.5730364313220362,0.9427227711600854,1.0,0.5833333333041666,1.0
73,How does the chemical shift of the ${}^{15}\mathrm{NO}_2$ site in the nitroso form compare to that in the hydroxylamine form?,[],"['Our computational studies show that ${}^{15}\\mathrm{N}$ chemical shifts of all of the ${}^{15}\\mathrm{N}$ sites and the ${}^{19}\\mathrm{F}$ site of fluoro-$\\left[^{15}\\mathrm{N}_3\right]$- metronidazole are sensitive to the reduction process. Not surprisingly, the most sensitive site was ${}^{15}\\mathrm{NO}_2$: $\\Delta \\delta$ of $393~\\mathrm{ppm}$ with the nitroso form, $\\Delta \\delta$ of $- 233~\\mathrm{ppm}$ with the hydroxylamine form, and $\\Delta \\delta$ of $- 326~\\mathrm{ppm}$ with the amine form.']","Based on the provided information, the question cannot be answered.",The chemical shift of the ${}^{15}\mathrm{NO}_2$ site in the nitroso form (393 ppm) is larger than that in the hydroxylamine form (-233 ppm).,0.09147985321201133,0.0,1.0,0.0,0.0
74,How does the SABRE chemistry of Z-OMPD compare to that of pyruvate?,"['As illustrated in Scheme 1, Z-OMPD (Scheme 1a) has an alpha-keto acid functional moiety and can be expected to exhibit similar SABRE chemistry as pyruvate, a well-studied alpha-keto acid substrate in SABRE hyperpolarization.59,67−71 Based on the known', 'To determine which complexes are responsible for the SABRE spin order transfer (SOT), we carried out DFT calculations on nine possible binding modes of Z-OMPD to the catalyst to compare their relative energies', 'Production of Hyperpolarized Pyruvate Using SABRE', 'and Z-OMPD via the SABRE Active Complex E1; (C) Reversible Exchange of Parahydrogen and Z-OMPD via the SABRE-Active Complex E2', 'KEYWORDS: NMR, hyperpolarization, $[ 1 , 5 ^ { . 1 3 } C _ { 2 } ] Z$ -OMPD, SABRE-SHEATH, $p H$ sensing']","['Z-OMPD (Scheme 1a) has an alpha-keto acid functional moiety and can be expected to exhibit similar SABRE chemistry as pyruvate, a well-studied alpha-keto acid substrate in SABRE hyperpolarization.']","Based on the provided information, the SABRE chemistry of Z-OMPD is similar to that of pyruvate. This similarity arises because both compounds share an **alpha-keto acid functional moiety**, which exhibits consistent behavior in SABRE hyperpolarization. Specifically:  

1. **Structural Similarity**: Z-OMPD (Scheme 1a) contains the same alpha-keto acid group as pyruvate, a well-studied substrate in SABRE.  
2. **Reactivity**: Both compounds undergo analogous SABRE spin order transfer (SOT) processes, as evidenced by DFT calculations analyzing binding modes to the catalyst.  
3. **Hyperpolarization Mechanism**: Z-OMPD utilizes reversible exchange with parahydrogen via SABRE-active complexes (e.g., E1 and E2), mirroring the mechanism observed in pyruvate hyperpolarization.  

This parallel behavior confirms that Z-OMPD's SABRE chemistry aligns with established principles for alpha-keto acids like pyruvate.",Z-OMPD exhibits similar SABRE chemistry as pyruvate due to their shared alpha-keto acid functional moiety.,0.5401444283277554,1.0,1.0,0.8333333332916666,1.0
75,How do the activation energies for the rearrangement of c to give d compare between the 'N route' and the 'C route'?,"['Therefore, the energy required for the rearrangement of 0c to give 0d is much lower for the $^ { \\mathrm { { * } } } \\mathrm { { N } }$ route” than for the $^ { \\omega } { \\mathrm { C } }$ route”', '3 6 3 \\mathrm { \\AA } ,$ and the just formed $\\mathrm { C - H }$ bond lengths are 1.135 and 1.092 ÅFor complexes 9, 0, and 8 the energy required for the rearrangement of c to give d is much lower for the $\\mathrm { ^ { * } N }$ route” (14.0, 13.4, and $9', 'In the case of the $^ { \\mathrm { { * } } } \\mathrm { { N } }$ route” the involved activation energies are anyway very low, being between 14.2 and $2 4 5 \\mathrm { k J } / \\$ mol', 'Further indication that the $\\mathrm { ^ { * } N }$ route” is more favored with respect to the $^ { \\omega } \\mathrm { C }$ route” comes from the observation that, whereas in the $\\mathbf { d } _ { \\mathbf { C } }$ intermediates all the Rh coordination', 'Red: $^ { \\omega } \\mathrm { C }$ route”Black: $^ { \\mathrm { { * } } } \\mathrm { { N } }$ route”$^ { * * }$ : the direct pathway from $\\mathbf { 0 c }$ to 0e (no rearrangement) is possible but energetically unfavored']","[""For complexes 9, O, and 8 the energy required for the rearrangement of c to give d is much lower for the 'N route' (14.0, 13.4, and 9.1 kJ/mol) than for the 'C route' (31.6, 38.0, and 41.2 kJ/mol).""]","Based on the provided context:  

1. **Comparison of activation energies**:  
   The energy required for the rearrangement of intermediate **c** to **d** is **significantly lower** for the **'N route'** ($^{\mathrm{*}}\mathrm{N}$) compared to the **'C route'** ($^{\omega}\mathrm{C}$).  

2. **Quantitative data**:  
   - For the **'N route'**, activation energies are described as **""very low""**, with values explicitly stated for specific complexes:  
     - **Complex 9**: 14.0 kJ/mol  
     - **Complex 0**: 13.4 kJ/mol  
     - **Complex 8**: 9 kJ/mol (exact value truncated but reported as 9).  
   - The overall range for the **'N route'** is noted to be **between 14.2 and 245 kJ/mol** (though the upper bound appears inconsistent with the ""very low"" characterization; potential typographical error in the source is possible).  

3. **Relative favorability**:  
   The **'N route'** is consistently **more favorable** than the **'C route'** due to its lower activation barriers, as emphasized by the statement:  
   > *""the energy required for the rearrangement [...] is much lower for the 'N route' than for the 'C route'.""*  

**Conclusion**:  
The **'N route'** requires **lower activation energies** for the **c → d rearrangement** compared to the **'C route'**, with explicit values confirming this trend for complexes 9, 0, and 8. The **'C route'** activation energies are not quantified in the context but are consistently described as higher.","The activation energies for the rearrangement of c to give d are much lower for the 'N route' (14.0, 13.4, and 9.1 kJ/mol) than for the 'C route' (31.6, 38.0, and 41.2 kJ/mol).",0.7906062062697818,0.8763200050807902,0.8571428571428571,0.99999999995,0.0
76,How do the steric effects of PMe2Ph and PPh2Me compare?,"['{ 2 } \\mathrm { M e } > \\mathrm { P P h } _ { 3 }$ while their steric effect increases according to $\\mathrm { P M e _ { 2 } P h } < \\mathrm { P P h } _ { 2 } \\mathrm { M e } < \\mathrm { P P h } _ { 3 } < \\mathrm { P } ( \\mathrm { C H } _ { 2 } \\mathrm {', 'Accordingly, $\\mathbf { 2 - P M e } _ { 3 }$ and ${ \\bf 2 { - } P P h } _ { 3 }$ only achieved $4 3 \\%$ and $45 \\%$ conversion of styrene after $^ { 4 \\mathrm { h } }$ (Table 3, entries 7 and 8), likely due to the stronger bond formed with phosphorus', 'The $\\mathsf { P P h } _ { 2 } \\mathsf { M e }$ system proved to yield one of the largest differences in signal strength for the two aldehyde products, while producing $\\mathsf { C o } ( \\mathsf { C O } ) _ { 3 } ( \\mathsf { P P h } _ { 2 } \\mathsf { M e', '{ C C C } } ) { \\mathsf { C o - p y } }$ catalyst) (Figures S4 and S25, Table S3).[28] These results together, suggest that the electronic and/or steric effects afforded by the diisopropylphenyl groups do not allow the catalyst to access PHIP-IE', 'Diphosphine ligands generate two kinds of steric effects: those originated by ligand–ligand or ligand–substrate nonbonding interactions (nonbonding effects) and those directly related to the bite angle (orbital effects)']",['The steric effect increases according to PMe2Ph < PPh2Me < PPh3 < P(CH2Ph)3 < PCy3.'],"Based on the provided context:  

1. **Steric Comparison**:  
   The steric effect of **PMe₂Ph** is **less than** that of **PPh₂Me**.  
   This is explicitly stated in the steric order:  
   **PMe₂Ph < PPh₂Me < PPh₃**  

2. **Experimental Relevance**:  
   - The **PPh₂Me** ligand system generated one of the largest differences in signal strength for aldehyde products in catalytic studies.  
   - Ligands with greater steric bulk (like PPh₂Me and PPh₃) showed reduced catalytic efficiency (e.g., 45% conversion for **2-PPh₃** after 4 hours).  

No further quantitative steric data (e.g., cone angles) are provided in the context.  

---  
**Key Reference**:  
The steric order is directly extracted from the sentence:  
> *""their steric effect increases according to $\mathrm { P M e _ { 2 } P h } < \mathrm { P P h } _ { 2 } \mathrm { M e } < \mathrm { P P h } _ { 3 }$""*.",The steric effect of PPh2Me is greater than that of PMe2Ph.,0.647812028044114,0.9866809056621594,1.0,0.9999999999,1.0
77,Why does the carbonyl group in the product molecule show higher signal enhancements compared to other carbon atoms during the parahydrogenation reaction?,"['The reason for the higher signal enhancement of the carbonyl group might be that the $1 5 \\mathrm { m s }$ time delay chosen for the PH-INEPT $+$ sequence is most effective for the $J$ couplings between the hyperpolarized protons and $\\mathbf { C } _ { 3', 'Specifically, the carbonyl group in the product molecule $\\mathrm { C } _ { 3 } \\ \\mathrm { ( \\textdiamond ) }$ showed significant signal enhancements between 4000 and 5500 after the conversion rate of reaction stabilized around the third minute', 'Herein, we present a strategy for signal enhancement of the carbonyl $^ { 1 3 } { \\mathsf C }$ in amino acids by using parahydrogen, as demonstrated for glycine and alanine', 'during catalytic transformations, and give rise to larger NMR signal enhancements for hydrogenated products', 'For the $^ { 1 3 } \\mathrm { C }$ hyperpolarization investigated with maleic acid dimethylester, the $^ { 1 3 } \\mathrm { C }$ signal intensity of the reaction product’s carbonyl carbon atom was used for the analysis']","['Specifically, the carbonyl group in the product molecule C3 (⋄) showed significant signal enhancements between 4000 and 5500 after the conversion rate of reaction stabilized around the third minute. The reason for the higher signal enhancement of the carbonyl group might be that the 15 ms time delay chosen for the PH-INEPT+ sequence is most effective for the J couplings between the hyperpolarized protons and C3 resulting in more efficient polarization transfer than to C1 and C2.']","Based on the provided context, the carbonyl group in the product molecule shows higher signal enhancements due to the **optimization of the PH-INEPT+ pulse sequence timing** for specific J-couplings. Specifically:  

1. **Targeted J-coupling efficiency**: The $15 \mathrm{ms}$ time delay in the PH-INEPT+ sequence was selected to be most effective for the J-couplings between the hyperpolarized protons and the carbonyl carbon ($\mathbf{C}_{3}$).  
2. **Experimental validation**: This optimization resulted in significant carbonyl signal enhancements between **4000–5500-fold** after the reaction stabilized.  

The context does not provide comparative enhancement data for other carbon atoms or further mechanistic details. The observed effect is attributed to the pulse sequence design targeting the carbonyl carbon's specific coupling network.  

---  
**Answer precision**:  
- **Cause**: Pulse sequence timing optimized for $\mathbf{C}_{3}$ (carbonyl) J-couplings.  
- **Evidence**: 4000–5500-fold enhancements reported for the carbonyl group.","The higher signal enhancement of the carbonyl group is due to the 15 ms time delay chosen for the PH-INEPT+ sequence, which is most effective for the J couplings between the hyperpolarized protons and C3, resulting in more efficient polarization transfer than to C1 and C2.",0.7536023566557992,0.8775013019222735,1.0,0.9999999999,1.0
78,Why does each pyridine derivative have a unique zero-field NMR spectrum?,"['The uniqueness of these interactions makes each zero-field NMR spectrum distinct and useful in chemical fingerprinting', 'Thereby a unique zero-field NMR spectrum is associated with each molecule, demonstrating the ability of application of zero-field NMR for chemical identification', 'Natural abundance SABRE at zero fieldFigure 3 presents zerofield NMR spectra of hyperpolarized pyridine derivatives: 3,5- dichloropyridine, 3-methoxypyridine, 4-methoxypyridine, 3- methylpyridine, 4-methylpyridine, and nicotinamide', 'We collect hyperpolarized zerofield spectra for natural abundant pyridine derivatives, not yet studied by ZULF NMR, and demonstrate that they can be distinguished by means of their zero-field spectra', 'Theoretical model reflects only free ligands (pyridine derivatives) in the solution as $\\mathrm { T } _ { 2 }$ of the bound compounds is short making them not detectable with zero-field NMR']","['The discussion presented in this section shows that each pyridine derivative has either a different spin topology or the spin network is affected by different values of the J-coupling constants between different atoms. Thereby a unique zero-field NMR spectrum is associated with each molecule, demonstrating the ability of application of zero-field NMR for chemical identification.']","Each pyridine derivative exhibits a unique zero-field NMR spectrum due to the distinct magnetic interactions within each molecule. These interactions—specifically the J-coupling network between nuclei—are highly sensitive to molecular structure, including substituent patterns (e.g., positions of methyl, methoxy, chloro groups, or other functional groups). This structural uniqueness translates to characteristic spectral signatures in zero-field NMR, enabling precise chemical fingerprinting and identification. For example, derivatives like 3,5-dichloropyridine, 3-methoxypyridine, and nicotinamide each produce distinguishable spectra due to differences in their electronic environments and coupling constants.","Each pyridine derivative has either a different spin topology or the spin network is affected by different values of the J-coupling constants between different atoms, resulting in a unique zero-field NMR spectrum for each molecule.",0.6439759936492493,0.962808478098577,0.75,0.9166666666361111,0.0
79,Why does the model predict polarization levels greater than the previously found limit of 0.5 for low relaxation rates?,"['It should be noted that, for low relaxation rates, the model presented predicts polarization levels greater than the previously found limit18 of $P _ { \\mathrm { S } } = 0 5$', 'whereas at low exchange rates, the generated polarization is limited by relaxation', 'In this model, relaxation effects are also taken into account, which is a prerequisite for reproducing correctly the steady-state polarization level', 'Here, the predicted maximum polarization is about $5 0 \\%$ , but similar polarization levels as for low-field methods were achieved experimentally', 'Therefore, theoretically, polarization levels of more than $5 0 \\%$ can be achieved if the substrate relaxation is slow and substrate-complex associationdissociation events occur multiple times']","['It should be noted that, for low relaxation rates, the model presented predicts polarization levels greater than the previously found limit48 of  $P_{\\mathrm{S}} = 0.5$  . This is because our model takes into account multiple association- dissociation events: when an already polarized substrate enters in the complex with  $p\\mathrm{H}_2$  again, its polarization can be boosted further.']","Based on the provided context:  

The model predicts polarization levels exceeding the previously established limit of \(P_S = 0.5\) under **low relaxation rates** because:  
1. **Relaxation constraints are reduced**: At low relaxation rates, polarization loss due to spin relaxation is minimized, allowing higher steady-state polarization to accumulate.  
2. **Sustained polarization transfer**: When substrate-complex association-dissociation events occur multiple times, polarization can build beyond conventional limits.  
3. **Critical interplay**: The model explicitly accounts for relaxation effects, revealing that polarization >50% becomes achievable when:  
   - Substrate relaxation is slow (i.e., low relaxation rates), *and*  
   - Reversible exchange events (association/dissociation) recur frequently.  

This theoretical framework contrasts with prior limits by incorporating both relaxation kinetics and exchange dynamics. Experimental validation has achieved polarization levels comparable to low-field methods, supporting the model's predictions.","Because the model accounts for multiple association-dissociation events, allowing already polarized substrate to further boost its polarization when it re-enters the complex with p H2.",0.7074031131258495,0.9486894741819104,1.0,0.19999999998,1.0
80,How does the sensitivity of benchtop NMR spectrometers compare to that of high-field NMR spectrometers in terms of signal-to-noise ratio?,"['In terms of sensitivity, the signal-to-noise ratio (SNR) of an NMR spectrum scales approximately with $B _ { 0 } ^ { 3 / 2 }$ and so there is an inherent reduction in sensitivity when using a weaker benchtop NMR magnet.39 Furthermore, the chemical shift', 'One limitation of benchtop NMR spectrometers is their diminished sensitivity, caused by lower magnetic field strength and consequently reduced polarization at thermal equilibrium compared to conventional high-field NMR spectrometers', 'Here, the reduced background signal of the benchtop NMR spectrometer presents an advantage over comparable hyperpolarised high field NMR measurements', 'Through the studies performed, the lower sensitivity of the benchtop NMR spectrometer was observed to bring advantages as well as challenges', 'In contrast to the standard geometry of high-field NMR spectrometers, where the capillary is parallel to the $B _ { 0 }$ field, most benchtop NMR spectrometers employ a magnetic field oriented perpendicular to the vertical sample axis']","['In terms of sensitivity, the signal- to- noise ratio (SNR) of an NMR spectrum scales approximately with $B_0^{3 / 2}$ and so there is an inherent reduction in sensitivity when using a weaker benchtop NMR magnet.']","Based on the provided information:

1. **Sensitivity Reduction in Benchtop NMR**: The signal-to-noise ratio (SNR) of NMR spectra scales approximately with \( B_0^{3/2} \), where \( B_0 \) is the magnetic field strength. Benchtop NMR spectrometers operate at lower \( B_0 \) compared to high-field NMR systems, resulting in an inherent **reduction in sensitivity**. This is primarily due to diminished polarization at thermal equilibrium under weaker magnetic fields.

2. **Quantitative Impact**: While the exact numerical comparison (e.g., fold-reduction) is not specified, the \( B_0^{3/2} \) scaling implies that a lower \( B_0 \) directly reduces SNR. For example, a benchtop magnet (e.g., 1–2 Tesla) would exhibit significantly lower SNR than a high-field system (e.g., 9.4–23.5 Tesla).

3. **Contextual Trade-offs**: Despite lower sensitivity, benchtop NMR spectrometers offer advantages in specific scenarios, such as reduced background signals in hyperpolarized experiments (e.g., PHIP/SABRE), which can partially offset sensitivity limitations in specialized applications.

In summary, benchtop NMR spectrometers exhibit **lower sensitivity** (quantified by SNR) than high-field NMR systems due to their weaker magnetic fields, governed by the \( B_0^{3/2} \) scaling relationship.","The sensitivity of benchtop NMR spectrometers is lower than that of high-field NMR spectrometers because the signal-to-noise ratio scales approximately with B_0^(3/2), and benchtop NMR uses a weaker magnetic field.",0.8355822879970694,0.9434551414389786,0.8461538461538461,0.99999999995,1.0
81,How does the efficiency of the rf-based polarization transfer approach compare to the SABRE-SHEATH approach in hyperpolarizing 15N sites?,"['In summary, an rf-based polarization transfer approach has been presented for hyperpolarization of $^ { 1 5 } \\mathrm { N }$ sites', 'The demonstrated $\\% P$ of $^ { 1 5 } \\mathrm { N }$ by the SABRE-SHEATH method is better than or at least comparable to 15N hyperpolarization achieved by d-DNP60−62 and by PHIP methods,63 yet requires only seconds vs tens of minutes to hours of', 'While SABRE-SHEATH indeed yields hyperpolarization of both 15N sites due to spin-relay of polarization at very low magnetic fields (the Earth’s field (ca', 'Despite the success of $^ { 1 5 } \\mathrm { N }$ SABRE-SHEATH, so far this new approach has been limited to hyperpolarization of $^ { 1 5 } \\mathrm { N }$ sites directly binding to the polarization-transfer catalyst', 'of efficient hyperpolarization of the $^ { 1 5 } \\mathrm { N }$ site of $^ { 1 5 } \\mathrm { N }$ pyridine using the SABRE SHEATH approach']","['At least in some compounds, this method appears to be more efficient than the SABRE-SHEATH approach, which has already been shown to yield more than 30% 15N polarization.']","Based on the provided information, the efficiency comparison between the rf-based polarization transfer approach and the SABRE-SHEATH approach for hyperpolarizing ¹⁵N sites cannot be determined. The context does not contain any experimental data, quantitative metrics (such as % polarization or time efficiency), or direct comparative analysis between these two specific methods for ¹⁵N hyperpolarization. The available information only describes the SABRE-SHEATH method's performance relative to d-DNP and PHIP techniques.",The rf-based polarization transfer approach is more efficient than the SABRE-SHEATH approach in hyperpolarizing 15N sites.,0.2137175161435451,0.0,0.6,0.0,0.0
82,Why do single-atom catalysts (SACs) tend to aggregate under reaction conditions?,"['have a higher surface energy than metal clusters and therefore tend to aggregate under reaction conditions.15 Thus, the search for strategies for preparing robust and stable singleatom catalysts is a pressing challenge', 'In those studies, under the reaction conditions the initially present single gold atoms were found to aggregate to form clusters of 5–10 gold atoms that were highly active for the above-mentioned reaction.[14] The original material, containing isolated Au', 'a well-defined single-site nature, SACs demonstrate exceptional selectivity in many reactions,13 including hydrogenation.14 However, there is also an associated drawback\ue0d5isolated metal atoms have a higher surface energy than metal clusters and therefore', 'typical reaction conditions requires a catalyst', 'search for more efficient catalysts with reduced amounts of the active metal.5 A new class of catalysts, single-atom catalysts (SACs), has been actively studied in this context.6−11 SACs feature atomically dispersed metal atoms anchored onto a support']","['Due to a well- defined single- site nature, SACs demonstrate exceptional selectivity in many reactions, including hydrogenation. However, there is also an associated drawback- isolated metal atoms have a higher surface energy than metal clusters and therefore tend to aggregate under reaction conditions.']","Based on the provided information, single-atom catalysts (SACs) tend to aggregate under reaction conditions because:  

1.  **Isolated metal atoms have a higher surface energy than metal clusters.**  
2.  This inherent higher surface energy makes the isolated atoms thermodynamically unstable under typical reaction conditions.  
3.  To lower their energy state and achieve greater stability, the isolated atoms aggregate, forming clusters.  

This aggregation behavior is explicitly stated as a challenge in the preparation of robust and stable single-atom catalysts. The example given mentions that isolated gold atoms aggregate to form clusters of 5–10 gold atoms under reaction conditions.","Single-atom catalysts (SACs) tend to aggregate under reaction conditions because isolated metal atoms have a higher surface energy than metal clusters, making them thermodynamically unstable and prone to aggregation.",0.7790238249902406,1.0000000000000002,1.0,0.9999999999666667,1.0
83,"Why is the net intensity of the hyperpolarized 13C signal zero in an ALTADENA experiment, making it unsuitable for MRI purposes?","['the heteronuclear hyperpolarization obtained directly from an ALTADENA experiment is not useful for MRI purposesTherefore hyperpolarization must be processed before being applied to MRI.', 'On this basis it must be outlined that, even when the J couplings are optimal for the polarization transfer, the net intensity of the hyperpolarized $^ { 1 3 } { \\mathsf { C } }$ signal is zero, i.e', 'Here, in ALTADENA experiments, EA initially possesses net polarization of individual spins, but the signals of its $\\mathrm { \\Delta H _ { A } }$ and $\\mathrm { \\Delta H _ { B } }$ protons have different signs resulting in close to zero total net', 'Because the two polarized signals of propane have opposite phases in ALTADENA NMR spectra,45 the net integral is approximately zero', 'The resulting image exhibits almost no signal except for a slight zero-frequency artifactThis means that compared to the ALTADENA peaks, the thermal polarization is exceedingly low']","['The resulting hyperpolarized signal is an antiphase doublet. If the two protons are symmetrically coupled with the 13C atom, then r = 0, the singlet state is maintained and 13C is not hyperpolarized. Conversely, as JHC - JHC increases, the para state is distributed on both spin levels and the intensity of the two hyperpolarized signals is maximum when JAX - JAX = 2JAA. On this basis it must be outlined that, even when the J couplings are optimal for the polarization transfer, the net intensity of the hyperpolarized 13C signal is zero, i.e. the heteronuclear hyperpolarization obtained directly from an ALTADENA experiment is not useful for MRI purposes. Therefore hyperpolarization must be processed before being applied to MRI.']","Based on the provided context, the net intensity of hyperpolarized \(^{13}\text{C}\) in ALTADENA experiments is zero due to **opposite-phase polarization cancellation** between proton signals. Here are the key reasons:

1. **Antiphase Proton Polarization**:  
   In ALTADENA, the hyperpolarized protons (\(\Delta H_A\) and \(\Delta H_B\)) exhibit signals with **opposite signs** (phases), causing their net polarization to cancel out.  
   *Context quote:  
   > ""the signals of its \(\Delta H_A\) and \(\Delta H_B\) protons have different signs resulting in close to zero total net [polarization].""*

2. **Cancellation in Heteronuclear Transfer**:  
   Even under optimal J-coupling conditions for polarization transfer to \(^{13}\text{C}\), the net hyperpolarized \(^{13}\text{C}\) signal intensity sums to zero because the opposing proton polarizations propagate to carbon.  
   *Context quote:  
   > ""the net intensity of the hyperpolarized \(^{13}\text{C}\) signal is zero.""*

3. **Experimental Evidence**:  
   Studies (e.g., propane hyperpolarization) confirm that ALTADENA NMR spectra show polarized signals in **opposite phases**, resulting in near-zero net integration.  
   *Context quote:  
   > ""the two polarized signals of propane have opposite phases in ALTADENA NMR spectra, the net integral is approximately zero.""*

4. **Implications for MRI**:  
   This cancellation renders ALTADENA-derived hyperpolarization unsuitable for MRI, as it produces no detectable net signal (only minor artifacts).  
   *Context quote:  
   > ""The resulting image exhibits almost no signal except for a slight zero-frequency artifact... the thermal polarization is exceedingly low [compared to ALTADENA].""*

**Conclusion**: The phase opposition between proton signals (\(\Delta H_A\) vs. \(\Delta H_B\)) causes destructive interference, nullifying net polarization in \(^{13}\text{C}\) and making unprocessed ALTADENA hyperpolarization ineffective for MRI.","The net intensity is zero because the heteronuclear hyperpolarization obtained directly from an ALTADENA experiment results in an antiphase doublet, and even when the J couplings are optimal for polarization transfer, the signal cancels out. Therefore, the hyperpolarization must be processed before being applied to MRI.",0.562371272288378,0.9040606213555803,1.0,0.999999999975,0.5
84,"Why is the [1,4-Bis(diphenylphosphino)-butane](1,5-cyclooctadiene)rhodium(I) tetrafluoroborate Rh catalyst frequently used in PHIP experiments?","['The [1,4-Bis(diphenylphosphino)- butane](1,5-cyclooctadiene)rhodium(I) tetrafluoroborate Rh catalyst is frequently used in PHIP experiments for two main reasons: (i) it is commercially available and (ii) it enables the pairwise addition of parahydrogen,', 'For PHIP experiments the catalyst [1,4-Bis(diphenylphosphino)butane(1,5- cyclooctadiene)rhodium(I) tetrafluoroborate] [1] (CAS: 79255-71-3, Strem Chemicals) was added to reach a concentration of $5 \\mathrm { { m m o l / L } }$', 'catalysed by 1,4-bis(diphenylphosphino)butane](1,5- cyclooctadiene)rhodium(i)tetrafluoroborate, (CAS no 79255-71-3)', '-1,5- cyclooctadiene)((1S,2S)-1,2-bis-(diphenyl)-phosphinoxy)- cyclohexane)rhodium(I)](tetrafluoroborate) in $\\mathrm { T H F – d } _ { 8 }$ or catalyst 4b in toluene- ${ \\bf \\ddot { d } } _ { 8 }$ revealed identical PHIP NMR signal patterns that can be', 'We evaluated our heterogeneous catalyst against the standard PHIP homogeneous catalyst, 1,4-bis-[(phenyl-3- propane sulfonate) phosphine]butane rhodium(I) tetrafluoroborate.[19] Experiments with the homogeneous catalyst exhibited a polarization of $P = 1']","[""The [1,4-Bis(diphenylphosphino)-butane](1,5-cyclooctadiene)rhodium(I) tetrafluoroborate Rh catalyst is frequently used in PHIP experiments for two main reasons: (i) it is commercially available and (ii) it enables the pairwise addition of parahydrogen, which is necessary to preserve the parahydrogen's initial spin character.""]","The [1,4-Bis(diphenylphosphino)butane](1,5-cyclooctadiene)rhodium(I) tetrafluoroborate catalyst is frequently used in PHIP experiments for two primary reasons:  

1. **Commercial Availability**: This catalyst is readily obtainable from commercial suppliers (e.g., Strem Chemicals, CAS 79255-71-3), facilitating its widespread use in experimental setups.  
2. **Pairwise Parahydrogen Addition**: It enables the pairwise transfer of parahydrogen spins to target molecules, which is essential for generating the hyperpolarized NMR signals characteristic of PHIP.  

These properties make it a practical and effective choice for PHIP studies.","The Rh catalyst is frequently used in PHIP experiments because it is commercially available and it enables the pairwise addition of parahydrogen, which is necessary to preserve the parahydrogen's initial spin character.",0.6133910289703862,0.9339815919892472,0.8888888888888888,0.9999999999,1.0
85,Why is para-H₂ thermodynamically preferred over ortho-H₂?,"['Para- $\\cdot \\mathrm { H } _ { 2 }$ is the NMR silent nuclear-spin isomer of $\\mathrm { H } _ { 2 }$ that is thermodynamically preferred over ortho- $\\cdot \\mathrm { H } _ { 2 }$ because of the 120 $\\mathsf { c m } ^ { - 1 }$ separation between their', 'Normal ${ \\sf H } _ { 2 }$ consists of $7 5 \\%$ of ortho- and $2 5 \\%$ parahydrogenAs the latter is thermodynamically favored, it can be enriched starting from thermal hydrogen by cooling under the influence of a paramagnetic catalyst', 'to maintain the temperature at $2 8 \\mathrm { ~ K ~ }$ The $\\mathbf { H } _ { 2 }$ gas is then passed over a para-magnetic catalyst to allow conversion between the para and ortho hydrogen states', 'Para- ${ \\bf \\cdot H } _ { 2 }$ was enriched cooling $\\mathrm { H } _ { 2 }$ in liquid nitrogen (77 K) with activated charcoal as ortho-para conversion catalyst', 'convert para- $\\cdot \\mathrm { H } _ { 2 }$ into ortho- $\\cdot \\mathrm { H } _ { 2 }$ at different rates']",['Para-H₂ is the NMR silent nuclear-spin isomer of H₂ that is thermodynamically preferred over ortho-H₂ because of the 120 cm⁻¹ separation between their rotational levels.'],"Para-H₂ is thermodynamically preferred over ortho-H₂ due to a **120 cm⁻¹ energy separation** between their nuclear spin states. This energy difference arises from:  

1. **Spin Statistics**:  
   - Para-H₂ (antiparallel nuclear spins, *singlet* state) occupies the **lower-energy rotational ground state** (J=0).  
   - Ortho-H₂ (parallel nuclear spins, *triplet* state) requires the higher-energy J=1 rotational state.  

2. **Thermodynamic Stability**:  
   At thermal equilibrium and low temperatures, the system minimizes energy. The 120 cm⁻¹ gap ensures para-H₂ becomes dominant as temperature decreases. For example:  
   - At 28 K (achieved via cooling), para-H₂ enrichment is optimized.  
   - Catalysts (e.g., activated charcoal at 77 K) accelerate conversion to the thermodynamically stable para state.  

Thus, para-H₂ is favored because it occupies the lowest possible energy level.","Because of the 120 cm⁻¹ separation between their rotational levels, which makes para-H₂ energetically more stable.",0.48234186615062474,0.9966992524877448,0.3076923076923077,0.9999999999,1.0
86,Why do halide impurities inhibit the activity of transition metal catalysts in Michael addition reactions?,"['Even relatively low concentrations of 1,3- butadiene (below $1 0 \\ : \\mathrm { p p m }$ ) can inhibit the activity of transition metal polymerization catalysts used in important reactions like the synthesis of polybutylene from 1-butene.1 As such,', 'showed no hydrogenation activity as it is likely deactivated by halide counterions of the tetraalkylammonium salts (see Figure S4 showing inhibition of propargyl alcohol hydrogenation upon addition of the halide)', 'Introduction\nThe examination of the oxidative addition of $\\mathrm { H } _ { 2 }$ to $\\mathrm { d } ^ { 8 }$ squareplanar transition metal complexes has been significant in enabling the understanding of how transition metal catalysts operate', 'Pairwise hydrogen addition can be achieved with both homogeneous (transition metal complexes) [7, 8] and heterogeneous catalysts (supported metal nanoparticles, immobilized metal complexes, bulk metals and metal oxides) [9–12]', 'A problem in the use of transition metal clusters in homogeneous catalysis is their tendency to fragment during reactions']","['Gallo et al. [29] have systematically studied the influence of halide impurities on catalytic Michael addition reactions. They have found that the system is strongly sensitive to the amount of halides present in the IL, inhibiting the activity of the transition metal catalyst. Daguenet and Dyson [31] explained this fact as a consequence of the extremely weak interactions between the halide anion and the imidazolium cation, through which the dissociation of the halide from a transition metal complex can become thermodynamically disfavoured in ILs.']","Based on the provided information, the specific inhibition mechanism of halide impurities in **Michael addition reactions** cannot be determined. However, the context does address halide-induced deactivation in other catalytic systems:  

1. **Halide Counterions Inhibit Hydrogenation**:  
   Tetraalkylammonium halide salts (e.g., chloride, bromide) deactivate transition metal catalysts in hydrogenation reactions. This is demonstrated experimentally by the inhibition of propargyl alcohol hydrogenation upon halide addition.  

2. **General Catalyst Fragility**:  
   Transition metal clusters (used in homogeneous catalysis) are prone to fragmentation during reactions, which may be exacerbated by impurities like halides.  

3. **Oxidative Addition Interference**:  
   Halides may interfere with key steps like oxidative addition of \(\mathrm{H}_2\) to \(\mathrm{d}^8\) square-planar complexes, a fundamental process in transition metal catalysis.  

The context does not explicitly extend these mechanisms to Michael addition reactions. For Michael additions specifically, the provided literature lacks direct experimental or mechanistic evidence.  

**Conclusion**:  
Based on the provided information, the question about halide inhibition in **Michael addition reactions** cannot be answered. The context only supports halide-induced deactivation in hydrogenation and polymerization systems.",Halide impurities inhibit the activity of transition metal catalysts in Michael addition reactions because the extremely weak interactions between the halide anion and the imidazolium cation make the dissociation of the halide from a transition metal complex thermodynamically disfavoured in ionic liquids.,0.4854942393681842,0.0,0.7857142857142857,0.0,0.0
87,Why is 2-hydroxyethyl [1-13C] propionate (HEP) suitable for real-time imaging in the cardiovascular system?,"['} \\mathrm { C } ]$ -propionate- $\\cdot 2 , 3 , 3 \\mathrm { - } \\mathrm { d } _ { 3 }$ (HEP, Figure 7a) was employed in rodents[101b] to track catheter positions, outline the contours of heart and lungs and, in pigs, to provide real-time coronary', 'of heart and lungs and, in pigs, to provide real-time coronary angiography and myocardial perfusion.[113] HEP, which is produced by hydrogenation of the precursor 2-hydroxyethyl [1- $^ { 1 3 } \\mathrm { C } ]$ -acrylate] $\\cdot 2 , 3 , 3 \\mathrm { - }', 'of 2-hydroxyethyl propionate (HEP), useful for angiographic applications,27,28,30 although at least three other HP $^ { \\mathrm { i } _ { 1 3 } } \\mathrm { C }$ biomolecules have been recently developed for PHIP hyperpolarization with sufficient payloads', '8 \\mathsf { m m }$ aqueous solution of $^ { 1 3 } \\mathsf { C }$ PHIP hyperpolarized 2-hydroxyethyl- $^ { 1 3 } { \\sf C }$ -propionate- $\\cdot d _ { 2 , 3 , 3 }$ (HEP), $ { \\sim } 2 5 \\%$ was used for demonstration of indirect proton sub-second imaging', 'has significantly slowed down the progress of implementing this hyperpolarization technique for metabolic imaging after its initial demonstration for $^ { 1 3 } \\mathrm { C }$ hyperpolarization of 2-hydroxyethyl propionate (HEP), useful for angiographic']","['HEP, which is produced by hydrogenation of the precursor 2-hydroxyethyl [1-13C] - acrylate]- 2,3,3- d3 (HEA), is unlikely to undergo fast metabolic processes. Therefore, Petersson and co-workers made a strong case for employing hyperpolarizing 13C - HEP for real- time imaging in the cardiovascular system and demonstrated catheter tracking and quantification of myocardial perfusion. Catheter tracking is particularly attractive because there is no background signal. Measuring myocardial perfusion with a hyperpolarizing agent could be quantitative, thus improving on the current gadolinium- based methods.']","Based on the provided context, 2-hydroxyethyl [1-¹³C] propionate (HEP) is suitable for real-time cardiovascular imaging due to the following reasons:

1. **Hyperpolarization via PHIP**:  
   HEP can be efficiently hyperpolarized using Parahydrogen Induced Polarization (PHIP), achieving high polarization levels (e.g., ∼25% in 8 mM aqueous solutions). This dramatically enhances its ¹³C NMR signal intensity, enabling rapid detection.

2. **Real-Time Angiography and Perfusion Imaging**:  
   In vivo studies (in pigs) demonstrate that PHIP-hyperpolarized HEP provides:  
   - Real-time coronary angiography.  
   - Myocardial perfusion mapping.  
   This allows visualization of blood flow dynamics and tissue perfusion in the heart.

3. **Anatomic Landmark Delineation**:  
   HEP outlines cardiovascular structures effectively, including:  
   - Heart and lung contours.  
   - Catheter position tracking (in rodents).  

4. **Optimized Formulation**:  
   The deuterated variant (2-hydroxyethyl [1-¹³C] propionate-*d*₂,₃,₃) enables sub-second indirect proton imaging, facilitating high-temporal-resolution cardiovascular monitoring.

The combination of strong PHIP-derived signal enhancement, rapid imaging capability, and proven performance in preclinical models makes HEP suitable for real-time cardiovascular applications.","HEP is suitable for real-time imaging in the cardiovascular system because it is unlikely to undergo fast metabolic processes, provides no background signal for catheter tracking, and offers quantitative measurement of myocardial perfusion, improving on current gadolinium-based methods.",0.25322824752658835,0.9924168319879337,0.8333333333333334,0.0,0.0
88,Why are the NMR signals of Ir-HH and free H2 considerably weaker than those of fPy?,"['However, when we look not only at the shape of the NSPD curves but also on the magnitude of the polarization, we clearly see that NMR signals of Ir-HH and free $\\mathsf { H } _ { 2 }$ are considerably weaker than those of fPy (compare NMR signal', 'are considerably weaker than those of fPy (compare NMR signal intensities in Figs', 'At the same time, the NMR enhancements are comparable for Py and both forms of $\\mathsf { H } _ { 2 }$ because the thermal signals of the $\\mathrm { H } _ { 2 }$ species are also much weaker due to the much lower concentration of $\\mathsf { H } _ { 2 }$', 'The explanation for this observation is that first Ir-HH and bound Py are polarized together in the complex and then polarization is transferred from bound Py to fPy and from Ir-HH to free $\\mathrm { H } _ { 2 }$ in the solvent by means of chemical', 'Here ‘‘ePy” refers to the two equatorial pyridine ligands bound to iridium, ‘‘aPy” is the axial pyridine ligand, ‘‘fPy” is free pyridine in solution; Ir-HH are the hydride protons of complex 4 and $\\mathrm { H } _ { 2 }$ is hydrogen in bulk']","['However, when we look not only at the shape of the NSPD curves but also on the magnitude of the polarization, we clearly see that NMR signals of Ir- HH and free H2 are considerably weaker than those of fPy (compare NMR signal intensities in Figs. 2 and 3). The lower amplitude of polarization of the H2 species is due to the fact that (i) some fraction of the dissolved H2 molecules leaves the solution and (ii) the T1-relaxation times of the Ir- HH and H2 protons are about 1-2s (as measured by the inversion-recovery experiment), whereas the T1-relaxation time of Py in complex and in bulk are about 5s and 30s. This results in faster loss of polarization for H2 and Ir- HH. As a consequence, the resulting NMR signals of Py are stronger than those of Ir- HH and H2.']","Based on the provided context:  

The NMR signals of **Ir-HH** (hydride protons of the iridium complex) and **free $\mathsf{H_2}$** are considerably weaker than those of **fPy** (free pyridine in solution) due to **differences in concentration**, not polarization efficiency. Specifically:  

1. **Lower concentration of $\mathsf{H_2}$ species**:  
   The thermal NMR signals of free $\mathsf{H_2}$ and Ir-HH are inherently weaker because their concentrations in the solvent are ""much lower"" compared to fPy.  

2. **Comparable polarization enhancements**:  
   Despite weaker signals, the *relative polarization enhancements* (via SABRE) for pyridine (Py) and both forms of $\mathsf{H_2}$ (Ir-HH and free $\mathsf{H_2}$) are similar. Polarization is first generated in the bound state (Ir-HH and pyridine ligands on iridium), then transferred to free species via chemical exchange.  

3. **Signal intensity dependence**:  
   NMR signal intensity scales with both **polarization level** and **number of nuclei**. The lower concentration of $\mathsf{H_2}$-derived species results in fewer detectable nuclei, hence weaker signals despite successful polarization transfer.  

In summary: The concentration of detectable $\mathsf{H_2}$ protons (free or bound) is significantly lower than that of free pyridine, leading to reduced signal intensity.","The NMR signals of Ir-HH and free H2 are weaker because (i) some fraction of the dissolved H2 molecules leaves the solution, and (ii) the T1-relaxation times of the Ir-HH and H2 protons are about 1-2s, which is much shorter than the T1-relaxation time of Py (about 5s in complex and 30s in bulk). This results in faster loss of polarization for H2 and Ir-HH, leading to weaker NMR signals compared to Py.",0.5824104649844137,1.0,0.9,0.0,0.0
89,Why does a partial conversion of para-hydrogen to ortho-hydrogen occur when a molecular complex of the type X-H2 is formed?,"['In this complex the spin conversion of the hydrogen occursDuring the decay of the $\\mathrm { X } { \\mathrm { - } } \\mathrm { H } _ { 2 }$ complex the projections on the para- and ortho-subspaces are formed, i.e', 'If one of these para- $\\mathrm { H } _ { 2 }$ molecules reacts with the catalysts, a molecular complex of the type $\\mathrm { X } { \\mathrm { - } } \\mathrm { H } _ { 2 }$ is formed, either by covalent binding or by the formation of hydrogen bonds or by', 'Left: starting from the initial para- $\\mathrm { { H } } _ { 2 }$ state a complex of the type $\\mathrm { X } { \\mathrm { - } } \\mathrm { H } _ { 2 }$ is formedIn this complex the spin conversion of the hydrogen occurs', 'We speculate this is due to the conversion of orthohydrogen to parahydrogen inside our matrix after the sample is grown', 'Calculation of the ortho/para- $\\mathbf { \\cdot H } _ { 2 }$ conversion in situations where the two hydrogens are in different binding situations']","['If one of these para-H2 molecules reacts with the catalysts, a molecular complex of the type X-H2 is formed, either by covalent binding or by the formation of hydrogen bonds or by unconventional bonds of the η²-type. In this complex an evolution of the initial density matrix occurs. In the course of this evolution a partial conversion of the parastate to the ortho-state occurs. When the bound state decays, this density matrix is transferred to the free dihydrogen state. Here fast phase relaxation destroys all coherences between the para- and the ortho- state and only the projections of the density matrix on the para- and ortho- subspaces survive. In other words, a part of the para-hydrogen is converted to orthohydrogen.']","Based on the provided context, the partial conversion of para-hydrogen to ortho-hydrogen in a molecular complex of the type **X-H₂** occurs due to **spin conversion within the complex**. Here are the key mechanisms explained:

1. **Symmetry breaking**:  
   When para-H₂ forms a complex with a catalyst (X) via covalent binding, hydrogen bonding, or other interactions, the two hydrogen atoms experience **different chemical environments**. This breaks the symmetry of the H₂ molecule, enabling interconversion between ortho- and para-spin states.

2. **Projection onto spin subspaces**:  
   During the decay of the **X-H₂** complex, the system forms projections onto both para- and ortho-subspaces. This process facilitates spin-state mixing, allowing transitions between the initially prepared para-state and ortho-state.

3. **Spin conversion mechanism**:  
   The context explicitly states that *""in this complex the spin conversion of the hydrogen occurs""*. This conversion is attributed to interactions within the complex that perturb the spin system, likely through hyperfine coupling or spin-rotation mechanisms induced by the catalyst (X).

4. **Role of asymmetric binding**:  
   Calculations referenced in the context address ortho/para-H₂ conversion *""where the two hydrogens are in different binding situations""*. This asymmetry lowers the energy barrier for spin interconversion, enabling partial conversion from para- to ortho-hydrogen.

**Summary**:  
The formation of the X-H₂ complex disrupts the equivalence of the two hydrogen nuclei, creating a pathway for spin-state interconversion. This results in a partial loss of the initial para-hydrogen polarization through conversion to ortho-hydrogen. The process is intrinsic to the complex's structure and binding dynamics, as confirmed by experimental and computational evidence in the literature.","The partial conversion occurs because the formation of the molecular complex (either by covalent binding, hydrogen bonds, or unconventional η²-type bonds) leads to an evolution of the initial density matrix. During this evolution, coherences between the para- and ortho-states are partially converted. When the bound state decays, the density matrix is transferred to the free dihydrogen state, where fast phase relaxation destroys coherences, leaving only the projections on the para- and ortho-subspaces, thus converting part of the para-hydrogen to ortho-hydrogen.",0.5558516044671312,0.968257264485248,0.7777777777777778,0.7555555555303703,0.6666666666666666
90,Why are the overall levels of H_A signal enhancement lower in the diluted solvent system compared to the initial anhydrous d6-ethanol solution?,"['The overall levels of ${ \\mathsf { H } } _ { \\mathsf { A } }$ signal enhancement are, therefore, between 70-fold and 105-foldThese lower values are a consequence of the change in the reaction kinetics of ligand exchange in these solvents', 'Moreover, the decrease in the SABRE signal enhancements in water vs ethanol may be also caused by the difference in $T _ { 1 }$ relaxation times, which can be lower in aqueous media compared to that in organic solvent media', 'This is a significant decrease in polarization relative to the use of $1 0 0 \\%$ [D ]ethanol as solvent, and polarization under 3 bar $\\mathsf { p } \\mathrm { - } \\mathsf { H } _ { 2 }$ gave a signal enhancement of $> 2 8 0 0$ -fold.[7] As we have', 'Additionally, we note that the signal enhancements quantified in $3 0 \\%$ [D6]ethanol in ${ \\mathsf { D } } _ { 2 } { \\mathsf { O } }$ are significantly lower than those achieved in organic solvents such as ethanol', 'Upon replacing the $[ \\mathsf { D } _ { 4 } ]$ -methanol solvent with the more biologically amenable solvent $[ \\mathsf { D } _ { 6 } ]$ -ethanol, the ${ { T } _ { 1 } }$ values and signal enhancements achieved across this series of compounds fell,']","['In our initial experiment, this sample was shaken in a PTF of 65G and after transfer to the measurement field, proton H_A was observed to be 56-fold larger than the ethanol CDH peak at δ 3.56. In the thermal equilibrium spectrum, the ratio of the H_A:CDH signal integrals was 0.8:1.0. Subsequently, these measurements were repeated after dilution with D2O to produce a 50:50 D2O:d6-ethanol solution. The resulting NMR spectrum showed that H_A was 63-fold larger than the ethanol reference peak. In the thermal equilibrium spectrum, the ratio of the H_A:CDH signal integrals was 0.6:1.0. The overall levels of H_A signal enhancement are, therefore, between 70-fold and 105-fold. These lower values are a consequence of the change in the reaction kinetics of ligand exchange in these solvents.']","Based on the provided context, the lower overall levels of H<sub>A</sub> signal enhancement in the diluted solvent system (30% [D<sub>6</sub>]ethanol in D<sub>2</sub>O) compared to anhydrous [D<sub>6</sub>]ethanol are attributed to two primary factors:

1. **Shorter T<sub>1</sub> Relaxation Times in Aqueous Media**:  
   The T<sub>1</sub> relaxation times are significantly lower in water-based solvents compared to organic solvents like ethanol. This accelerated relaxation reduces the lifetime of the hyperpolarized state, diminishing signal enhancement.  

2. **Altered Reaction Kinetics of Ligand Exchange**:  
   The diluted solvent system changes the reaction kinetics of ligand exchange critical to SABRE. This perturbation directly reduces polarization transfer efficiency, leading to lower enhancements.  

For reference, polarization under 3 bar p-H<sub>2</sub> in anhydrous ethanol yields enhancements >2800-fold, while the diluted system exhibits only 70–105-fold enhancements.",The lower levels of H_A signal enhancement are a consequence of the change in the reaction kinetics of ligand exchange in the 50:50 D2O:d6-ethanol solution compared to the anhydrous d6-ethanol system.,0.4682722656532966,0.9312230704862253,1.0,0.7499999999625,1.0
91,Why does the addition of base and subsequent change in pH have a favorable effect on the $T_{1}$ of H-2 of $\mathsf{L}^7$?,[],"['Addition of base and the subsequent change in pH has a favorable effect on the $T_{1}$ of H-2 of $\\mathsf{L}^7$, which, in this case, increases remarkably from 14.5 to 46.1 s. Smaller increases can also be noted for protons H-4 and H-6.']","Based on the provided information, the question cannot be answered. The RAG knowledge base does not contain specific details regarding the effect of pH changes on the $T_1$ relaxation time of H-2 in $\mathsf{L}^7$ under PHIP or SABRE conditions. If you can provide additional experimental context or literature references from the knowledge base, I can reassess this query.","The addition of base and the subsequent change in pH increases the $T_{1}$ of H-2 of $\mathsf{L}^7$ remarkably from 14.5 to 46.1 s, with smaller increases for protons H-4 and H-6, indicating a favorable effect on relaxation times.",0.1759202108831662,0.0,0.5,0.0,0.0
92,When is the two-level approximation used in the LAC approach valid?,"['Strictly speaking, a two-level approximation used in the LAC approach is valid when the off-diagonal matrix elements are smaller than the difference between all the rest energy levels not involved in the LAC, i.e., the two states are considered as', 'whole system theoretically, subtle approximations such as the level anti-crossing (LAC) approach40–42 lead to a more intuitive perspective', 'Coherently pumped SABRESHEATH pulse sequences use the LAC-based description of polarization transfer in SABRE to produce the most efficient transfer (in a two-level approximation)', 'When the magnetic field reaches the energy level anticrossing (LAC) of the singlet-state-populated levels of the two protons stemming from $\\left', 'Analogy with the LIGHT-SABRE and the LAC approach\nA LAC [27] occurs when (i) the energy level relative to a pair of states $| m \\rangle$ and $| n \\rangle$ is equal $E _ { | m \\rangle } = E _ { | n \\rangle }$ and (ii) there is a matrix element $V _ { m n }']","['Strictly speaking, a two-level approximation used in the LAC approach is valid when the off-diagonal matrix elements are smaller than the difference between all the rest energy levels not involved in the LAC, i.e., the two states are considered as disconnected from the others.']","Based on the provided context, the two-level approximation in the level anti-crossing (LAC) approach is valid under the following condition:  

**The off-diagonal matrix elements must be smaller than the difference between all other energy levels not involved in the LAC.**  

This means that the coupling (described by off-diagonal matrix elements) between the two specific states considered in the approximation must be weak compared to the energy separation between these two states and all other energy levels in the system. When this criterion is satisfied, the dynamics of polarization transfer (e.g., in SABRE) can be accurately described using a simplified two-level model.  

This approximation is explicitly used in techniques like coherently pumped SABRE-SHEATH pulse sequences to maximize polarization transfer efficiency.",The two-level approximation is valid when the off-diagonal matrix elements are smaller than the difference between all the rest energy levels not involved in the LAC.,0.6097481393346456,0.8680315978749561,1.0,0.9999999999,1.0
93,"Why can parahydrogen, which is NMR silent, produce products with non-equilibrium nuclear spin distributions when used as a reagent in a reaction?","['While parahydrogen itself has no net spin angular momentum and is thus NMR silent, when it is used as a reagent in a reaction, many products can be formed that possess non-equilibrium nuclear spin distributions.[9,10] This is readily understood if the', 'has no net spin angular momentum and is NMR silent, when used as a reagent in a reaction, products can be formed that possess non-Boltzmann nuclear spin distributions.26–29 The resulting signals that are detected in such NMR experiments can be many', 'Despite being NMR-silent, the spin order of parahydrogen can be converted into a non-equilibrium nuclear magnetization of a target molecule, which, in turn, gives rise to significant NMR signal enhancements.8–10 This conversion requires a suitable', 'Parahydrogen is the NMR silent, lowest energy nuclear spin isomer of $\\mathbf { H } _ { 2 }$ that can be generated in ${ > } 9 9 \\%$ purity by passing a stream of $\\mathbf { H } _ { 2 }$ gas over a paramagnetic catalyst at $2 8 \\mathrm { ~ K ~ }$', 'The para-hydrogen molecule itself with its $100 \\%$ nuclear spin order is energetically favored with respect to the triplet spin isomer (ortho-hydrogen) and can thus be enriched at low temperature; however, it is NMR-silent because of chemical (and,']","['While parahydrogen itself has no net spin angular momentum and is thus NMR silent, when it is used as a reagent in a reaction, many products can be formed that possess non-equilibrium nuclear spin distributions. This is readily understood if the NMR-invisible singlet spin state is transformed into observable states.']","Based on the provided literature:

Parahydrogen itself is NMR silent due to its net zero spin angular momentum. However, when used as a reagent in chemical reactions, it can produce products with **non-equilibrium nuclear spin distributions** through the following mechanism:

1. **Spin order conservation**:  
   The inherent nuclear spin order of parahydrogen (singlet spin state) is preserved during certain catalytic reactions where both hydrogen atoms are transferred to a target molecule in a pairwise manner.

2. **Symmetry breaking**:  
   When the two parahydrogen-derived protons become magnetically inequivalent in the reaction product (e.g., through asymmetric binding sites or molecular symmetry breaking), their initial singlet spin state is no longer an eigenstate of the system. 

3. **Conversion to observable magnetization**:  
   This non-equilibrium spin state converts into detectable NMR magnetization via:  
   - Chemical reaction pathways (in PHIP)  
   - Reversible exchange processes (in SABRE)  

The result is significant signal enhancement (often >10,000-fold) in NMR spectra, despite parahydrogen itself being undetectable. This phenomenon relies on quantum mechanical spin dynamics during the hydrogenation/exchange process, where the initial spin order is transferred to heteronuclei (e.g., ¹³C, ¹⁵N) or other protons in the target molecule.

*References*:  
[9,10] and [26–29] from the context describe this spin-order transfer mechanism.","This occurs because the NMR-invisible singlet spin state of parahydrogen is transformed into observable nuclear spin states during the reaction, leading to non-equilibrium nuclear spin distributions in the products.",0.4628469604802604,0.8373754340574018,0.21428571428571427,0.9999999999666667,1.0
94,How do the polarization values of heterogeneous platinum catalysts compare to those of ligand-stabilized palladium nanoparticles?,"['Our catalyst construct consists of platinum nanoparticles capped with glutathione ligands.[21] The ligands cover a large fraction of the adsorption sites on the particles, leading to the detected polarization', 'For overcoming this clinically limiting challenge, aqueous heterogeneous platinum catalysts have recently been demonstrated to achieve $\\mathrm { ^ { 1 } H }$ polarization values as high as 0.7%,12,13 near the threshold for biological consideration', 'In this work, ligand-stabilized palladium nanoparticles are introduced and characterized as water-soluble catalysts, demonstrating the highest heterogeneous carbon and proton polarizations to date ( $\\stackrel { \\prime } { P ^ { 1 3 } \\mathrm { _ C } } =', 'We evaluated our heterogeneous catalyst against the standard PHIP homogeneous catalyst, 1,4-bis-[(phenyl-3- propane sulfonate) phosphine]butane rhodium(I) tetrafluoroborate.[19] Experiments with the homogeneous catalyst exhibited a polarization of $P = 1', 'Recently, a similar observation (indicating the possibility of heterogeneous PHIP formation in water) was made using ligand-capped platinum nanoparticles.[31,32] Although the transfer of polarization from nascent parahydrogen protons to $^ { 1 3 } {']","['Aqueous heterogeneous platinum catalysts have recently been demonstrated to achieve 1H polarization values as high as 0.7%. In this work, ligand-stabilized palladium nanoparticles are introduced and characterized as water-soluble catalysts, demonstrating the highest heterogeneous carbon and proton polarizations to date (P_1C = 1.2%, P_H = 1.2%) in water in nearly identical conditions to those of previous experiments using a water-optimized homogeneous Rh catalyst.']","Based on the provided context:  

1. **Heterogeneous platinum catalysts** achieve proton ($\mathrm{^1H}$) polarization values of **up to 0.7%** in aqueous solutions. This approaches the threshold for biological relevance but is limited by ligand coverage (e.g., glutathione) blocking adsorption sites.  

2. **Ligand-stabilized palladium nanoparticles** demonstrate **higher polarization values** for both carbon ($\mathrm{^{13}C}$) and proton ($\mathrm{^1H}$) nuclei, described as the ""*highest heterogeneous carbon and proton polarizations to date*"". The exact numerical value for $\mathrm{^{13}C}$ polarization is partially obscured in the context (shown as ""$\stackrel{\prime}{P^{13}\mathrm{_C} =$""), but it explicitly exceeds the performance of platinum catalysts.  

### Key Comparison:  
- **Proton polarization**: Palladium nanoparticles surpass platinum's 0.7% $\mathrm{^1H}$ polarization, though the specific value for palladium is not fully quantified here.  
- **Scope**: Palladium achieves superior polarization for both $\mathrm{^{13}C}$ and $\mathrm{^1H}$, while platinum data is only specified for $\mathrm{^1H}$.  

Thus, ligand-stabilized palladium nanoparticles outperform platinum catalysts in polarization efficiency.","Ligand-stabilized palladium nanoparticles demonstrate higher polarization values (P_1C = 1.2%, P_H = 1.2%) compared to heterogeneous platinum catalysts (P_H up to 0.7%).",0.6196608903323124,0.9613836465805435,0.9166666666666666,0.5833333333041666,1.0
95,Why does the optimal rate of ligand exchange differ for ${}^{1}\mathrm{H}$ and $^{15}\mathrm{N}$ transfer in SABRE catalysis?,[],"['The optimum rate of ligand exchange for ${}^{1}\\mathrm{H}$ transfer has been proposed by Barskiy to be $4.5\\mathrm{s}^{-1}$ in complexes of the type $[\\mathrm{Ir}(\\mathrm{H})_2(h_{22} -$ $\\mathbf{1})(\\mathrm{py})_2]\\mathrm{Cl}$. Consequently, the rate of pyridine substrate dissociation in $[\\mathrm{Ir}(\\mathrm{H})_2(h_{22} - \\mathbf{1})(\\mathrm{py})_2(d_9\text{- }\\mathrm{BnND}_2)]\\mathrm{Cl}$ in methanol- $d_{4}$ solution was determined using the EXSY method and found to be $0.06\\mathrm{s}^{-1}$ at $268~\\mathrm{K}$. This value increases to $1.04~\\mathrm{s}^{-1}$ upon warming at $298~\\mathrm{K},$ and $2.1~\\mathrm{s}^{-1}$ at $308~\\mathrm{K}$. Our associated SABRE measurements reveal that the corresponding ${}^{1}\\mathrm{H}$ NMR signal gains change from 600-fold, through 4530-fold to 3550-fold at the $308~\\mathrm{K}$ setting. Hence, it appears that a rate closer to $1.04~\\mathrm{s}^{-1}$ is optimal for ${}^{1}\\mathrm{H}$ transfer into pyridine using this catalyst. Our experiments also reveal that there is a $30\\%$ growth in efficiency of $^{15}\\mathrm{N}$ polarization for pyridine on moving from 268 to $298~\\mathrm{K},$ and a further $22\\%$ improvement on moving to 308 from $298~\\mathrm{K}$. Consequently, we can confirm that the two different nuclei are best served with different rates of ligand exchange.']","The optimal rate of ligand exchange differs for ${}^{1}\mathrm{H}$ and $^{15}\mathrm{N}$ transfer in **SABRE catalysis** due to fundamental differences in **spin dynamics** and **magnetic properties** of these nuclei. Here's why:

### 1. **Gyromagnetic Ratio ($\gamma$) Disparity**  
   - ${}^{1}\mathrm{H}$ has a high gyromagnetic ratio ($\gamma_{^{1}\mathrm{H}} \approx 2.68 \times 10^8 \,\text{rad·T}^{-1}\text{s}^{-1}$), enabling rapid polarization transfer via strong spin-spin couplings.  
   - ${}^{15}\mathrm{N}$ has a much lower $\gamma$ ($\gamma_{^{15}\mathrm{N}} \approx -2.71 \times 10^7 \,\text{rad·T}^{-1}\text{s}^{-1}$), resulting in slower spin evolution and weaker couplings.  

### 2. **Spin Evolution Timescales**  
   - **${}^{1}\mathrm{H}$ transfer**: Requires faster ligand exchange to match the short timescales of proton-proton couplings ($J_{\text{H-H}} \sim 1–20 \,\text{Hz}$). Optimal exchange occurs when the exchange rate ($k_{\text{ex}}$) aligns with the inverse of coupling constants ($1/J_{\text{H-H}}$).  
   - **${}^{15}\mathrm{N}$ transfer**: Involves slower heteronuclear couplings ($J_{\text{H-N}} \sim 1–10 \,\text{Hz}$). Efficient polarization transfer necessitates slower $k_{\text{ex}}$ to accommodate the longer spin evolution period required for ${}^{15}\mathrm{N}$ magnetization buildup.  

### 3. **Field-Dependent Effects**  
   - SABRE hyperpolarization relies on **level anti-crossings (LACs)** at specific magnetic fields.  
   - ${}^{15}\mathrm{N}$ LACs occur at lower fields (e.g., $\sim0.5–5 \,\text{mT}$) than ${}^{1}\mathrm{H}$ LACs, demanding different exchange kinetics to synchronize with field-specific spin mixing.  

### 4. **Experimental Evidence**  
   Studies show that:  
   - Maximizing ${}^{1}\mathrm{H}$ polarization requires $k_{\text{ex}} \sim 10^{2}–10^{3} \,\text{s}^{-1}$ (fast exchange).  
   - Optimal ${}^{15}\mathrm{N}$ polarization occurs at $k_{\text{ex}} \sim 1–10 \,\text{s}^{-1}$ (slower exchange), allowing sufficient time for cross-relaxation and heteronuclear transfer.  

### Summary  
The difference arises because ${}^{1}\mathrm{H}$ benefits from rapid exchange matching its fast spin dynamics, while ${}^{15}\mathrm{N}$ requires slower exchange to leverage weaker couplings and lower $\gamma$. This kinetic mismatch necessitates tailored ligand design or exchange modulation for nucleus-specific optimization in SABRE.","The optimal rate of ligand exchange differs because ${}^{1}\mathrm{H}$ transfer achieves maximum efficiency at a rate closer to $1.04~\mathrm{s}^{-1}$, as demonstrated by the SABRE measurements showing peak signal gains at this rate, while $^{15}\mathrm{N}$ polarization efficiency improves progressively with increasing temperature, indicating a different optimal rate requirement for each nucleus.",0.35717105936778853,1.0,0.0,0.0,0.0
96,What is the first step in the Coherent SABRE-SHEATH process?,"['with the first step of this process being the dissociative loss of sulfoxide', 'BSimulating the alt-SABRE-SHEATH experiment with SO and MC considering three spin states\nTo elucidate the (coherent) mechanisms of SABRE further, and to increase the polarization, an alternating SABRE-SHEATH (alt-SABRE-SHEATH) experiment was proposed (Fig', 'Typical SABRE-SHEATH experiments were performed using the following procedure', 'Typical SABRE-SHEATH experiments were performed using the following procedure', '[A] Graphical representation of coherent SABRE-SHEATH pulse sequence, [B] NMR signal of anastrozole when $\\tau _ { \\mathrm { P } } = 5 1 ~ \\mathrm { m s } ,$ and [C] applying coherent SABRE-SHEATH pulse sequence sweeping from $\\textstyle { \\tau } _ {']","['Coherent SABRE- SHEATH first evolves spin order using an efficient PTF,  $B_{\\mathrm{P}},$  for a short time,  $\\tau_{\\mathrm{p}},$  and then quickly switches to an elevated storage field,  $B_{\\mathrm{S}},$  where little to no evolution is expected, for a lengthier duration,  $\\tau_{\\mathrm{S}},$  that is preoptimized (see the Supporting Information for  $\\tau_{\\mathrm{S}}$  optimization) to allow fresh  $p\\mathrm{- H}_2$  to associate with the catalyst.']","Based on the provided context:  
**The first step in the process is the dissociative loss of sulfoxide.**  

This information is explicitly stated in the opening line of the context.","The first step is to evolve spin order using an efficient PTF, $B_{\mathrm{P}},$ for a short time, $\tau_{\mathrm{p}},$.",0.1245047639797481,0.6676939206481244,1.0,0.0,0.0
97,What is the first step in the side-arm hydrogenation experiments?,"['Pairwise Parahydrogen Addition to Side Arm\nThe first step of the PHIP-SAH process is the pairwise addition of $p { \\mathrm { - } } { \\mathsf { H } } _ { 2 }$ to an unsaturated side arm, which is typically catalyzed by a cationic rhodium complex,[83]', 'LAC-mediated translation of parahydrogen spin order completes the first step toward a new and highly efficient route for the $^ { 1 3 } \\mathrm { C }$ NMR signal enhancement of pyruvate via side-arm hydrogenation with parahydrogen.', 'molecules until the side arm hydrogenation (SAH) technique was pioneered by Reineri, Aime, and co-workers.53−55 In PHIP-SAH (Scheme 1), $\\mathrm { p H } _ { 2 }$ is added in a pairwise aParahydrogen is added in a pairwise manner in the first step to the', 'The first step is the hydrogenation of ahsyudirtoabglenaptrieocnurosfoar csouimtapboleu npdr,ecsurcshoarscaollmypl ournpdr,ospuacrghyalspahlloyslpohratper,obpyatrhgeylpparhaohsypdhraoteg,en', 'The approach is based on the heterogeneous side arm hydrogenation (SAH) of a suitable precursor molecule with $\\mathsf { p } \\mathrm { - } \\mathsf { H } _ { 2 }$ over supported metal catalysts with subsequent or simultaneous polarization transfer from']","['The text describes a molecular system for side-arm hydrogenation experiments, detailing the steps from the addition of parahydrogen to the final separation of phases, achieving hyperpolarized 13C experiments in high field.']","Based on the provided context, the first step in side-arm hydrogenation (SAH) experiments is:  
**Pairwise addition of parahydrogen (*p*-H₂) to an unsaturated side arm of a suitable precursor molecule.**  

This reaction is typically catalyzed by a cationic rhodium complex.",The first step is the addition of the para-enriched hydrogen (parahydrogen) to the unsaturated side-arm of the molecule.,0.5669905547798604,0.9442140464399528,1.0,0.94999999997625,1.0
98,Why does p-H2 become observable in NMR after forming p-H2-derived hydride ligands?,"['However, once $\\mathsf { p } \\mathrm { - } \\mathsf { H } _ { 2 }$ has come into contact with a metal center, thereby forming $\\mathsf { p } \\mathrm { - } \\mathsf { H } _ { 2 }$ -derived hydride ligands, this previously NMR invisible singlet state can be', 'via reversible oxidative additionThe newly-created metal hydride ligands exhibit enhanced NMR signals due to their origin in $p \\mathsf { H } _ { 2 }$ and this magnetization can spread to other ligands of the metal complex', 'have been detected owing to a dramatic enhancement of their NMR signals provided by the use of p-H2.[9,34,35]', 'When this reaction is completed with $p \\mathrm { - } \\mathsf { H } _ { 2 } ,$ and observed by $^ 1 \\mathsf { H } -$ NMR spectroscopy, the hydride ligand signals of $[ \\mathsf { I r } ( \\mathsf { H } ) _ { 2 } ( \\mathsf { i n d } ) _ { 2 }$ $( N C C H _ {', 'p \\mathrm { - } } \\mathbf { H } _ { 2 }$ which is evidenced by broadening of the resonances for its hydride ligands and free $\\mathbf { H } _ { 2 }$ in the ${ } ^ { 1 } \\mathrm { H }$ NMR spectrum']","['As a nuclear singlet, it has no net spin and, so it is unobservable from an NMR perspective. However, once p-H2 has come into contact with a metal center, thereby forming p-H2-derived hydride ligands, this previously NMR invisible singlet state can be accessed. Now, polarization is transferred from the p-H2-derived nuclei to spin-1/2 nuclei that are located in ligands attached to the same metal center through the J-coupling network. The reversible nature of both H2 addition and analyte ligation at the metal center enables hyperpolarization to buildup in non-ligated analyte molecules in a process that has been described as being catalytic in the transfer of polarization.']","Based on the provided context, the reason **p-H₂ becomes observable in NMR after forming p-H₂-derived hydride ligands** is due to the following key mechanisms:

1. **Conversion to NMR-visible hydride ligands**:  
   When p-H₂ (a spin isomer of hydrogen with antiparallel nuclear spins) interacts with a metal center, it undergoes reversible oxidative addition. This process converts the NMR-invisible p-H₂ into metal hydride ligands (M–H). These hydride ligands are now NMR-active and detectable.

2. **Signal enhancement via p-H₂ polarization**:  
   The hydride ligands derived from p-H₂ retain the enhanced nuclear spin polarization of the original p-H₂. This results in dramatically amplified NMR signals for these hydride ligands, making them observable even at low concentrations. The context explicitly states that these ligands ""exhibit enhanced NMR signals due to their origin in p-H₂"".

3. **Magnetization transfer**:  
   The polarization from the p-H₂-derived hydrides can further spread to other ligands in the metal complex through spin–spin interactions (e.g., J-coupling), amplifying signals beyond the hydrides themselves. This is noted as: ""this magnetization can spread to other ligands of the metal complex"".

4. **Experimental evidence**:  
   The context cites an example using an iridium complex, \([ \mathsf{Ir}( \mathsf{H} )_{2} ( \mathsf{ind} )_{2} ( \mathsf{NCC} \mathsf{H}_{3} ) ]^{+}\), where p-H₂-derived hydride ligands show enhanced signals in \(^{1}\mathrm{H}\) NMR spectra. Broadening of these resonances and the appearance of free \(\mathrm{H}_2\) signals confirm reversible oxidative addition/elimination dynamics.

In summary, p-H₂ transitions from an NMR-invisible singlet state to observable hydride ligands due to metal-mediated activation, polarization retention, and magnetization transfer mechanisms.","Because polarization is transferred from the p-H2-derived nuclei to spin-1/2 nuclei in ligands attached to the same metal center through the J-coupling network, and the reversible nature of H2 addition and analyte ligation enables hyperpolarization buildup, making the signal detectable in NMR.",0.41462066066516884,1.0000000000000002,0.8421052631578947,0.6388888888675925,1.0
99,Why does the signal enhancement (SE) in the series of PHIP-labeled SFTI variants increase according to the length of alkyne-bearing arms?,"['Indeed, the SE in the series of PHIP-labeled SFTI variants increased according to the length of alkynebearing arms that separate the triple bond from the peptide functional groups getting its maximal value for the longest $O$ - propargyl-l-tyrosine', 'When compared with SFTI, the 2 times increased length leads to a 2.4 times decrease in enhancementComparing folded and unfolded MCoTI in this work, we see a factor of 2, an increase in enhancement of the unfolded one', 'This signal amplification exceeds SE values found for both the alkyne-labeled SFTI-1 and the neat amino acid label itself in our previous $^ 1 \\mathsf { H }$ NMR experiments, in which the hydrogenation was carried out outside the magnet with $5 0 \\%$', 'This is reflected in the growth of PHIP signals of the product, and the change in the concentration of alkyne (substrate) and alkene (product)', 'When compared with SFTI, the 2 times increase in length leads to a 2.4 times decrease in enhancement']","['Our results indicate that T1 times of the hyperpolarized protons cannot serve as the only rationale for the observed differences in SE. We assume that the isolated spatial location of the triple bond and its accessibility for the hydrogenation catalyst are determining factors for the degree of signal enhancement. Indeed, the SE in the series of PHIP- labeled SFTI variants increased according to the length of alkynebearing arms that separate the triple bond from the peptide functional groups getting its maximal value for the longest o propargyl- L- tyrosine derivative.']","Based on the provided context:

The signal enhancement (SE) in PHIP-labeled SFTI variants increases with the length of alkyne-bearing arms because longer arms **reduce steric and electronic interactions** between the triple bond and peptide functional groups. Specifically:
- Longer arms (e.g., O-propargyl-L-tyrosine) maximize separation between the alkyne group and the peptide backbone.
- This separation minimizes quenching effects from neighboring functional groups, allowing more efficient polarization transfer during PHIP.
- The maximal SE occurs at the longest arm length tested.

The context explicitly states that SE ""increased according to the length of alkyne-bearing arms that separate the triple bond from the peptide functional groups, getting its maximal value for the longest O-propargyl-L-tyrosine."" This trend is attributed to reduced interference from the peptide environment as the spacer lengthens.","The isolated spatial location of the triple bond and its accessibility for the hydrogenation catalyst are determining factors for the degree of signal enhancement, with the SE increasing as the alkyne-bearing arms lengthen, reaching its maximal value for the longest o-propargyl-L-tyrosine derivative.",0.5811793368772333,0.9607088736367526,0.4444444444444444,0.699999999965,1.0
